#VRML V2.0 utf8
# 3D model generated by easyeda2kicad.py (https://github.com/uPesy/easyeda2kicad.py)

Shape{
    appearance Appearance {
        material  Material 	{
            diffuseColor 0.7529411764705882 0.7529411764705882 0.7529411764705882
            specularColor 0.3764705882352941 0.3764705882352941 0.3764705882352941
            ambientIntensity 0.7529
            transparency 0.0
            shininess 0.5
        }
    }
    geometry IndexedFaceSet {
        ccw TRUE
        solid FALSE
        coord DEF co Coordinate {
            point [
                -0.8268 0.3799 0.9331, -0.8268 0.3799 0.8346, -0.8268 0.498 0.9331, -0.8268 0.498 0.8346, -1.3681 -1.3523 0.4597, -1.3681 -1.3523 0.4409, -1.365 -1.3523 0.4329, -1.356 -1.3523 0.4076, -0.8858 -1.3523 0.0079, -0.8858 -1.3523 0.1063, -0.9441 -1.3523 0.0079, -0.9441 -1.3523 0.1063, -0.991 -1.3523 0.013, -0.9697 -1.3523 0.1091, -1.0357 -1.3523 0.0282, -0.9941 -1.3523 0.1174, -1.0761 -1.3523 0.0528, -1.0161 -1.3523 0.1308, -1.382 -1.3523 0.2881, -1.322 -1.3523 0.3661, -1.4175 -1.3523 0.3225, -1.3414 -1.3523 0.3849, -1.4443 -1.3523 0.3641, -1.4609 -1.3523 0.4106, -1.4657 -1.3523 0.4409, -1.2106 -1.3523 0.8346, -1.2106 -1.3523 0.9331, -1.25 -1.3523 0.8346, -1.25 -1.3523 0.9331, -1.2806 -1.3523 0.8306, -1.306 -1.3523 0.9257, -1.3091 -1.3523 0.8188, -1.3583 -1.3523 0.9041, -1.3335 -1.3523 0.8001, -1.4031 -1.3523 0.8697, -1.3523 -1.3523 0.7756, -1.4375 -1.3523 0.8248, -1.3641 -1.3523 0.7471, -1.4592 -1.3523 0.7726, -1.3681 -1.3523 0.7165, -1.4665 -1.3523 0.7165, -1.3681 -1.3523 0.6969, -1.4665 -1.3523 0.6969, 1.3681 -1.3523 0.4409, 1.3681 -1.3523 0.4597, 1.365 -1.3523 0.4329, 0.8858 -1.3523 0.1063, 0.8858 -1.3523 0.0079, 0.9441 -1.3523 0.1063, 0.9441 -1.3523 0.0079, 0.9697 -1.3523 0.1091, 0.991 -1.3523 0.013, 0.9941 -1.3523 0.1174, 1.0357 -1.3523 0.0282, 1.0161 -1.3523 0.1308, 1.0761 -1.3523 0.0528, 1.322 -1.3523 0.3661, 1.382 -1.3523 0.2881, 1.3414 -1.3523 0.3849, 1.4175 -1.3523 0.3225, 1.356 -1.3523 0.4076, 1.4443 -1.3523 0.3641, 1.4609 -1.3523 0.4106, 1.4657 -1.3523 0.4409, -0.3543 0.5886 0.7756, 0.3543 0.5886 0.7756, -0.3543 0.5886 0.4409, 0.3543 0.5886 0.4409, -1.0036 0.5886 -0.3722, -1.0145 0.5886 -0.3577, -0.8858 0.5886 -0.3228, 1.0236 0.5886 -0.3228, 0.8858 0.5886 -0.3228, 1.0236 0.5886 0.2981, 0.8858 0.5886 0.1575, 0.8808 0.5886 0.4409, 0.8189 0.5886 0.2244, -0.8189 0.5886 0.2244, -0.9727 0.5886 -0.3908, -0.9893 0.5886 -0.3835, -0.895 0.5886 -0.3577, -1.0213 0.5886 -0.3409, -1.0236 0.5886 -0.3228, -0.8858 0.5886 0.1575, -1.0236 0.5886 0.2981, -0.8808 0.5886 0.4409, 0.9059 0.5886 -0.3722, 0.895 0.5886 -0.3577, 1.0145 0.5886 -0.3577, 1.0213 0.5886 -0.3409, 0.8882 0.5886 -0.3409, -0.8882 0.5886 -0.3409, -0.9059 0.5886 -0.3722, -0.9201 0.5886 -0.3835, -0.9368 0.5886 -0.3908, 1.0036 0.5886 -0.3722, 0.9368 0.5886 -0.3908, 0.9201 0.5886 -0.3835, -0.9547 0.5886 -0.3937, 0.9893 0.5886 -0.3835, 0.9727 0.5886 -0.3908, 0.9547 0.5886 -0.3937, 0.7364 0.6162 0.8346, 0.6467 0.6162 0.6793, 0.5614 0.6162 0.7285, 0.6568 0.6162 0.8937, 0.6693 0.6162 0.91, 0.6856 0.6162 0.9225, 0.7046 0.6162 0.9304, 0.725 0.6162 0.9331, 1.25 0.6162 0.8346, 1.25 0.6162 0.9331, 1.2806 0.6162 0.8306, 1.306 0.6162 0.9257, 1.3091 0.6162 0.8188, 1.3583 0.6162 0.9041, 1.3335 0.6162 0.8001, 1.4031 0.6162 0.8697, 1.3523 0.6162 0.7756, 1.4375 0.6162 0.8248, 1.3641 0.6162 0.7471, 1.4592 0.6162 0.7726, 1.3681 0.6162 0.7165, 1.4665 0.6162 0.7165, 1.3681 0.6162 0.4597, 1.4665 0.6162 0.4597, 1.365 0.6162 0.4329, 1.4609 0.6162 0.4106, 1.356 0.6162 0.4076, 1.4443 0.6162 0.3641, 1.3414 0.6162 0.3849, 1.4175 0.6162 0.3225, 1.322 0.6162 0.3661, 1.382 0.6162 0.2881, 1.0761 0.6162 0.177, 1.0761 0.6162 0.0528, 1.4567 0.2106 0.3952, 1.4567 0.2106 0.5197, 1.3681 0.2106 0.5197, 1.0761 0.2106 0.177, 1.0761 0.2106 0.0528, 1.322 0.2106 0.3661, 1.382 0.2106 0.2881, 1.3414 0.2106 0.3849, 1.4175 0.2106 0.3225, 1.356 0.2106 0.4076, 1.4443 0.2106 0.3641, 1.365 0.2106 0.4329, 1.3681 0.2106 0.4597, -1.3681 -0.7303 0.5197, -1.3681 -0.7342 0.5197, -1.4665 -0.7303 0.5197, -1.4665 -0.7342 0.5197, 1.4665 -0.7303 0.5197, 1.4665 -0.7342 0.5197, 1.3681 -0.7303 0.5197, 1.3681 -0.7342 0.5197, -0.7908 -0.8951 0.9331, -0.801 -0.8964 0.9331, -0.8077 -0.9114 0.9331, 0.8268 0.498 0.9331, 0.725 0.498 0.9331, -0.9243 -0.9114 0.9331, -0.931 -0.8964 0.9331, -0.9412 -0.8951 0.9331, -0.763 -0.8672 0.9331, 1.2106 -1.3616 0.9331, -0.7617 -0.857 0.9331, 1.2106 -1.3523 0.9331, -0.7617 -0.7209 0.9331, -1.2106 -1.3616 0.9331, -0.7732 -0.8849 0.9331, -0.7669 -0.8767 0.9331, 0.8268 0.3799 0.9331, 0.5118 0.3799 0.9331, 0.5118 0.2225 0.9331, -0.7541 0.498 0.9331, -0.7541 0.6162 0.9331, -1.25 0.6162 0.9331, 0.9151 -0.4747 0.9331, 0.9233 -0.4809 0.9331, 0.9296 -0.4891 0.9331, 0.9335 -0.4986 0.9331, -0.9651 -0.8767 0.9331, -0.9691 -0.8672 0.9331, 0.9348 -0.5088 0.9331, 0.9348 -0.7209 0.9331, 0.9704 -0.7209 0.9331, 0.8077 -0.9114 0.9331, 0.801 -0.8964 0.9331, 0.7908 -0.8951 0.9331, 0.7732 -0.8849 0.9331, 0.7669 -0.8767 0.9331, 0.763 -0.8672 0.9331, -0.8995 -0.9356 0.9331, -0.9135 -0.9251 0.9331, -0.8088 -0.4809 0.9331, -0.8025 -0.4891 0.9331, -0.3543 0.2225 0.9331, 0.7617 -0.7209 0.9331, 0.7972 -0.7209 0.9331, 0.7972 -0.5088 0.9331, -0.3543 0.4311 0.9331, 0.3543 0.4311 0.9331, 0.3543 0.2225 0.9331, -0.7813 -0.8911 0.9331, -0.8186 -0.9251 0.9331, -0.8487 -0.9421 0.9331, -0.866 -0.9444 0.9331, -0.8834 -0.9421 0.9331, -0.9704 -0.857 0.9331, -0.9704 -0.7209 0.9331, -0.9296 -0.4891 0.9331, -0.9233 -0.4809 0.9331, -0.5118 0.2225 0.9331, -0.9151 -0.4747 0.9331, -0.9056 -0.4708 0.9331, -0.9348 -0.7209 0.9331, -0.9348 -0.5088 0.9331, -0.9335 -0.4986 0.9331, -0.5118 0.3799 0.9331, 0.7617 -0.857 0.9331, 0.7986 -0.4986 0.9331, 1.25 -1.3523 0.9331, 0.9704 -0.857 0.9331, 0.9691 -0.8672 0.9331, 0.9651 -0.8767 0.9331, 0.9589 -0.8849 0.9331, 0.9507 -0.8911 0.9331, 0.9412 -0.8951 0.9331, -0.8325 -0.9356 0.9331, -0.9507 -0.8911 0.9331, -0.9589 -0.8849 0.9331, 0.8025 -0.4891 0.9331, 0.8088 -0.4809 0.9331, 0.8169 -0.4747 0.9331, 0.8264 -0.4708 0.9331, 0.8366 -0.4694 0.9331, 0.8955 -0.4694 0.9331, 0.9056 -0.4708 0.9331, 0.9135 -0.9251 0.9331, 0.8995 -0.9356 0.9331, 0.8834 -0.9421 0.9331, 0.866 -0.9444 0.9331, -0.8264 -0.4708 0.9331, -0.8169 -0.4747 0.9331, -0.7972 -0.7209 0.9331, -0.7972 -0.5088 0.9331, -0.7986 -0.4986 0.9331, 0.7813 -0.8911 0.9331, 0.8186 -0.9251 0.9331, -0.8955 -0.4694 0.9331, -0.8366 -0.4694 0.9331, 0.931 -0.8964 0.9331, 0.9243 -0.9114 0.9331, 0.8487 -0.9421 0.9331, 0.8325 -0.9356 0.9331, 1.322 -0.7736 0.3661, 1.3414 -0.7736 0.3849, 1.356 -0.7736 0.4076, 1.365 -0.7736 0.4329, 1.3681 -0.7736 0.4597, 1.322 -0.0256 0.3661, 1.322 -0.2618 0.3661, 1.3414 -0.0256 0.3849, 1.3414 -0.2618 0.3849, 1.356 -0.0256 0.4076, 1.356 -0.2618 0.4076, 1.365 -0.0256 0.4329, 1.365 -0.2618 0.4329, 1.3681 -0.0256 0.4597, 1.3681 -0.2618 0.4597, 1.0161 -0.7736 0.1308, 1.0161 -0.2618 0.1308, 1.0161 -0.0256 0.1308, 0.9441 -0.7736 0.1063, 0.9697 -0.7736 0.1091, 0.9941 -0.7736 0.1174, 0.9441 -0.0256 0.1063, 0.9441 -0.2618 0.1063, 0.9697 -0.0256 0.1091, 0.9697 -0.2618 0.1091, 0.9941 -0.0256 0.1174, 0.9941 -0.2618 0.1174, -0.6935 -0.7592 0.1063, -0.7037 -0.767 0.1063, -0.6857 -0.749 0.1063, 0.6935 -0.2762 0.1063, 0.7037 -0.2684 0.1063, 0.7156 -0.2635 0.1063, 0.7283 -0.2618 0.1063, 0.7156 -0.7719 0.1063, 0.7037 -0.767 0.1063, 0.6935 -0.7592 0.1063, 0.6791 -0.311 0.1063, 0.6808 -0.2983 0.1063, 0.6857 -0.2864 0.1063, 0.7283 -0.7736 0.1063, -0.9441 -0.2618 0.1063, -0.7283 -0.2618 0.1063, -0.9441 -0.0256 0.1063, -0.7156 -0.2635 0.1063, -0.7037 -0.2684 0.1063, -0.6935 -0.2762 0.1063, -0.9441 -0.7736 0.1063, -0.7283 -0.7736 0.1063, -0.7156 -0.7719 0.1063, -0.6857 -0.2864 0.1063, -0.6808 -0.2983 0.1063, -0.6791 -0.311 0.1063, -0.6791 -0.7244 0.1063, -0.6808 -0.7371 0.1063, -0.8858 -1.3616 0.1063, 0.8858 -1.3616 0.1063, 0.6857 -0.749 0.1063, 0.6808 -0.7371 0.1063, 0.6791 -0.7244 0.1063, -1.0161 -0.0256 0.1308, -1.0161 -0.2618 0.1308, -0.9941 -0.0256 0.1174, -0.9941 -0.2618 0.1174, -0.9697 -0.0256 0.1091, -0.9697 -0.2618 0.1091, -1.0161 -0.7736 0.1308, -0.9941 -0.7736 0.1174, -0.9697 -0.7736 0.1091, -1.322 -0.0256 0.3661, -1.322 -0.2618 0.3661, -1.322 -0.7736 0.3661, -1.3681 -0.0256 0.4597, -1.3681 -0.2618 0.4597, -1.365 -0.0256 0.4329, -1.365 -0.2618 0.4329, -1.356 -0.0256 0.4076, -1.356 -0.2618 0.4076, -1.3414 -0.0256 0.3849, -1.3414 -0.2618 0.3849, -1.3681 -0.7736 0.4597, -1.365 -0.7736 0.4329, -1.356 -0.7736 0.4076, -1.3414 -0.7736 0.3849, 1.4665 -0.7736 0.4597, 1.4665 -1.3523 0.4597, 1.4609 -0.7736 0.4106, 1.4443 -0.7736 0.3641, 1.4175 -0.7736 0.3225, 1.382 -0.7736 0.2881, 1.0761 -0.7736 0.0528, 1.0761 -0.0256 0.0528, 1.382 -0.0256 0.2881, 1.0761 -0.2618 0.0528, 1.382 -0.2618 0.2881, 1.0357 -0.7736 0.0282, 0.991 -0.7736 0.013, 0.9441 -0.7736 0.0079, 1.0357 -0.2618 0.0282, 1.0357 -0.0256 0.0282, 0.991 -0.2618 0.013, 0.991 -0.0256 0.013, 0.9441 -0.2618 0.0079, 0.9441 -0.0256 0.0079, -0.7283 -0.2618 0.0079, -0.9441 -0.2618 0.0079, -0.9441 -0.0256 0.0079, -0.7037 -0.767 0.0079, -0.6935 -0.7592 0.0079, -0.7156 -0.7719 0.0079, -0.6857 -0.749 0.0079, -0.6808 -0.7371 0.0079, 0.6808 -0.7371 0.0079, 0.6857 -0.749 0.0079, 0.6935 -0.7592 0.0079, 0.7037 -0.767 0.0079, 0.7283 -0.2618 0.0079, 0.7156 -0.2635 0.0079, 0.7037 -0.2684 0.0079, 0.6935 -0.2762 0.0079, 0.7283 -0.7736 0.0079, 0.7156 -0.7719 0.0079, 0.6808 -0.2983 0.0079, 0.6791 -0.311 0.0079, -0.8858 -1.3616 0.0079, -0.7037 -0.2684 0.0079, -0.7156 -0.2635 0.0079, 0.6857 -0.2864 0.0079, -0.9441 -0.7736 0.0079, -0.7283 -0.7736 0.0079, 0.8858 -1.3616 0.0079, 0.6791 -0.7244 0.0079, -0.6791 -0.7244 0.0079, -0.6791 -0.311 0.0079, -0.6808 -0.2983 0.0079, -0.6857 -0.2864 0.0079, -0.6935 -0.2762 0.0079, -0.991 -0.2618 0.013, -0.991 -0.0256 0.013, -1.0357 -0.2618 0.0282, -1.0357 -0.0256 0.0282, -1.0761 -0.2618 0.0528, -1.0761 -0.0256 0.0528, -0.991 -0.7736 0.013, -1.0357 -0.7736 0.0282, -1.0761 -0.7736 0.0528, -1.382 -0.2618 0.2881, -1.382 -0.0256 0.2881, -1.382 -0.7736 0.2881, -1.4175 -0.2618 0.3225, -1.4175 -0.0256 0.3225, -1.4443 -0.2618 0.3641, -1.4443 -0.0256 0.3641, -1.4609 -0.2618 0.4106, -1.4609 -0.0256 0.4106, -1.4665 -0.2618 0.4597, -1.4665 -0.0256 0.4597, -1.4665 -1.3523 0.4597, -1.4665 -0.7736 0.4597, -1.4609 -0.7736 0.4106, -1.4443 -0.7736 0.3641, -1.4175 -0.7736 0.3225, -0.5906 0.6162 0.7285, -0.6758 0.6162 0.6793, -0.6859 0.6162 0.8937, -0.7655 0.6162 0.8346, -0.7337 0.6162 0.9304, -0.7148 0.6162 0.9225, -0.6984 0.6162 0.91, -1.0761 0.6162 0.177, -1.0761 0.6162 0.0528, -1.322 0.6162 0.3661, -1.382 0.6162 0.2881, -1.3414 0.6162 0.3849, -1.4175 0.6162 0.3225, -1.356 0.6162 0.4076, -1.4443 0.6162 0.3641, -1.365 0.6162 0.4329, -1.4609 0.6162 0.4106, -1.3681 0.6162 0.4597, -1.4665 0.6162 0.4597, -1.3681 0.6162 0.7165, -1.4665 0.6162 0.7165, -1.3641 0.6162 0.7471, -1.4592 0.6162 0.7726, -1.3523 0.6162 0.7756, -1.4375 0.6162 0.8248, -1.3335 0.6162 0.8001, -1.4031 0.6162 0.8697, -1.3091 0.6162 0.8188, -1.3583 0.6162 0.9041, -1.2806 0.6162 0.8306, -1.306 0.6162 0.9257, -1.25 0.6162 0.8346, 0.7972 -0.5088 0.8346, 0.7972 -0.7209 0.8346, 0.7617 -0.7209 0.8346, -0.3543 0.4508 0.8346, 0.3543 0.4508 0.8346, 0.3543 0.2225 0.8346, -0.7655 0.498 0.8346, 1.2106 -1.3523 0.8346, 1.2106 -1.3616 0.8346, -0.763 -0.8672 0.8346, -0.9296 -0.4891 0.8346, -0.9335 -0.4986 0.8346, -1.2106 -1.3616 0.8346, -0.7617 -0.857 0.8346, -0.7617 -0.7209 0.8346, -0.7972 -0.7209 0.8346, -0.7972 -0.5088 0.8346, -0.9348 -0.5088 0.8346, -0.9348 -0.7209 0.8346, -0.9704 -0.7209 0.8346, 0.8169 -0.4747 0.8346, 0.8088 -0.4809 0.8346, 0.8025 -0.4891 0.8346, 0.7986 -0.4986 0.8346, -0.7908 -0.8951 0.8346, -0.7813 -0.8911 0.8346, -0.7732 -0.8849 0.8346, -0.7669 -0.8767 0.8346, -0.7986 -0.4986 0.8346, -0.8025 -0.4891 0.8346, -0.8955 -0.4694 0.8346, -0.9056 -0.4708 0.8346, 0.763 -0.8672 0.8346, 0.7669 -0.8767 0.8346, -0.3543 0.2225 0.8346, 0.9348 -0.7209 0.8346, 0.9348 -0.5088 0.8346, 0.9704 -0.7209 0.8346, 0.9335 -0.4986 0.8346, 0.8268 0.3799 0.8346, 0.9296 -0.4891 0.8346, 0.5118 0.3799 0.8346, -0.9412 -0.8951 0.8346, -0.931 -0.8964 0.8346, -0.801 -0.8964 0.8346, -0.8088 -0.4809 0.8346, -0.8169 -0.4747 0.8346, -0.8264 -0.4708 0.8346, -0.9151 -0.4747 0.8346, -0.9233 -0.4809 0.8346, -0.9704 -0.857 0.8346, -0.9691 -0.8672 0.8346, 0.8955 -0.4694 0.8346, 0.8366 -0.4694 0.8346, 0.8264 -0.4708 0.8346, 0.9651 -0.8767 0.8346, 0.9691 -0.8672 0.8346, 1.25 -1.3523 0.8346, 0.9704 -0.857 0.8346, -0.9651 -0.8767 0.8346, -0.9589 -0.8849 0.8346, -0.9507 -0.8911 0.8346, 0.5118 0.2225 0.8346, 0.9233 -0.4809 0.8346, 0.9151 -0.4747 0.8346, 0.9056 -0.4708 0.8346, 0.7617 -0.857 0.8346, 0.7732 -0.8849 0.8346, -0.5118 0.2225 0.8346, -0.5118 0.3799 0.8346, 0.7813 -0.8911 0.8346, 0.7908 -0.8951 0.8346, 0.801 -0.8964 0.8346, 0.9507 -0.8911 0.8346, 0.9589 -0.8849 0.8346, 0.7364 0.498 0.8346, 0.8268 0.498 0.8346, -0.8366 -0.4694 0.8346, 0.931 -0.8964 0.8346, 0.9412 -0.8951 0.8346, 1.3681 -1.3523 0.7165, 1.3641 -1.3523 0.7471, 1.3523 -1.3523 0.7756, 1.3335 -1.3523 0.8001, 1.3091 -1.3523 0.8188, 1.2806 -1.3523 0.8306, 1.3681 -1.4311 0.4409, 1.3681 -1.4311 0.6969, 1.3681 -0.7444 0.5183, 1.3681 -1.3523 0.6969, 1.3681 -0.7539 0.5144, 1.3681 -0.0203 0.5, 1.3681 -0.0242 0.4905, 1.3681 -0.2671 0.5, 1.3681 -0.7621 0.5082, 1.3681 -0.7683 0.5, 1.3681 -0.7723 0.4905, 1.3681 -0.7736 0.4803, 1.3681 -0.3012 0.5197, 1.3681 -0.6923 0.4905, 1.3681 -0.6962 0.5, 1.3681 -0.7025 0.5082, 1.3681 -0.7106 0.5144, 1.3681 -0.7201 0.5183, 1.3681 -0.014 0.5082, 1.3681 -0.2733 0.5082, 1.3681 -0.2815 0.5144, 1.3681 -0.291 0.5183, 1.3681 -0.3106 0.5176, 1.3681 -0.3191 0.5132, 1.3681 -0.3264 0.5069, 1.3681 0.0138 0.5197, 1.3681 0.0036 0.5183, 1.3681 -0.0059 0.5144, 1.3681 -0.0256 0.4803, 1.3681 -0.2618 0.4803, 1.3681 -0.2631 0.4905, 1.3681 -0.6869 -0.3062, 1.3681 -0.6909 -0.2756, 1.3681 -0.5728 -0.3937, 1.3681 -0.6909 0.4803, 1.3681 -0.4547 -0.3937, 1.3681 -0.332 0.499, 1.3681 -0.3354 0.4901, 1.3681 -0.3366 0.4805, 1.3681 -0.3366 -0.2756, 1.3681 -0.3406 -0.3062, 1.3681 -0.3957 -0.3779, 1.3681 -0.4241 -0.3897, 1.3681 -0.3712 -0.3591, 1.3681 -0.3524 -0.3346, 1.3681 -0.6034 -0.3897, 1.3681 -0.6319 -0.3779, 1.3681 -0.6751 -0.3346, 1.3681 -0.6563 -0.3591, -1.0761 0.2106 0.177, -1.322 0.2106 0.3661, -1.3681 0.2106 0.4597, -1.365 0.2106 0.4329, -1.356 0.2106 0.4076, -1.3414 0.2106 0.3849, -1.3681 0.2106 0.5197, -1.3681 -0.2733 0.5082, -1.3681 -0.2671 0.5, -1.3681 -1.4311 0.6969, -1.3681 -1.4311 0.4409, -1.3681 -0.7736 0.4803, -1.3681 -0.7723 0.4905, -1.3681 -0.6962 0.5, -1.3681 -0.6923 0.4905, -1.3681 -0.3012 0.5197, -1.3681 -0.2815 0.5144, -1.3681 -0.7683 0.5, -1.3681 -0.7621 0.5082, -1.3681 -0.7539 0.5144, -1.3681 -0.7201 0.5183, -1.3681 -0.7106 0.5144, -1.3681 -0.7025 0.5082, -1.3681 -0.2618 0.4803, -1.3681 -0.0242 0.4905, -1.3681 -0.0203 0.5, -1.3681 -0.014 0.5082, -1.3681 -0.7444 0.5183, -1.3681 -0.291 0.5183, -1.3681 -0.2631 0.4905, -1.3681 -0.0256 0.4803, -1.3681 -0.0059 0.5144, -1.3681 0.0036 0.5183, -1.3681 0.0138 0.5197, -1.3681 -0.3366 -0.2756, -1.3681 -0.3366 0.4805, -1.3681 -0.6909 0.4803, -1.3681 -0.3354 0.4901, -1.3681 -0.332 0.499, -1.3681 -0.3264 0.5069, -1.3681 -0.3191 0.5132, -1.3681 -0.3106 0.5176, -1.3681 -0.3406 -0.3062, -1.3681 -0.4547 -0.3937, -1.3681 -0.5728 -0.3937, -1.3681 -0.6909 -0.2756, -1.3681 -0.6869 -0.3062, -1.3681 -0.6751 -0.3346, -1.3681 -0.6563 -0.3591, -1.3681 -0.6034 -0.3897, -1.3681 -0.6319 -0.3779, -1.3681 -0.4241 -0.3897, -1.3681 -0.3957 -0.3779, -1.3681 -0.3524 -0.3346, -1.3681 -0.3712 -0.3591, 1.306 -1.3523 0.9257, 1.3583 -1.3523 0.9041, 1.4031 -1.3523 0.8697, 1.4375 -1.3523 0.8248, 1.4592 -1.3523 0.7726, 1.4665 -1.3523 0.7165, 1.4665 -1.3523 0.6969, 1.4665 -1.4311 0.6969, 1.4665 -1.3523 0.4409, 1.4665 -1.4311 0.4409, 1.4665 -0.2815 0.5144, 1.4665 -0.2733 0.5082, 1.4665 -0.7736 0.4803, 1.4665 -0.7723 0.4905, 1.4665 -0.7683 0.5, 1.4665 -0.7621 0.5082, 1.4665 -0.2671 0.5, 1.4665 -0.2631 0.4905, 1.4665 -0.2618 0.4803, 1.4665 -0.2618 0.4597, 1.4665 -0.7539 0.5144, 1.4665 -0.7444 0.5183, 1.4665 -0.7201 0.5183, 1.4665 -0.3012 0.5197, 1.4665 -0.7106 0.5144, 1.4665 -0.7025 0.5082, 1.4665 -0.291 0.5183, 1.4665 -0.3354 0.4901, 1.4665 -0.6923 0.4905, 1.4665 -0.6909 0.4803, 1.4665 -0.332 0.499, 1.4665 -0.3264 0.5069, 1.4665 -0.3191 0.5132, 1.4665 -0.6962 0.5, 1.4665 -0.3106 0.5176, 1.4665 -0.6909 -0.2756, 1.4665 -0.3366 -0.2756, 1.4665 -0.3366 0.4805, 1.4665 -0.5728 -0.3937, 1.4665 -0.4547 -0.3937, 1.4665 -0.3406 -0.3062, 1.4665 -0.6869 -0.3062, 1.4665 -0.6751 -0.3346, 1.4665 -0.6034 -0.3897, 1.4665 -0.6563 -0.3591, 1.4665 -0.6319 -0.3779, 1.4665 -0.3957 -0.3779, 1.4665 -0.3712 -0.3591, 1.4665 -0.3524 -0.3346, 1.4665 -0.4241 -0.3897, 1.4443 -0.0256 0.3641, 1.4567 -0.0256 0.3952, 1.4609 -0.2618 0.4106, 1.4443 -0.2618 0.3641, 1.4175 -0.2618 0.3225, 1.4175 -0.0256 0.3225, -1.382 0.2106 0.2881, -1.0761 0.2106 0.0528, -1.4175 0.2106 0.3225, -1.4443 0.2106 0.3641, -1.4609 0.2106 0.4106, -1.4665 0.2106 0.4597, -1.4665 -1.3523 0.4409, -1.4665 -1.4311 0.4409, -1.4665 -1.4311 0.6969, -1.4665 -0.7201 0.5183, -1.4665 -0.7444 0.5183, -1.4665 -0.7539 0.5144, -1.4665 -0.7621 0.5082, -1.4665 -0.7683 0.5, -1.4665 -0.7723 0.4905, -1.4665 -0.7736 0.4803, -1.4665 -0.6923 0.4905, -1.4665 -0.6962 0.5, -1.4665 -0.3012 0.5197, -1.4665 -0.7025 0.5082, -1.4665 -0.7106 0.5144, -1.4665 -0.0059 0.5144, -1.4665 -0.014 0.5082, -1.4665 -0.0203 0.5, -1.4665 -0.0242 0.4905, -1.4665 -0.0256 0.4803, -1.4665 0.2106 0.5197, -1.4665 0.0138 0.5197, -1.4665 0.0036 0.5183, -1.4665 -0.2618 0.4803, -1.4665 -0.2631 0.4905, -1.4665 -0.2671 0.5, -1.4665 -0.2733 0.5082, -1.4665 -0.291 0.5183, -1.4665 -0.2815 0.5144, -1.4665 -0.3106 0.5176, -1.4665 -0.3191 0.5132, -1.4665 -0.3264 0.5069, -1.4665 -0.4547 -0.3937, -1.4665 -0.5728 -0.3937, -1.4665 -0.6909 -0.2756, -1.4665 -0.3712 -0.3591, -1.4665 -0.3957 -0.3779, -1.4665 -0.3524 -0.3346, -1.4665 -0.3406 -0.3062, -1.4665 -0.332 0.499, -1.4665 -0.3354 0.4901, -1.4665 -0.6909 0.4803, -1.4665 -0.3366 0.4805, -1.4665 -0.3366 -0.2756, -1.4665 -0.4241 -0.3897, -1.4665 -0.6319 -0.3779, -1.4665 -0.6563 -0.3591, -1.4665 -0.6034 -0.3897, -1.4665 -0.6751 -0.3346, -1.4665 -0.6869 -0.3062, 1.4567 -0.0256 0.4803, 1.4567 0.0138 0.5197, 1.4567 0.0036 0.5183, 1.4567 -0.0242 0.4905, 1.4567 -0.0203 0.5, 1.4567 -0.0059 0.5144, 1.4567 -0.014 0.5082, -0.8026 -0.8964 0.9438, -0.8025 -0.8964 0.9433, -0.8151 -0.8964 0.9625, -0.8134 -0.8964 0.9608, -0.8997 -0.8964 0.9708, -0.8991 -0.8964 0.9709, -0.9186 -0.8964 0.9607, -0.8016 -0.8964 0.9397, -0.93 -0.8964 0.9419, -0.9296 -0.8964 0.9433, -0.8328 -0.8964 0.9711, -0.9289 -0.8964 0.9456, -0.9249 -0.8964 0.9537, -0.9161 -0.8964 0.9633, -0.9132 -0.8964 0.9653, -0.9098 -0.8964 0.9669, -0.8327 -0.8964 0.9711, -0.827 -0.8964 0.9694, -0.8223 -0.8964 0.967, -0.9011 -0.8964 0.9707, -0.8881 -0.8964 0.9724, -0.8865 -0.8964 0.9724, -0.8455 -0.8964 0.9724, -0.8183 -0.8964 0.9649, -0.8087 -0.8964 0.9559, -0.8061 -0.8964 0.952, -0.9227 -0.8964 0.9567, -0.8331 -0.8964 0.9712, -0.9041 -0.8964 0.9697, 0.9295 -0.8964 0.9438, 0.9296 -0.8964 0.9433, 0.917 -0.8964 0.9625, 0.9187 -0.8964 0.9608, 0.8323 -0.8964 0.9708, 0.833 -0.8964 0.9709, 0.8134 -0.8964 0.9607, 0.9304 -0.8964 0.9397, 0.8021 -0.8964 0.9419, 0.8025 -0.8964 0.9433, 0.8993 -0.8964 0.9711, 0.8032 -0.8964 0.9456, 0.8072 -0.8964 0.9537, 0.816 -0.8964 0.9633, 0.8189 -0.8964 0.9653, 0.8222 -0.8964 0.9669, 0.8994 -0.8964 0.9711, 0.905 -0.8964 0.9694, 0.9098 -0.8964 0.967, 0.831 -0.8964 0.9707, 0.844 -0.8964 0.9724, 0.8455 -0.8964 0.9724, 0.8865 -0.8964 0.9724, 0.9138 -0.8964 0.9649, 0.9234 -0.8964 0.9559, 0.9259 -0.8964 0.952, 0.8093 -0.8964 0.9567, 0.899 -0.8964 0.9712, 0.828 -0.8964 0.9697, 0.886 -0.8969 0.9724, 0.846 -0.8969 0.9724, 0.8519 -0.9013 0.9724, 0.8733 -0.9041 0.9724, 0.8801 -0.9013 0.9724, 0.866 -0.905 0.9724, 0.8587 -0.9041 0.9724, -0.846 -0.8969 0.9724, -0.886 -0.8969 0.9724, -0.8519 -0.9013 0.9724, -0.8587 -0.9041 0.9724, -0.866 -0.905 0.9724, -0.8801 -0.9013 0.9724, -0.8733 -0.9041 0.9724, -0.8931 -0.9042 0.9711, -0.8389 -0.9042 0.9711, -0.8246 -0.9013 0.9672, -0.8323 -0.911 0.9672, -0.8176 -0.9055 0.9609, -0.8123 -0.9087 0.9528, -0.8089 -0.9107 0.9433, -0.9232 -0.9107 0.9433, -0.9198 -0.9087 0.9528, -0.9145 -0.9055 0.9609, -0.9075 -0.9013 0.9672, -0.8998 -0.911 0.9672, -0.8852 -0.9102 0.9711, -0.8759 -0.9139 0.9711, -0.866 -0.9152 0.9711, -0.8561 -0.9139 0.9711, -0.8469 -0.9102 0.9711, -0.8898 -0.9184 0.9672, -0.8783 -0.9231 0.9672, -0.866 -0.9247 0.9672, -0.8537 -0.9231 0.9672, -0.8422 -0.9184 0.9672, -0.9055 -0.9168 0.9609, -0.8939 -0.9255 0.9609, -0.8804 -0.931 0.9609, -0.866 -0.9329 0.9609, -0.8517 -0.931 0.9609, -0.8382 -0.9255 0.9609, -0.8266 -0.9168 0.9609, -0.9098 -0.9213 0.9528, -0.8969 -0.931 0.9528, -0.882 -0.937 0.9528, -0.866 -0.9391 0.9528, -0.8501 -0.937 0.9528, -0.8351 -0.931 0.9528, -0.8223 -0.9213 0.9528, -0.9126 -0.9241 0.9433, -0.8989 -0.9344 0.9433, -0.883 -0.9409 0.9433, -0.866 -0.943 0.9433, -0.8491 -0.9409 0.9433, -0.8332 -0.9344 0.9433, -0.8195 -0.9241 0.9433, 0.8389 -0.9042 0.9711, 0.8246 -0.9013 0.9672, 0.8323 -0.911 0.9672, 0.9075 -0.9013 0.9672, 0.8931 -0.9042 0.9711, 0.8998 -0.911 0.9672, 0.9145 -0.9055 0.9609, 0.9198 -0.9087 0.9528, 0.9232 -0.9107 0.9433, 0.8089 -0.9107 0.9433, 0.8123 -0.9087 0.9528, 0.8176 -0.9055 0.9609, 0.9126 -0.9241 0.9433, 0.8989 -0.9344 0.9433, 0.883 -0.9409 0.9433, 0.866 -0.943 0.9433, 0.8491 -0.9409 0.9433, 0.8332 -0.9344 0.9433, 0.8195 -0.9241 0.9433, 0.9098 -0.9213 0.9528, 0.8969 -0.931 0.9528, 0.882 -0.937 0.9528, 0.866 -0.9391 0.9528, 0.8501 -0.937 0.9528, 0.8351 -0.931 0.9528, 0.8223 -0.9213 0.9528, 0.9055 -0.9168 0.9609, 0.8939 -0.9255 0.9609, 0.8804 -0.931 0.9609, 0.866 -0.9329 0.9609, 0.8517 -0.931 0.9609, 0.8382 -0.9255 0.9609, 0.8266 -0.9168 0.9609, 0.8898 -0.9184 0.9672, 0.8783 -0.9231 0.9672, 0.866 -0.9247 0.9672, 0.8537 -0.9231 0.9672, 0.8422 -0.9184 0.9672, 0.8852 -0.9102 0.9711, 0.8759 -0.9139 0.9711, 0.866 -0.9152 0.9711, 0.8561 -0.9139 0.9711, 0.8469 -0.9102 0.9711, 0.3543 0.5832 0.8164, 0.3543 0.4902 0.7953, 0.3543 0.4902 0.4409, 0.3543 0.4719 0.9277, 0.3543 0.461 0.8333, 0.3543 0.5099 0.912, 0.3543 0.4705 0.8294, 0.3543 0.5425 0.8869, 0.3543 0.4786 0.8231, 0.3543 0.5675 0.8543, 0.3543 0.4849 0.815, 0.3543 0.4888 0.8055, -0.3543 0.4719 0.9277, -0.3543 0.4902 0.4409, -0.3543 0.4902 0.7953, -0.3543 0.5832 0.8164, -0.3543 0.4888 0.8055, -0.3543 0.5675 0.8543, -0.3543 0.4849 0.815, -0.3543 0.5425 0.8869, -0.3543 0.4786 0.8231, -0.3543 0.5099 0.912, -0.3543 0.4705 0.8294, -0.3543 0.461 0.8333, -1.4939 -1.5203 0.4409, -1.5374 -1.5846 0.4409, -1.4939 -1.5203 0.6969, -1.5374 -1.5846 0.6969, -1.4789 -1.4926 0.4409, -1.4789 -1.4926 0.6969, -1.4697 -1.4624 0.4409, -1.4697 -1.4624 0.6969, -1.3732 -1.4818 0.6969, -1.3732 -1.4818 0.4409, -1.3881 -1.5306 0.6969, -1.3881 -1.5306 0.4409, -1.4124 -1.5754 0.6969, -1.4124 -1.5754 0.4409, -1.4559 -1.6398 0.4409, -1.4559 -1.6398 0.6969, 1.5374 -1.5846 0.4409, 1.4939 -1.5203 0.4409, 1.5374 -1.5846 0.6969, 1.4939 -1.5203 0.6969, 1.4559 -1.6398 0.4409, 1.4559 -1.6398 0.6969, 1.4124 -1.5754 0.4409, 1.4124 -1.5754 0.6969, 1.3881 -1.5306 0.6969, 1.3881 -1.5306 0.4409, 1.3732 -1.4818 0.6969, 1.3732 -1.4818 0.4409, 1.4697 -1.4624 0.4409, 1.4697 -1.4624 0.6969, 1.4789 -1.4926 0.4409, 1.4789 -1.4926 0.6969, 1.2106 -1.5119 1.0217, 1.2106 -1.4779 0.9844, -1.2106 -1.5119 1.0217, -1.2106 -1.4779 0.9844, 1.2106 -1.5846 0.9553, -1.2106 -1.5846 0.9553, 1.2106 -1.5506 0.918, -1.2106 -1.5506 0.918, -1.2106 -1.511 0.8828, 1.2106 -1.511 0.8828, -1.2106 -1.4649 0.8564, 1.2106 -1.4649 0.8564, -1.2106 -1.4144 0.8401, 1.2106 -1.4144 0.8401, 1.2106 -1.3941 0.9365, -1.2106 -1.3941 0.9365, 1.2106 -1.4252 0.9465, -1.2106 -1.4252 0.9465, 1.2106 -1.4535 0.9627, -1.2106 -1.4535 0.9627, 0.8858 -1.5846 -0.0144, 0.8858 -1.5506 0.0229, -0.8858 -1.5846 -0.0144, -0.8858 -1.5506 0.0229, 0.8858 -1.5119 -0.0807, -0.8858 -1.5119 -0.0807, 0.8858 -1.4779 -0.0434, -0.8858 -1.4779 -0.0434, 0.8858 -1.4535 -0.0217, -0.8858 -1.4535 -0.0217, 0.8858 -1.4252 -0.0055, -0.8858 -1.4252 -0.0055, 0.8858 -1.3941 0.0045, -0.8858 -1.3941 0.0045, -0.8858 -1.4144 0.1008, 0.8858 -1.4144 0.1008, -0.8858 -1.4649 0.0845, 0.8858 -1.4649 0.0845, -0.8858 -1.511 0.0582, 0.8858 -1.511 0.0582, -0.8808 0.4902 0.4409, -1.0236 0.4902 0.2981, -1.0236 0.4902 -0.3228, -0.8858 0.4902 -0.3228, -0.8858 0.4902 0.1575, -0.8189 0.4902 0.2244, 0.8189 0.4902 0.2244, 0.8858 0.4902 0.1575, 0.8858 0.4902 -0.3228, 1.0236 0.4902 -0.3228, 1.0236 0.4902 0.2981, 0.8808 0.4902 0.4409, 1.0213 0.4902 -0.3409, -1.0145 0.4902 -0.3577, -1.0036 0.4902 -0.3722, -0.8882 0.4902 -0.3409, 1.0145 0.4902 -0.3577, 0.8882 0.4902 -0.3409, 0.895 0.4902 -0.3577, 0.9893 0.4902 -0.3835, 0.9201 0.4902 -0.3835, 0.9727 0.4902 -0.3908, 0.9368 0.4902 -0.3908, 0.9547 0.4902 -0.3937, -1.0213 0.4902 -0.3409, -0.9893 0.4902 -0.3835, -0.9727 0.4902 -0.3908, -0.895 0.4902 -0.3577, 0.9059 0.4902 -0.3722, 1.0036 0.4902 -0.3722, -0.9547 0.4902 -0.3937, -0.9368 0.4902 -0.3908, -0.9201 0.4902 -0.3835, -0.9059 0.4902 -0.3722, -0.6859 0.498 0.8937, -0.5906 0.498 0.7285, -0.6984 0.498 0.91, -0.7148 0.498 0.9225, -0.7337 0.498 0.9304, -0.6758 0.498 0.6793, 0.6467 0.498 0.6793, 0.7046 0.498 0.9304, 0.6856 0.498 0.9225, 0.6693 0.498 0.91, 0.6568 0.498 0.8937, 0.5614 0.498 0.7285
            ]
        }
        coordIndex [
            0,1,2,-1,2,1,3,-1,4,5,6,-1,6,5,7,-1,8,9,10,-1,10,9,11,-1,10,11,12,-1,12,11,13,-1,12,13,14,-1,14,13,15,-1,14,15,16,-1,16,15,17,-1,16,17,18,-1,18,17,19,-1,18,19,20,-1,20,19,21,-1,20,21,22,-1,22,21,7,-1,22,7,23,-1,23,7,5,-1,23,5,24,-1,25,26,27,-1,27,26,28,-1,27,28,29,-1,29,28,30,-1,29,30,31,-1,31,30,32,-1,31,32,33,-1,33,32,34,-1,33,34,35,-1,35,34,36,-1,35,36,37,-1,37,36,38,-1,37,38,39,-1,39,38,40,-1,39,40,41,-1,41,40,42,-1,43,44,45,-1,46,47,48,-1,48,47,49,-1,48,49,50,-1,50,49,51,-1,50,51,52,-1,52,51,53,-1,52,53,54,-1,54,53,55,-1,54,55,56,-1,56,55,57,-1,56,57,58,-1,58,57,59,-1,58,59,60,-1,60,59,61,-1,60,61,45,-1,45,61,62,-1,45,62,43,-1,43,62,63,-1,64,65,66,-1,66,65,67,-1,68,69,70,-1,71,72,73,-1,73,72,74,-1,73,74,75,-1,75,74,76,-1,75,76,67,-1,67,76,77,-1,67,77,66,-1,78,79,80,-1,69,81,70,-1,70,81,82,-1,70,82,83,-1,83,82,84,-1,83,84,77,-1,77,84,85,-1,77,85,66,-1,86,87,88,-1,71,89,72,-1,72,89,88,-1,72,88,90,-1,90,88,87,-1,68,70,79,-1,79,70,91,-1,79,91,80,-1,92,93,94,-1,95,96,88,-1,88,96,97,-1,88,97,86,-1,92,94,80,-1,80,94,98,-1,80,98,78,-1,95,99,96,-1,96,99,100,-1,96,100,101,-1,102,103,104,-1,104,105,102,-1,102,105,106,-1,102,106,107,-1,107,108,102,-1,102,108,109,-1,102,109,110,-1,110,109,111,-1,110,111,112,-1,112,111,113,-1,112,113,114,-1,114,113,115,-1,114,115,116,-1,116,115,117,-1,116,117,118,-1,118,117,119,-1,118,119,120,-1,120,119,121,-1,120,121,122,-1,122,121,123,-1,122,123,124,-1,124,123,125,-1,124,125,126,-1,126,125,127,-1,126,127,128,-1,128,127,129,-1,128,129,130,-1,130,129,131,-1,130,131,132,-1,132,131,133,-1,132,133,134,-1,134,133,135,-1,136,137,138,-1,139,140,141,-1,141,140,142,-1,141,142,143,-1,143,142,144,-1,143,144,145,-1,145,144,146,-1,145,146,147,-1,147,146,136,-1,147,136,148,-1,148,136,138,-1,149,150,151,-1,151,150,152,-1,153,154,155,-1,155,154,156,-1,157,158,159,-1,111,109,160,-1,160,109,161,-1,162,163,164,-1,165,166,167,-1,167,166,168,-1,167,168,169,-1,26,170,171,-1,171,170,166,-1,171,166,172,-1,172,166,165,-1,173,174,175,-1,176,177,2,-1,2,177,178,-1,179,180,111,-1,111,180,181,-1,111,181,182,-1,183,184,28,-1,185,186,187,-1,188,189,190,-1,191,192,169,-1,169,192,193,-1,194,195,26,-1,26,195,162,-1,196,197,198,-1,199,200,201,-1,202,198,203,-1,203,198,169,-1,203,169,204,-1,204,169,193,-1,204,193,175,-1,157,159,205,-1,205,159,206,-1,205,206,171,-1,207,208,26,-1,26,208,209,-1,26,209,194,-1,184,210,28,-1,28,210,211,-1,28,211,178,-1,178,211,0,-1,178,0,2,-1,212,213,214,-1,214,213,215,-1,214,215,216,-1,217,218,211,-1,211,218,219,-1,211,219,0,-1,0,219,212,-1,0,212,220,-1,220,212,214,-1,193,221,175,-1,175,221,199,-1,175,199,173,-1,173,199,201,-1,173,201,222,-1,182,185,111,-1,111,185,187,-1,111,187,223,-1,223,187,224,-1,223,224,225,-1,225,226,223,-1,223,226,227,-1,223,227,168,-1,168,227,228,-1,168,228,229,-1,171,206,26,-1,26,206,230,-1,26,230,207,-1,162,164,26,-1,26,164,231,-1,26,231,28,-1,28,231,232,-1,28,232,183,-1,222,233,173,-1,173,233,234,-1,173,234,235,-1,235,236,173,-1,173,236,237,-1,173,237,160,-1,160,237,238,-1,160,238,111,-1,111,238,239,-1,111,239,179,-1,240,241,168,-1,168,241,242,-1,168,242,243,-1,214,244,198,-1,198,244,245,-1,198,245,196,-1,246,169,247,-1,247,169,198,-1,247,198,248,-1,248,198,197,-1,191,169,249,-1,249,169,168,-1,249,168,190,-1,190,168,250,-1,190,250,188,-1,216,251,214,-1,214,251,252,-1,214,252,244,-1,229,253,168,-1,168,253,254,-1,168,254,240,-1,243,255,168,-1,168,255,256,-1,168,256,250,-1,257,56,258,-1,258,56,58,-1,258,58,259,-1,259,58,60,-1,259,60,260,-1,260,60,45,-1,260,45,261,-1,261,45,44,-1,262,263,264,-1,264,263,265,-1,264,265,266,-1,266,265,267,-1,266,267,268,-1,268,267,269,-1,268,269,270,-1,270,269,271,-1,272,54,257,-1,257,54,56,-1,263,262,273,-1,273,262,274,-1,275,48,276,-1,276,48,50,-1,276,50,277,-1,277,50,52,-1,277,52,272,-1,272,52,54,-1,278,279,280,-1,280,279,281,-1,280,281,282,-1,282,281,283,-1,282,283,274,-1,274,283,273,-1,9,284,285,-1,284,9,286,-1,286,9,278,-1,278,9,287,-1,278,287,288,-1,288,289,278,-1,278,289,290,-1,278,290,279,-1,291,292,46,-1,46,292,293,-1,294,295,9,-1,9,295,296,-1,9,296,287,-1,48,275,46,-1,46,275,297,-1,46,297,291,-1,298,299,300,-1,300,299,301,-1,300,301,278,-1,278,301,302,-1,278,302,303,-1,304,11,305,-1,305,11,9,-1,305,9,306,-1,306,9,285,-1,303,307,278,-1,278,307,308,-1,278,308,309,-1,309,310,278,-1,278,310,311,-1,278,311,286,-1,312,313,46,-1,312,46,9,-1,293,314,46,-1,46,314,315,-1,46,315,9,-1,9,315,316,-1,9,316,294,-1,317,318,319,-1,319,318,320,-1,319,320,321,-1,321,320,322,-1,321,322,300,-1,300,322,298,-1,323,17,324,-1,324,17,15,-1,324,15,325,-1,325,15,13,-1,325,13,304,-1,304,13,11,-1,326,327,317,-1,317,327,318,-1,328,19,323,-1,323,19,17,-1,329,330,331,-1,331,330,332,-1,331,332,333,-1,333,332,334,-1,333,334,335,-1,335,334,336,-1,335,336,326,-1,326,336,327,-1,337,4,338,-1,338,4,6,-1,338,6,339,-1,339,6,7,-1,339,7,340,-1,340,7,21,-1,340,21,328,-1,328,21,19,-1,341,342,63,-1,341,63,343,-1,63,62,343,-1,343,62,61,-1,343,61,344,-1,344,61,59,-1,344,59,345,-1,345,59,57,-1,345,57,346,-1,57,55,346,-1,346,55,347,-1,348,349,350,-1,350,349,351,-1,347,55,53,-1,347,53,352,-1,352,53,51,-1,352,51,353,-1,353,51,49,-1,353,49,354,-1,348,350,355,-1,348,355,356,-1,356,355,357,-1,356,357,358,-1,358,357,359,-1,358,359,360,-1,361,362,363,-1,364,365,8,-1,364,8,366,-1,367,368,360,-1,369,370,47,-1,47,370,371,-1,47,371,372,-1,360,359,373,-1,373,374,360,-1,360,374,375,-1,360,375,376,-1,354,49,377,-1,377,49,47,-1,377,47,378,-1,378,47,372,-1,379,380,381,-1,367,360,365,-1,360,382,363,-1,363,382,383,-1,363,383,361,-1,365,360,8,-1,8,360,376,-1,8,376,381,-1,381,376,384,-1,381,384,379,-1,10,385,8,-1,8,385,386,-1,8,386,366,-1,47,387,369,-1,369,387,381,-1,369,381,388,-1,388,381,380,-1,368,389,360,-1,360,389,390,-1,360,390,391,-1,391,392,360,-1,360,392,393,-1,360,393,382,-1,363,362,394,-1,363,394,395,-1,395,394,396,-1,395,396,397,-1,397,396,398,-1,397,398,399,-1,385,10,12,-1,385,12,400,-1,400,12,14,-1,400,14,401,-1,401,14,16,-1,401,16,402,-1,398,403,399,-1,399,403,404,-1,16,18,402,-1,402,18,405,-1,404,403,406,-1,404,406,407,-1,407,406,408,-1,407,408,409,-1,409,408,410,-1,409,410,411,-1,411,410,412,-1,411,412,413,-1,414,415,24,-1,24,415,416,-1,24,416,23,-1,23,416,417,-1,23,417,22,-1,22,417,418,-1,22,418,20,-1,20,418,405,-1,20,405,18,-1,419,420,421,-1,421,420,422,-1,423,424,422,-1,422,424,425,-1,422,425,421,-1,426,427,428,-1,428,427,429,-1,428,429,430,-1,430,429,431,-1,430,431,432,-1,432,431,433,-1,432,433,434,-1,434,433,435,-1,434,435,436,-1,436,435,437,-1,436,437,438,-1,438,437,439,-1,438,439,440,-1,440,439,441,-1,440,441,442,-1,442,441,443,-1,442,443,444,-1,444,443,445,-1,444,445,446,-1,446,445,447,-1,446,447,448,-1,448,447,449,-1,448,449,450,-1,450,449,178,-1,450,178,422,-1,422,178,177,-1,422,177,423,-1,450,27,448,-1,448,27,29,-1,448,29,446,-1,446,29,31,-1,446,31,444,-1,444,31,33,-1,444,33,442,-1,442,33,35,-1,442,35,440,-1,440,35,37,-1,440,37,438,-1,438,37,39,-1,451,452,453,-1,454,455,456,-1,422,457,3,-1,458,459,460,-1,461,462,450,-1,459,463,25,-1,460,464,458,-1,458,464,465,-1,458,465,1,-1,465,466,467,-1,468,469,470,-1,471,472,454,-1,454,472,473,-1,454,473,474,-1,475,476,25,-1,25,476,477,-1,25,477,459,-1,459,477,478,-1,459,478,460,-1,465,467,1,-1,1,467,479,-1,1,479,480,-1,481,482,450,-1,483,484,485,-1,486,487,488,-1,488,487,489,-1,488,489,490,-1,490,489,491,-1,490,491,492,-1,493,494,25,-1,25,494,495,-1,25,495,475,-1,480,496,1,-1,1,496,497,-1,1,497,498,-1,482,499,450,-1,450,499,500,-1,450,500,461,-1,462,468,450,-1,450,468,470,-1,450,470,27,-1,27,470,501,-1,27,501,502,-1,503,504,454,-1,454,504,505,-1,454,505,471,-1,506,507,508,-1,508,507,509,-1,502,510,27,-1,27,510,511,-1,27,511,25,-1,25,511,512,-1,25,512,493,-1,492,491,513,-1,513,491,514,-1,513,514,456,-1,456,514,515,-1,456,515,454,-1,454,515,516,-1,454,516,503,-1,474,451,454,-1,454,451,453,-1,454,453,485,-1,485,453,517,-1,485,517,483,-1,484,518,485,-1,485,518,458,-1,485,458,519,-1,519,458,1,-1,519,1,520,-1,518,521,458,-1,458,521,522,-1,458,522,523,-1,458,524,508,-1,508,524,525,-1,508,525,506,-1,526,102,527,-1,527,102,110,-1,527,110,490,-1,490,110,508,-1,490,508,488,-1,488,508,509,-1,498,528,1,-1,1,528,481,-1,1,481,3,-1,3,481,450,-1,3,450,422,-1,523,529,458,-1,458,529,530,-1,458,530,524,-1,122,531,120,-1,120,531,532,-1,120,532,118,-1,118,532,533,-1,118,533,116,-1,116,533,534,-1,116,534,114,-1,114,534,535,-1,114,535,112,-1,112,535,536,-1,112,536,110,-1,110,536,508,-1,43,537,44,-1,44,537,538,-1,124,148,122,-1,122,148,138,-1,156,539,540,-1,540,539,541,-1,542,543,544,-1,541,545,540,-1,540,545,546,-1,540,546,538,-1,538,546,547,-1,538,547,44,-1,44,547,548,-1,44,548,261,-1,549,550,551,-1,551,552,549,-1,549,552,553,-1,549,553,554,-1,542,544,555,-1,544,556,122,-1,122,556,557,-1,557,558,122,-1,122,558,549,-1,122,549,531,-1,531,549,554,-1,531,554,540,-1,540,554,155,-1,540,155,156,-1,549,559,550,-1,550,559,560,-1,550,560,561,-1,138,562,122,-1,122,562,563,-1,122,563,544,-1,544,563,564,-1,544,564,555,-1,270,271,565,-1,565,271,566,-1,565,566,543,-1,543,566,567,-1,543,567,544,-1,568,569,570,-1,570,569,571,-1,570,571,572,-1,561,573,550,-1,550,573,574,-1,550,574,571,-1,571,574,575,-1,571,575,572,-1,572,575,576,-1,572,576,577,-1,578,579,580,-1,580,579,572,-1,580,572,581,-1,581,572,577,-1,570,582,568,-1,568,582,583,-1,568,583,584,-1,584,583,585,-1,132,141,130,-1,130,141,143,-1,130,143,128,-1,128,143,145,-1,128,145,126,-1,126,145,147,-1,126,147,124,-1,124,147,148,-1,139,141,134,-1,134,141,132,-1,426,428,586,-1,586,428,587,-1,436,588,434,-1,434,588,589,-1,434,589,432,-1,432,589,590,-1,432,590,430,-1,430,590,591,-1,430,591,428,-1,428,591,587,-1,588,436,592,-1,592,436,438,-1,593,594,438,-1,337,41,4,-1,4,41,595,-1,4,595,5,-1,5,595,596,-1,337,597,41,-1,41,597,598,-1,41,598,39,-1,599,600,601,-1,593,438,602,-1,598,603,39,-1,39,603,604,-1,39,604,605,-1,606,607,601,-1,601,607,608,-1,601,608,599,-1,609,330,329,-1,610,611,594,-1,594,611,612,-1,605,613,39,-1,39,613,150,-1,39,150,149,-1,149,606,39,-1,39,606,601,-1,39,601,438,-1,438,601,614,-1,438,614,602,-1,594,615,610,-1,610,615,609,-1,610,609,616,-1,616,609,329,-1,612,617,594,-1,594,617,618,-1,594,618,438,-1,438,618,619,-1,438,619,592,-1,620,621,622,-1,622,621,623,-1,622,623,600,-1,600,623,624,-1,600,624,625,-1,625,626,600,-1,600,626,627,-1,600,627,601,-1,628,620,629,-1,629,620,622,-1,629,622,630,-1,630,622,631,-1,630,631,632,-1,632,633,630,-1,630,633,634,-1,630,634,635,-1,635,634,636,-1,629,637,628,-1,628,637,638,-1,628,638,639,-1,639,638,640,-1,439,40,38,-1,439,38,441,-1,441,38,36,-1,441,36,443,-1,443,36,34,-1,443,34,445,-1,445,34,32,-1,445,32,447,-1,447,32,30,-1,447,30,449,-1,449,30,28,-1,449,28,178,-1,111,223,641,-1,111,641,113,-1,113,641,642,-1,113,642,115,-1,115,642,643,-1,115,643,117,-1,117,643,644,-1,117,644,119,-1,119,644,645,-1,119,645,121,-1,121,645,646,-1,121,646,123,-1,341,647,342,-1,342,647,648,-1,342,648,649,-1,649,648,650,-1,651,652,123,-1,341,653,647,-1,647,653,654,-1,647,654,646,-1,646,654,655,-1,646,655,656,-1,652,657,123,-1,123,657,658,-1,123,658,125,-1,125,658,659,-1,125,659,660,-1,656,661,646,-1,646,661,662,-1,646,662,154,-1,153,663,664,-1,664,663,665,-1,664,665,666,-1,154,153,646,-1,646,153,664,-1,646,664,123,-1,123,664,667,-1,123,667,651,-1,668,669,670,-1,668,671,669,-1,669,671,672,-1,669,672,673,-1,666,674,664,-1,664,674,669,-1,664,669,675,-1,675,669,673,-1,676,677,670,-1,670,677,678,-1,670,678,668,-1,676,679,677,-1,677,679,680,-1,677,680,681,-1,676,682,679,-1,679,682,683,-1,679,683,684,-1,684,683,685,-1,684,685,686,-1,687,688,689,-1,681,680,689,-1,689,680,690,-1,689,690,687,-1,142,133,131,-1,142,131,144,-1,144,131,129,-1,144,129,146,-1,691,692,693,-1,693,692,136,-1,693,694,691,-1,691,694,695,-1,691,695,696,-1,696,695,351,-1,696,351,349,-1,146,129,136,-1,136,129,127,-1,136,127,693,-1,693,127,125,-1,693,125,660,-1,135,133,140,-1,140,133,142,-1,429,427,697,-1,697,427,698,-1,429,697,699,-1,429,699,431,-1,431,699,700,-1,431,700,433,-1,433,700,701,-1,433,701,435,-1,435,701,702,-1,435,702,437,-1,703,704,414,-1,414,704,705,-1,439,437,702,-1,40,706,42,-1,42,706,151,-1,151,152,42,-1,42,152,707,-1,42,707,708,-1,708,709,42,-1,42,709,710,-1,42,710,705,-1,705,710,711,-1,705,711,414,-1,414,711,712,-1,414,712,415,-1,713,714,715,-1,715,714,716,-1,715,716,717,-1,718,719,40,-1,40,719,720,-1,40,720,721,-1,722,413,412,-1,702,723,439,-1,439,723,724,-1,439,724,40,-1,40,724,725,-1,40,725,718,-1,412,726,722,-1,722,726,727,-1,722,727,721,-1,721,727,728,-1,721,728,729,-1,717,706,715,-1,715,706,40,-1,715,40,730,-1,730,40,721,-1,730,721,731,-1,731,721,729,-1,715,732,713,-1,713,732,733,-1,713,733,734,-1,735,736,737,-1,738,739,740,-1,740,739,741,-1,734,742,713,-1,713,742,743,-1,713,743,744,-1,744,743,745,-1,744,745,737,-1,737,745,746,-1,737,746,735,-1,735,746,741,-1,735,741,747,-1,747,741,739,-1,748,749,750,-1,750,749,751,-1,750,751,736,-1,736,751,752,-1,736,752,737,-1,540,647,531,-1,531,647,646,-1,531,646,532,-1,532,646,645,-1,532,645,533,-1,533,645,644,-1,533,644,534,-1,534,644,643,-1,534,643,535,-1,535,643,642,-1,535,642,536,-1,536,642,641,-1,536,641,508,-1,508,641,223,-1,508,223,458,-1,458,223,168,-1,310,389,311,-1,311,389,368,-1,311,368,286,-1,286,368,367,-1,286,367,284,-1,284,367,365,-1,284,365,285,-1,285,365,364,-1,285,364,306,-1,306,364,366,-1,306,366,305,-1,305,366,386,-1,389,310,390,-1,390,310,309,-1,299,361,301,-1,301,361,383,-1,301,383,302,-1,302,383,382,-1,302,382,303,-1,303,382,393,-1,303,393,307,-1,307,393,392,-1,307,392,308,-1,308,392,391,-1,308,391,309,-1,309,391,390,-1,305,386,304,-1,304,386,385,-1,304,385,325,-1,325,385,400,-1,325,400,324,-1,324,400,401,-1,324,401,323,-1,323,401,402,-1,323,402,328,-1,328,402,405,-1,328,405,340,-1,340,405,418,-1,340,418,339,-1,339,418,417,-1,339,417,338,-1,338,417,416,-1,338,416,337,-1,337,416,415,-1,337,415,597,-1,597,415,712,-1,609,726,330,-1,330,726,412,-1,330,412,332,-1,332,412,410,-1,332,410,334,-1,334,410,408,-1,334,408,336,-1,336,408,406,-1,336,406,327,-1,327,406,403,-1,327,403,318,-1,318,403,398,-1,318,398,320,-1,320,398,396,-1,320,396,322,-1,322,396,394,-1,322,394,298,-1,298,394,362,-1,298,362,299,-1,299,362,361,-1,722,616,413,-1,413,616,329,-1,413,329,411,-1,411,329,331,-1,411,331,409,-1,409,331,333,-1,409,333,407,-1,407,333,335,-1,407,335,404,-1,404,335,326,-1,404,326,399,-1,399,326,317,-1,399,317,397,-1,397,317,319,-1,397,319,395,-1,395,319,321,-1,395,321,363,-1,363,321,300,-1,363,300,360,-1,360,300,278,-1,360,278,358,-1,358,278,280,-1,358,280,356,-1,356,280,282,-1,356,282,348,-1,348,282,274,-1,348,274,349,-1,349,274,262,-1,349,262,696,-1,696,262,264,-1,696,264,691,-1,691,264,266,-1,691,266,692,-1,692,266,268,-1,692,268,753,-1,753,268,270,-1,753,270,565,-1,592,723,588,-1,588,723,702,-1,588,702,589,-1,589,702,701,-1,589,701,590,-1,590,701,700,-1,590,700,591,-1,591,700,699,-1,591,699,587,-1,587,699,697,-1,587,697,586,-1,586,697,698,-1,562,138,754,-1,754,138,137,-1,724,723,619,-1,619,723,592,-1,136,692,137,-1,137,692,753,-1,137,753,754,-1,754,753,755,-1,753,756,755,-1,755,756,757,-1,755,757,758,-1,758,757,759,-1,297,377,291,-1,291,377,378,-1,291,378,292,-1,292,378,372,-1,292,372,293,-1,293,372,371,-1,293,371,314,-1,314,371,370,-1,314,370,315,-1,315,370,369,-1,315,369,316,-1,316,369,388,-1,548,653,261,-1,261,653,341,-1,261,341,260,-1,260,341,343,-1,260,343,259,-1,259,343,344,-1,259,344,258,-1,258,344,345,-1,258,345,257,-1,257,345,346,-1,257,346,272,-1,272,346,347,-1,272,347,277,-1,277,347,352,-1,277,352,276,-1,276,352,353,-1,276,353,275,-1,275,353,354,-1,275,354,297,-1,297,354,377,-1,290,373,279,-1,279,373,359,-1,279,359,281,-1,281,359,357,-1,281,357,283,-1,283,357,355,-1,283,355,273,-1,273,355,350,-1,273,350,263,-1,263,350,351,-1,263,351,265,-1,265,351,695,-1,265,695,267,-1,267,695,694,-1,267,694,269,-1,269,694,693,-1,269,693,271,-1,271,693,660,-1,271,660,566,-1,566,660,659,-1,294,380,295,-1,295,380,379,-1,295,379,296,-1,296,379,384,-1,296,384,287,-1,287,384,376,-1,287,376,288,-1,288,376,375,-1,288,375,289,-1,289,375,374,-1,289,374,290,-1,290,374,373,-1,380,294,388,-1,388,294,316,-1,724,619,725,-1,725,619,618,-1,725,618,718,-1,718,618,617,-1,718,617,719,-1,719,617,612,-1,719,612,720,-1,720,612,611,-1,720,611,721,-1,721,611,610,-1,721,610,722,-1,722,610,616,-1,601,715,614,-1,614,715,730,-1,614,730,602,-1,602,730,731,-1,602,731,593,-1,593,731,729,-1,593,729,594,-1,594,729,728,-1,594,728,615,-1,615,728,727,-1,615,727,609,-1,609,727,726,-1,152,150,707,-1,707,150,613,-1,707,613,708,-1,708,613,605,-1,708,605,709,-1,709,605,604,-1,709,604,710,-1,710,604,603,-1,710,603,711,-1,711,603,598,-1,711,598,712,-1,712,598,597,-1,566,659,567,-1,567,659,658,-1,567,658,544,-1,544,658,657,-1,544,657,556,-1,556,657,652,-1,556,652,557,-1,557,652,651,-1,557,651,558,-1,558,651,667,-1,558,667,549,-1,549,667,664,-1,653,548,654,-1,654,548,547,-1,654,547,655,-1,655,547,546,-1,655,546,656,-1,656,546,545,-1,656,545,661,-1,661,545,541,-1,661,541,662,-1,662,541,539,-1,662,539,154,-1,154,539,156,-1,562,754,563,-1,563,754,755,-1,563,755,564,-1,564,755,758,-1,564,758,555,-1,555,758,759,-1,555,759,542,-1,542,759,757,-1,542,757,543,-1,543,757,756,-1,543,756,565,-1,565,756,753,-1,246,466,169,-1,169,466,465,-1,169,465,167,-1,167,465,464,-1,495,158,475,-1,475,158,157,-1,475,157,476,-1,476,157,205,-1,476,205,477,-1,477,205,171,-1,477,171,478,-1,478,171,172,-1,478,172,460,-1,460,172,165,-1,460,165,464,-1,464,165,167,-1,760,761,494,-1,762,763,494,-1,764,765,766,-1,761,767,494,-1,494,767,158,-1,494,158,495,-1,768,769,770,-1,770,769,771,-1,770,771,772,-1,773,774,775,-1,776,777,778,-1,764,766,779,-1,765,780,766,-1,766,780,781,-1,766,781,782,-1,776,494,770,-1,770,494,163,-1,770,163,768,-1,776,778,494,-1,494,778,783,-1,494,783,762,-1,763,784,494,-1,494,784,785,-1,494,785,760,-1,772,786,770,-1,770,786,766,-1,770,766,787,-1,787,766,782,-1,773,775,766,-1,766,775,788,-1,766,788,779,-1,501,210,502,-1,502,210,184,-1,502,184,510,-1,510,184,183,-1,510,183,511,-1,511,183,232,-1,511,232,512,-1,512,232,231,-1,512,231,493,-1,493,231,164,-1,493,164,494,-1,494,164,163,-1,210,501,211,-1,211,501,470,-1,211,470,217,-1,217,470,469,-1,217,469,218,-1,218,469,468,-1,481,251,482,-1,482,251,216,-1,482,216,499,-1,499,216,215,-1,499,215,500,-1,500,215,213,-1,500,213,461,-1,461,213,212,-1,461,212,462,-1,462,212,219,-1,462,219,468,-1,468,219,218,-1,251,481,252,-1,252,481,528,-1,467,247,479,-1,479,247,248,-1,479,248,480,-1,480,248,197,-1,480,197,496,-1,496,197,196,-1,496,196,497,-1,497,196,245,-1,497,245,498,-1,498,245,244,-1,498,244,528,-1,528,244,252,-1,247,467,246,-1,246,467,466,-1,200,452,201,-1,201,452,451,-1,504,237,505,-1,505,237,236,-1,505,236,471,-1,471,236,235,-1,471,235,472,-1,472,235,234,-1,472,234,473,-1,473,234,233,-1,473,233,474,-1,474,233,222,-1,474,222,451,-1,451,222,201,-1,237,504,238,-1,238,504,503,-1,487,185,489,-1,489,185,182,-1,489,182,491,-1,491,182,181,-1,491,181,514,-1,514,181,180,-1,514,180,515,-1,515,180,179,-1,515,179,516,-1,516,179,239,-1,516,239,503,-1,503,239,238,-1,185,487,186,-1,186,487,486,-1,186,486,187,-1,187,486,488,-1,187,488,224,-1,224,488,509,-1,529,253,530,-1,530,253,229,-1,530,229,524,-1,524,229,228,-1,524,228,525,-1,525,228,227,-1,525,227,506,-1,506,227,226,-1,506,226,507,-1,507,226,225,-1,507,225,509,-1,509,225,224,-1,789,790,523,-1,791,792,523,-1,793,794,795,-1,790,796,523,-1,523,796,253,-1,523,253,529,-1,797,798,799,-1,799,798,800,-1,799,800,801,-1,802,803,804,-1,805,806,807,-1,793,795,808,-1,794,809,795,-1,795,809,810,-1,795,810,811,-1,805,523,799,-1,799,523,189,-1,799,189,797,-1,805,807,523,-1,523,807,812,-1,523,812,791,-1,792,813,523,-1,523,813,814,-1,523,814,789,-1,801,815,799,-1,799,815,795,-1,799,795,816,-1,816,795,811,-1,802,804,795,-1,795,804,817,-1,795,817,808,-1,517,221,483,-1,483,221,193,-1,483,193,484,-1,484,193,192,-1,484,192,518,-1,518,192,191,-1,518,191,521,-1,521,191,249,-1,521,249,522,-1,522,249,190,-1,522,190,523,-1,523,190,189,-1,221,517,199,-1,199,517,453,-1,199,453,200,-1,200,453,452,-1,811,810,818,-1,818,810,819,-1,818,819,820,-1,821,822,823,-1,823,822,818,-1,823,818,824,-1,824,818,820,-1,782,781,825,-1,825,781,826,-1,825,826,827,-1,827,826,828,-1,828,826,829,-1,829,826,830,-1,829,830,831,-1,780,765,832,-1,768,163,162,-1,833,770,787,-1,778,777,834,-1,834,777,776,-1,834,776,835,-1,783,836,762,-1,762,836,763,-1,837,785,784,-1,838,761,760,-1,159,158,767,-1,771,769,839,-1,839,769,768,-1,786,772,840,-1,840,772,771,-1,774,773,841,-1,841,773,766,-1,841,766,786,-1,779,788,842,-1,842,788,775,-1,842,775,774,-1,779,842,764,-1,764,842,843,-1,764,843,765,-1,780,832,781,-1,781,832,826,-1,826,832,844,-1,826,844,830,-1,830,844,845,-1,830,845,831,-1,831,845,846,-1,831,846,829,-1,829,846,847,-1,829,847,828,-1,828,847,848,-1,828,848,827,-1,827,848,833,-1,827,833,825,-1,825,833,787,-1,825,787,782,-1,765,843,832,-1,832,843,849,-1,832,849,844,-1,844,849,850,-1,844,850,845,-1,845,850,851,-1,845,851,846,-1,846,851,852,-1,846,852,847,-1,847,852,853,-1,847,853,848,-1,848,853,835,-1,848,835,833,-1,833,835,776,-1,833,776,770,-1,774,841,842,-1,842,841,854,-1,842,854,843,-1,843,854,855,-1,843,855,849,-1,849,855,856,-1,849,856,850,-1,850,856,857,-1,850,857,851,-1,851,857,858,-1,851,858,852,-1,852,858,859,-1,852,859,853,-1,853,859,860,-1,853,860,835,-1,835,860,836,-1,835,836,834,-1,834,836,783,-1,834,783,778,-1,786,840,841,-1,841,840,861,-1,841,861,854,-1,854,861,862,-1,854,862,855,-1,855,862,863,-1,855,863,856,-1,856,863,864,-1,856,864,857,-1,857,864,865,-1,857,865,858,-1,858,865,866,-1,858,866,859,-1,859,866,867,-1,859,867,860,-1,860,867,837,-1,860,837,836,-1,836,837,784,-1,836,784,763,-1,771,839,840,-1,840,839,868,-1,840,868,861,-1,861,868,869,-1,861,869,862,-1,862,869,870,-1,862,870,863,-1,863,870,871,-1,863,871,864,-1,864,871,872,-1,864,872,865,-1,865,872,873,-1,865,873,866,-1,866,873,874,-1,866,874,867,-1,867,874,838,-1,867,838,837,-1,837,838,760,-1,837,760,785,-1,768,162,839,-1,839,162,195,-1,839,195,868,-1,868,195,194,-1,868,194,869,-1,869,194,209,-1,869,209,870,-1,870,209,208,-1,870,208,871,-1,871,208,207,-1,871,207,872,-1,872,207,230,-1,872,230,873,-1,873,230,206,-1,873,206,874,-1,874,206,159,-1,874,159,838,-1,838,159,767,-1,838,767,761,-1,809,794,875,-1,793,876,877,-1,812,807,878,-1,816,811,818,-1,805,799,879,-1,879,799,816,-1,807,806,878,-1,878,806,805,-1,878,805,880,-1,813,792,881,-1,881,792,791,-1,881,791,812,-1,789,814,882,-1,882,814,813,-1,796,790,883,-1,883,790,789,-1,254,253,796,-1,884,798,797,-1,885,801,800,-1,802,795,886,-1,886,795,815,-1,876,804,803,-1,793,808,876,-1,876,808,817,-1,876,817,804,-1,796,883,254,-1,254,883,887,-1,254,887,240,-1,240,887,888,-1,240,888,241,-1,241,888,889,-1,241,889,242,-1,242,889,890,-1,242,890,243,-1,243,890,891,-1,243,891,255,-1,255,891,892,-1,255,892,256,-1,256,892,893,-1,256,893,250,-1,250,893,884,-1,250,884,188,-1,188,884,797,-1,188,797,189,-1,789,882,883,-1,883,882,894,-1,883,894,887,-1,887,894,895,-1,887,895,888,-1,888,895,896,-1,888,896,889,-1,889,896,897,-1,889,897,890,-1,890,897,898,-1,890,898,891,-1,891,898,899,-1,891,899,892,-1,892,899,900,-1,892,900,893,-1,893,900,885,-1,893,885,884,-1,884,885,800,-1,884,800,798,-1,813,881,882,-1,882,881,901,-1,882,901,894,-1,894,901,902,-1,894,902,895,-1,895,902,903,-1,895,903,896,-1,896,903,904,-1,896,904,897,-1,897,904,905,-1,897,905,898,-1,898,905,906,-1,898,906,899,-1,899,906,907,-1,899,907,900,-1,900,907,886,-1,900,886,885,-1,885,886,815,-1,885,815,801,-1,812,878,881,-1,881,878,880,-1,881,880,901,-1,901,880,908,-1,901,908,902,-1,902,908,909,-1,902,909,903,-1,903,909,910,-1,903,910,904,-1,904,910,911,-1,904,911,905,-1,905,911,912,-1,905,912,906,-1,906,912,877,-1,906,877,907,-1,907,877,876,-1,907,876,886,-1,886,876,803,-1,886,803,802,-1,805,879,880,-1,880,879,913,-1,880,913,908,-1,908,913,914,-1,908,914,909,-1,909,914,915,-1,909,915,910,-1,910,915,916,-1,910,916,911,-1,911,916,917,-1,911,917,912,-1,912,917,875,-1,912,875,877,-1,877,875,794,-1,877,794,793,-1,816,818,879,-1,879,818,822,-1,879,822,913,-1,913,822,821,-1,913,821,914,-1,914,821,823,-1,914,823,915,-1,915,823,824,-1,915,824,916,-1,916,824,820,-1,916,820,917,-1,917,820,819,-1,917,819,875,-1,875,819,810,-1,875,810,809,-1,676,670,569,-1,569,670,571,-1,576,575,677,-1,677,575,678,-1,680,679,572,-1,572,679,570,-1,631,622,737,-1,737,622,744,-1,746,745,620,-1,620,745,621,-1,629,630,735,-1,735,630,736,-1,715,601,732,-1,732,601,627,-1,732,627,733,-1,733,627,626,-1,733,626,734,-1,734,626,625,-1,734,625,742,-1,742,625,624,-1,742,624,743,-1,743,624,623,-1,743,623,745,-1,745,623,621,-1,744,622,713,-1,713,622,600,-1,713,600,714,-1,714,600,599,-1,714,599,716,-1,716,599,608,-1,716,608,717,-1,717,608,607,-1,717,607,706,-1,706,607,606,-1,706,606,151,-1,151,606,149,-1,549,664,559,-1,559,664,675,-1,559,675,560,-1,560,675,673,-1,560,673,561,-1,561,673,672,-1,561,672,573,-1,573,672,671,-1,573,671,574,-1,574,671,668,-1,574,668,575,-1,575,668,678,-1,153,155,663,-1,663,155,554,-1,663,554,665,-1,665,554,553,-1,665,553,666,-1,666,553,552,-1,666,552,674,-1,674,552,551,-1,674,551,669,-1,669,551,550,-1,669,550,670,-1,670,550,571,-1,427,426,698,-1,698,426,586,-1,140,139,135,-1,135,139,134,-1,527,490,160,-1,160,490,173,-1,490,492,173,-1,173,492,174,-1,492,513,174,-1,174,513,175,-1,513,456,175,-1,175,456,204,-1,918,919,65,-1,65,919,920,-1,65,920,67,-1,204,456,203,-1,203,456,455,-1,203,455,921,-1,921,455,922,-1,921,922,923,-1,923,922,924,-1,923,924,925,-1,925,924,926,-1,925,926,927,-1,927,926,928,-1,927,928,918,-1,918,928,929,-1,918,929,919,-1,930,454,202,-1,202,454,485,-1,202,485,198,-1,66,931,64,-1,64,931,932,-1,64,932,933,-1,933,932,934,-1,933,934,935,-1,935,934,936,-1,935,936,937,-1,937,936,938,-1,937,938,939,-1,939,938,940,-1,939,940,930,-1,930,940,941,-1,930,941,454,-1,485,519,198,-1,198,519,214,-1,519,520,214,-1,214,520,220,-1,520,1,220,-1,220,1,0,-1,414,24,703,-1,942,943,944,-1,944,943,945,-1,942,944,946,-1,946,944,947,-1,946,947,948,-1,948,947,949,-1,948,949,704,-1,704,949,705,-1,596,595,950,-1,596,950,951,-1,951,950,952,-1,951,952,953,-1,953,952,954,-1,953,954,955,-1,956,955,957,-1,957,955,954,-1,943,956,945,-1,945,956,957,-1,24,5,596,-1,703,24,704,-1,704,24,596,-1,704,596,948,-1,948,596,951,-1,948,951,946,-1,946,951,953,-1,946,953,942,-1,942,953,955,-1,942,955,943,-1,943,955,956,-1,945,957,944,-1,944,957,954,-1,944,954,947,-1,947,954,952,-1,947,952,949,-1,949,952,950,-1,949,950,705,-1,705,950,595,-1,705,595,42,-1,42,595,41,-1,958,959,960,-1,960,959,961,-1,962,958,963,-1,963,958,960,-1,964,962,965,-1,965,962,963,-1,964,965,966,-1,964,966,967,-1,967,966,968,-1,967,968,969,-1,969,968,538,-1,969,538,537,-1,63,342,649,-1,650,648,970,-1,970,648,971,-1,970,971,972,-1,972,971,973,-1,972,973,959,-1,959,973,961,-1,63,649,650,-1,958,962,959,-1,959,962,964,-1,959,964,972,-1,972,964,967,-1,972,967,970,-1,970,967,969,-1,970,969,650,-1,650,969,537,-1,650,537,63,-1,63,537,43,-1,647,540,648,-1,648,540,538,-1,648,538,971,-1,971,538,968,-1,971,968,973,-1,973,968,966,-1,973,966,961,-1,961,966,965,-1,961,965,960,-1,960,965,963,-1,974,975,976,-1,976,975,977,-1,978,974,979,-1,979,974,976,-1,980,978,981,-1,981,978,979,-1,980,981,982,-1,980,982,983,-1,983,982,984,-1,983,984,985,-1,985,984,986,-1,985,986,987,-1,987,986,463,-1,987,463,459,-1,166,170,988,-1,988,170,989,-1,988,989,990,-1,990,989,991,-1,990,991,992,-1,992,991,993,-1,992,993,975,-1,975,993,977,-1,974,978,975,-1,975,978,980,-1,975,980,992,-1,992,980,983,-1,992,983,990,-1,990,983,985,-1,990,985,988,-1,988,985,987,-1,988,987,166,-1,166,987,459,-1,166,459,168,-1,168,459,458,-1,26,25,170,-1,170,25,463,-1,170,463,989,-1,989,463,986,-1,989,986,991,-1,991,986,984,-1,991,984,993,-1,993,984,982,-1,993,982,977,-1,977,982,981,-1,977,981,976,-1,976,981,979,-1,994,995,996,-1,996,995,997,-1,998,994,999,-1,999,994,996,-1,1000,998,1001,-1,1001,998,999,-1,1000,1001,1002,-1,1002,1001,1003,-1,1002,1003,1004,-1,1004,1003,1005,-1,1004,1005,1006,-1,1006,1005,1007,-1,1006,1007,387,-1,387,1007,381,-1,313,312,1008,-1,313,1008,1009,-1,1009,1008,1010,-1,1009,1010,1011,-1,1011,1010,1012,-1,1011,1012,1013,-1,1013,1012,997,-1,1013,997,995,-1,47,46,387,-1,387,46,313,-1,387,313,1006,-1,1006,313,1009,-1,1006,1009,1004,-1,1004,1009,1011,-1,1004,1011,1002,-1,1002,1011,1013,-1,1002,1013,1000,-1,1000,1013,995,-1,1000,995,998,-1,998,995,994,-1,999,996,1001,-1,1001,996,997,-1,1001,997,1003,-1,1003,997,1012,-1,1003,1012,1005,-1,1005,1012,1010,-1,1005,1010,1007,-1,1007,1010,1008,-1,1007,1008,381,-1,381,1008,312,-1,381,312,8,-1,8,312,9,-1,1014,931,85,-1,85,931,66,-1,1015,1014,84,-1,84,1014,85,-1,1016,1015,82,-1,82,1015,84,-1,70,83,1017,-1,1017,83,1018,-1,1019,1018,77,-1,77,1018,83,-1,1020,1019,76,-1,76,1019,77,-1,1021,1020,74,-1,74,1020,76,-1,1022,1021,72,-1,72,1021,74,-1,71,73,1023,-1,1023,73,1024,-1,1025,1024,75,-1,75,1024,73,-1,920,1025,67,-1,67,1025,75,-1,919,932,920,-1,920,932,931,-1,1025,1020,1024,-1,1024,1020,1021,-1,1024,1021,1023,-1,1023,1021,1022,-1,1023,1022,1026,-1,1027,1028,1029,-1,1026,1022,1030,-1,1030,1022,1031,-1,1030,1031,1032,-1,1033,1034,1035,-1,1035,1034,1036,-1,1035,1036,1037,-1,1025,920,1020,-1,1020,920,931,-1,1020,931,1019,-1,1019,931,1014,-1,1019,1014,1018,-1,1018,1014,1015,-1,1018,1015,1017,-1,1017,1015,1016,-1,1017,1016,1029,-1,1029,1016,1038,-1,1029,1038,1027,-1,1028,1039,1029,-1,1029,1039,1040,-1,1029,1040,1041,-1,1032,1042,1030,-1,1030,1042,1034,-1,1030,1034,1043,-1,1043,1034,1033,-1,1040,1044,1045,-1,1045,1046,1040,-1,1040,1046,1047,-1,1040,1047,1041,-1,629,735,747,-1,629,747,637,-1,637,747,739,-1,637,739,638,-1,638,739,738,-1,638,738,640,-1,640,738,740,-1,640,740,639,-1,639,740,741,-1,639,741,628,-1,628,741,746,-1,628,746,620,-1,736,630,635,-1,736,635,750,-1,750,635,636,-1,750,636,748,-1,748,636,634,-1,748,634,749,-1,749,634,633,-1,749,633,751,-1,751,633,632,-1,751,632,752,-1,752,632,631,-1,752,631,737,-1,680,572,579,-1,680,579,690,-1,690,579,578,-1,690,578,687,-1,687,578,580,-1,687,580,688,-1,688,580,581,-1,688,581,689,-1,689,581,577,-1,689,577,681,-1,681,577,576,-1,681,576,677,-1,570,679,684,-1,570,684,582,-1,582,684,686,-1,582,686,583,-1,583,686,685,-1,583,685,585,-1,585,685,683,-1,585,683,584,-1,584,683,682,-1,584,682,568,-1,568,682,676,-1,568,676,569,-1,1044,98,94,-1,1044,94,1045,-1,1045,94,93,-1,1045,93,1046,-1,1046,93,92,-1,1046,92,1047,-1,1047,92,80,-1,1047,80,1041,-1,1041,80,91,-1,1041,91,1029,-1,1029,91,70,-1,1029,70,1017,-1,1016,82,81,-1,1016,81,1038,-1,1038,81,69,-1,1038,69,1027,-1,1027,69,68,-1,1027,68,1028,-1,1028,68,79,-1,1028,79,1039,-1,1039,79,78,-1,1039,78,1040,-1,1040,78,98,-1,1040,98,1044,-1,1037,101,100,-1,1037,100,1035,-1,1035,100,99,-1,1035,99,1033,-1,1033,99,95,-1,1033,95,1043,-1,1043,95,88,-1,1043,88,1030,-1,1030,88,89,-1,1030,89,1026,-1,1026,89,71,-1,1026,71,1023,-1,1022,72,90,-1,1022,90,1031,-1,1031,90,87,-1,1031,87,1032,-1,1032,87,86,-1,1032,86,1042,-1,1042,86,97,-1,1042,97,1034,-1,1034,97,96,-1,1034,96,1036,-1,1036,96,101,-1,1036,101,1037,-1,202,203,921,-1,202,921,930,-1,930,921,923,-1,930,923,939,-1,939,923,925,-1,939,925,937,-1,937,925,927,-1,937,927,935,-1,935,927,918,-1,935,918,933,-1,933,918,65,-1,933,65,64,-1,932,919,934,-1,934,919,929,-1,934,929,936,-1,936,929,928,-1,936,928,938,-1,938,928,926,-1,938,926,940,-1,940,926,924,-1,940,924,941,-1,941,924,922,-1,941,922,454,-1,454,922,455,-1,1048,1049,421,-1,421,1049,419,-1,1048,421,425,-1,1048,425,1050,-1,1050,425,424,-1,1050,424,1051,-1,1051,424,423,-1,1051,423,1052,-1,1052,423,177,-1,1052,177,176,-1,1053,457,420,-1,420,457,422,-1,1049,1053,419,-1,419,1053,420,-1,2,3,176,-1,176,3,457,-1,176,457,1052,-1,1053,1049,457,-1,457,1049,1048,-1,1048,1050,457,-1,457,1050,1051,-1,457,1051,1052,-1,526,1054,102,-1,102,1054,103,-1,161,109,108,-1,161,108,1055,-1,1055,108,107,-1,1055,107,1056,-1,1056,107,106,-1,1056,106,1057,-1,1057,106,105,-1,1057,105,1058,-1,1059,1058,104,-1,104,1058,105,-1,1054,1059,103,-1,103,1059,104,-1,1059,1054,1058,-1,1058,1054,526,-1,1058,526,1057,-1,527,160,526,-1,526,160,161,-1,161,1055,526,-1,526,1055,1056,-1,526,1056,1057,-1,
        ]
    }
}
Shape{
    appearance Appearance {
        material  Material 	{
            diffuseColor 0.25098039215686274 0.25098039215686274 0.25098039215686274
            specularColor 0.12549019607843137 0.12549019607843137 0.12549019607843137
            ambientIntensity 0.251
            transparency 0.0
            shininess 0.5
        }
    }
    geometry IndexedFaceSet {
        ccw TRUE
        solid FALSE
        coord DEF co Coordinate {
            point [
                0.7874 0.4587 0.8346, 0.5118 0.4587 0.8346, 0.5118 0.2225 0.8346, 1.25 -0.1712 0.8346, 1.25 0.6162 0.8346, 0.7874 0.6162 0.8346, 0.3543 0.4587 0.8346, -0.3543 0.4587 0.8346, -0.3543 0.2225 0.8346, 0.3543 0.2225 0.8346, -0.5118 0.2225 0.8346, -1.25 -0.1712 0.8346, 0.6299 -0.1712 0.8346, 0.3839 -0.1712 0.8346, -0.3839 -0.1712 0.8346, -0.128 -0.1712 0.8346, 0.128 -0.1712 0.8346, -0.7874 0.6162 0.8346, -1.25 0.6162 0.8346, -0.7874 0.4587 0.8346, -0.5118 0.4587 0.8346, 0.311 0.2618 0.1063, 0.311 0.2618 0.185, 0.4567 0.2618 0.1063, 0.4567 0.2618 0.185, 0.0551 0.2618 0.1063, 0.0551 0.2618 0.185, 0.2008 0.2618 0.1063, 0.2008 0.2618 0.185, -0.6299 0.2618 0.1063, -0.6299 0.2618 0.185, -0.5669 0.2618 0.1063, -0.5669 0.2618 0.185, -0.4567 0.2618 0.185, -0.311 0.2618 0.185, -0.4567 0.2618 0.1063, -0.311 0.2618 0.1063, -0.2008 0.2618 0.185, -0.0551 0.2618 0.185, -0.2008 0.2618 0.1063, -0.0551 0.2618 0.1063, -0.7874 0.6162 0.815, -1.3641 0.6162 0.7471, -1.3523 0.6162 0.7756, -1.3335 0.6162 0.8001, -1.1811 0.6162 0.2577, -1.322 0.6162 0.3661, -1.1811 0.6162 0.4213, -1.3414 0.6162 0.3849, -1.356 0.6162 0.4076, -1.2806 0.6162 0.8306, -1.3681 0.6162 0.7165, -1.3681 0.6162 0.4597, -1.365 0.6162 0.4329, -1.3091 0.6162 0.8188, 0.6109 -0.1712 0.7139, 0.6299 -0.1712 0.706, 0.4134 -0.1712 0.4803, 0.4331 -0.1712 0.4803, 0.4134 -0.1712 0.5984, 0.4331 -0.1712 0.5787, 0.6102 -0.1712 0.5984, 0.5906 -0.1712 0.5787, 0.6102 -0.1712 0.4803, 0.5906 -0.1712 0.4803, 0.6299 -0.1712 0.2933, 1.2274 -0.1712 0.2933, 0.6693 -0.1712 0.4803, 0.6299 -0.1712 0.4803, 1.322 -0.1712 0.3661, 1.3414 -0.1712 0.3849, 1.356 -0.1712 0.4076, 1.3681 -0.1712 0.6476, 0.6693 -0.1712 0.6378, 1.3681 -0.1712 0.4597, 1.365 -0.1712 0.4329, 1.3681 -0.1712 0.7165, 0.6666 -0.1712 0.6582, 0.668 -0.1712 0.6476, 1.3641 -0.1712 0.7471, 1.3523 -0.1712 0.7756, 1.3335 -0.1712 0.8001, 0.6462 -0.1712 0.6935, 0.6587 -0.1712 0.6772, 1.2806 -0.1712 0.8306, 1.3091 -0.1712 0.8188, -0.6462 -0.1712 0.6935, -0.6299 -0.1712 0.706, -0.6109 -0.1712 0.7139, -1.2806 -0.1712 0.8306, -0.6666 -0.1712 0.6582, -0.6587 -0.1712 0.6772, -0.5906 -0.1712 0.7165, -0.3839 -0.1712 0.7165, -0.128 -0.1712 0.7165, 0.128 -0.1712 0.7165, 0.3839 -0.1712 0.7165, 0.5906 -0.1712 0.7165, -1.3091 -0.1712 0.8188, -1.3335 -0.1712 0.8001, -1.3523 -0.1712 0.7756, -1.2274 -0.1712 0.2933, -0.3839 -0.1712 0.2933, -0.4134 -0.1712 0.4803, -0.3839 -0.1712 0.4803, -1.3641 -0.1712 0.7471, -1.3681 -0.1712 0.7165, -0.668 -0.1712 0.6476, -1.3681 -0.1712 0.6476, -0.6693 -0.1712 0.6378, -0.6693 -0.1712 0.4803, -0.6102 -0.1712 0.4803, -0.5906 -0.1712 0.4803, -0.6102 -0.1712 0.5984, -0.5906 -0.1712 0.5787, -0.4134 -0.1712 0.5984, -0.4331 -0.1712 0.5787, -0.4331 -0.1712 0.4803, -1.365 -0.1712 0.4329, -1.356 -0.1712 0.4076, -1.3681 -0.1712 0.4597, -1.3414 -0.1712 0.3849, -1.322 -0.1712 0.3661, -0.1772 -0.1712 0.4803, -0.3346 -0.1712 0.4803, -0.3543 -0.1712 0.4803, -0.3543 -0.1712 0.5984, -0.3346 -0.1712 0.5787, -0.1575 -0.1712 0.5984, -0.1772 -0.1712 0.5787, -0.1575 -0.1712 0.4803, 0.0787 -0.1712 0.4803, -0.0787 -0.1712 0.4803, -0.128 -0.1712 0.2933, -0.128 -0.1712 0.4803, -0.0984 -0.1712 0.4803, -0.0984 -0.1712 0.5984, -0.0787 -0.1712 0.5787, 0.0984 -0.1712 0.5984, 0.0787 -0.1712 0.5787, 0.0984 -0.1712 0.4803, 0.128 -0.1712 0.2933, 0.3839 -0.1712 0.2933, 0.3839 -0.1712 0.4803, 0.3543 -0.1712 0.4803, 0.1772 -0.1712 0.4803, 0.3346 -0.1712 0.4803, 0.3346 -0.1712 0.5787, 0.3543 -0.1712 0.5984, 0.1772 -0.1712 0.5787, 0.1575 -0.1712 0.5984, 0.1575 -0.1712 0.4803, 0.128 -0.1712 0.4803, 0.6299 -0.1712 0.1063, 0.9441 -0.1712 0.1063, 0.9697 -0.1712 0.1091, 0.9941 -0.1712 0.1174, 1.0161 -0.1712 0.1308, -0.9697 -0.1712 0.1091, -0.9441 -0.1712 0.1063, -0.9941 -0.1712 0.1174, -1.0161 -0.1712 0.1308, 0.3839 -0.1712 0.1063, 0.128 -0.1712 0.1063, -0.128 -0.1712 0.1063, -0.3839 -0.1712 0.1063, -0.6102 -1.0374 0.4803, -0.6693 -1.0374 0.4803, -0.3543 -1.0374 0.4803, -0.4134 -1.0374 0.4803, 0.4134 -1.0374 0.4803, 0.3543 -1.0374 0.4803, 0.1575 -1.0374 0.4803, 0.0984 -1.0374 0.4803, -0.0984 -1.0374 0.4803, -0.1575 -1.0374 0.4803, 1.3681 0.6162 0.7165, 1.3641 0.6162 0.7471, 1.3523 0.6162 0.7756, 1.3335 0.6162 0.8001, 1.3091 0.6162 0.8188, 1.2806 0.6162 0.8306, -1.1811 0.4587 0.2577, -1.0161 0.4587 0.1308, -0.9941 0.4587 0.1174, -0.9697 0.4587 0.1091, -0.9441 0.4587 0.1063, 0.6299 0.2618 0.1063, 0.6299 0.4587 0.1063, 0.9441 0.4587 0.1063, 0.311 0.254 0.1063, -0.2008 0.254 0.1063, -0.6299 0.4587 0.1063, 0.5669 0.254 0.1063, 0.5669 0.2618 0.1063, -0.0551 0.254 0.1063, 0.0551 0.254 0.1063, 0.2008 0.254 0.1063, 0.4567 0.254 0.1063, -0.4567 0.254 0.1063, -0.5669 0.254 0.1063, -0.311 0.254 0.1063, 0.9697 0.4587 0.1091, 0.9941 0.4587 0.1174, 1.0161 0.4587 0.1308, 1.1811 0.4587 0.2577, 1.1811 0.6162 0.2577, 1.322 0.6162 0.3661, 1.3414 0.6162 0.3849, 1.356 0.6162 0.4076, 1.365 0.6162 0.4329, 1.3681 0.6162 0.4597, 1.1811 0.6162 0.4213, 0.7874 0.6162 0.815, 0.6693 -1.0374 0.4803, 0.6102 -1.0374 0.4803, 0.6693 -1.0374 0.6378, 0.5906 -1.0374 0.7165, -0.5906 -1.0374 0.7165, -0.6693 -1.0374 0.6378, 0.6102 -1.0374 0.5984, -0.6102 -1.0374 0.5984, -0.1575 -1.0374 0.5984, -0.4134 -1.0374 0.5984, -0.6109 -1.0374 0.7139, -0.6299 -1.0374 0.706, -0.6462 -1.0374 0.6935, -0.6587 -1.0374 0.6772, -0.6666 -1.0374 0.6582, -0.0984 -1.0374 0.5984, 0.0984 -1.0374 0.5984, -0.3543 -1.0374 0.5984, 0.3543 -1.0374 0.5984, 0.4134 -1.0374 0.5984, 0.1575 -1.0374 0.5984, 0.6666 -1.0374 0.6582, 0.6587 -1.0374 0.6772, 0.6462 -1.0374 0.6935, 0.6299 -1.0374 0.706, 0.6109 -1.0374 0.7139
            ]
        }
        coordIndex [
            0,1,2,-1,3,4,5,-1,6,7,8,-1,6,8,9,-1,8,10,11,-1,5,0,3,-1,3,0,2,-1,3,2,12,-1,12,2,9,-1,12,9,13,-1,11,14,8,-1,8,14,15,-1,8,15,9,-1,9,15,16,-1,9,16,13,-1,17,18,19,-1,19,18,11,-1,19,11,20,-1,20,11,10,-1,21,22,23,-1,23,22,24,-1,25,26,27,-1,27,26,28,-1,29,30,31,-1,31,30,32,-1,33,34,35,-1,35,34,36,-1,37,38,39,-1,39,38,40,-1,18,17,41,-1,42,43,44,-1,45,46,47,-1,47,46,48,-1,47,48,49,-1,50,18,51,-1,51,18,41,-1,51,41,52,-1,52,41,47,-1,52,47,53,-1,53,47,49,-1,42,44,51,-1,51,44,54,-1,51,54,50,-1,55,56,12,-1,57,58,59,-1,59,58,60,-1,59,60,61,-1,61,60,62,-1,61,62,63,-1,63,62,64,-1,63,64,65,-1,66,67,65,-1,65,67,68,-1,65,68,63,-1,66,69,67,-1,67,69,70,-1,67,70,71,-1,72,73,74,-1,74,73,67,-1,74,67,75,-1,75,67,71,-1,12,56,3,-1,76,77,72,-1,72,77,78,-1,72,78,73,-1,76,79,77,-1,77,79,80,-1,77,80,81,-1,56,82,3,-1,3,82,83,-1,3,83,84,-1,84,83,77,-1,84,77,85,-1,85,77,81,-1,86,87,11,-1,11,87,88,-1,11,88,14,-1,89,90,11,-1,11,90,91,-1,11,91,86,-1,88,92,14,-1,14,92,93,-1,14,93,15,-1,15,93,94,-1,15,94,16,-1,16,94,95,-1,16,95,13,-1,13,95,96,-1,13,96,12,-1,12,96,97,-1,12,97,55,-1,89,98,90,-1,90,98,99,-1,90,99,100,-1,101,102,103,-1,103,102,104,-1,100,105,90,-1,90,105,106,-1,90,106,107,-1,107,106,108,-1,107,108,109,-1,110,101,111,-1,111,101,112,-1,111,112,113,-1,113,112,114,-1,113,114,115,-1,115,114,116,-1,115,116,103,-1,103,116,117,-1,103,117,101,-1,101,117,112,-1,118,119,110,-1,109,108,110,-1,110,108,120,-1,110,120,118,-1,119,121,110,-1,110,121,122,-1,110,122,101,-1,123,124,102,-1,104,102,125,-1,125,102,124,-1,125,124,126,-1,126,124,127,-1,126,127,128,-1,128,127,129,-1,128,129,130,-1,131,132,133,-1,129,123,130,-1,130,123,102,-1,130,102,134,-1,134,102,133,-1,134,133,135,-1,135,133,132,-1,135,132,136,-1,136,132,137,-1,136,137,138,-1,138,137,139,-1,138,139,140,-1,140,139,131,-1,140,131,141,-1,141,131,133,-1,64,58,65,-1,65,58,57,-1,65,57,142,-1,142,57,143,-1,142,143,141,-1,141,143,144,-1,145,141,146,-1,146,141,144,-1,146,144,147,-1,147,144,148,-1,147,148,149,-1,149,148,150,-1,149,150,145,-1,145,150,151,-1,145,151,141,-1,141,151,152,-1,141,152,140,-1,153,154,65,-1,65,154,155,-1,155,156,65,-1,65,156,157,-1,65,157,66,-1,158,159,160,-1,160,159,161,-1,153,65,162,-1,162,65,142,-1,162,142,163,-1,163,142,141,-1,163,141,164,-1,164,141,133,-1,164,133,165,-1,165,133,102,-1,165,102,159,-1,159,102,101,-1,159,101,161,-1,166,167,111,-1,111,167,110,-1,125,168,104,-1,104,168,169,-1,104,169,103,-1,57,170,143,-1,143,170,171,-1,143,171,144,-1,151,172,152,-1,152,172,173,-1,152,173,140,-1,135,174,134,-1,134,174,175,-1,134,175,130,-1,76,176,177,-1,76,177,79,-1,79,177,178,-1,79,178,80,-1,80,178,179,-1,80,179,81,-1,81,179,180,-1,81,180,85,-1,85,180,181,-1,85,181,84,-1,84,181,4,-1,84,4,3,-1,11,18,50,-1,11,50,89,-1,89,50,54,-1,89,54,98,-1,98,54,44,-1,98,44,99,-1,99,44,43,-1,99,43,100,-1,100,43,42,-1,100,42,105,-1,105,42,51,-1,105,51,106,-1,106,51,108,-1,108,51,52,-1,108,52,120,-1,120,52,53,-1,120,53,118,-1,118,53,49,-1,118,49,119,-1,119,49,48,-1,119,48,121,-1,121,48,46,-1,121,46,122,-1,122,46,182,-1,182,46,45,-1,122,182,101,-1,101,182,183,-1,101,183,161,-1,161,183,184,-1,161,184,160,-1,160,184,185,-1,160,185,158,-1,158,185,186,-1,158,186,159,-1,187,188,189,-1,190,21,23,-1,191,39,40,-1,186,192,159,-1,159,192,29,-1,189,154,187,-1,187,154,193,-1,187,193,194,-1,164,165,195,-1,25,27,196,-1,196,27,197,-1,163,198,162,-1,162,198,193,-1,162,193,153,-1,153,193,154,-1,199,165,200,-1,200,165,159,-1,200,159,31,-1,31,159,29,-1,195,196,164,-1,164,196,197,-1,164,197,163,-1,163,197,190,-1,163,190,198,-1,198,190,23,-1,35,36,199,-1,199,36,201,-1,199,201,165,-1,165,201,191,-1,165,191,195,-1,195,191,40,-1,154,189,202,-1,154,202,155,-1,155,202,203,-1,155,203,156,-1,156,203,204,-1,156,204,157,-1,205,206,207,-1,157,204,66,-1,66,204,205,-1,66,205,69,-1,69,205,207,-1,69,207,208,-1,69,208,70,-1,70,208,209,-1,70,209,71,-1,71,209,210,-1,71,210,75,-1,75,210,211,-1,75,211,74,-1,74,211,72,-1,72,211,176,-1,72,176,76,-1,210,209,212,-1,213,5,212,-1,212,5,4,-1,209,208,212,-1,212,208,207,-1,212,207,206,-1,4,176,212,-1,212,176,211,-1,212,211,210,-1,179,4,180,-1,180,4,181,-1,179,178,4,-1,4,178,177,-1,4,177,176,-1,67,214,68,-1,68,214,215,-1,68,215,63,-1,216,214,73,-1,73,214,67,-1,217,97,96,-1,96,95,217,-1,217,95,94,-1,217,94,218,-1,218,94,93,-1,218,93,92,-1,109,110,219,-1,219,110,167,-1,220,215,214,-1,167,166,219,-1,219,166,221,-1,222,175,174,-1,217,218,223,-1,223,218,224,-1,223,224,225,-1,225,226,223,-1,223,226,227,-1,223,227,221,-1,221,227,228,-1,221,228,219,-1,229,230,217,-1,174,229,222,-1,222,229,217,-1,222,217,231,-1,231,217,223,-1,231,223,168,-1,168,223,169,-1,232,171,170,-1,170,233,232,-1,232,233,217,-1,232,217,234,-1,234,217,230,-1,234,230,172,-1,172,230,173,-1,214,216,220,-1,220,216,235,-1,220,235,233,-1,233,235,236,-1,233,236,237,-1,237,238,233,-1,233,238,239,-1,233,239,217,-1,216,73,78,-1,216,78,235,-1,78,77,235,-1,235,77,83,-1,235,83,236,-1,236,83,82,-1,236,82,237,-1,237,82,56,-1,237,56,238,-1,238,56,55,-1,238,55,239,-1,239,55,97,-1,239,97,217,-1,109,219,107,-1,107,219,228,-1,107,228,90,-1,90,228,227,-1,90,227,91,-1,91,227,226,-1,91,226,86,-1,86,226,225,-1,86,225,87,-1,87,225,224,-1,87,224,88,-1,88,224,218,-1,88,218,92,-1,229,174,136,-1,136,174,135,-1,138,140,230,-1,230,140,173,-1,136,138,229,-1,229,138,230,-1,231,168,126,-1,126,168,125,-1,128,130,222,-1,222,130,175,-1,126,128,231,-1,231,128,222,-1,221,166,113,-1,113,166,111,-1,115,103,223,-1,223,103,169,-1,113,115,221,-1,221,115,223,-1,234,172,150,-1,150,172,151,-1,148,144,232,-1,232,144,171,-1,150,148,234,-1,234,148,232,-1,233,170,59,-1,59,170,57,-1,61,63,220,-1,220,63,215,-1,59,61,233,-1,233,61,220,-1,
        ]
    }
}
Shape{
    appearance Appearance {
        material  Material 	{
            diffuseColor 1.0 1.0 0.0
            specularColor 0.5019607843137255 0.5019607843137255 0.0
            ambientIntensity 0.886
            transparency 0.0
            shininess 0.5
        }
    }
    geometry IndexedFaceSet {
        ccw TRUE
        solid FALSE
        coord DEF co Coordinate {
            point [
                0.0787 -0.9586 0.5787, 0.0787 -0.9586 0.4803, 0.0787 -0.1712 0.5787, 0.0787 -0.1712 0.4803, -0.0787 -0.9586 0.5787, -0.0787 -0.1712 0.5787, -0.0787 -0.9586 0.4803, -0.0787 -0.1712 0.4803, 0.3346 -0.9586 0.5787, 0.3346 -0.9586 0.4803, 0.3346 -0.1712 0.5787, 0.3346 -0.1712 0.4803, 0.1772 -0.9586 0.5787, 0.1772 -0.1712 0.5787, 0.1772 -0.9586 0.4803, 0.1772 -0.1712 0.4803, 0.5906 -0.9586 0.5787, 0.5906 -0.9586 0.4803, 0.5906 -0.1712 0.5787, 0.5906 -0.1712 0.4803, 0.4331 -0.9586 0.5787, 0.4331 -0.1712 0.5787, 0.4331 -0.9586 0.4803, 0.4331 -0.1712 0.4803, -0.1772 -0.9586 0.5787, -0.1772 -0.9586 0.4803, -0.1772 -0.1712 0.5787, -0.1772 -0.1712 0.4803, -0.3346 -0.9586 0.5787, -0.3346 -0.1712 0.5787, -0.3346 -0.9586 0.4803, -0.3346 -0.1712 0.4803, -0.4331 -0.9586 0.5787, -0.4331 -0.9586 0.4803, -0.4331 -0.1712 0.5787, -0.4331 -0.1712 0.4803, -0.5906 -0.9586 0.5787, -0.5906 -0.1712 0.5787, -0.5906 -0.9586 0.4803, -0.5906 -0.1712 0.4803
            ]
        }
        coordIndex [
            0,1,2,-1,2,1,3,-1,4,0,5,-1,5,0,2,-1,6,4,7,-1,7,4,5,-1,1,6,3,-1,3,6,7,-1,4,6,0,-1,0,6,1,-1,8,9,10,-1,10,9,11,-1,12,8,13,-1,13,8,10,-1,14,12,15,-1,15,12,13,-1,9,14,11,-1,11,14,15,-1,12,14,8,-1,8,14,9,-1,16,17,18,-1,18,17,19,-1,20,16,21,-1,21,16,18,-1,22,20,23,-1,23,20,21,-1,17,22,19,-1,19,22,23,-1,20,22,16,-1,16,22,17,-1,24,25,26,-1,26,25,27,-1,28,24,29,-1,29,24,26,-1,30,28,31,-1,31,28,29,-1,25,30,27,-1,27,30,31,-1,28,30,24,-1,24,30,25,-1,32,33,34,-1,34,33,35,-1,36,32,37,-1,37,32,34,-1,38,36,39,-1,39,36,37,-1,33,38,35,-1,35,38,39,-1,36,38,32,-1,32,38,33,-1,
        ]
    }
}
Shape{
    appearance Appearance {
        material  Material 	{
            diffuseColor 0.25098039215686274 0.25098039215686274 0.25098039215686274
            specularColor 0.12549019607843137 0.12549019607843137 0.12549019607843137
            ambientIntensity 0.251
            transparency 0.0
            shininess 0.5
        }
    }
    geometry IndexedFaceSet {
        ccw TRUE
        solid FALSE
        coord DEF co Coordinate {
            point [
                -0.7874 0.4587 0.8346, -0.7874 0.4587 0.815, -0.7874 0.6162 0.8346, -0.7874 0.6162 0.815, -1.1811 0.4587 0.4213, -1.1811 0.6162 0.4213, -1.1811 0.6162 0.2577, -1.1811 0.4587 0.2577, 1.1811 0.4587 0.4213, 1.1811 0.6162 0.4213, 1.1811 0.4587 0.2577, 1.1811 0.6162 0.2577, 0.7874 0.4587 0.815, 0.7874 0.6162 0.815, 0.7874 0.4587 0.8346, 0.7874 0.6162 0.8346, -1.0161 0.4587 0.1308, 0.6299 0.4587 0.185, 1.0161 0.4587 0.1308, 0.9941 0.4587 0.1174, 0.5118 0.4587 0.8346, 0.9697 0.4587 0.1091, 0.9441 0.4587 0.1063, 0.6299 0.4587 0.1063, 0.3543 0.4587 0.8346, -0.6299 0.4587 0.1063, -0.9441 0.4587 0.1063, -0.6299 0.4587 0.185, -0.9697 0.4587 0.1091, -0.9941 0.4587 0.1174, -0.5118 0.4587 0.8346, -0.3543 0.4587 0.8346, 0.6299 0.2618 0.185, 0.6299 0.2618 0.1063, -0.6299 0.2618 0.1063, -0.6299 0.2618 0.185, 0.5669 0.2618 0.185, 0.5669 0.313 0.185, 0.4567 0.313 0.185, 0.4567 0.2618 0.185, 0.311 0.2618 0.185, 0.311 0.313 0.185, 0.2008 0.313 0.185, -0.0551 0.2618 0.185, -0.2008 0.2618 0.185, -0.0551 0.313 0.185, -0.2008 0.313 0.185, 0.2008 0.2618 0.185, 0.0551 0.2618 0.185, 0.0551 0.313 0.185, -0.311 0.313 0.185, -0.5669 0.2618 0.185, -0.5669 0.313 0.185, -0.4567 0.313 0.185, -0.4567 0.2618 0.185, -0.311 0.2618 0.185, 0.5669 0.2618 0.1063
            ]
        }
        coordIndex [
            0,1,2,-1,2,1,3,-1,1,4,3,-1,3,4,5,-1,5,4,6,-1,6,4,7,-1,8,9,10,-1,10,9,11,-1,8,12,9,-1,9,12,13,-1,12,14,13,-1,13,14,15,-1,16,7,4,-1,12,8,17,-1,8,10,17,-1,17,10,18,-1,17,18,19,-1,20,14,12,-1,19,21,17,-1,17,21,22,-1,17,22,23,-1,20,12,24,-1,25,26,27,-1,27,26,28,-1,27,28,29,-1,0,30,1,-1,1,30,31,-1,29,16,27,-1,27,16,4,-1,27,4,17,-1,17,4,1,-1,17,1,12,-1,12,1,31,-1,12,31,24,-1,32,17,33,-1,33,17,23,-1,34,25,35,-1,35,25,27,-1,32,36,17,-1,17,36,37,-1,17,37,38,-1,39,40,38,-1,38,40,41,-1,38,41,17,-1,17,41,42,-1,43,44,45,-1,45,44,46,-1,47,48,42,-1,42,48,49,-1,42,49,17,-1,17,49,45,-1,17,45,27,-1,27,45,46,-1,27,46,50,-1,51,35,52,-1,52,35,27,-1,52,27,53,-1,53,27,50,-1,53,50,54,-1,54,50,55,-1,36,32,56,-1,56,32,33,-1,
        ]
    }
}
Shape{
    appearance Appearance {
        material  Material 	{
            diffuseColor 1.0 1.0 0.0
            specularColor 0.5019607843137255 0.5019607843137255 0.0
            ambientIntensity 0.886
            transparency 0.0
            shininess 0.5
        }
    }
    geometry IndexedFaceSet {
        ccw TRUE
        solid FALSE
        coord DEF co Coordinate {
            point [
                0.0551 0.5886 -0.0236, 0.0551 0.3327 -0.0236, -0.0551 0.5886 -0.0236, -0.0551 0.3327 -0.0236, 0.0551 0.5886 0.0354, -0.0551 0.5886 0.0354, 0.0551 0.3327 0.0354, -0.0551 0.3327 0.0354, 0.0551 0.3276 0.0361, -0.0551 0.3276 0.0361, 0.0551 0.3229 0.0381, -0.0551 0.3229 0.0381, 0.0551 0.3188 0.0412, -0.0551 0.3188 0.0412, 0.0551 0.3156 0.0453, -0.0551 0.3156 0.0453, 0.0551 0.3137 0.05, -0.0551 0.3137 0.05, 0.0551 0.313 0.0551, -0.0551 0.313 0.0551, 0.0551 0.313 0.185, -0.0551 0.313 0.185, -0.0551 0.254 0.0551, 0.0551 0.254 0.0551, -0.0551 0.254 0.1063, 0.0551 0.254 0.1063, -0.0551 0.2566 0.0347, 0.0551 0.2566 0.0347, -0.0551 0.2645 0.0157, 0.0551 0.2645 0.0157, -0.0551 0.277 -0.0006, 0.0551 0.277 -0.0006, -0.0551 0.2933 -0.0131, 0.0551 0.2933 -0.0131, -0.0551 0.3123 -0.0209, 0.0551 0.3123 -0.0209, 0.0551 0.2618 0.185, 0.0551 0.2618 0.1063, -0.0551 0.2618 0.185, -0.0551 0.2618 0.1063, -0.2008 0.313 0.185, -0.2008 0.2618 0.185, -0.2008 0.313 0.0551, -0.2008 0.2618 0.1063, -0.2008 0.3137 0.05, -0.2008 0.3156 0.0453, -0.2008 0.5886 -0.0236, -0.2008 0.5886 0.0354, -0.2008 0.3327 -0.0236, -0.2008 0.3327 0.0354, -0.2008 0.3123 -0.0209, -0.2008 0.3276 0.0361, -0.2008 0.2933 -0.0131, -0.2008 0.3229 0.0381, -0.2008 0.277 -0.0006, -0.2008 0.3188 0.0412, -0.2008 0.254 0.1063, -0.2008 0.254 0.0551, -0.2008 0.2566 0.0347, -0.2008 0.2645 0.0157, -0.311 0.2618 0.185, -0.311 0.313 0.185, -0.311 0.2618 0.1063, -0.311 0.313 0.0551, -0.311 0.5886 0.0354, -0.311 0.5886 -0.0236, -0.311 0.3327 0.0354, -0.311 0.3327 -0.0236, -0.311 0.3276 0.0361, -0.311 0.3123 -0.0209, -0.311 0.3229 0.0381, -0.311 0.2933 -0.0131, -0.311 0.3188 0.0412, -0.311 0.277 -0.0006, -0.311 0.3156 0.0453, -0.311 0.2645 0.0157, -0.311 0.3137 0.05, -0.311 0.2566 0.0347, -0.311 0.254 0.0551, -0.311 0.254 0.1063, -0.4567 0.313 0.185, -0.4567 0.2618 0.185, -0.4567 0.313 0.0551, -0.4567 0.2618 0.1063, -0.4567 0.3137 0.05, -0.4567 0.3156 0.0453, -0.4567 0.3188 0.0412, -0.4567 0.277 -0.0006, -0.4567 0.3229 0.0381, -0.4567 0.2933 -0.0131, -0.4567 0.3276 0.0361, -0.4567 0.3123 -0.0209, -0.4567 0.3327 0.0354, -0.4567 0.3327 -0.0236, -0.4567 0.5886 0.0354, -0.4567 0.5886 -0.0236, -0.4567 0.254 0.1063, -0.4567 0.254 0.0551, -0.4567 0.2566 0.0347, -0.4567 0.2645 0.0157, -0.5669 0.2618 0.185, -0.5669 0.313 0.185, -0.5669 0.2618 0.1063, -0.5669 0.313 0.0551, -0.5669 0.5886 0.0354, -0.5669 0.5886 -0.0236, -0.5669 0.3327 0.0354, -0.5669 0.3327 -0.0236, -0.5669 0.3276 0.0361, -0.5669 0.3123 -0.0209, -0.5669 0.3229 0.0381, -0.5669 0.2933 -0.0131, -0.5669 0.3188 0.0412, -0.5669 0.277 -0.0006, -0.5669 0.3156 0.0453, -0.5669 0.2645 0.0157, -0.5669 0.3137 0.05, -0.5669 0.2566 0.0347, -0.5669 0.254 0.0551, -0.5669 0.254 0.1063, 0.311 0.5886 -0.0236, 0.311 0.3327 -0.0236, 0.2008 0.5886 -0.0236, 0.2008 0.3327 -0.0236, 0.311 0.5886 0.0354, 0.2008 0.5886 0.0354, 0.311 0.3327 0.0354, 0.2008 0.3327 0.0354, 0.311 0.3276 0.0361, 0.2008 0.3276 0.0361, 0.311 0.3229 0.0381, 0.2008 0.3229 0.0381, 0.311 0.3188 0.0412, 0.2008 0.3188 0.0412, 0.311 0.3156 0.0453, 0.2008 0.3156 0.0453, 0.311 0.3137 0.05, 0.2008 0.3137 0.05, 0.311 0.313 0.0551, 0.2008 0.313 0.0551, 0.311 0.313 0.185, 0.2008 0.313 0.185, 0.2008 0.254 0.0551, 0.311 0.254 0.0551, 0.2008 0.254 0.1063, 0.311 0.254 0.1063, 0.2008 0.2566 0.0347, 0.311 0.2566 0.0347, 0.2008 0.2645 0.0157, 0.311 0.2645 0.0157, 0.2008 0.277 -0.0006, 0.311 0.277 -0.0006, 0.2008 0.2933 -0.0131, 0.311 0.2933 -0.0131, 0.2008 0.3123 -0.0209, 0.311 0.3123 -0.0209, 0.311 0.2618 0.185, 0.311 0.2618 0.1063, 0.2008 0.2618 0.185, 0.2008 0.2618 0.1063, 0.5669 0.5886 -0.0236, 0.5669 0.3327 -0.0236, 0.4567 0.5886 -0.0236, 0.4567 0.3327 -0.0236, 0.5669 0.5886 0.0354, 0.4567 0.5886 0.0354, 0.5669 0.3327 0.0354, 0.4567 0.3327 0.0354, 0.5669 0.3276 0.0361, 0.4567 0.3276 0.0361, 0.5669 0.3229 0.0381, 0.4567 0.3229 0.0381, 0.5669 0.3188 0.0412, 0.4567 0.3188 0.0412, 0.5669 0.3156 0.0453, 0.4567 0.3156 0.0453, 0.5669 0.3137 0.05, 0.4567 0.3137 0.05, 0.5669 0.313 0.0551, 0.4567 0.313 0.0551, 0.5669 0.313 0.185, 0.4567 0.313 0.185, 0.4567 0.254 0.0551, 0.5669 0.254 0.0551, 0.4567 0.254 0.1063, 0.5669 0.254 0.1063, 0.4567 0.2566 0.0347, 0.5669 0.2566 0.0347, 0.4567 0.2645 0.0157, 0.5669 0.2645 0.0157, 0.4567 0.277 -0.0006, 0.5669 0.277 -0.0006, 0.4567 0.2933 -0.0131, 0.5669 0.2933 -0.0131, 0.4567 0.3123 -0.0209, 0.5669 0.3123 -0.0209, 0.5669 0.2618 0.185, 0.5669 0.2618 0.1063, 0.4567 0.2618 0.185, 0.4567 0.2618 0.1063
            ]
        }
        coordIndex [
            0,1,2,-1,2,1,3,-1,4,0,5,-1,5,0,2,-1,6,4,7,-1,7,4,5,-1,6,7,8,-1,8,7,9,-1,8,9,10,-1,10,9,11,-1,10,11,12,-1,12,11,13,-1,12,13,14,-1,14,13,15,-1,14,15,16,-1,16,15,17,-1,16,17,18,-1,18,17,19,-1,20,18,21,-1,21,18,19,-1,22,23,24,-1,24,23,25,-1,23,22,26,-1,23,26,27,-1,27,26,28,-1,27,28,29,-1,29,28,30,-1,29,30,31,-1,31,30,32,-1,31,32,33,-1,33,32,34,-1,33,34,35,-1,35,34,3,-1,35,3,1,-1,20,36,18,-1,18,36,37,-1,18,37,16,-1,16,37,14,-1,0,4,1,-1,1,4,6,-1,1,6,35,-1,35,6,8,-1,35,8,33,-1,33,8,10,-1,33,10,31,-1,31,10,12,-1,14,37,12,-1,12,37,25,-1,12,25,23,-1,23,27,12,-1,12,27,29,-1,12,29,31,-1,38,21,39,-1,39,21,19,-1,5,2,7,-1,7,2,3,-1,7,3,9,-1,9,3,34,-1,9,34,11,-1,11,34,32,-1,11,32,13,-1,13,32,30,-1,13,30,15,-1,15,30,28,-1,15,28,17,-1,17,28,26,-1,17,26,19,-1,19,26,22,-1,19,22,39,-1,39,22,24,-1,40,41,42,-1,42,41,43,-1,42,43,44,-1,44,43,45,-1,46,47,48,-1,48,47,49,-1,48,49,50,-1,50,49,51,-1,50,51,52,-1,52,51,53,-1,52,53,54,-1,54,53,55,-1,45,43,55,-1,55,43,56,-1,55,56,57,-1,57,58,55,-1,55,58,59,-1,55,59,54,-1,60,61,62,-1,62,61,63,-1,64,65,66,-1,66,65,67,-1,66,67,68,-1,68,67,69,-1,68,69,70,-1,70,69,71,-1,70,71,72,-1,72,71,73,-1,72,73,74,-1,74,73,75,-1,74,75,76,-1,76,75,77,-1,76,77,63,-1,63,77,78,-1,63,78,62,-1,62,78,79,-1,46,48,65,-1,65,48,67,-1,47,46,64,-1,64,46,65,-1,49,47,66,-1,66,47,64,-1,49,66,51,-1,51,66,68,-1,51,68,53,-1,53,68,70,-1,53,70,55,-1,55,70,72,-1,55,72,45,-1,45,72,74,-1,45,74,44,-1,44,74,76,-1,44,76,42,-1,42,76,63,-1,40,42,61,-1,61,42,63,-1,78,57,79,-1,79,57,56,-1,57,78,77,-1,57,77,58,-1,58,77,75,-1,58,75,59,-1,59,75,73,-1,59,73,54,-1,54,73,71,-1,54,71,52,-1,52,71,69,-1,52,69,50,-1,50,69,67,-1,50,67,48,-1,80,81,82,-1,82,81,83,-1,82,83,84,-1,84,83,85,-1,86,87,88,-1,88,87,89,-1,88,89,90,-1,90,89,91,-1,90,91,92,-1,92,91,93,-1,92,93,94,-1,94,93,95,-1,85,83,86,-1,86,83,96,-1,86,96,97,-1,97,98,86,-1,86,98,99,-1,86,99,87,-1,100,101,102,-1,102,101,103,-1,104,105,106,-1,106,105,107,-1,106,107,108,-1,108,107,109,-1,108,109,110,-1,110,109,111,-1,110,111,112,-1,112,111,113,-1,112,113,114,-1,114,113,115,-1,114,115,116,-1,116,115,117,-1,116,117,103,-1,103,117,118,-1,103,118,102,-1,102,118,119,-1,95,93,105,-1,105,93,107,-1,94,95,104,-1,104,95,105,-1,92,94,106,-1,106,94,104,-1,92,106,90,-1,90,106,108,-1,90,108,88,-1,88,108,110,-1,88,110,86,-1,86,110,112,-1,86,112,85,-1,85,112,114,-1,85,114,84,-1,84,114,116,-1,84,116,82,-1,82,116,103,-1,80,82,101,-1,101,82,103,-1,118,97,119,-1,119,97,96,-1,97,118,117,-1,97,117,98,-1,98,117,115,-1,98,115,99,-1,99,115,113,-1,99,113,87,-1,87,113,111,-1,87,111,89,-1,89,111,109,-1,89,109,91,-1,91,109,107,-1,91,107,93,-1,120,121,122,-1,122,121,123,-1,124,120,125,-1,125,120,122,-1,126,124,127,-1,127,124,125,-1,126,127,128,-1,128,127,129,-1,128,129,130,-1,130,129,131,-1,130,131,132,-1,132,131,133,-1,132,133,134,-1,134,133,135,-1,134,135,136,-1,136,135,137,-1,136,137,138,-1,138,137,139,-1,140,138,141,-1,141,138,139,-1,142,143,144,-1,144,143,145,-1,143,142,146,-1,143,146,147,-1,147,146,148,-1,147,148,149,-1,149,148,150,-1,149,150,151,-1,151,150,152,-1,151,152,153,-1,153,152,154,-1,153,154,155,-1,155,154,123,-1,155,123,121,-1,140,156,138,-1,138,156,157,-1,138,157,136,-1,136,157,134,-1,132,151,130,-1,130,151,153,-1,130,153,128,-1,128,153,155,-1,128,155,126,-1,126,155,121,-1,126,121,124,-1,124,121,120,-1,134,157,132,-1,132,157,145,-1,132,145,143,-1,143,147,132,-1,132,147,149,-1,132,149,151,-1,158,141,159,-1,159,141,139,-1,125,122,127,-1,127,122,123,-1,127,123,129,-1,129,123,154,-1,129,154,131,-1,131,154,152,-1,131,152,133,-1,133,152,150,-1,133,150,135,-1,135,150,148,-1,135,148,137,-1,137,148,146,-1,137,146,139,-1,139,146,142,-1,139,142,159,-1,159,142,144,-1,160,161,162,-1,162,161,163,-1,164,160,165,-1,165,160,162,-1,166,164,167,-1,167,164,165,-1,166,167,168,-1,168,167,169,-1,168,169,170,-1,170,169,171,-1,170,171,172,-1,172,171,173,-1,172,173,174,-1,174,173,175,-1,174,175,176,-1,176,175,177,-1,176,177,178,-1,178,177,179,-1,180,178,181,-1,181,178,179,-1,182,183,184,-1,184,183,185,-1,183,182,186,-1,183,186,187,-1,187,186,188,-1,187,188,189,-1,189,188,190,-1,189,190,191,-1,191,190,192,-1,191,192,193,-1,193,192,194,-1,193,194,195,-1,195,194,163,-1,195,163,161,-1,180,196,178,-1,178,196,197,-1,178,197,176,-1,176,197,174,-1,160,164,161,-1,161,164,166,-1,161,166,195,-1,195,166,168,-1,195,168,193,-1,193,168,170,-1,193,170,191,-1,191,170,172,-1,174,197,172,-1,172,197,185,-1,172,185,183,-1,183,187,172,-1,172,187,189,-1,172,189,191,-1,198,181,199,-1,199,181,179,-1,165,162,167,-1,167,162,163,-1,167,163,169,-1,169,163,194,-1,169,194,171,-1,171,194,192,-1,171,192,173,-1,173,192,190,-1,173,190,175,-1,175,190,188,-1,175,188,177,-1,177,188,186,-1,177,186,179,-1,179,186,182,-1,179,182,199,-1,199,182,184,-1,
        ]
    }
}
Shape{
    appearance Appearance {
        material  Material 	{
            diffuseColor 0.25098039215686274 0.25098039215686274 0.25098039215686274
            specularColor 0.12549019607843137 0.12549019607843137 0.12549019607843137
            ambientIntensity 0.251
            transparency 0.0
            shininess 0.5
        }
    }
    geometry IndexedFaceSet {
        ccw TRUE
        solid FALSE
        coord DEF co Coordinate {
            point [
                0.4945 0.4413 0.9331, 0.4945 0.2398 0.9331, 0.5118 0.4587 0.8346, 0.5118 0.2225 0.8346, 0.3717 0.4413 0.9331, 0.3543 0.4587 0.8346, 0.3717 0.2398 0.9331, 0.3543 0.2225 0.8346, -0.4945 0.2398 0.9331, -0.4945 0.4413 0.9331, -0.5118 0.2225 0.8346, -0.5118 0.4587 0.8346, -0.3717 0.2398 0.9331, -0.3543 0.2225 0.8346, -0.3717 0.4413 0.9331, -0.3543 0.4587 0.8346
            ]
        }
        coordIndex [
            0,1,2,-1,2,1,3,-1,4,0,5,-1,5,0,2,-1,6,4,7,-1,7,4,5,-1,1,6,3,-1,3,6,7,-1,4,6,0,-1,0,6,1,-1,8,9,10,-1,10,9,11,-1,12,8,13,-1,13,8,10,-1,14,12,15,-1,15,12,13,-1,9,14,11,-1,11,14,15,-1,12,14,8,-1,8,14,9,-1,
        ]
    }
}
Shape{
    appearance Appearance {
        material  Material 	{
            diffuseColor 0.0 0.0 0.0
            specularColor 0.0 0.0 0.0
            ambientIntensity 0.0
            transparency 0.0
            shininess 0.5
        }
    }
    geometry IndexedFaceSet {
        ccw TRUE
        solid FALSE
        coord DEF co Coordinate {
            point [
                -0.0191 0.589 0.5979, -0.0191 0.589 0.5918, -0.0191 0.5886 0.5979, -0.0191 0.5886 0.5918, 0.0022 0.589 0.5979, 0.0022 0.5886 0.5979, 0.0022 0.589 0.6452, 0.0022 0.5886 0.6452, 0.0091 0.589 0.6452, 0.0091 0.5886 0.6452, 0.0091 0.589 0.5918, 0.0091 0.5886 0.5918, -0.0464 0.589 0.5909, -0.0464 0.5886 0.5909, -0.0497 0.5886 0.591, -0.0497 0.589 0.591, -0.0527 0.5886 0.5913, -0.0527 0.589 0.5913, -0.0554 0.5886 0.5919, -0.0554 0.589 0.5919, -0.0579 0.5886 0.5926, -0.0579 0.589 0.5926, -0.0601 0.5886 0.5935, -0.0601 0.589 0.5935, -0.0612 0.5886 0.594, -0.0612 0.589 0.594, -0.0612 0.589 0.6006, -0.0612 0.5886 0.6006, -0.0592 0.5886 0.5995, -0.0592 0.589 0.5995, -0.0571 0.5886 0.5986, -0.0571 0.589 0.5986, -0.0548 0.5886 0.5979, -0.0548 0.589 0.5979, -0.0524 0.5886 0.5974, -0.0524 0.589 0.5974, -0.0499 0.5886 0.5971, -0.0499 0.589 0.5971, -0.0474 0.5886 0.597, -0.0474 0.589 0.597, -0.0451 0.5886 0.5972, -0.0451 0.589 0.5972, -0.0429 0.5886 0.5975, -0.0429 0.589 0.5975, -0.0409 0.5886 0.598, -0.0409 0.589 0.598, -0.039 0.5886 0.5988, -0.039 0.589 0.5988, -0.0373 0.5886 0.5997, -0.0373 0.589 0.5997, -0.0357 0.5886 0.6008, -0.0357 0.589 0.6008, -0.0342 0.5886 0.6021, -0.0342 0.589 0.6021, -0.0337 0.5886 0.6027, -0.0337 0.589 0.6027, -0.0324 0.5886 0.6042, -0.0324 0.589 0.6042, -0.0313 0.5886 0.6059, -0.0313 0.589 0.6059, -0.0304 0.5886 0.6078, -0.0304 0.589 0.6078, -0.0296 0.5886 0.6097, -0.0296 0.589 0.6097, -0.0291 0.5886 0.6119, -0.0291 0.589 0.6119, -0.0287 0.5886 0.6142, -0.0287 0.589 0.6142, -0.0285 0.5886 0.6168, -0.0285 0.589 0.6168, -0.0285 0.5886 0.6179, -0.0285 0.589 0.6179, -0.0286 0.5886 0.6207, -0.0286 0.589 0.6207, -0.0289 0.5886 0.6232, -0.0289 0.589 0.6232, -0.0294 0.5886 0.6256, -0.0294 0.589 0.6256, -0.0302 0.5886 0.6278, -0.0302 0.589 0.6278, -0.0311 0.5886 0.6297, -0.0311 0.589 0.6297, -0.0322 0.5886 0.6316, -0.0322 0.589 0.6316, -0.0334 0.5886 0.6332, -0.0334 0.589 0.6332, -0.0341 0.5886 0.6339, -0.0341 0.589 0.6339, -0.0356 0.5886 0.6354, -0.0356 0.589 0.6354, -0.0373 0.5886 0.6366, -0.0373 0.589 0.6366, -0.039 0.5886 0.6377, -0.039 0.589 0.6377, -0.0409 0.5886 0.6385, -0.0409 0.589 0.6385, -0.0428 0.5886 0.6391, -0.0428 0.589 0.6391, -0.0449 0.5886 0.6396, -0.0449 0.589 0.6396, -0.0471 0.5886 0.6398, -0.0471 0.589 0.6398, -0.0486 0.5886 0.6399, -0.0486 0.589 0.6399, -0.0512 0.5886 0.6397, -0.0512 0.589 0.6397, -0.0537 0.5886 0.6394, -0.0537 0.589 0.6394, -0.056 0.5886 0.6389, -0.056 0.589 0.6389, -0.0583 0.5886 0.6381, -0.0583 0.589 0.6381, -0.0604 0.5886 0.6371, -0.0604 0.589 0.6371, -0.0612 0.5886 0.6367, -0.0612 0.589 0.6367, -0.0612 0.589 0.6439, -0.0612 0.5886 0.6439, -0.0591 0.5886 0.6447, -0.0591 0.589 0.6447, -0.0569 0.5886 0.6453, -0.0569 0.589 0.6453, -0.0543 0.5886 0.6457, -0.0543 0.589 0.6457, -0.0514 0.5886 0.646, -0.0514 0.589 0.646, -0.0486 0.5886 0.6461, -0.0486 0.589 0.6461, -0.0458 0.5886 0.646, -0.0458 0.589 0.646, -0.0431 0.5886 0.6456, -0.0431 0.589 0.6456, -0.0406 0.5886 0.6451, -0.0406 0.589 0.6451, -0.0383 0.5886 0.6443, -0.0383 0.589 0.6443, -0.0361 0.5886 0.6434, -0.0361 0.589 0.6434, -0.034 0.5886 0.6422, -0.034 0.589 0.6422, -0.032 0.5886 0.6409, -0.032 0.589 0.6409, -0.0301 0.5886 0.6394, -0.0301 0.589 0.6394, -0.0289 0.5886 0.6382, -0.0289 0.589 0.6382, -0.0273 0.5886 0.6364, -0.0273 0.589 0.6364, -0.0259 0.5886 0.6345, -0.0259 0.589 0.6345, -0.0246 0.5886 0.6324, -0.0246 0.589 0.6324, -0.0236 0.5886 0.6302, -0.0236 0.589 0.6302, -0.0227 0.5886 0.6279, -0.0227 0.589 0.6279, -0.0221 0.5886 0.6254, -0.0221 0.589 0.6254, -0.0216 0.5886 0.6228, -0.0216 0.589 0.6228, -0.0213 0.5886 0.62, -0.0213 0.589 0.62, -0.0212 0.5886 0.6175, -0.0212 0.589 0.6175, -0.0213 0.5886 0.6145, -0.0213 0.589 0.6145, -0.0217 0.5886 0.6117, -0.0217 0.589 0.6117, -0.0222 0.5886 0.609, -0.0222 0.589 0.609, -0.023 0.5886 0.6066, -0.023 0.589 0.6066, -0.0239 0.5886 0.6044, -0.0239 0.589 0.6044, -0.025 0.5886 0.6023, -0.025 0.589 0.6023, -0.0263 0.5886 0.6004, -0.0263 0.589 0.6004, -0.0277 0.5886 0.5987, -0.0277 0.589 0.5987, -0.0281 0.5886 0.5982, -0.0281 0.589 0.5982, -0.0297 0.5886 0.5966, -0.0297 0.589 0.5966, -0.0315 0.5886 0.5952, -0.0315 0.589 0.5952, -0.0334 0.5886 0.594, -0.0334 0.589 0.594, -0.0354 0.5886 0.593, -0.0354 0.589 0.593, -0.0375 0.5886 0.5922, -0.0375 0.589 0.5922, -0.0398 0.5886 0.5916, -0.0398 0.589 0.5916, -0.0423 0.5886 0.5912, -0.0423 0.589 0.5912, -0.0449 0.5886 0.5909, -0.0449 0.589 0.5909, -0.1006 0.589 0.5979, -0.1006 0.589 0.5918, -0.1006 0.5886 0.5979, -0.1006 0.5886 0.5918, -0.0788 0.589 0.5979, -0.0788 0.5886 0.5979, -0.0788 0.589 0.6158, -0.0788 0.5886 0.6158, -0.0979 0.589 0.6158, -0.0979 0.5886 0.6158, -0.0979 0.589 0.622, -0.0979 0.5886 0.622, -0.0788 0.589 0.622, -0.0788 0.5886 0.622, -0.0788 0.589 0.639, -0.0788 0.5886 0.639, -0.0994 0.589 0.639, -0.0994 0.5886 0.639, -0.0994 0.589 0.6452, -0.0994 0.5886 0.6452, -0.0719 0.589 0.6452, -0.0719 0.5886 0.6452, -0.0719 0.589 0.5918, -0.0719 0.5886 0.5918, -0.1352 0.589 0.5996, -0.1389 0.589 0.5945, -0.1372 0.589 0.6005, -0.1411 0.589 0.5956, -0.1389 0.589 0.6016, -0.1432 0.589 0.597, -0.1405 0.589 0.6028, -0.1452 0.589 0.5985, -0.1412 0.589 0.6035, -0.1461 0.589 0.5993, -0.1425 0.589 0.6049, -0.1478 0.589 0.601, -0.1437 0.589 0.6065, -0.1493 0.589 0.6029, -0.1447 0.589 0.6083, -0.1506 0.589 0.6049, -0.1455 0.589 0.6102, -0.1464 0.589 0.6241, -0.1531 0.589 0.6269, -0.1459 0.589 0.6263, -0.1524 0.589 0.6292, -0.1452 0.589 0.6283, -0.1514 0.589 0.6313, -0.1443 0.589 0.6301, -0.1503 0.589 0.6333, -0.1432 0.589 0.6317, -0.149 0.589 0.6351, -0.1475 0.589 0.6368, -0.142 0.589 0.6331, -0.1461 0.589 0.6381, -0.141 0.589 0.634, -0.1441 0.589 0.6397, -0.1394 0.589 0.6353, -0.142 0.589 0.6411, -0.1376 0.589 0.6364, -0.1398 0.589 0.6423, -0.1357 0.589 0.6373, -0.1375 0.589 0.6432, -0.1336 0.589 0.638, -0.1351 0.589 0.644, -0.1313 0.589 0.6385, -0.1325 0.589 0.6446, -0.1289 0.589 0.6389, -0.1298 0.589 0.645, -0.1263 0.589 0.639, -0.1269 0.589 0.6452, -0.1256 0.589 0.639, -0.1259 0.589 0.6452, -0.1176 0.589 0.639, -0.1107 0.589 0.6452, -0.1176 0.589 0.5979, -0.1107 0.589 0.5918, -0.1253 0.589 0.5979, -0.1254 0.589 0.5918, -0.1281 0.589 0.598, -0.1284 0.589 0.5919, -0.1307 0.589 0.5983, -0.1313 0.589 0.5923, -0.1331 0.589 0.5989, -0.134 0.589 0.5928, -0.1366 0.589 0.5936, -0.1517 0.589 0.6069, -0.1526 0.589 0.6091, -0.1461 0.589 0.6122, -0.1532 0.589 0.6115, -0.1466 0.589 0.6145, -0.1537 0.589 0.614, -0.1468 0.589 0.617, -0.154 0.589 0.6166, -0.1469 0.589 0.619, -0.1541 0.589 0.6192, -0.1468 0.589 0.6217, -0.154 0.589 0.6219, -0.1537 0.589 0.6245, -0.1394 0.5886 0.6353, -0.1441 0.5886 0.6397, -0.141 0.5886 0.634, -0.1461 0.5886 0.6381, -0.142 0.5886 0.6331, -0.1475 0.5886 0.6368, -0.1432 0.5886 0.6317, -0.149 0.5886 0.6351, -0.1443 0.5886 0.6301, -0.1503 0.5886 0.6333, -0.1452 0.5886 0.6283, -0.1514 0.5886 0.6313, -0.1459 0.5886 0.6263, -0.1372 0.5886 0.6005, -0.1389 0.5886 0.5945, -0.1352 0.5886 0.5996, -0.1366 0.5886 0.5936, -0.1331 0.5886 0.5989, -0.134 0.5886 0.5928, -0.1307 0.5886 0.5983, -0.1313 0.5886 0.5923, -0.1281 0.5886 0.598, -0.1284 0.5886 0.5919, -0.1253 0.5886 0.5979, -0.1254 0.5886 0.5918, -0.1176 0.5886 0.5979, -0.1107 0.5886 0.5918, -0.1176 0.5886 0.639, -0.1107 0.5886 0.6452, -0.1256 0.5886 0.639, -0.1259 0.5886 0.6452, -0.1263 0.5886 0.639, -0.1269 0.5886 0.6452, -0.1289 0.5886 0.6389, -0.1298 0.5886 0.645, -0.1313 0.5886 0.6385, -0.1325 0.5886 0.6446, -0.1336 0.5886 0.638, -0.1351 0.5886 0.644, -0.1357 0.5886 0.6373, -0.1375 0.5886 0.6432, -0.1376 0.5886 0.6364, -0.1398 0.5886 0.6423, -0.142 0.5886 0.6411, -0.1461 0.5886 0.6122, -0.1526 0.5886 0.6091, -0.1455 0.5886 0.6102, -0.1517 0.5886 0.6069, -0.1447 0.5886 0.6083, -0.1506 0.5886 0.6049, -0.1437 0.5886 0.6065, -0.1493 0.5886 0.6029, -0.1425 0.5886 0.6049, -0.1478 0.5886 0.601, -0.1412 0.5886 0.6035, -0.1461 0.5886 0.5993, -0.1405 0.5886 0.6028, -0.1452 0.5886 0.5985, -0.1389 0.5886 0.6016, -0.1432 0.5886 0.597, -0.1411 0.5886 0.5956, -0.1524 0.5886 0.6292, -0.1531 0.5886 0.6269, -0.1464 0.5886 0.6241, -0.1537 0.5886 0.6245, -0.1468 0.5886 0.6217, -0.154 0.5886 0.6219, -0.1469 0.5886 0.619, -0.1541 0.5886 0.6192, -0.1468 0.5886 0.617, -0.154 0.5886 0.6166, -0.1466 0.5886 0.6145, -0.1537 0.5886 0.614, -0.1532 0.5886 0.6115, -0.172 0.589 0.6124, -0.18 0.589 0.6346, -0.1774 0.589 0.6452, -0.1571 0.589 0.5918, -0.1647 0.589 0.5918, -0.1698 0.589 0.6064, -0.1805 0.589 0.6362, -0.1809 0.589 0.6384, -0.1848 0.589 0.6452, -0.181 0.589 0.6384, -0.1815 0.589 0.6361, -0.1819 0.589 0.6346, -0.1899 0.589 0.6124, -0.2051 0.589 0.5918, -0.1975 0.589 0.5918, -0.1921 0.589 0.6064, -0.1698 0.5886 0.6064, -0.172 0.5886 0.6124, -0.1921 0.5886 0.6064, -0.1899 0.5886 0.6124, -0.1819 0.5886 0.6346, -0.1848 0.5886 0.6452, -0.2051 0.5886 0.5918, -0.1975 0.5886 0.5918, -0.1815 0.5886 0.6361, -0.181 0.5886 0.6384, -0.1774 0.5886 0.6452, -0.1809 0.5886 0.6384, -0.1805 0.5886 0.6362, -0.18 0.5886 0.6346, -0.1571 0.5886 0.5918, -0.1647 0.5886 0.5918, -0.0196 0.589 0.5132, -0.0196 0.589 0.5071, -0.0196 0.5886 0.5132, -0.0196 0.5886 0.5071, 0.0022 0.589 0.5132, 0.0022 0.5886 0.5132, 0.0022 0.589 0.5312, 0.0022 0.5886 0.5312, -0.0169 0.589 0.5312, -0.0169 0.5886 0.5312, -0.0169 0.589 0.5373, -0.0169 0.5886 0.5373, 0.0022 0.589 0.5373, 0.0022 0.5886 0.5373, 0.0022 0.589 0.5544, 0.0022 0.5886 0.5544, -0.0184 0.589 0.5544, -0.0184 0.5886 0.5544, -0.0184 0.589 0.5605, -0.0184 0.5886 0.5605, 0.0091 0.589 0.5605, 0.0091 0.5886 0.5605, 0.0091 0.589 0.5071, 0.0091 0.5886 0.5071, -0.0374 0.589 0.5243, -0.0389 0.589 0.5247, -0.05 0.589 0.5314, -0.041 0.589 0.5251, -0.0315 0.589 0.5275, -0.0346 0.589 0.5227, -0.0353 0.589 0.5233, -0.0476 0.589 0.5388, -0.0512 0.589 0.5441, -0.0468 0.589 0.5395, -0.05 0.589 0.5448, -0.0459 0.589 0.54, -0.0487 0.589 0.5453, -0.0448 0.589 0.5404, -0.05 0.589 0.5222, -0.0498 0.589 0.5208, -0.0566 0.589 0.5317, -0.034 0.589 0.5141, -0.0335 0.589 0.5149, -0.0279 0.589 0.5107, -0.0303 0.589 0.5267, -0.0292 0.589 0.5258, -0.0339 0.589 0.522, -0.05 0.589 0.5071, -0.0566 0.589 0.5071, -0.05 0.589 0.513, -0.0496 0.589 0.5194, -0.0488 0.589 0.5372, -0.054 0.589 0.5415, -0.0482 0.589 0.5381, -0.0532 0.589 0.5425, -0.0522 0.589 0.5434, -0.029 0.589 0.5256, -0.0282 0.589 0.5246, -0.0335 0.589 0.5212, -0.0275 0.589 0.5235, -0.0331 0.589 0.5202, -0.0387 0.589 0.5298, -0.0365 0.589 0.5294, -0.0362 0.589 0.5238, -0.0346 0.589 0.5289, -0.0329 0.589 0.5283, -0.0496 0.589 0.5349, -0.0559 0.589 0.5375, -0.0493 0.589 0.5361, -0.0554 0.589 0.539, -0.0548 0.589 0.5403, -0.0347 0.589 0.5134, -0.0315 0.589 0.5077, -0.0355 0.589 0.5128, -0.0327 0.589 0.5071, -0.0365 0.589 0.5123, -0.0341 0.589 0.5067, -0.0375 0.589 0.512, -0.0287 0.589 0.5098, -0.0293 0.589 0.5092, -0.0303 0.589 0.5084, -0.0329 0.589 0.5168, -0.0263 0.589 0.5143, -0.0331 0.589 0.5158, -0.0267 0.589 0.513, -0.0273 0.589 0.5118, -0.0566 0.589 0.5338, -0.05 0.589 0.5263, -0.05 0.589 0.5226, -0.0498 0.589 0.5335, -0.0563 0.589 0.5358, -0.05 0.589 0.5318, -0.0269 0.589 0.5224, -0.0265 0.589 0.5211, -0.0329 0.589 0.5192, -0.0262 0.589 0.5197, -0.0328 0.589 0.5179, -0.0472 0.589 0.5457, -0.0455 0.589 0.546, -0.0436 0.589 0.5406, -0.0437 0.589 0.5461, -0.0422 0.589 0.5407, -0.0429 0.589 0.5461, -0.0415 0.589 0.5407, -0.0406 0.589 0.546, -0.0398 0.589 0.5405, -0.0385 0.589 0.5458, -0.038 0.589 0.5402, -0.0364 0.589 0.5454, -0.0363 0.589 0.5398, -0.0345 0.589 0.5448, -0.0346 0.589 0.5391, -0.0327 0.589 0.5441, -0.033 0.589 0.5383, -0.0309 0.589 0.5433, -0.0313 0.589 0.5373, -0.0297 0.589 0.5426, -0.0297 0.589 0.5361, -0.0492 0.589 0.5182, -0.0486 0.589 0.517, -0.0498 0.589 0.513, -0.0479 0.589 0.5158, -0.0494 0.589 0.5125, -0.0412 0.589 0.5118, -0.0428 0.589 0.5069, -0.0425 0.589 0.512, -0.0441 0.589 0.5075, -0.0437 0.589 0.5124, -0.0453 0.589 0.5082, -0.0448 0.589 0.513, -0.026 0.589 0.5181, -0.026 0.589 0.5173, -0.0261 0.589 0.5158, -0.0465 0.589 0.509, -0.0475 0.589 0.51, -0.0459 0.589 0.5137, -0.0485 0.589 0.5111, -0.0468 0.589 0.5145, -0.0471 0.589 0.5148, -0.0355 0.589 0.5064, -0.0372 0.589 0.5062, -0.0386 0.589 0.5118, -0.0381 0.589 0.5062, -0.0398 0.589 0.5117, -0.0398 0.589 0.5063, -0.0413 0.589 0.5065, -0.0313 0.5886 0.5373, -0.0297 0.5886 0.5361, -0.0297 0.5886 0.5426, -0.0468 0.5886 0.5395, -0.0512 0.5886 0.5441, -0.0476 0.5886 0.5388, -0.0522 0.5886 0.5434, -0.0482 0.5886 0.5381, -0.034 0.5886 0.5141, -0.0279 0.5886 0.5107, -0.0335 0.5886 0.5149, -0.0273 0.5886 0.5118, -0.0331 0.5886 0.5158, -0.0496 0.5886 0.5194, -0.0498 0.5886 0.5208, -0.0566 0.5886 0.5317, -0.0494 0.5886 0.5125, -0.0485 0.5886 0.5111, -0.0459 0.5886 0.5137, -0.0475 0.5886 0.51, -0.0448 0.5886 0.513, -0.0465 0.5886 0.509, -0.0437 0.5886 0.5124, -0.0453 0.5886 0.5082, -0.0425 0.5886 0.512, -0.0532 0.5886 0.5425, -0.054 0.5886 0.5415, -0.0488 0.5886 0.5372, -0.0548 0.5886 0.5403, -0.0493 0.5886 0.5361, -0.0436 0.5886 0.5406, -0.0455 0.5886 0.546, -0.0448 0.5886 0.5404, -0.0472 0.5886 0.5457, -0.0459 0.5886 0.54, -0.0487 0.5886 0.5453, -0.05 0.5886 0.5448, -0.0492 0.5886 0.5182, -0.05 0.5886 0.513, -0.05 0.5886 0.5071, -0.0566 0.5886 0.5071, -0.0346 0.5886 0.5227, -0.0315 0.5886 0.5275, -0.0353 0.5886 0.5233, -0.0329 0.5886 0.5283, -0.0362 0.5886 0.5238, -0.0346 0.5886 0.5289, -0.0374 0.5886 0.5243, -0.0365 0.5886 0.5294, -0.0389 0.5886 0.5247, -0.0387 0.5886 0.5298, -0.0339 0.5886 0.522, -0.0292 0.5886 0.5258, -0.0303 0.5886 0.5267, -0.0347 0.5886 0.5134, -0.0293 0.5886 0.5092, -0.0287 0.5886 0.5098, -0.0355 0.5886 0.5128, -0.0315 0.5886 0.5077, -0.0303 0.5886 0.5084, -0.0468 0.5886 0.5145, -0.0471 0.5886 0.5148, -0.0498 0.5886 0.513, -0.0479 0.5886 0.5158, -0.0486 0.5886 0.517, -0.0335 0.5886 0.5212, -0.0282 0.5886 0.5246, -0.029 0.5886 0.5256, -0.05 0.5886 0.5263, -0.0566 0.5886 0.5338, -0.05 0.5886 0.5226, -0.05 0.5886 0.5222, -0.0267 0.5886 0.513, -0.0263 0.5886 0.5143, -0.0329 0.5886 0.5168, -0.0386 0.5886 0.5118, -0.0372 0.5886 0.5062, -0.0375 0.5886 0.512, -0.0355 0.5886 0.5064, -0.0365 0.5886 0.5123, -0.0341 0.5886 0.5067, -0.0327 0.5886 0.5071, -0.0441 0.5886 0.5075, -0.0428 0.5886 0.5069, -0.0412 0.5886 0.5118, -0.0413 0.5886 0.5065, -0.0398 0.5886 0.5117, -0.0398 0.5886 0.5063, -0.0381 0.5886 0.5062, -0.0554 0.5886 0.539, -0.0559 0.5886 0.5375, -0.0496 0.5886 0.5349, -0.0563 0.5886 0.5358, -0.0498 0.5886 0.5335, -0.05 0.5886 0.5318, -0.05 0.5886 0.5314, -0.041 0.5886 0.5251, -0.0329 0.5886 0.5192, -0.0265 0.5886 0.5211, -0.0331 0.5886 0.5202, -0.0269 0.5886 0.5224, -0.0275 0.5886 0.5235, -0.0261 0.5886 0.5158, -0.026 0.5886 0.5173, -0.0328 0.5886 0.5179, -0.026 0.5886 0.5181, -0.0262 0.5886 0.5197, -0.033 0.5886 0.5383, -0.0309 0.5886 0.5433, -0.0346 0.5886 0.5391, -0.0327 0.5886 0.5441, -0.0363 0.5886 0.5398, -0.0345 0.5886 0.5448, -0.038 0.5886 0.5402, -0.0364 0.5886 0.5454, -0.0398 0.5886 0.5405, -0.0385 0.5886 0.5458, -0.0415 0.5886 0.5407, -0.0406 0.5886 0.546, -0.0422 0.5886 0.5407, -0.0429 0.5886 0.5461, -0.0437 0.5886 0.5461, -0.0767 0.589 0.5117, -0.0767 0.5886 0.5117, -0.075 0.5886 0.5118, -0.075 0.589 0.5118, -0.0733 0.5886 0.512, -0.0733 0.589 0.512, -0.0717 0.5886 0.5124, -0.0717 0.589 0.5124, -0.0701 0.5886 0.5129, -0.0701 0.589 0.5129, -0.0685 0.5886 0.5136, -0.0685 0.589 0.5136, -0.067 0.5886 0.5145, -0.067 0.589 0.5145, -0.0657 0.5886 0.5154, -0.0657 0.589 0.5154, -0.0657 0.589 0.5085, -0.0657 0.5886 0.5085, -0.0673 0.5886 0.5077, -0.0673 0.589 0.5077, -0.069 0.5886 0.5072, -0.069 0.589 0.5072, -0.0708 0.5886 0.5067, -0.0708 0.589 0.5067, -0.0727 0.5886 0.5064, -0.0727 0.589 0.5064, -0.0747 0.5886 0.5062, -0.0747 0.589 0.5062, -0.076 0.5886 0.5062, -0.076 0.589 0.5062, -0.0782 0.5886 0.5063, -0.0782 0.589 0.5063, -0.0802 0.5886 0.5065, -0.0802 0.589 0.5065, -0.082 0.5886 0.5069, -0.082 0.589 0.5069, -0.0836 0.5886 0.5074, -0.0836 0.589 0.5074, -0.0851 0.5886 0.508, -0.0851 0.589 0.508, -0.0864 0.5886 0.5088, -0.0864 0.589 0.5088, -0.0872 0.5886 0.5092, -0.0872 0.589 0.5092, -0.0882 0.5886 0.5101, -0.0882 0.589 0.5101, -0.0891 0.5886 0.511, -0.0891 0.589 0.511, -0.0899 0.5886 0.512, -0.0899 0.589 0.512, -0.0905 0.5886 0.513, -0.0905 0.589 0.513, -0.0909 0.5886 0.5141, -0.0909 0.589 0.5141, -0.0912 0.5886 0.5153, -0.0912 0.589 0.5153, -0.0914 0.5886 0.5166, -0.0914 0.589 0.5166, -0.0915 0.5886 0.5175, -0.0915 0.589 0.5175, -0.0914 0.5886 0.5189, -0.0914 0.589 0.5189, -0.0911 0.5886 0.5201, -0.0911 0.589 0.5201, -0.0908 0.5886 0.5213, -0.0908 0.589 0.5213, -0.0903 0.5886 0.5223, -0.0903 0.589 0.5223, -0.0896 0.5886 0.5233, -0.0896 0.589 0.5233, -0.0892 0.5886 0.5238, -0.0892 0.589 0.5238, -0.0884 0.5886 0.5246, -0.0884 0.589 0.5246, -0.0873 0.5886 0.5254, -0.0873 0.589 0.5254, -0.0859 0.5886 0.5263, -0.0859 0.589 0.5263, -0.0842 0.5886 0.5272, -0.0842 0.589 0.5272, -0.0821 0.5886 0.5282, -0.0821 0.589 0.5282, -0.0806 0.5886 0.5287, -0.0806 0.589 0.5287, -0.0777 0.5886 0.5299, -0.0777 0.589 0.5299, -0.0759 0.5886 0.5308, -0.0759 0.589 0.5308, -0.0747 0.5886 0.5315, -0.0747 0.589 0.5315, -0.0741 0.5886 0.532, -0.0741 0.589 0.532, -0.0735 0.5886 0.5326, -0.0735 0.589 0.5326, -0.0731 0.5886 0.5333, -0.0731 0.589 0.5333, -0.0728 0.5886 0.534, -0.0728 0.589 0.534, -0.0727 0.5886 0.5349, -0.0727 0.589 0.5349, -0.0726 0.5886 0.5356, -0.0726 0.589 0.5356, -0.0727 0.5886 0.5364, -0.0727 0.589 0.5364, -0.0729 0.5886 0.5372, -0.0729 0.589 0.5372, -0.0733 0.5886 0.5379, -0.0733 0.589 0.5379, -0.0738 0.5886 0.5386, -0.0738 0.589 0.5386, -0.0745 0.5886 0.5391, -0.0745 0.589 0.5391, -0.0747 0.5886 0.5393, -0.0747 0.589 0.5393, -0.0755 0.5886 0.5398, -0.0755 0.589 0.5398, -0.0765 0.5886 0.5402, -0.0765 0.589 0.5402, -0.0776 0.5886 0.5405, -0.0776 0.589 0.5405, -0.0789 0.5886 0.5406, -0.0789 0.589 0.5406, -0.0799 0.5886 0.5407, -0.0799 0.589 0.5407, -0.0817 0.5886 0.5406, -0.0817 0.589 0.5406, -0.0834 0.5886 0.5404, -0.0834 0.589 0.5404, -0.0851 0.5886 0.54, -0.0851 0.589 0.54, -0.0866 0.5886 0.5395, -0.0866 0.589 0.5395, -0.0881 0.5886 0.5388, -0.0881 0.589 0.5388, -0.0896 0.5886 0.5379, -0.0896 0.589 0.5379, -0.0896 0.589 0.5444, -0.0896 0.5886 0.5444, -0.0879 0.5886 0.5451, -0.0879 0.589 0.5451, -0.0861 0.5886 0.5455, -0.0861 0.589 0.5455, -0.0842 0.5886 0.5459, -0.0842 0.589 0.5459, -0.0823 0.5886 0.5461, -0.0823 0.589 0.5461, -0.0806 0.5886 0.5461, -0.0806 0.589 0.5461, -0.0786 0.5886 0.546, -0.0786 0.589 0.546, -0.0768 0.5886 0.5458, -0.0768 0.589 0.5458, -0.0751 0.5886 0.5454, -0.0751 0.589 0.5454, -0.0735 0.5886 0.5449, -0.0735 0.589 0.5449, -0.072 0.5886 0.5443, -0.072 0.589 0.5443, -0.0706 0.5886 0.5435, -0.0706 0.589 0.5435, -0.07 0.5886 0.5431, -0.07 0.589 0.5431, -0.0689 0.5886 0.5422, -0.0689 0.589 0.5422, -0.068 0.5886 0.5412, -0.068 0.589 0.5412, -0.0672 0.5886 0.5402, -0.0672 0.589 0.5402, -0.0667 0.5886 0.5392, -0.0667 0.589 0.5392, -0.0662 0.5886 0.5381, -0.0662 0.589 0.5381, -0.0659 0.5886 0.5369, -0.0659 0.589 0.5369, -0.0658 0.5886 0.5357, -0.0658 0.589 0.5357, -0.0657 0.5886 0.535, -0.0657 0.589 0.535, -0.0658 0.5886 0.5336, -0.0658 0.589 0.5336, -0.0661 0.5886 0.5323, -0.0661 0.589 0.5323, -0.0664 0.5886 0.5311, -0.0664 0.589 0.5311, -0.0669 0.5886 0.53, -0.0669 0.589 0.53, -0.0676 0.5886 0.529, -0.0676 0.589 0.529, -0.0676 0.5886 0.5289, -0.0676 0.589 0.5289, -0.0683 0.5886 0.5282, -0.0683 0.589 0.5282, -0.0692 0.5886 0.5274, -0.0692 0.589 0.5274, -0.0704 0.5886 0.5265, -0.0704 0.589 0.5265, -0.072 0.5886 0.5256, -0.072 0.589 0.5256, -0.074 0.5886 0.5247, -0.074 0.589 0.5247, -0.0759 0.5886 0.5239, -0.0759 0.589 0.5239, -0.0788 0.5886 0.5227, -0.0788 0.589 0.5227, -0.0807 0.5886 0.5218, -0.0807 0.589 0.5218, -0.0821 0.5886 0.5211, -0.0821 0.589 0.5211, -0.0829 0.5886 0.5205, -0.0829 0.589 0.5205, -0.0835 0.5886 0.5198, -0.0835 0.589 0.5198, -0.084 0.5886 0.5191, -0.084 0.589 0.5191, -0.0844 0.5886 0.5183, -0.0844 0.589 0.5183, -0.0845 0.5886 0.5175, -0.0845 0.589 0.5175, -0.0846 0.5886 0.5168, -0.0846 0.589 0.5168, -0.0845 0.5886 0.5159, -0.0845 0.589 0.5159, -0.0843 0.5886 0.515, -0.0843 0.589 0.515, -0.0839 0.5886 0.5143, -0.0839 0.589 0.5143, -0.0834 0.5886 0.5136, -0.0834 0.589 0.5136, -0.0828 0.5886 0.5131, -0.0828 0.589 0.5131, -0.082 0.5886 0.5126, -0.082 0.589 0.5126, -0.0811 0.5886 0.5122, -0.0811 0.589 0.5122, -0.0799 0.5886 0.512, -0.0799 0.589 0.512, -0.0785 0.5886 0.5118, -0.0785 0.589 0.5118, -0.1246 0.589 0.5452, -0.1315 0.589 0.5452, -0.1246 0.5886 0.5452, -0.1315 0.5886 0.5452, -0.1142 0.589 0.5165, -0.1142 0.5886 0.5165, -0.1137 0.5886 0.5148, -0.1137 0.589 0.5148, -0.1134 0.5886 0.5135, -0.1134 0.589 0.5135, -0.1132 0.589 0.5135, -0.1132 0.5886 0.5135, -0.1124 0.589 0.5166, -0.1124 0.5886 0.5166, -0.1024 0.589 0.5452, -0.1024 0.5886 0.5452, -0.0949 0.589 0.5452, -0.0949 0.5886 0.5452, -0.1099 0.589 0.5072, -0.1099 0.5886 0.5072, -0.107 0.589 0.5003, -0.107 0.5886 0.5003, -0.1062 0.5886 0.4987, -0.1062 0.589 0.4987, -0.1054 0.5886 0.4975, -0.1054 0.589 0.4975, -0.1044 0.5886 0.4965, -0.1044 0.589 0.4965, -0.1035 0.5886 0.4958, -0.1035 0.589 0.4958, -0.1024 0.5886 0.4953, -0.1024 0.589 0.4953, -0.1013 0.5886 0.495, -0.1013 0.589 0.495, -0.1001 0.5886 0.4949, -0.1001 0.589 0.4949, -0.0987 0.5886 0.495, -0.0987 0.589 0.495, -0.0972 0.5886 0.4953, -0.0972 0.589 0.4953, -0.0963 0.5886 0.4957, -0.0963 0.589 0.4957, -0.0963 0.589 0.4897, -0.0963 0.5886 0.4897, -0.0979 0.5886 0.4894, -0.0979 0.589 0.4894, -0.0997 0.5886 0.4892, -0.0997 0.589 0.4892, -0.1006 0.5886 0.4892, -0.1006 0.589 0.4892, -0.1023 0.5886 0.4893, -0.1023 0.589 0.4893, -0.1038 0.5886 0.4896, -0.1038 0.589 0.4896, -0.1053 0.5886 0.4901, -0.1053 0.589 0.4901, -0.1067 0.5886 0.4909, -0.1067 0.589 0.4909, -0.108 0.5886 0.4919, -0.108 0.589 0.4919, -0.1093 0.5886 0.4931, -0.1093 0.589 0.4931, -0.1106 0.5886 0.4946, -0.1106 0.589 0.4946, -0.1118 0.5886 0.4964, -0.1118 0.589 0.4964, -0.1129 0.5886 0.4985, -0.1129 0.589 0.4985, -0.1141 0.5886 0.5009, -0.1141 0.589 0.5009, -0.1142 0.5886 0.5014, -0.1142 0.589 0.5014, -0.1674 0.589 0.5132, -0.1674 0.589 0.5071, -0.1674 0.5886 0.5132, -0.1674 0.5886 0.5071, -0.1456 0.589 0.5132, -0.1456 0.5886 0.5132, -0.1456 0.589 0.5312, -0.1456 0.5886 0.5312, -0.1647 0.589 0.5312, -0.1647 0.5886 0.5312, -0.1647 0.589 0.5373, -0.1647 0.5886 0.5373, -0.1456 0.589 0.5373, -0.1456 0.5886 0.5373, -0.1456 0.589 0.5544, -0.1456 0.5886 0.5544, -0.1662 0.589 0.5544, -0.1662 0.5886 0.5544, -0.1662 0.589 0.5605, -0.1662 0.5886 0.5605, -0.1387 0.589 0.5605, -0.1387 0.5886 0.5605, -0.1387 0.589 0.5071, -0.1387 0.5886 0.5071, -0.2021 0.589 0.5149, -0.2058 0.589 0.5098, -0.204 0.589 0.5158, -0.208 0.589 0.511, -0.2058 0.589 0.5169, -0.2101 0.589 0.5123, -0.2074 0.589 0.5181, -0.212 0.589 0.5138, -0.208 0.589 0.5188, -0.2129 0.589 0.5146, -0.2094 0.589 0.5202, -0.2146 0.589 0.5163, -0.2105 0.589 0.5218, -0.2161 0.589 0.5182, -0.2115 0.589 0.5236, -0.2174 0.589 0.5202, -0.2123 0.589 0.5255, -0.2133 0.589 0.5394, -0.22 0.589 0.5423, -0.2128 0.589 0.5417, -0.2192 0.589 0.5445, -0.212 0.589 0.5436, -0.2183 0.589 0.5466, -0.2111 0.589 0.5454, -0.2172 0.589 0.5486, -0.2101 0.589 0.547, -0.2158 0.589 0.5504, -0.2143 0.589 0.5521, -0.2089 0.589 0.5484, -0.2129 0.589 0.5534, -0.2079 0.589 0.5493, -0.211 0.589 0.555, -0.2062 0.589 0.5506, -0.2089 0.589 0.5564, -0.2044 0.589 0.5517, -0.2067 0.589 0.5576, -0.2025 0.589 0.5526, -0.2044 0.589 0.5586, -0.2004 0.589 0.5533, -0.2019 0.589 0.5593, -0.1982 0.589 0.5539, -0.1994 0.589 0.5599, -0.1957 0.589 0.5542, -0.1966 0.589 0.5603, -0.1931 0.589 0.5544, -0.1937 0.589 0.5605, -0.1925 0.589 0.5544, -0.1928 0.589 0.5605, -0.1844 0.589 0.5544, -0.1775 0.589 0.5605, -0.1844 0.589 0.5132, -0.1775 0.589 0.5071, -0.1922 0.589 0.5132, -0.1922 0.589 0.5071, -0.195 0.589 0.5133, -0.1953 0.589 0.5072, -0.1976 0.589 0.5137, -0.1982 0.589 0.5076, -0.1999 0.589 0.5142, -0.2009 0.589 0.5081, -0.2034 0.589 0.5089, -0.2185 0.589 0.5223, -0.2194 0.589 0.5245, -0.213 0.589 0.5276, -0.2201 0.589 0.5268, -0.2134 0.589 0.5298, -0.2206 0.589 0.5293, -0.2137 0.589 0.5323, -0.2209 0.589 0.5319, -0.2137 0.589 0.5343, -0.221 0.589 0.5345, -0.2136 0.589 0.537, -0.2209 0.589 0.5372, -0.2205 0.589 0.5398, -0.2062 0.5886 0.5506, -0.211 0.5886 0.555, -0.2079 0.5886 0.5493, -0.2129 0.5886 0.5534, -0.2089 0.5886 0.5484, -0.2143 0.5886 0.5521, -0.2101 0.5886 0.547, -0.2158 0.5886 0.5504, -0.2111 0.5886 0.5454, -0.2172 0.5886 0.5486, -0.212 0.5886 0.5436, -0.2183 0.5886 0.5466, -0.2128 0.5886 0.5417, -0.204 0.5886 0.5158, -0.2058 0.5886 0.5098, -0.2021 0.5886 0.5149, -0.2034 0.5886 0.5089, -0.1999 0.5886 0.5142, -0.2009 0.5886 0.5081, -0.1976 0.5886 0.5137, -0.1982 0.5886 0.5076, -0.195 0.5886 0.5133, -0.1953 0.5886 0.5072, -0.1922 0.5886 0.5132, -0.1922 0.5886 0.5071, -0.1844 0.5886 0.5132, -0.1775 0.5886 0.5071, -0.1844 0.5886 0.5544, -0.1775 0.5886 0.5605, -0.1925 0.5886 0.5544, -0.1928 0.5886 0.5605, -0.1931 0.5886 0.5544, -0.1937 0.5886 0.5605, -0.1957 0.5886 0.5542, -0.1966 0.5886 0.5603, -0.1982 0.5886 0.5539, -0.1994 0.5886 0.5599, -0.2004 0.5886 0.5533, -0.2019 0.5886 0.5593, -0.2025 0.5886 0.5526, -0.2044 0.5886 0.5586, -0.2044 0.5886 0.5517, -0.2067 0.5886 0.5576, -0.2089 0.5886 0.5564, -0.213 0.5886 0.5276, -0.2194 0.5886 0.5245, -0.2123 0.5886 0.5255, -0.2185 0.5886 0.5223, -0.2115 0.5886 0.5236, -0.2174 0.5886 0.5202, -0.2105 0.5886 0.5218, -0.2161 0.5886 0.5182, -0.2094 0.5886 0.5202, -0.2146 0.5886 0.5163, -0.208 0.5886 0.5188, -0.2129 0.5886 0.5146, -0.2074 0.5886 0.5181, -0.212 0.5886 0.5138, -0.2058 0.5886 0.5169, -0.2101 0.5886 0.5123, -0.208 0.5886 0.511, -0.2192 0.5886 0.5445, -0.22 0.5886 0.5423, -0.2133 0.5886 0.5394, -0.2205 0.5886 0.5398, -0.2136 0.5886 0.537, -0.2209 0.5886 0.5372, -0.2137 0.5886 0.5343, -0.221 0.5886 0.5345, -0.2137 0.5886 0.5323, -0.2209 0.5886 0.5319, -0.2134 0.5886 0.5298, -0.2206 0.5886 0.5293, -0.2201 0.5886 0.5268, -0.2389 0.589 0.5278, -0.2469 0.589 0.5499, -0.2443 0.589 0.5605, -0.2239 0.589 0.5071, -0.2316 0.589 0.5071, -0.2367 0.589 0.5217, -0.2473 0.589 0.5515, -0.2477 0.589 0.5537, -0.2516 0.589 0.5605, -0.2479 0.589 0.5537, -0.2483 0.589 0.5514, -0.2487 0.589 0.5499, -0.2568 0.589 0.5278, -0.272 0.589 0.5071, -0.2644 0.589 0.5071, -0.2589 0.589 0.5217, -0.2367 0.5886 0.5217, -0.2389 0.5886 0.5278, -0.2589 0.5886 0.5217, -0.2568 0.5886 0.5278, -0.2487 0.5886 0.5499, -0.2516 0.5886 0.5605, -0.272 0.5886 0.5071, -0.2644 0.5886 0.5071, -0.2483 0.5886 0.5514, -0.2479 0.5886 0.5537, -0.2443 0.5886 0.5605, -0.2477 0.5886 0.5537, -0.2473 0.5886 0.5515, -0.2469 0.5886 0.5499, -0.2239 0.5886 0.5071, -0.2316 0.5886 0.5071, 0.2392 0.589 0.4926, 0.235 0.589 0.4891, 0.2483 0.589 0.5331, 0.2157 0.589 0.6018, 0.213 0.589 0.6003, 0.2247 0.589 0.628, 0.1841 0.589 0.5453, 0.213 0.589 0.5343, 0.2104 0.589 0.534, 0.1746 0.589 0.5198, 0.1982 0.589 0.5182, 0.175 0.589 0.515, 0.199 0.589 0.5145, 0.1908 0.589 0.6285, 0.1843 0.589 0.632, 0.1962 0.589 0.6518, 0.1153 0.589 0.609, 0.1122 0.589 0.6023, 0.0904 0.589 0.6098, 0.11 0.589 0.5953, 0.109 0.589 0.5893, 0.2247 0.589 0.5284, 0.2466 0.589 0.537, 0.2266 0.589 0.5252, 0.2276 0.589 0.5216, 0.0946 0.589 0.5322, 0.0998 0.589 0.5306, 0.0942 0.589 0.508, 0.2487 0.589 0.5077, 0.2463 0.589 0.5021, 0.2432 0.589 0.4971, 0.2011 0.589 0.5283, 0.1994 0.589 0.5253, 0.1984 0.589 0.5218, 0.1215 0.589 0.5517, 0.1333 0.589 0.5718, 0.1746 0.589 0.5236, 0.2165 0.589 0.5338, 0.2106 0.589 0.5581, 0.2126 0.589 0.5582, 0.244 0.589 0.6044, 0.2489 0.589 0.6268, 0.2563 0.589 0.6243, 0.2068 0.589 0.5329, 0.2037 0.589 0.531, 0.2007 0.589 0.5112, 0.1786 0.589 0.5031, 0.1763 0.589 0.5089, 0.2229 0.589 0.5085, 0.2199 0.589 0.5064, 0.2297 0.589 0.4859, 0.2164 0.589 0.5051, 0.2199 0.589 0.5325, 0.2346 0.589 0.5511, 0.2229 0.589 0.5305, 0.2393 0.589 0.5471, 0.2433 0.589 0.5424, 0.2186 0.589 0.5577, 0.2244 0.589 0.5563, 0.2299 0.589 0.5539, 0.1014 0.589 0.5069, 0.1037 0.589 0.5301, 0.1238 0.589 0.5069, 0.1208 0.589 0.5301, 0.1257 0.589 0.5072, 0.1881 0.589 0.6551, 0.1774 0.589 0.6346, 0.1798 0.589 0.6575, 0.2537 0.589 0.5362, 0.2602 0.589 0.5119, 0.2529 0.589 0.509, 0.2498 0.589 0.6021, 0.2634 0.589 0.621, 0.2552 0.589 0.5989, 0.27 0.589 0.6167, 0.2599 0.589 0.5948, 0.1884 0.589 0.5495, 0.1934 0.589 0.553, 0.1989 0.589 0.5557, 0.2048 0.589 0.5574, 0.0776 0.589 0.5682, 0.0575 0.589 0.5806, 0.0797 0.589 0.5733, 0.0609 0.589 0.587, 0.0826 0.589 0.5779, 0.0653 0.589 0.5929, 0.0864 0.589 0.5819, 0.0704 0.589 0.5983, 0.0907 0.589 0.5851, 0.2629 0.589 0.5447, 0.279 0.589 0.5259, 0.2587 0.589 0.54, 0.2732 0.589 0.5204, 0.267 0.589 0.5157, 0.2413 0.589 0.6283, 0.238 0.589 0.6057, 0.2335 0.589 0.6288, 0.2331 0.589 0.606, 0.2291 0.589 0.6285, 0.2272 0.589 0.6055, 0.2214 0.589 0.6041, 0.2253 0.589 0.5113, 0.2269 0.589 0.5144, 0.2277 0.589 0.5179, 0.0874 0.589 0.5101, 0.0808 0.589 0.5131, 0.0897 0.589 0.5348, 0.0747 0.589 0.517, 0.0855 0.589 0.5381, 0.069 0.589 0.5218, 0.0838 0.589 0.5399, 0.0669 0.589 0.524, 0.0806 0.589 0.5443, 0.2039 0.589 0.6475, 0.208 0.589 0.6447, 0.1967 0.589 0.6242, 0.2141 0.589 0.6399, 0.202 0.589 0.6191, 0.2196 0.589 0.6343, 0.2065 0.589 0.6134, 0.2101 0.589 0.6071, 0.0937 0.589 0.6174, 0.0979 0.589 0.6246, 0.1194 0.589 0.6152, 0.1031 0.589 0.6316, 0.1242 0.589 0.6208, 0.2704 0.589 0.5612, 0.293 0.589 0.5519, 0.2688 0.589 0.5552, 0.2905 0.589 0.5444, 0.2662 0.589 0.5495, 0.2871 0.589 0.5373, 0.2829 0.589 0.5306, 0.206 0.589 0.5064, 0.19 0.589 0.4894, 0.2031 0.589 0.5084, 0.1858 0.589 0.493, 0.1818 0.589 0.4978, 0.224 0.589 0.4836, 0.2178 0.589 0.4822, 0.213 0.589 0.5047, 0.2126 0.589 0.4819, 0.2093 0.589 0.5051, 0.0768 0.589 0.5542, 0.0529 0.589 0.5568, 0.0763 0.589 0.5597, 0.0528 0.589 0.5601, 0.0765 0.589 0.5628, 0.0534 0.589 0.5672, 0.055 0.589 0.574, 0.0623 0.589 0.5297, 0.0586 0.589 0.5358, 0.0783 0.589 0.5491, 0.0558 0.589 0.5425, 0.0539 0.589 0.5495, 0.2065 0.589 0.4824, 0.2007 0.589 0.4838, 0.1952 0.589 0.4861, 0.1226 0.589 0.5304, 0.1318 0.589 0.511, 0.1307 0.589 0.5098, 0.1625 0.589 0.6595, 0.1621 0.589 0.6367, 0.1599 0.589 0.6595, 0.1549 0.589 0.6362, 0.2668 0.589 0.5855, 0.2901 0.589 0.5914, 0.2691 0.589 0.5799, 0.2927 0.589 0.584, 0.2706 0.589 0.5741, 0.2943 0.589 0.5763, 0.271 0.589 0.568, 0.2949 0.589 0.5689, 0.271 0.589 0.5669, 0.295 0.589 0.5673, 0.2945 0.589 0.5595, 0.1059 0.589 0.5893, 0.1006 0.589 0.5888, 0.0889 0.589 0.6093, 0.0955 0.589 0.5874, 0.0826 0.589 0.6066, 0.0762 0.589 0.6029, 0.1348 0.589 0.5187, 0.1345 0.589 0.516, 0.1335 0.589 0.5134, 0.1215 0.589 0.5302, 0.1282 0.589 0.5081, 0.1713 0.589 0.659, 0.1702 0.589 0.6361, 0.1632 0.589 0.6367, 0.1259 0.589 0.5301, 0.1285 0.589 0.5291, 0.1347 0.589 0.5198, 0.1308 0.589 0.5275, 0.1327 0.589 0.5254, 0.1341 0.589 0.5227, 0.2758 0.589 0.6118, 0.2771 0.589 0.6105, 0.2636 0.589 0.5906, 0.2822 0.589 0.6047, 0.2866 0.589 0.5983, 0.123 0.589 0.5305, 0.1091 0.589 0.6381, 0.1109 0.589 0.6398, 0.1288 0.589 0.625, 0.1181 0.589 0.6454, 0.1348 0.589 0.6292, 0.1258 0.589 0.6501, 0.1412 0.589 0.6324, 0.134 0.589 0.6539, 0.1479 0.589 0.6348, 0.1424 0.589 0.6568, 0.1511 0.589 0.6586, 0.1333 0.5886 0.5718, 0.1215 0.5886 0.5517, 0.1841 0.5886 0.5453, 0.1746 0.5886 0.5236, 0.1952 0.5886 0.4861, 0.2483 0.5886 0.5331, 0.2165 0.5886 0.5338, 0.2199 0.5886 0.5325, 0.2266 0.5886 0.5252, 0.2276 0.5886 0.5216, 0.267 0.5886 0.5157, 0.2277 0.5886 0.5179, 0.2602 0.5886 0.5119, 0.1746 0.5886 0.5198, 0.175 0.5886 0.515, 0.19 0.5886 0.4894, 0.1858 0.5886 0.493, 0.2587 0.5886 0.54, 0.2537 0.5886 0.5362, 0.1843 0.5886 0.632, 0.1908 0.5886 0.6285, 0.2039 0.5886 0.6475, 0.2199 0.5886 0.5064, 0.235 0.5886 0.4891, 0.2229 0.5886 0.5085, 0.2392 0.5886 0.4926, 0.2253 0.5886 0.5113, 0.213 0.5886 0.5047, 0.2093 0.5886 0.5051, 0.2065 0.5886 0.4824, 0.2007 0.5886 0.5112, 0.199 0.5886 0.5145, 0.1982 0.5886 0.5182, 0.1984 0.5886 0.5218, 0.2101 0.5886 0.6071, 0.213 0.5886 0.6003, 0.2247 0.5886 0.628, 0.2157 0.5886 0.6018, 0.2498 0.5886 0.6021, 0.2563 0.5886 0.6243, 0.244 0.5886 0.6044, 0.2489 0.5886 0.6268, 0.238 0.5886 0.6057, 0.2413 0.5886 0.6283, 0.2331 0.5886 0.606, 0.2732 0.5886 0.5204, 0.279 0.5886 0.5259, 0.2629 0.5886 0.5447, 0.2829 0.5886 0.5306, 0.2662 0.5886 0.5495, 0.2871 0.5886 0.5373, 0.2688 0.5886 0.5552, 0.2229 0.5886 0.5305, 0.2247 0.5886 0.5284, 0.1194 0.5886 0.6152, 0.0979 0.5886 0.6246, 0.1153 0.5886 0.609, 0.0937 0.5886 0.6174, 0.1122 0.5886 0.6023, 0.0904 0.5886 0.6098, 0.11 0.5886 0.5953, 0.208 0.5886 0.6447, 0.1967 0.5886 0.6242, 0.2141 0.5886 0.6399, 0.0955 0.5886 0.5874, 0.1006 0.5886 0.5888, 0.1763 0.5886 0.5089, 0.1786 0.5886 0.5031, 0.1818 0.5886 0.4978, 0.2214 0.5886 0.6041, 0.2272 0.5886 0.6055, 0.2291 0.5886 0.6285, 0.2335 0.5886 0.6288, 0.2196 0.5886 0.6343, 0.202 0.5886 0.6191, 0.2065 0.5886 0.6134, 0.0783 0.5886 0.5491, 0.0586 0.5886 0.5358, 0.0806 0.5886 0.5443, 0.0623 0.5886 0.5297, 0.0838 0.5886 0.5399, 0.0669 0.5886 0.524, 0.0855 0.5886 0.5381, 0.069 0.5886 0.5218, 0.0897 0.5886 0.5348, 0.0797 0.5886 0.5733, 0.0575 0.5886 0.5806, 0.0776 0.5886 0.5682, 0.055 0.5886 0.574, 0.0765 0.5886 0.5628, 0.0534 0.5886 0.5672, 0.0763 0.5886 0.5597, 0.1059 0.5886 0.5893, 0.109 0.5886 0.5893, 0.2432 0.5886 0.4971, 0.2463 0.5886 0.5021, 0.2269 0.5886 0.5144, 0.2487 0.5886 0.5077, 0.2529 0.5886 0.509, 0.2007 0.5886 0.4838, 0.206 0.5886 0.5064, 0.2031 0.5886 0.5084, 0.213 0.5886 0.5343, 0.2106 0.5886 0.5581, 0.2104 0.5886 0.534, 0.2048 0.5886 0.5574, 0.2068 0.5886 0.5329, 0.2126 0.5886 0.4819, 0.2178 0.5886 0.4822, 0.2164 0.5886 0.5051, 0.224 0.5886 0.4836, 0.2297 0.5886 0.4859, 0.1989 0.5886 0.5557, 0.1934 0.5886 0.553, 0.2037 0.5886 0.531, 0.1884 0.5886 0.5495, 0.2011 0.5886 0.5283, 0.1994 0.5886 0.5253, 0.2299 0.5886 0.5539, 0.2244 0.5886 0.5563, 0.2691 0.5886 0.5799, 0.2901 0.5886 0.5914, 0.2668 0.5886 0.5855, 0.2866 0.5886 0.5983, 0.2636 0.5886 0.5906, 0.2905 0.5886 0.5444, 0.293 0.5886 0.5519, 0.2704 0.5886 0.5612, 0.2945 0.5886 0.5595, 0.271 0.5886 0.5669, 0.295 0.5886 0.5673, 0.271 0.5886 0.568, 0.2949 0.5886 0.5689, 0.2706 0.5886 0.5741, 0.2943 0.5886 0.5763, 0.2927 0.5886 0.584, 0.1307 0.5886 0.5098, 0.1318 0.5886 0.511, 0.1226 0.5886 0.5304, 0.1335 0.5886 0.5134, 0.0528 0.5886 0.5601, 0.0529 0.5886 0.5568, 0.0768 0.5886 0.5542, 0.0539 0.5886 0.5495, 0.0558 0.5886 0.5425, 0.0889 0.5886 0.6093, 0.0826 0.5886 0.6066, 0.0907 0.5886 0.5851, 0.0762 0.5886 0.6029, 0.0864 0.5886 0.5819, 0.0704 0.5886 0.5983, 0.0826 0.5886 0.5779, 0.0653 0.5886 0.5929, 0.0609 0.5886 0.587, 0.2433 0.5886 0.5424, 0.2393 0.5886 0.5471, 0.2346 0.5886 0.5511, 0.2186 0.5886 0.5577, 0.2126 0.5886 0.5582, 0.2822 0.5886 0.6047, 0.2771 0.5886 0.6105, 0.2599 0.5886 0.5948, 0.2758 0.5886 0.6118, 0.2552 0.5886 0.5989, 0.27 0.5886 0.6167, 0.2634 0.5886 0.621, 0.0747 0.5886 0.517, 0.0808 0.5886 0.5131, 0.0946 0.5886 0.5322, 0.0874 0.5886 0.5101, 0.0998 0.5886 0.5306, 0.0942 0.5886 0.508, 0.1037 0.5886 0.5301, 0.1014 0.5886 0.5069, 0.1208 0.5886 0.5301, 0.1238 0.5886 0.5069, 0.1215 0.5886 0.5302, 0.1257 0.5886 0.5072, 0.1282 0.5886 0.5081, 0.1345 0.5886 0.516, 0.1348 0.5886 0.5187, 0.1347 0.5886 0.5198, 0.2466 0.5886 0.537, 0.1341 0.5886 0.5227, 0.1327 0.5886 0.5254, 0.1308 0.5886 0.5275, 0.1285 0.5886 0.5291, 0.1288 0.5886 0.625, 0.1109 0.5886 0.6398, 0.1242 0.5886 0.6208, 0.1091 0.5886 0.6381, 0.1031 0.5886 0.6316, 0.1962 0.5886 0.6518, 0.1881 0.5886 0.6551, 0.1774 0.5886 0.6346, 0.1798 0.5886 0.6575, 0.1702 0.5886 0.6361, 0.1713 0.5886 0.659, 0.1632 0.5886 0.6367, 0.1625 0.5886 0.6595, 0.1621 0.5886 0.6367, 0.1599 0.5886 0.6595, 0.1549 0.5886 0.6362, 0.1511 0.5886 0.6586, 0.1479 0.5886 0.6348, 0.1424 0.5886 0.6568, 0.1412 0.5886 0.6324, 0.134 0.5886 0.6539, 0.1348 0.5886 0.6292, 0.1258 0.5886 0.6501, 0.1181 0.5886 0.6454, 0.1259 0.5886 0.5301, 0.123 0.5886 0.5305
            ]
        }
        coordIndex [
            0,1,2,-1,2,1,3,-1,4,0,5,-1,5,0,2,-1,6,4,7,-1,7,4,5,-1,8,6,9,-1,9,6,7,-1,10,8,11,-1,11,8,9,-1,1,10,3,-1,3,10,11,-1,6,8,4,-1,4,8,10,-1,4,10,0,-1,0,10,1,-1,2,3,5,-1,5,3,11,-1,5,11,7,-1,7,11,9,-1,12,13,14,-1,12,14,15,-1,15,14,16,-1,15,16,17,-1,17,16,18,-1,17,18,19,-1,19,18,20,-1,19,20,21,-1,21,20,22,-1,21,22,23,-1,23,22,24,-1,23,24,25,-1,26,25,27,-1,27,25,24,-1,26,27,28,-1,26,28,29,-1,29,28,30,-1,29,30,31,-1,31,30,32,-1,31,32,33,-1,33,32,34,-1,33,34,35,-1,35,34,36,-1,35,36,37,-1,37,36,38,-1,37,38,39,-1,39,38,40,-1,39,40,41,-1,41,40,42,-1,41,42,43,-1,43,42,44,-1,43,44,45,-1,45,44,46,-1,45,46,47,-1,47,46,48,-1,47,48,49,-1,49,48,50,-1,49,50,51,-1,51,50,52,-1,51,52,53,-1,53,52,54,-1,53,54,55,-1,55,54,56,-1,55,56,57,-1,57,56,58,-1,57,58,59,-1,59,58,60,-1,59,60,61,-1,61,60,62,-1,61,62,63,-1,63,62,64,-1,63,64,65,-1,65,64,66,-1,65,66,67,-1,67,66,68,-1,67,68,69,-1,69,68,70,-1,69,70,71,-1,71,70,72,-1,71,72,73,-1,73,72,74,-1,73,74,75,-1,75,74,76,-1,75,76,77,-1,77,76,78,-1,77,78,79,-1,79,78,80,-1,79,80,81,-1,81,80,82,-1,81,82,83,-1,83,82,84,-1,83,84,85,-1,85,84,86,-1,85,86,87,-1,87,86,88,-1,87,88,89,-1,89,88,90,-1,89,90,91,-1,91,90,92,-1,91,92,93,-1,93,92,94,-1,93,94,95,-1,95,94,96,-1,95,96,97,-1,97,96,98,-1,97,98,99,-1,99,98,100,-1,99,100,101,-1,101,100,102,-1,101,102,103,-1,103,102,104,-1,103,104,105,-1,105,104,106,-1,105,106,107,-1,107,106,108,-1,107,108,109,-1,109,108,110,-1,109,110,111,-1,111,110,112,-1,111,112,113,-1,113,112,114,-1,113,114,115,-1,116,115,117,-1,117,115,114,-1,116,117,118,-1,116,118,119,-1,119,118,120,-1,119,120,121,-1,121,120,122,-1,121,122,123,-1,123,122,124,-1,123,124,125,-1,125,124,126,-1,125,126,127,-1,127,126,128,-1,127,128,129,-1,129,128,130,-1,129,130,131,-1,131,130,132,-1,131,132,133,-1,133,132,134,-1,133,134,135,-1,135,134,136,-1,135,136,137,-1,137,136,138,-1,137,138,139,-1,139,138,140,-1,139,140,141,-1,141,140,142,-1,141,142,143,-1,143,142,144,-1,143,144,145,-1,145,144,146,-1,145,146,147,-1,147,146,148,-1,147,148,149,-1,149,148,150,-1,149,150,151,-1,151,150,152,-1,151,152,153,-1,153,152,154,-1,153,154,155,-1,155,154,156,-1,155,156,157,-1,157,156,158,-1,157,158,159,-1,159,158,160,-1,159,160,161,-1,161,160,162,-1,161,162,163,-1,163,162,164,-1,163,164,165,-1,165,164,166,-1,165,166,167,-1,167,166,168,-1,167,168,169,-1,169,168,170,-1,169,170,171,-1,171,170,172,-1,171,172,173,-1,173,172,174,-1,173,174,175,-1,175,174,176,-1,175,176,177,-1,177,176,178,-1,177,178,179,-1,179,178,180,-1,179,180,181,-1,181,180,182,-1,181,182,183,-1,183,182,184,-1,183,184,185,-1,185,184,186,-1,185,186,187,-1,187,186,188,-1,187,188,189,-1,189,188,190,-1,189,190,191,-1,191,190,192,-1,191,192,193,-1,193,192,194,-1,193,194,195,-1,195,194,196,-1,195,196,197,-1,197,196,13,-1,197,13,12,-1,113,115,116,-1,57,177,179,-1,57,179,55,-1,55,179,181,-1,55,181,53,-1,53,181,183,-1,53,183,51,-1,51,183,185,-1,51,185,49,-1,49,185,187,-1,49,187,47,-1,33,21,31,-1,31,21,23,-1,31,23,29,-1,29,23,25,-1,29,25,26,-1,187,189,47,-1,47,189,191,-1,47,191,45,-1,45,191,193,-1,45,193,43,-1,43,193,195,-1,43,195,41,-1,41,195,197,-1,41,197,39,-1,39,197,12,-1,39,12,37,-1,37,12,15,-1,37,15,35,-1,35,15,17,-1,35,17,33,-1,33,17,19,-1,33,19,21,-1,89,143,87,-1,87,143,145,-1,87,145,85,-1,85,145,147,-1,85,147,83,-1,83,147,149,-1,83,149,81,-1,81,149,151,-1,81,151,79,-1,79,151,153,-1,79,153,77,-1,77,153,155,-1,77,155,75,-1,113,116,111,-1,111,116,119,-1,111,119,109,-1,109,119,121,-1,109,121,107,-1,107,121,123,-1,107,123,105,-1,105,123,125,-1,105,125,103,-1,103,125,127,-1,103,127,101,-1,101,127,129,-1,101,129,99,-1,99,129,131,-1,99,131,97,-1,97,131,133,-1,97,133,95,-1,95,133,135,-1,95,135,93,-1,93,135,137,-1,93,137,91,-1,91,137,139,-1,91,139,89,-1,89,139,141,-1,89,141,143,-1,177,57,175,-1,175,57,59,-1,175,59,173,-1,173,59,61,-1,173,61,171,-1,171,61,63,-1,171,63,169,-1,169,63,65,-1,169,65,167,-1,167,65,165,-1,165,65,67,-1,165,67,163,-1,155,157,75,-1,75,157,159,-1,75,159,73,-1,73,159,161,-1,73,161,71,-1,71,161,163,-1,71,163,69,-1,69,163,67,-1,28,27,24,-1,28,24,30,-1,44,190,46,-1,46,190,188,-1,46,188,48,-1,48,188,186,-1,48,186,50,-1,50,186,184,-1,50,184,52,-1,52,184,182,-1,52,182,54,-1,114,112,117,-1,117,112,110,-1,117,110,118,-1,118,110,108,-1,182,180,54,-1,54,180,178,-1,54,178,56,-1,56,178,176,-1,56,176,58,-1,58,176,174,-1,58,174,60,-1,60,174,172,-1,60,172,62,-1,24,22,30,-1,30,22,20,-1,30,20,32,-1,32,20,18,-1,32,18,34,-1,34,18,16,-1,34,16,36,-1,36,16,14,-1,36,14,38,-1,38,14,13,-1,38,13,40,-1,40,13,196,-1,40,196,42,-1,42,196,194,-1,42,194,44,-1,44,194,192,-1,44,192,190,-1,82,146,84,-1,84,146,144,-1,84,144,86,-1,86,144,142,-1,86,142,88,-1,88,142,140,-1,88,140,90,-1,90,140,138,-1,90,138,92,-1,92,138,136,-1,92,136,94,-1,94,136,134,-1,94,134,96,-1,96,134,132,-1,96,132,98,-1,98,132,130,-1,98,130,100,-1,100,130,128,-1,100,128,102,-1,102,128,126,-1,102,126,104,-1,104,126,124,-1,104,124,106,-1,106,124,122,-1,106,122,108,-1,108,122,120,-1,108,120,118,-1,162,160,72,-1,72,160,158,-1,72,158,74,-1,74,158,156,-1,74,156,76,-1,76,156,154,-1,76,154,78,-1,78,154,152,-1,78,152,80,-1,80,152,150,-1,80,150,82,-1,82,150,148,-1,82,148,146,-1,172,170,62,-1,62,170,168,-1,62,168,64,-1,64,168,166,-1,64,166,66,-1,66,166,164,-1,66,164,68,-1,68,164,162,-1,68,162,70,-1,70,162,72,-1,198,199,200,-1,200,199,201,-1,202,198,203,-1,203,198,200,-1,204,202,205,-1,205,202,203,-1,206,204,207,-1,207,204,205,-1,208,206,209,-1,209,206,207,-1,210,208,211,-1,211,208,209,-1,212,210,213,-1,213,210,211,-1,214,212,215,-1,215,212,213,-1,216,214,217,-1,217,214,215,-1,218,216,219,-1,219,216,217,-1,220,218,221,-1,221,218,219,-1,199,220,201,-1,201,220,221,-1,220,199,198,-1,198,202,220,-1,220,202,204,-1,220,204,218,-1,214,216,212,-1,212,216,218,-1,212,218,210,-1,210,218,204,-1,210,204,208,-1,208,204,206,-1,217,215,219,-1,219,215,213,-1,209,207,211,-1,211,207,205,-1,200,201,203,-1,203,201,221,-1,203,221,205,-1,205,221,219,-1,205,219,211,-1,211,219,213,-1,222,223,224,-1,224,223,225,-1,224,225,226,-1,226,225,227,-1,226,227,228,-1,228,227,229,-1,228,229,230,-1,230,229,231,-1,230,231,232,-1,232,231,233,-1,232,233,234,-1,234,233,235,-1,234,235,236,-1,236,235,237,-1,236,237,238,-1,239,240,241,-1,241,240,242,-1,241,242,243,-1,243,242,244,-1,243,244,245,-1,245,244,246,-1,245,246,247,-1,246,248,247,-1,247,248,249,-1,247,249,250,-1,250,249,251,-1,250,251,252,-1,252,251,253,-1,252,253,254,-1,254,253,255,-1,254,255,256,-1,256,255,257,-1,256,257,258,-1,258,257,259,-1,258,259,260,-1,260,259,261,-1,260,261,262,-1,262,261,263,-1,262,263,264,-1,264,263,265,-1,264,265,266,-1,266,265,267,-1,266,267,268,-1,268,267,269,-1,268,269,270,-1,270,269,271,-1,270,271,272,-1,272,271,273,-1,272,273,274,-1,274,273,275,-1,274,275,276,-1,276,275,277,-1,276,277,278,-1,278,277,279,-1,278,279,280,-1,280,279,281,-1,280,281,222,-1,222,281,282,-1,222,282,223,-1,237,283,238,-1,238,283,284,-1,238,284,285,-1,285,284,286,-1,285,286,287,-1,287,286,288,-1,287,288,289,-1,289,288,290,-1,289,290,291,-1,291,290,292,-1,291,292,293,-1,293,292,294,-1,293,294,239,-1,239,294,295,-1,239,295,240,-1,296,297,298,-1,298,297,299,-1,298,299,300,-1,300,299,301,-1,300,301,302,-1,302,301,303,-1,302,303,304,-1,304,303,305,-1,304,305,306,-1,306,305,307,-1,306,307,308,-1,309,310,311,-1,311,310,312,-1,311,312,313,-1,313,312,314,-1,313,314,315,-1,315,314,316,-1,315,316,317,-1,317,316,318,-1,317,318,319,-1,319,318,320,-1,319,320,321,-1,321,320,322,-1,321,322,323,-1,323,322,324,-1,323,324,325,-1,325,324,326,-1,325,326,327,-1,327,326,328,-1,327,328,329,-1,329,328,330,-1,329,330,331,-1,331,330,332,-1,331,332,333,-1,333,332,334,-1,333,334,335,-1,335,334,336,-1,335,336,337,-1,337,336,338,-1,337,338,296,-1,296,338,339,-1,296,339,297,-1,340,341,342,-1,342,341,343,-1,342,343,344,-1,344,343,345,-1,344,345,346,-1,346,345,347,-1,346,347,348,-1,348,347,349,-1,348,349,350,-1,350,349,351,-1,350,351,352,-1,352,351,353,-1,352,353,354,-1,354,353,355,-1,354,355,309,-1,309,355,356,-1,309,356,310,-1,307,357,308,-1,308,357,358,-1,308,358,359,-1,359,358,360,-1,359,360,361,-1,361,360,362,-1,361,362,363,-1,363,362,364,-1,363,364,365,-1,365,364,366,-1,365,366,367,-1,367,366,368,-1,367,368,340,-1,340,368,369,-1,340,369,341,-1,275,273,320,-1,320,273,322,-1,275,320,318,-1,275,318,277,-1,277,318,316,-1,277,316,279,-1,279,316,314,-1,279,314,281,-1,281,314,312,-1,281,312,282,-1,282,312,310,-1,282,310,223,-1,223,310,356,-1,223,356,225,-1,225,356,355,-1,225,355,227,-1,227,355,353,-1,227,353,229,-1,229,353,351,-1,229,351,231,-1,231,351,349,-1,231,349,233,-1,233,349,347,-1,233,347,235,-1,235,347,345,-1,235,345,237,-1,237,345,343,-1,237,343,283,-1,283,343,341,-1,283,341,284,-1,284,341,369,-1,284,369,286,-1,286,369,368,-1,286,368,288,-1,288,368,366,-1,288,366,290,-1,290,366,364,-1,290,364,292,-1,292,364,362,-1,292,362,294,-1,294,362,360,-1,294,360,295,-1,295,360,358,-1,295,358,240,-1,240,358,357,-1,240,357,242,-1,242,357,307,-1,242,307,244,-1,244,307,305,-1,244,305,246,-1,246,305,303,-1,246,303,248,-1,248,303,301,-1,248,301,249,-1,249,301,299,-1,249,299,251,-1,251,299,297,-1,251,297,253,-1,253,297,339,-1,253,339,255,-1,255,339,338,-1,255,338,257,-1,257,338,336,-1,257,336,259,-1,259,336,334,-1,259,334,261,-1,261,334,332,-1,261,332,263,-1,263,332,330,-1,263,330,265,-1,265,330,328,-1,265,328,267,-1,267,328,326,-1,267,326,269,-1,271,269,324,-1,324,269,326,-1,273,271,322,-1,322,271,324,-1,268,270,325,-1,325,270,323,-1,270,272,323,-1,323,272,321,-1,272,274,321,-1,321,274,319,-1,230,350,352,-1,230,352,228,-1,228,352,354,-1,228,354,226,-1,226,354,309,-1,226,309,224,-1,224,309,311,-1,224,311,222,-1,222,311,313,-1,222,313,280,-1,280,313,315,-1,280,315,278,-1,278,315,317,-1,278,317,276,-1,276,317,319,-1,276,319,274,-1,291,363,365,-1,291,365,289,-1,289,365,367,-1,289,367,287,-1,287,367,340,-1,287,340,285,-1,285,340,342,-1,285,342,238,-1,238,342,344,-1,238,344,236,-1,236,344,346,-1,236,346,234,-1,234,346,348,-1,234,348,232,-1,232,348,350,-1,232,350,230,-1,252,298,300,-1,252,300,250,-1,250,300,302,-1,250,302,247,-1,247,302,304,-1,247,304,245,-1,245,304,306,-1,245,306,243,-1,243,306,308,-1,243,308,241,-1,241,308,359,-1,241,359,239,-1,239,359,361,-1,239,361,293,-1,293,361,363,-1,293,363,291,-1,268,325,327,-1,268,327,266,-1,266,327,329,-1,266,329,264,-1,264,329,331,-1,264,331,262,-1,262,331,333,-1,262,333,260,-1,260,333,335,-1,260,335,258,-1,258,335,337,-1,258,337,256,-1,256,337,296,-1,256,296,254,-1,254,296,298,-1,254,298,252,-1,370,371,372,-1,373,374,375,-1,371,376,372,-1,372,376,377,-1,372,377,378,-1,378,377,379,-1,378,379,380,-1,380,381,378,-1,378,381,382,-1,378,382,383,-1,384,383,385,-1,385,383,382,-1,385,382,375,-1,375,382,370,-1,375,370,373,-1,373,370,372,-1,386,387,388,-1,388,387,389,-1,390,391,389,-1,389,391,392,-1,389,392,388,-1,388,392,393,-1,390,394,391,-1,391,394,395,-1,391,395,396,-1,396,395,397,-1,396,397,398,-1,398,399,396,-1,396,399,387,-1,396,387,400,-1,400,387,386,-1,400,386,401,-1,378,383,391,-1,391,383,392,-1,372,378,396,-1,396,378,391,-1,373,372,400,-1,400,372,396,-1,374,373,401,-1,401,373,400,-1,375,374,386,-1,386,374,401,-1,385,375,388,-1,388,375,386,-1,384,385,393,-1,393,385,388,-1,383,384,392,-1,392,384,393,-1,370,382,387,-1,387,382,389,-1,382,381,389,-1,389,381,390,-1,379,395,394,-1,379,394,380,-1,380,394,390,-1,380,390,381,-1,379,377,395,-1,395,377,397,-1,371,399,398,-1,371,398,376,-1,376,398,397,-1,376,397,377,-1,371,370,399,-1,399,370,387,-1,402,403,404,-1,404,403,405,-1,406,402,407,-1,407,402,404,-1,408,406,409,-1,409,406,407,-1,410,408,411,-1,411,408,409,-1,412,410,413,-1,413,410,411,-1,414,412,415,-1,415,412,413,-1,416,414,417,-1,417,414,415,-1,418,416,419,-1,419,416,417,-1,420,418,421,-1,421,418,419,-1,422,420,423,-1,423,420,421,-1,424,422,425,-1,425,422,423,-1,403,424,405,-1,405,424,425,-1,418,420,416,-1,416,420,422,-1,416,422,414,-1,403,402,424,-1,424,402,406,-1,424,406,408,-1,410,412,408,-1,408,412,414,-1,408,414,424,-1,424,414,422,-1,423,421,419,-1,419,417,423,-1,423,417,415,-1,423,415,425,-1,404,405,407,-1,407,405,425,-1,407,425,409,-1,409,425,415,-1,409,415,411,-1,411,415,413,-1,426,427,428,-1,428,427,429,-1,430,431,432,-1,433,434,435,-1,435,434,436,-1,435,436,437,-1,437,436,438,-1,437,438,439,-1,440,441,442,-1,443,444,445,-1,430,446,431,-1,431,446,447,-1,431,447,448,-1,449,450,451,-1,451,450,442,-1,451,442,452,-1,452,442,441,-1,453,454,455,-1,455,454,456,-1,455,456,433,-1,433,456,457,-1,433,457,434,-1,447,458,448,-1,448,458,459,-1,448,459,460,-1,460,459,461,-1,460,461,462,-1,428,463,426,-1,426,463,464,-1,426,464,465,-1,465,464,466,-1,465,466,432,-1,432,466,467,-1,432,467,430,-1,468,469,470,-1,470,469,471,-1,470,471,453,-1,453,471,472,-1,453,472,454,-1,473,474,475,-1,475,474,476,-1,475,476,477,-1,477,476,478,-1,477,478,479,-1,445,480,443,-1,443,480,481,-1,443,481,473,-1,473,481,482,-1,473,482,474,-1,483,484,485,-1,485,484,486,-1,485,486,444,-1,444,486,487,-1,444,487,445,-1,488,489,442,-1,442,489,490,-1,442,490,440,-1,491,488,468,-1,468,488,492,-1,468,492,469,-1,429,489,428,-1,428,489,488,-1,428,488,493,-1,493,488,491,-1,461,494,462,-1,462,494,495,-1,462,495,496,-1,496,495,497,-1,496,497,498,-1,438,499,439,-1,439,499,500,-1,439,500,501,-1,501,500,502,-1,501,502,503,-1,503,502,504,-1,503,504,505,-1,505,504,506,-1,505,506,507,-1,507,506,508,-1,507,508,509,-1,509,508,510,-1,509,510,511,-1,511,510,512,-1,511,512,513,-1,513,512,514,-1,513,514,515,-1,515,514,516,-1,515,516,517,-1,517,516,518,-1,517,518,519,-1,452,520,451,-1,451,520,521,-1,451,521,522,-1,522,521,523,-1,522,523,524,-1,525,526,527,-1,527,526,528,-1,527,528,529,-1,529,528,530,-1,529,530,531,-1,497,532,498,-1,498,532,533,-1,498,533,483,-1,483,533,534,-1,483,534,484,-1,530,535,531,-1,531,535,536,-1,531,536,537,-1,537,536,538,-1,537,538,539,-1,539,538,524,-1,539,524,540,-1,540,524,523,-1,478,541,479,-1,479,541,542,-1,479,542,543,-1,543,542,544,-1,543,544,545,-1,545,544,546,-1,545,546,525,-1,525,546,547,-1,525,547,526,-1,548,549,550,-1,551,552,553,-1,553,552,554,-1,553,554,555,-1,556,557,558,-1,558,557,559,-1,558,559,560,-1,561,562,563,-1,564,565,566,-1,566,565,567,-1,566,567,568,-1,568,567,569,-1,568,569,570,-1,570,569,571,-1,570,571,572,-1,554,573,555,-1,555,573,574,-1,555,574,575,-1,575,574,576,-1,575,576,577,-1,578,579,580,-1,580,579,581,-1,580,581,582,-1,582,581,583,-1,582,583,551,-1,551,583,584,-1,551,584,552,-1,585,561,586,-1,586,561,563,-1,586,563,587,-1,587,563,588,-1,589,590,591,-1,591,590,592,-1,591,592,593,-1,593,592,594,-1,593,594,595,-1,595,594,596,-1,595,596,597,-1,597,596,598,-1,599,600,589,-1,589,600,601,-1,589,601,590,-1,602,603,556,-1,556,603,604,-1,556,604,557,-1,605,606,602,-1,602,606,607,-1,602,607,603,-1,566,608,564,-1,564,608,609,-1,564,609,610,-1,610,609,611,-1,610,611,586,-1,586,611,612,-1,586,612,585,-1,613,614,599,-1,599,614,615,-1,599,615,600,-1,616,617,618,-1,618,617,563,-1,618,563,619,-1,619,563,562,-1,559,620,560,-1,560,620,621,-1,560,621,622,-1,623,624,625,-1,625,624,626,-1,625,626,627,-1,627,626,628,-1,627,628,605,-1,605,628,629,-1,605,629,606,-1,571,630,572,-1,572,630,631,-1,572,631,632,-1,632,631,633,-1,632,633,634,-1,634,633,635,-1,634,635,623,-1,623,635,636,-1,623,636,624,-1,576,637,577,-1,577,637,638,-1,577,638,639,-1,639,638,640,-1,639,640,641,-1,641,640,617,-1,641,617,642,-1,642,617,643,-1,643,617,616,-1,643,616,598,-1,598,616,644,-1,598,644,597,-1,645,646,647,-1,647,646,648,-1,647,648,613,-1,613,648,649,-1,613,649,614,-1,621,650,622,-1,622,650,651,-1,622,651,652,-1,652,651,653,-1,652,653,645,-1,645,653,654,-1,645,654,646,-1,548,550,655,-1,655,550,656,-1,655,656,657,-1,657,656,658,-1,657,658,659,-1,659,658,660,-1,659,660,661,-1,661,660,662,-1,661,662,663,-1,663,662,664,-1,663,664,665,-1,665,664,666,-1,665,666,667,-1,667,666,668,-1,667,668,578,-1,578,668,669,-1,578,669,579,-1,504,668,666,-1,504,666,506,-1,506,666,664,-1,506,664,508,-1,508,664,662,-1,508,662,510,-1,510,662,660,-1,510,660,512,-1,512,660,658,-1,512,658,514,-1,514,658,656,-1,514,656,516,-1,516,656,550,-1,516,550,518,-1,519,518,549,-1,549,518,550,-1,519,549,548,-1,519,548,517,-1,517,548,655,-1,517,655,515,-1,515,655,657,-1,515,657,513,-1,513,657,659,-1,513,659,511,-1,511,659,661,-1,511,661,509,-1,509,661,663,-1,509,663,507,-1,507,663,665,-1,507,665,505,-1,505,665,667,-1,505,667,503,-1,503,667,578,-1,503,578,501,-1,501,578,580,-1,501,580,439,-1,439,580,582,-1,439,582,437,-1,437,582,551,-1,437,551,435,-1,435,551,553,-1,435,553,433,-1,433,553,555,-1,433,555,455,-1,455,555,575,-1,455,575,453,-1,453,575,577,-1,453,577,470,-1,470,577,639,-1,470,639,468,-1,468,639,641,-1,468,641,491,-1,491,641,642,-1,491,642,493,-1,493,642,643,-1,493,643,428,-1,463,428,598,-1,598,428,643,-1,463,598,596,-1,463,596,464,-1,464,596,594,-1,464,594,466,-1,466,594,592,-1,466,592,467,-1,467,592,590,-1,467,590,430,-1,430,590,601,-1,430,601,446,-1,446,601,600,-1,446,600,447,-1,447,600,615,-1,447,615,458,-1,458,615,614,-1,458,614,459,-1,459,614,649,-1,459,649,461,-1,461,649,648,-1,461,648,494,-1,494,648,646,-1,494,646,495,-1,495,646,654,-1,495,654,497,-1,497,654,653,-1,497,653,532,-1,532,653,651,-1,532,651,533,-1,533,651,650,-1,533,650,534,-1,534,650,621,-1,534,621,484,-1,484,621,620,-1,484,620,486,-1,486,620,559,-1,486,559,487,-1,487,559,557,-1,487,557,445,-1,445,557,604,-1,445,604,480,-1,480,604,603,-1,480,603,481,-1,481,603,607,-1,481,607,482,-1,482,607,606,-1,482,606,474,-1,474,606,629,-1,474,629,476,-1,476,629,628,-1,476,628,478,-1,478,628,626,-1,478,626,541,-1,541,626,624,-1,541,624,542,-1,542,624,636,-1,542,636,544,-1,544,636,635,-1,544,635,546,-1,546,635,633,-1,546,633,547,-1,547,633,631,-1,547,631,526,-1,526,631,630,-1,526,630,528,-1,528,630,571,-1,528,571,530,-1,530,571,569,-1,530,569,535,-1,535,569,567,-1,535,567,536,-1,536,567,565,-1,536,565,538,-1,538,565,564,-1,538,564,524,-1,524,564,610,-1,524,610,522,-1,451,522,586,-1,586,522,610,-1,449,451,587,-1,587,451,586,-1,450,449,588,-1,588,449,587,-1,442,450,563,-1,563,450,588,-1,442,563,617,-1,442,617,488,-1,488,617,640,-1,488,640,492,-1,492,640,638,-1,492,638,469,-1,469,638,637,-1,469,637,471,-1,471,637,576,-1,471,576,472,-1,472,576,574,-1,472,574,454,-1,454,574,573,-1,454,573,456,-1,456,573,554,-1,456,554,457,-1,457,554,552,-1,457,552,434,-1,434,552,584,-1,434,584,436,-1,436,584,583,-1,436,583,438,-1,438,583,581,-1,438,581,499,-1,499,581,579,-1,499,579,500,-1,500,579,669,-1,500,669,502,-1,502,669,668,-1,502,668,504,-1,431,589,591,-1,431,591,432,-1,432,591,593,-1,432,593,465,-1,465,593,595,-1,465,595,426,-1,426,595,597,-1,426,597,427,-1,427,597,644,-1,427,644,429,-1,498,652,645,-1,498,645,496,-1,496,645,647,-1,496,647,462,-1,462,647,613,-1,462,613,460,-1,460,613,599,-1,460,599,448,-1,448,599,589,-1,448,589,431,-1,473,602,556,-1,473,556,443,-1,443,556,558,-1,443,558,444,-1,444,558,560,-1,444,560,485,-1,485,560,622,-1,485,622,483,-1,483,622,652,-1,483,652,498,-1,545,634,623,-1,545,623,543,-1,543,623,625,-1,543,625,479,-1,479,625,627,-1,479,627,477,-1,477,627,605,-1,477,605,475,-1,475,605,602,-1,475,602,473,-1,540,609,608,-1,540,608,539,-1,539,608,566,-1,539,566,537,-1,537,566,568,-1,537,568,531,-1,531,568,570,-1,531,570,529,-1,529,570,572,-1,529,572,527,-1,527,572,632,-1,527,632,525,-1,525,632,634,-1,525,634,545,-1,490,618,619,-1,490,619,440,-1,440,619,562,-1,440,562,441,-1,441,562,561,-1,441,561,452,-1,452,561,585,-1,452,585,520,-1,520,585,612,-1,520,612,521,-1,521,612,611,-1,521,611,523,-1,523,611,609,-1,523,609,540,-1,490,489,618,-1,618,489,616,-1,489,429,616,-1,616,429,644,-1,670,671,672,-1,670,672,673,-1,673,672,674,-1,673,674,675,-1,675,674,676,-1,675,676,677,-1,677,676,678,-1,677,678,679,-1,679,678,680,-1,679,680,681,-1,681,680,682,-1,681,682,683,-1,683,682,684,-1,683,684,685,-1,686,685,687,-1,687,685,684,-1,686,687,688,-1,686,688,689,-1,689,688,690,-1,689,690,691,-1,691,690,692,-1,691,692,693,-1,693,692,694,-1,693,694,695,-1,695,694,696,-1,695,696,697,-1,697,696,698,-1,697,698,699,-1,699,698,700,-1,699,700,701,-1,701,700,702,-1,701,702,703,-1,703,702,704,-1,703,704,705,-1,705,704,706,-1,705,706,707,-1,707,706,708,-1,707,708,709,-1,709,708,710,-1,709,710,711,-1,711,710,712,-1,711,712,713,-1,713,712,714,-1,713,714,715,-1,715,714,716,-1,715,716,717,-1,717,716,718,-1,717,718,719,-1,719,718,720,-1,719,720,721,-1,721,720,722,-1,721,722,723,-1,723,722,724,-1,723,724,725,-1,725,724,726,-1,725,726,727,-1,727,726,728,-1,727,728,729,-1,729,728,730,-1,729,730,731,-1,731,730,732,-1,731,732,733,-1,733,732,734,-1,733,734,735,-1,735,734,736,-1,735,736,737,-1,737,736,738,-1,737,738,739,-1,739,738,740,-1,739,740,741,-1,741,740,742,-1,741,742,743,-1,743,742,744,-1,743,744,745,-1,745,744,746,-1,745,746,747,-1,747,746,748,-1,747,748,749,-1,749,748,750,-1,749,750,751,-1,751,750,752,-1,751,752,753,-1,753,752,754,-1,753,754,755,-1,755,754,756,-1,755,756,757,-1,757,756,758,-1,757,758,759,-1,759,758,760,-1,759,760,761,-1,761,760,762,-1,761,762,763,-1,763,762,764,-1,763,764,765,-1,765,764,766,-1,765,766,767,-1,767,766,768,-1,767,768,769,-1,769,768,770,-1,769,770,771,-1,771,770,772,-1,771,772,773,-1,773,772,774,-1,773,774,775,-1,775,774,776,-1,775,776,777,-1,777,776,778,-1,777,778,779,-1,779,778,780,-1,779,780,781,-1,781,780,782,-1,781,782,783,-1,783,782,784,-1,783,784,785,-1,785,784,786,-1,785,786,787,-1,787,786,788,-1,787,788,789,-1,789,788,790,-1,789,790,791,-1,791,790,792,-1,791,792,793,-1,793,792,794,-1,793,794,795,-1,795,794,796,-1,795,796,797,-1,797,796,798,-1,797,798,799,-1,799,798,800,-1,799,800,801,-1,801,800,802,-1,801,802,803,-1,803,802,804,-1,803,804,805,-1,806,805,807,-1,807,805,804,-1,806,807,808,-1,806,808,809,-1,809,808,810,-1,809,810,811,-1,811,810,812,-1,811,812,813,-1,813,812,814,-1,813,814,815,-1,815,814,816,-1,815,816,817,-1,817,816,818,-1,817,818,819,-1,819,818,820,-1,819,820,821,-1,821,820,822,-1,821,822,823,-1,823,822,824,-1,823,824,825,-1,825,824,826,-1,825,826,827,-1,827,826,828,-1,827,828,829,-1,829,828,830,-1,829,830,831,-1,831,830,832,-1,831,832,833,-1,833,832,834,-1,833,834,835,-1,835,834,836,-1,835,836,837,-1,837,836,838,-1,837,838,839,-1,839,838,840,-1,839,840,841,-1,841,840,842,-1,841,842,843,-1,843,842,844,-1,843,844,845,-1,845,844,846,-1,845,846,847,-1,847,846,848,-1,847,848,849,-1,849,848,850,-1,849,850,851,-1,851,850,852,-1,851,852,853,-1,853,852,854,-1,853,854,855,-1,855,854,856,-1,855,856,857,-1,857,856,858,-1,857,858,859,-1,859,858,860,-1,859,860,861,-1,861,860,862,-1,861,862,863,-1,863,862,864,-1,863,864,865,-1,865,864,866,-1,865,866,867,-1,867,866,868,-1,867,868,869,-1,869,868,870,-1,869,870,871,-1,871,870,872,-1,871,872,873,-1,873,872,874,-1,873,874,875,-1,875,874,876,-1,875,876,877,-1,877,876,878,-1,877,878,879,-1,879,878,880,-1,879,880,881,-1,881,880,882,-1,881,882,883,-1,883,882,884,-1,883,884,885,-1,885,884,886,-1,885,886,887,-1,887,886,888,-1,887,888,889,-1,889,888,890,-1,889,890,891,-1,891,890,892,-1,891,892,893,-1,893,892,894,-1,893,894,895,-1,895,894,896,-1,895,896,897,-1,897,896,898,-1,897,898,899,-1,899,898,900,-1,899,900,901,-1,901,900,902,-1,901,902,903,-1,903,902,904,-1,903,904,905,-1,905,904,906,-1,905,906,907,-1,907,906,671,-1,907,671,670,-1,683,685,686,-1,803,805,806,-1,713,715,897,-1,897,715,895,-1,777,837,775,-1,775,837,839,-1,775,839,773,-1,715,717,895,-1,895,717,719,-1,895,719,893,-1,779,833,777,-1,777,833,835,-1,777,835,837,-1,713,897,711,-1,711,897,899,-1,711,899,709,-1,709,899,901,-1,709,901,707,-1,707,901,903,-1,707,903,705,-1,855,765,853,-1,853,765,767,-1,737,883,735,-1,735,883,885,-1,839,841,773,-1,773,841,843,-1,773,843,771,-1,843,845,771,-1,771,845,847,-1,771,847,769,-1,769,847,849,-1,769,849,767,-1,767,849,851,-1,767,851,853,-1,855,857,765,-1,765,857,859,-1,765,859,763,-1,763,859,861,-1,763,861,761,-1,761,861,863,-1,761,863,759,-1,759,863,865,-1,759,865,757,-1,889,729,887,-1,887,729,731,-1,887,731,885,-1,885,731,733,-1,885,733,735,-1,719,721,893,-1,893,721,723,-1,893,723,891,-1,891,723,725,-1,891,725,889,-1,889,725,727,-1,889,727,729,-1,737,739,883,-1,883,739,741,-1,883,741,881,-1,881,741,743,-1,881,743,879,-1,879,743,745,-1,879,745,877,-1,877,745,747,-1,877,747,875,-1,705,903,703,-1,703,903,905,-1,703,905,701,-1,701,905,907,-1,701,907,699,-1,699,907,670,-1,699,670,697,-1,697,670,673,-1,697,673,695,-1,695,673,675,-1,695,675,693,-1,693,675,677,-1,693,677,691,-1,691,677,679,-1,691,679,689,-1,689,679,686,-1,686,679,681,-1,686,681,683,-1,747,749,875,-1,875,749,751,-1,875,751,873,-1,873,751,753,-1,873,753,871,-1,871,753,755,-1,871,755,869,-1,869,755,757,-1,869,757,867,-1,867,757,865,-1,803,806,801,-1,801,806,809,-1,801,809,799,-1,799,809,811,-1,799,811,797,-1,797,811,813,-1,797,813,795,-1,795,813,815,-1,795,815,793,-1,793,815,817,-1,793,817,791,-1,791,817,819,-1,791,819,789,-1,789,819,821,-1,789,821,787,-1,787,821,823,-1,787,823,785,-1,785,823,825,-1,785,825,783,-1,783,825,827,-1,783,827,781,-1,781,827,829,-1,781,829,779,-1,779,829,831,-1,779,831,833,-1,894,714,896,-1,896,714,712,-1,896,712,898,-1,898,712,710,-1,898,710,900,-1,776,774,836,-1,856,764,858,-1,858,764,762,-1,892,718,894,-1,894,718,716,-1,894,716,714,-1,886,884,732,-1,732,884,734,-1,734,884,882,-1,734,882,736,-1,856,854,764,-1,764,854,852,-1,764,852,766,-1,766,852,850,-1,766,850,768,-1,880,740,882,-1,882,740,738,-1,882,738,736,-1,770,842,772,-1,772,842,840,-1,772,840,774,-1,774,840,838,-1,774,838,836,-1,890,722,892,-1,892,722,720,-1,892,720,718,-1,850,848,768,-1,768,848,846,-1,768,846,770,-1,770,846,844,-1,770,844,842,-1,710,708,900,-1,900,708,706,-1,900,706,902,-1,902,706,704,-1,902,704,904,-1,904,704,702,-1,904,702,906,-1,906,702,700,-1,906,700,671,-1,671,700,698,-1,671,698,672,-1,672,698,696,-1,672,696,674,-1,674,696,694,-1,674,694,676,-1,732,730,886,-1,886,730,728,-1,886,728,888,-1,888,728,726,-1,888,726,890,-1,890,726,724,-1,890,724,722,-1,694,692,676,-1,676,692,690,-1,676,690,678,-1,678,690,688,-1,678,688,680,-1,680,688,687,-1,680,687,682,-1,682,687,684,-1,872,870,754,-1,754,870,868,-1,754,868,756,-1,756,868,866,-1,756,866,758,-1,758,866,864,-1,758,864,760,-1,760,864,862,-1,760,862,762,-1,762,862,860,-1,762,860,858,-1,836,834,776,-1,776,834,832,-1,776,832,778,-1,778,832,830,-1,778,830,780,-1,780,830,828,-1,780,828,782,-1,782,828,826,-1,782,826,784,-1,784,826,824,-1,784,824,786,-1,786,824,822,-1,786,822,788,-1,788,822,820,-1,788,820,790,-1,790,820,818,-1,790,818,792,-1,792,818,816,-1,792,816,794,-1,794,816,814,-1,794,814,796,-1,796,814,812,-1,796,812,798,-1,798,812,810,-1,798,810,800,-1,800,810,808,-1,800,808,802,-1,802,808,807,-1,802,807,804,-1,754,752,872,-1,872,752,750,-1,872,750,874,-1,874,750,748,-1,874,748,876,-1,876,748,746,-1,876,746,878,-1,878,746,744,-1,878,744,880,-1,880,744,742,-1,880,742,740,-1,908,909,910,-1,910,909,911,-1,912,908,913,-1,913,908,910,-1,912,913,914,-1,912,914,915,-1,915,914,916,-1,915,916,917,-1,918,917,919,-1,919,917,916,-1,920,918,921,-1,921,918,919,-1,922,920,923,-1,923,920,921,-1,924,922,925,-1,925,922,923,-1,926,924,927,-1,927,924,925,-1,928,926,929,-1,929,926,927,-1,928,929,930,-1,928,930,931,-1,931,930,932,-1,931,932,933,-1,933,932,934,-1,933,934,935,-1,935,934,936,-1,935,936,937,-1,937,936,938,-1,937,938,939,-1,939,938,940,-1,939,940,941,-1,941,940,942,-1,941,942,943,-1,943,942,944,-1,943,944,945,-1,945,944,946,-1,945,946,947,-1,947,946,948,-1,947,948,949,-1,950,949,951,-1,951,949,948,-1,950,951,952,-1,950,952,953,-1,953,952,954,-1,953,954,955,-1,955,954,956,-1,955,956,957,-1,957,956,958,-1,957,958,959,-1,959,958,960,-1,959,960,961,-1,961,960,962,-1,961,962,963,-1,963,962,964,-1,963,964,965,-1,965,964,966,-1,965,966,967,-1,967,966,968,-1,967,968,969,-1,969,968,970,-1,969,970,971,-1,971,970,972,-1,971,972,973,-1,973,972,974,-1,973,974,975,-1,975,974,976,-1,975,976,977,-1,977,976,978,-1,977,978,979,-1,909,979,911,-1,911,979,978,-1,915,917,979,-1,909,908,979,-1,979,908,912,-1,979,912,915,-1,922,924,920,-1,920,924,926,-1,920,926,918,-1,933,935,967,-1,967,935,965,-1,965,935,937,-1,965,937,963,-1,963,937,939,-1,963,939,961,-1,961,939,959,-1,959,939,941,-1,959,941,957,-1,957,941,943,-1,957,943,955,-1,967,969,933,-1,933,969,971,-1,933,971,931,-1,931,971,973,-1,931,973,928,-1,955,943,953,-1,953,943,945,-1,953,945,950,-1,950,945,947,-1,950,947,949,-1,973,975,928,-1,928,975,977,-1,928,977,926,-1,926,977,979,-1,926,979,918,-1,918,979,917,-1,940,938,960,-1,927,925,923,-1,910,911,913,-1,913,911,978,-1,960,938,962,-1,962,938,936,-1,962,936,964,-1,960,958,940,-1,940,958,956,-1,940,956,942,-1,942,956,954,-1,942,954,944,-1,944,954,952,-1,944,952,946,-1,946,952,951,-1,946,951,948,-1,964,936,966,-1,966,936,934,-1,966,934,968,-1,968,934,932,-1,968,932,970,-1,970,932,930,-1,970,930,972,-1,972,930,974,-1,974,930,929,-1,974,929,976,-1,919,916,978,-1,978,916,914,-1,978,914,913,-1,923,921,927,-1,927,921,919,-1,927,919,929,-1,929,919,978,-1,929,978,976,-1,980,981,982,-1,982,981,983,-1,984,980,985,-1,985,980,982,-1,986,984,987,-1,987,984,985,-1,988,986,989,-1,989,986,987,-1,990,988,991,-1,991,988,989,-1,992,990,993,-1,993,990,991,-1,994,992,995,-1,995,992,993,-1,996,994,997,-1,997,994,995,-1,998,996,999,-1,999,996,997,-1,1000,998,1001,-1,1001,998,999,-1,1002,1000,1003,-1,1003,1000,1001,-1,981,1002,983,-1,983,1002,1003,-1,1002,981,980,-1,980,984,1002,-1,1002,984,986,-1,1002,986,1000,-1,996,998,994,-1,994,998,1000,-1,994,1000,992,-1,992,1000,986,-1,992,986,990,-1,990,986,988,-1,999,997,1001,-1,1001,997,995,-1,991,989,993,-1,993,989,987,-1,982,983,985,-1,985,983,1003,-1,985,1003,987,-1,987,1003,1001,-1,987,1001,993,-1,993,1001,995,-1,1004,1005,1006,-1,1006,1005,1007,-1,1006,1007,1008,-1,1008,1007,1009,-1,1008,1009,1010,-1,1010,1009,1011,-1,1010,1011,1012,-1,1012,1011,1013,-1,1012,1013,1014,-1,1014,1013,1015,-1,1014,1015,1016,-1,1016,1015,1017,-1,1016,1017,1018,-1,1018,1017,1019,-1,1018,1019,1020,-1,1021,1022,1023,-1,1023,1022,1024,-1,1023,1024,1025,-1,1025,1024,1026,-1,1025,1026,1027,-1,1027,1026,1028,-1,1027,1028,1029,-1,1028,1030,1029,-1,1029,1030,1031,-1,1029,1031,1032,-1,1032,1031,1033,-1,1032,1033,1034,-1,1034,1033,1035,-1,1034,1035,1036,-1,1036,1035,1037,-1,1036,1037,1038,-1,1038,1037,1039,-1,1038,1039,1040,-1,1040,1039,1041,-1,1040,1041,1042,-1,1042,1041,1043,-1,1042,1043,1044,-1,1044,1043,1045,-1,1044,1045,1046,-1,1046,1045,1047,-1,1046,1047,1048,-1,1048,1047,1049,-1,1048,1049,1050,-1,1050,1049,1051,-1,1050,1051,1052,-1,1052,1051,1053,-1,1052,1053,1054,-1,1054,1053,1055,-1,1054,1055,1056,-1,1056,1055,1057,-1,1056,1057,1058,-1,1058,1057,1059,-1,1058,1059,1060,-1,1060,1059,1061,-1,1060,1061,1062,-1,1062,1061,1063,-1,1062,1063,1004,-1,1004,1063,1064,-1,1004,1064,1005,-1,1019,1065,1020,-1,1020,1065,1066,-1,1020,1066,1067,-1,1067,1066,1068,-1,1067,1068,1069,-1,1069,1068,1070,-1,1069,1070,1071,-1,1071,1070,1072,-1,1071,1072,1073,-1,1073,1072,1074,-1,1073,1074,1075,-1,1075,1074,1076,-1,1075,1076,1021,-1,1021,1076,1077,-1,1021,1077,1022,-1,1078,1079,1080,-1,1080,1079,1081,-1,1080,1081,1082,-1,1082,1081,1083,-1,1082,1083,1084,-1,1084,1083,1085,-1,1084,1085,1086,-1,1086,1085,1087,-1,1086,1087,1088,-1,1088,1087,1089,-1,1088,1089,1090,-1,1091,1092,1093,-1,1093,1092,1094,-1,1093,1094,1095,-1,1095,1094,1096,-1,1095,1096,1097,-1,1097,1096,1098,-1,1097,1098,1099,-1,1099,1098,1100,-1,1099,1100,1101,-1,1101,1100,1102,-1,1101,1102,1103,-1,1103,1102,1104,-1,1103,1104,1105,-1,1105,1104,1106,-1,1105,1106,1107,-1,1107,1106,1108,-1,1107,1108,1109,-1,1109,1108,1110,-1,1109,1110,1111,-1,1111,1110,1112,-1,1111,1112,1113,-1,1113,1112,1114,-1,1113,1114,1115,-1,1115,1114,1116,-1,1115,1116,1117,-1,1117,1116,1118,-1,1117,1118,1119,-1,1119,1118,1120,-1,1119,1120,1078,-1,1078,1120,1121,-1,1078,1121,1079,-1,1122,1123,1124,-1,1124,1123,1125,-1,1124,1125,1126,-1,1126,1125,1127,-1,1126,1127,1128,-1,1128,1127,1129,-1,1128,1129,1130,-1,1130,1129,1131,-1,1130,1131,1132,-1,1132,1131,1133,-1,1132,1133,1134,-1,1134,1133,1135,-1,1134,1135,1136,-1,1136,1135,1137,-1,1136,1137,1091,-1,1091,1137,1138,-1,1091,1138,1092,-1,1089,1139,1090,-1,1090,1139,1140,-1,1090,1140,1141,-1,1141,1140,1142,-1,1141,1142,1143,-1,1143,1142,1144,-1,1143,1144,1145,-1,1145,1144,1146,-1,1145,1146,1147,-1,1147,1146,1148,-1,1147,1148,1149,-1,1149,1148,1150,-1,1149,1150,1122,-1,1122,1150,1151,-1,1122,1151,1123,-1,1057,1055,1102,-1,1102,1055,1104,-1,1057,1102,1100,-1,1057,1100,1059,-1,1059,1100,1098,-1,1059,1098,1061,-1,1061,1098,1096,-1,1061,1096,1063,-1,1063,1096,1094,-1,1063,1094,1064,-1,1064,1094,1092,-1,1064,1092,1005,-1,1005,1092,1138,-1,1005,1138,1007,-1,1007,1138,1137,-1,1007,1137,1009,-1,1009,1137,1135,-1,1009,1135,1011,-1,1011,1135,1133,-1,1011,1133,1013,-1,1013,1133,1131,-1,1013,1131,1015,-1,1015,1131,1129,-1,1015,1129,1017,-1,1017,1129,1127,-1,1017,1127,1019,-1,1019,1127,1125,-1,1019,1125,1065,-1,1065,1125,1123,-1,1065,1123,1066,-1,1066,1123,1151,-1,1066,1151,1068,-1,1068,1151,1150,-1,1068,1150,1070,-1,1070,1150,1148,-1,1070,1148,1072,-1,1072,1148,1146,-1,1072,1146,1074,-1,1074,1146,1144,-1,1074,1144,1076,-1,1076,1144,1142,-1,1076,1142,1077,-1,1077,1142,1140,-1,1077,1140,1022,-1,1022,1140,1139,-1,1022,1139,1024,-1,1024,1139,1089,-1,1024,1089,1026,-1,1026,1089,1087,-1,1026,1087,1028,-1,1028,1087,1085,-1,1028,1085,1030,-1,1030,1085,1083,-1,1030,1083,1031,-1,1031,1083,1081,-1,1031,1081,1033,-1,1033,1081,1079,-1,1033,1079,1035,-1,1035,1079,1121,-1,1035,1121,1037,-1,1037,1121,1120,-1,1037,1120,1039,-1,1039,1120,1118,-1,1039,1118,1041,-1,1041,1118,1116,-1,1041,1116,1043,-1,1043,1116,1114,-1,1043,1114,1045,-1,1045,1114,1112,-1,1045,1112,1047,-1,1047,1112,1110,-1,1047,1110,1049,-1,1049,1110,1108,-1,1049,1108,1051,-1,1053,1051,1106,-1,1106,1051,1108,-1,1055,1053,1104,-1,1104,1053,1106,-1,1050,1052,1107,-1,1107,1052,1105,-1,1052,1054,1105,-1,1105,1054,1103,-1,1054,1056,1103,-1,1103,1056,1101,-1,1012,1132,1134,-1,1012,1134,1010,-1,1010,1134,1136,-1,1010,1136,1008,-1,1008,1136,1091,-1,1008,1091,1006,-1,1006,1091,1093,-1,1006,1093,1004,-1,1004,1093,1095,-1,1004,1095,1062,-1,1062,1095,1097,-1,1062,1097,1060,-1,1060,1097,1099,-1,1060,1099,1058,-1,1058,1099,1101,-1,1058,1101,1056,-1,1073,1145,1147,-1,1073,1147,1071,-1,1071,1147,1149,-1,1071,1149,1069,-1,1069,1149,1122,-1,1069,1122,1067,-1,1067,1122,1124,-1,1067,1124,1020,-1,1020,1124,1126,-1,1020,1126,1018,-1,1018,1126,1128,-1,1018,1128,1016,-1,1016,1128,1130,-1,1016,1130,1014,-1,1014,1130,1132,-1,1014,1132,1012,-1,1034,1080,1082,-1,1034,1082,1032,-1,1032,1082,1084,-1,1032,1084,1029,-1,1029,1084,1086,-1,1029,1086,1027,-1,1027,1086,1088,-1,1027,1088,1025,-1,1025,1088,1090,-1,1025,1090,1023,-1,1023,1090,1141,-1,1023,1141,1021,-1,1021,1141,1143,-1,1021,1143,1075,-1,1075,1143,1145,-1,1075,1145,1073,-1,1050,1107,1109,-1,1050,1109,1048,-1,1048,1109,1111,-1,1048,1111,1046,-1,1046,1111,1113,-1,1046,1113,1044,-1,1044,1113,1115,-1,1044,1115,1042,-1,1042,1115,1117,-1,1042,1117,1040,-1,1040,1117,1119,-1,1040,1119,1038,-1,1038,1119,1078,-1,1038,1078,1036,-1,1036,1078,1080,-1,1036,1080,1034,-1,1152,1153,1154,-1,1155,1156,1157,-1,1153,1158,1154,-1,1154,1158,1159,-1,1154,1159,1160,-1,1160,1159,1161,-1,1160,1161,1162,-1,1162,1163,1160,-1,1160,1163,1164,-1,1160,1164,1165,-1,1166,1165,1167,-1,1167,1165,1164,-1,1167,1164,1157,-1,1157,1164,1152,-1,1157,1152,1155,-1,1155,1152,1154,-1,1168,1169,1170,-1,1170,1169,1171,-1,1172,1173,1171,-1,1171,1173,1174,-1,1171,1174,1170,-1,1170,1174,1175,-1,1172,1176,1173,-1,1173,1176,1177,-1,1173,1177,1178,-1,1178,1177,1179,-1,1178,1179,1180,-1,1180,1181,1178,-1,1178,1181,1169,-1,1178,1169,1182,-1,1182,1169,1168,-1,1182,1168,1183,-1,1160,1165,1173,-1,1173,1165,1174,-1,1154,1160,1178,-1,1178,1160,1173,-1,1155,1154,1182,-1,1182,1154,1178,-1,1156,1155,1183,-1,1183,1155,1182,-1,1157,1156,1168,-1,1168,1156,1183,-1,1167,1157,1170,-1,1170,1157,1168,-1,1166,1167,1175,-1,1175,1167,1170,-1,1165,1166,1174,-1,1174,1166,1175,-1,1152,1164,1169,-1,1169,1164,1171,-1,1164,1163,1171,-1,1171,1163,1172,-1,1161,1177,1176,-1,1161,1176,1162,-1,1162,1176,1172,-1,1162,1172,1163,-1,1161,1159,1177,-1,1177,1159,1179,-1,1153,1181,1180,-1,1153,1180,1158,-1,1158,1180,1179,-1,1158,1179,1159,-1,1153,1152,1181,-1,1181,1152,1169,-1,1184,1185,1186,-1,1187,1188,1189,-1,1190,1191,1192,-1,1193,1194,1195,-1,1195,1194,1196,-1,1197,1198,1199,-1,1200,1201,1202,-1,1202,1201,1203,-1,1202,1203,1204,-1,1205,1206,1207,-1,1207,1206,1186,-1,1207,1186,1208,-1,1209,1210,1211,-1,1212,1213,1186,-1,1186,1213,1214,-1,1186,1214,1184,-1,1215,1216,1193,-1,1193,1216,1217,-1,1193,1217,1194,-1,1218,1219,1220,-1,1220,1219,1190,-1,1221,1222,1223,-1,1224,1225,1226,-1,1190,1192,1220,-1,1220,1192,1227,-1,1220,1227,1193,-1,1193,1227,1228,-1,1193,1228,1215,-1,1229,1230,1196,-1,1196,1230,1231,-1,1196,1231,1195,-1,1232,1185,1233,-1,1233,1185,1234,-1,1233,1234,1235,-1,1236,1237,1238,-1,1238,1237,1239,-1,1238,1239,1205,-1,1205,1239,1240,-1,1205,1240,1206,-1,1223,1241,1221,-1,1221,1241,1242,-1,1221,1242,1236,-1,1236,1242,1243,-1,1236,1243,1237,-1,1211,1210,1244,-1,1244,1210,1245,-1,1244,1245,1246,-1,1246,1245,1247,-1,1246,1247,1248,-1,1199,1198,1249,-1,1249,1198,1250,-1,1249,1250,1251,-1,1252,1253,1186,-1,1186,1253,1254,-1,1186,1254,1212,-1,1224,1226,1255,-1,1255,1226,1256,-1,1255,1256,1257,-1,1257,1256,1258,-1,1257,1258,1259,-1,1191,1190,1221,-1,1221,1190,1260,-1,1221,1260,1261,-1,1261,1262,1221,-1,1221,1262,1263,-1,1221,1263,1222,-1,1264,1265,1266,-1,1266,1265,1267,-1,1266,1267,1268,-1,1268,1267,1269,-1,1268,1269,1270,-1,1270,1269,1271,-1,1270,1271,1272,-1,1273,1274,1275,-1,1275,1274,1276,-1,1275,1276,1252,-1,1252,1276,1277,-1,1252,1277,1253,-1,1225,1224,1278,-1,1278,1224,1279,-1,1278,1279,1280,-1,1280,1279,1281,-1,1280,1281,1282,-1,1282,1281,1283,-1,1282,1283,1189,-1,1189,1283,1284,-1,1189,1284,1187,-1,1232,1285,1185,-1,1185,1285,1286,-1,1185,1286,1186,-1,1186,1286,1287,-1,1186,1287,1208,-1,1211,1288,1209,-1,1209,1288,1289,-1,1209,1289,1290,-1,1290,1289,1291,-1,1290,1291,1292,-1,1292,1291,1293,-1,1292,1293,1294,-1,1294,1293,1295,-1,1294,1295,1296,-1,1199,1297,1197,-1,1197,1297,1298,-1,1197,1298,1299,-1,1299,1298,1300,-1,1299,1300,1301,-1,1301,1300,1302,-1,1301,1302,1303,-1,1303,1302,1189,-1,1303,1189,1304,-1,1304,1189,1188,-1,1202,1305,1200,-1,1200,1305,1306,-1,1200,1306,1307,-1,1307,1306,1308,-1,1307,1308,1309,-1,1310,1311,1312,-1,1312,1311,1313,-1,1312,1313,1314,-1,1314,1313,1315,-1,1314,1315,1273,-1,1273,1315,1316,-1,1273,1316,1274,-1,1317,1318,1319,-1,1319,1318,1320,-1,1319,1320,1229,-1,1229,1320,1321,-1,1229,1321,1230,-1,1234,1322,1235,-1,1235,1322,1323,-1,1235,1323,1324,-1,1324,1323,1325,-1,1324,1325,1326,-1,1327,1328,1329,-1,1329,1328,1330,-1,1329,1330,1331,-1,1331,1330,1332,-1,1331,1332,1264,-1,1264,1332,1333,-1,1264,1333,1265,-1,1295,1334,1296,-1,1296,1334,1335,-1,1296,1335,1336,-1,1336,1335,1337,-1,1336,1337,1327,-1,1327,1337,1338,-1,1327,1338,1328,-1,1325,1339,1326,-1,1326,1339,1340,-1,1326,1340,1317,-1,1317,1340,1341,-1,1317,1341,1318,-1,1342,1343,1344,-1,1345,1346,1347,-1,1347,1346,1348,-1,1349,1350,1351,-1,1351,1350,1352,-1,1351,1352,1353,-1,1353,1352,1354,-1,1353,1354,1355,-1,1355,1354,1356,-1,1355,1356,1357,-1,1357,1356,1358,-1,1357,1358,1310,-1,1310,1358,1359,-1,1310,1359,1311,-1,1204,1360,1202,-1,1202,1360,1361,-1,1202,1361,1362,-1,1362,1361,1363,-1,1362,1363,1364,-1,1364,1363,1272,-1,1364,1272,1365,-1,1365,1272,1271,-1,1366,1367,1342,-1,1342,1367,1368,-1,1342,1368,1343,-1,1247,1369,1248,-1,1248,1369,1342,-1,1248,1342,1370,-1,1370,1342,1344,-1,1251,1250,1371,-1,1371,1250,1372,-1,1371,1372,1345,-1,1345,1372,1373,-1,1345,1373,1346,-1,1374,1375,1376,-1,1375,1377,1376,-1,1376,1377,1378,-1,1376,1378,1379,-1,1258,1380,1259,-1,1259,1380,1381,-1,1259,1381,1382,-1,1382,1381,1383,-1,1382,1383,1349,-1,1349,1383,1384,-1,1349,1384,1350,-1,1366,1342,1376,-1,1376,1342,1385,-1,1376,1385,1374,-1,1308,1386,1309,-1,1309,1386,1387,-1,1309,1387,1388,-1,1388,1387,1389,-1,1388,1389,1390,-1,1390,1389,1391,-1,1390,1391,1392,-1,1392,1391,1393,-1,1392,1393,1394,-1,1394,1393,1395,-1,1394,1395,1348,-1,1348,1395,1396,-1,1348,1396,1347,-1,1397,1398,1399,-1,1399,1398,1400,-1,1399,1400,1401,-1,1402,1403,1404,-1,1405,1406,1407,-1,1407,1406,1408,-1,1407,1408,1409,-1,1400,1410,1401,-1,1401,1410,1411,-1,1401,1411,1412,-1,1412,1411,1413,-1,1414,1415,1407,-1,1407,1415,1402,-1,1407,1402,1405,-1,1416,1417,1418,-1,1419,1420,1421,-1,1421,1420,1422,-1,1421,1422,1423,-1,1424,1425,1426,-1,1427,1428,1401,-1,1401,1428,1429,-1,1401,1429,1399,-1,1399,1429,1430,-1,1431,1432,1433,-1,1433,1432,1434,-1,1435,1436,1437,-1,1437,1436,1438,-1,1437,1438,1439,-1,1439,1438,1440,-1,1439,1440,1441,-1,1407,1442,1414,-1,1414,1442,1443,-1,1414,1443,1444,-1,1444,1443,1445,-1,1444,1445,1446,-1,1446,1445,1447,-1,1446,1447,1448,-1,1404,1449,1402,-1,1402,1449,1450,-1,1402,1450,1405,-1,1451,1452,1453,-1,1453,1452,1454,-1,1453,1454,1455,-1,1455,1454,1456,-1,1455,1456,1457,-1,1418,1417,1458,-1,1458,1417,1459,-1,1458,1459,1460,-1,1461,1462,1456,-1,1463,1464,1411,-1,1411,1464,1465,-1,1411,1465,1413,-1,1434,1466,1433,-1,1433,1466,1467,-1,1433,1467,1468,-1,1468,1467,1441,-1,1468,1441,1469,-1,1469,1441,1440,-1,1460,1459,1470,-1,1470,1459,1471,-1,1470,1471,1433,-1,1433,1471,1472,-1,1433,1472,1431,-1,1473,1474,1475,-1,1475,1474,1476,-1,1475,1476,1477,-1,1477,1476,1478,-1,1477,1478,1479,-1,1479,1478,1480,-1,1479,1480,1481,-1,1482,1483,1484,-1,1484,1483,1485,-1,1484,1485,1486,-1,1486,1485,1487,-1,1486,1487,1488,-1,1462,1489,1456,-1,1456,1489,1490,-1,1456,1490,1457,-1,1422,1491,1423,-1,1423,1491,1492,-1,1423,1492,1493,-1,1493,1492,1494,-1,1493,1494,1408,-1,1408,1494,1495,-1,1408,1495,1409,-1,1426,1425,1496,-1,1496,1425,1497,-1,1496,1497,1401,-1,1401,1497,1498,-1,1401,1498,1427,-1,1499,1500,1501,-1,1501,1500,1502,-1,1501,1502,1503,-1,1426,1504,1424,-1,1424,1504,1505,-1,1424,1505,1506,-1,1506,1505,1507,-1,1506,1507,1419,-1,1419,1507,1508,-1,1419,1508,1420,-1,1502,1509,1503,-1,1503,1509,1510,-1,1503,1510,1511,-1,1511,1510,1512,-1,1511,1512,1513,-1,1513,1512,1399,-1,1513,1399,1514,-1,1514,1399,1430,-1,1499,1515,1516,-1,1517,1518,1519,-1,1519,1518,1520,-1,1519,1520,1521,-1,1447,1522,1448,-1,1448,1522,1523,-1,1448,1523,1524,-1,1524,1523,1525,-1,1524,1525,1526,-1,1526,1525,1527,-1,1526,1527,1528,-1,1528,1527,1529,-1,1528,1529,1530,-1,1530,1529,1531,-1,1530,1531,1517,-1,1517,1531,1532,-1,1517,1532,1518,-1,1533,1534,1535,-1,1535,1534,1536,-1,1487,1537,1488,-1,1488,1537,1538,-1,1488,1538,1539,-1,1539,1538,1540,-1,1539,1540,1473,-1,1473,1540,1541,-1,1473,1541,1474,-1,1456,1542,1461,-1,1461,1542,1543,-1,1461,1543,1544,-1,1544,1543,1545,-1,1544,1545,1546,-1,1546,1545,1547,-1,1546,1547,1548,-1,1548,1547,1549,-1,1548,1549,1482,-1,1482,1549,1550,-1,1482,1550,1483,-1,1551,1552,1499,-1,1499,1552,1553,-1,1499,1553,1515,-1,1516,1554,1499,-1,1499,1554,1555,-1,1499,1555,1500,-1,1520,1556,1521,-1,1521,1556,1557,-1,1521,1557,1558,-1,1558,1557,1559,-1,1558,1559,1560,-1,1560,1559,1561,-1,1560,1561,1435,-1,1435,1561,1562,-1,1435,1562,1436,-1,1480,1563,1481,-1,1481,1563,1564,-1,1481,1564,1565,-1,1565,1564,1566,-1,1565,1566,1567,-1,1567,1566,1568,-1,1567,1568,1569,-1,1569,1568,1570,-1,1569,1570,1571,-1,1571,1570,1572,-1,1571,1572,1573,-1,1573,1572,1574,-1,1573,1574,1535,-1,1535,1574,1575,-1,1535,1575,1533,-1,1536,1576,1535,-1,1535,1576,1577,-1,1535,1577,1578,-1,1403,1402,1499,-1,1499,1402,1579,-1,1499,1579,1551,-1,1580,1581,1578,-1,1578,1581,1582,-1,1578,1582,1583,-1,1584,1585,1586,-1,1586,1585,1587,-1,1586,1587,1451,-1,1451,1587,1588,-1,1451,1588,1452,-1,1418,1589,1416,-1,1416,1589,1590,-1,1416,1590,1591,-1,1591,1590,1592,-1,1591,1592,1593,-1,1593,1592,1594,-1,1593,1594,1595,-1,1595,1594,1596,-1,1595,1596,1597,-1,1597,1596,1598,-1,1597,1598,1599,-1,1599,1598,1600,-1,1599,1600,1601,-1,1601,1600,1602,-1,1601,1602,1603,-1,1603,1602,1604,-1,1603,1604,1605,-1,1605,1604,1606,-1,1605,1606,1584,-1,1584,1606,1607,-1,1584,1607,1585,-1,1583,1608,1578,-1,1578,1608,1609,-1,1578,1609,1535,-1,1330,1537,1487,-1,1330,1487,1332,-1,1332,1487,1485,-1,1332,1485,1333,-1,1333,1485,1483,-1,1333,1483,1265,-1,1265,1483,1550,-1,1265,1550,1267,-1,1267,1550,1549,-1,1267,1549,1269,-1,1269,1549,1547,-1,1269,1547,1271,-1,1271,1547,1545,-1,1271,1545,1365,-1,1365,1545,1543,-1,1365,1543,1364,-1,1364,1543,1542,-1,1364,1542,1362,-1,1362,1542,1456,-1,1362,1456,1202,-1,1202,1456,1454,-1,1202,1454,1305,-1,1305,1454,1452,-1,1305,1452,1306,-1,1306,1452,1588,-1,1306,1588,1308,-1,1308,1588,1587,-1,1308,1587,1386,-1,1386,1587,1585,-1,1386,1585,1387,-1,1387,1585,1607,-1,1387,1607,1389,-1,1389,1607,1606,-1,1389,1606,1391,-1,1391,1606,1604,-1,1391,1604,1393,-1,1393,1604,1602,-1,1393,1602,1395,-1,1395,1602,1600,-1,1395,1600,1396,-1,1396,1600,1598,-1,1396,1598,1347,-1,1347,1598,1596,-1,1347,1596,1345,-1,1345,1596,1594,-1,1345,1594,1371,-1,1371,1594,1592,-1,1371,1592,1251,-1,1251,1592,1590,-1,1251,1590,1249,-1,1249,1590,1589,-1,1249,1589,1199,-1,1199,1589,1418,-1,1199,1418,1297,-1,1297,1418,1458,-1,1297,1458,1298,-1,1298,1458,1460,-1,1298,1460,1300,-1,1300,1460,1470,-1,1300,1470,1302,-1,1302,1470,1433,-1,1302,1433,1189,-1,1189,1433,1468,-1,1189,1468,1282,-1,1282,1468,1469,-1,1282,1469,1280,-1,1280,1469,1440,-1,1280,1440,1278,-1,1278,1440,1438,-1,1278,1438,1225,-1,1225,1438,1436,-1,1225,1436,1226,-1,1226,1436,1562,-1,1226,1562,1256,-1,1256,1562,1561,-1,1256,1561,1258,-1,1258,1561,1559,-1,1258,1559,1380,-1,1380,1559,1557,-1,1380,1557,1381,-1,1381,1557,1556,-1,1381,1556,1383,-1,1383,1556,1520,-1,1383,1520,1384,-1,1384,1520,1518,-1,1384,1518,1350,-1,1350,1518,1532,-1,1350,1532,1352,-1,1352,1532,1531,-1,1352,1531,1354,-1,1354,1531,1529,-1,1354,1529,1356,-1,1356,1529,1527,-1,1356,1527,1358,-1,1358,1527,1525,-1,1358,1525,1359,-1,1359,1525,1523,-1,1359,1523,1311,-1,1311,1523,1522,-1,1311,1522,1313,-1,1313,1522,1447,-1,1313,1447,1315,-1,1315,1447,1445,-1,1315,1445,1316,-1,1316,1445,1443,-1,1316,1443,1274,-1,1274,1443,1442,-1,1274,1442,1276,-1,1276,1442,1407,-1,1276,1407,1277,-1,1277,1407,1409,-1,1277,1409,1253,-1,1253,1409,1495,-1,1253,1495,1254,-1,1254,1495,1494,-1,1254,1494,1212,-1,1212,1494,1492,-1,1212,1492,1213,-1,1213,1492,1491,-1,1213,1491,1214,-1,1214,1491,1422,-1,1214,1422,1184,-1,1184,1422,1420,-1,1184,1420,1185,-1,1185,1420,1508,-1,1185,1508,1234,-1,1234,1508,1507,-1,1234,1507,1322,-1,1322,1507,1505,-1,1322,1505,1323,-1,1323,1505,1504,-1,1323,1504,1325,-1,1325,1504,1426,-1,1325,1426,1339,-1,1339,1426,1496,-1,1339,1496,1340,-1,1340,1496,1401,-1,1340,1401,1341,-1,1341,1401,1412,-1,1341,1412,1318,-1,1318,1412,1413,-1,1318,1413,1320,-1,1320,1413,1465,-1,1320,1465,1321,-1,1321,1465,1464,-1,1321,1464,1230,-1,1230,1464,1463,-1,1230,1463,1231,-1,1231,1463,1411,-1,1231,1411,1195,-1,1195,1411,1410,-1,1195,1410,1193,-1,1220,1193,1400,-1,1400,1193,1410,-1,1218,1220,1398,-1,1398,1220,1400,-1,1219,1218,1397,-1,1397,1218,1398,-1,1190,1219,1399,-1,1399,1219,1397,-1,1190,1399,1512,-1,1190,1512,1260,-1,1260,1512,1510,-1,1260,1510,1261,-1,1261,1510,1509,-1,1261,1509,1262,-1,1262,1509,1502,-1,1262,1502,1263,-1,1263,1502,1500,-1,1263,1500,1222,-1,1222,1500,1555,-1,1222,1555,1223,-1,1223,1555,1554,-1,1223,1554,1241,-1,1241,1554,1516,-1,1241,1516,1242,-1,1242,1516,1515,-1,1242,1515,1243,-1,1243,1515,1553,-1,1243,1553,1237,-1,1237,1553,1552,-1,1237,1552,1239,-1,1239,1552,1551,-1,1239,1551,1240,-1,1240,1551,1579,-1,1240,1579,1206,-1,1206,1579,1402,-1,1206,1402,1186,-1,1186,1402,1415,-1,1186,1415,1252,-1,1252,1415,1414,-1,1252,1414,1275,-1,1275,1414,1444,-1,1275,1444,1273,-1,1273,1444,1446,-1,1273,1446,1314,-1,1314,1446,1448,-1,1314,1448,1312,-1,1312,1448,1524,-1,1312,1524,1310,-1,1310,1524,1526,-1,1310,1526,1357,-1,1357,1526,1528,-1,1357,1528,1355,-1,1355,1528,1530,-1,1355,1530,1353,-1,1353,1530,1517,-1,1353,1517,1351,-1,1351,1517,1519,-1,1351,1519,1349,-1,1349,1519,1521,-1,1349,1521,1382,-1,1382,1521,1558,-1,1382,1558,1259,-1,1259,1558,1560,-1,1259,1560,1257,-1,1257,1560,1435,-1,1257,1435,1255,-1,1255,1435,1437,-1,1255,1437,1224,-1,1224,1437,1439,-1,1224,1439,1279,-1,1279,1439,1441,-1,1279,1441,1281,-1,1281,1441,1467,-1,1281,1467,1283,-1,1283,1467,1466,-1,1283,1466,1284,-1,1284,1466,1434,-1,1284,1434,1187,-1,1187,1434,1432,-1,1187,1432,1188,-1,1188,1432,1431,-1,1188,1431,1304,-1,1304,1431,1472,-1,1304,1472,1303,-1,1303,1472,1471,-1,1303,1471,1301,-1,1301,1471,1459,-1,1301,1459,1299,-1,1299,1459,1417,-1,1299,1417,1197,-1,1197,1417,1416,-1,1197,1416,1198,-1,1198,1416,1591,-1,1198,1591,1250,-1,1250,1591,1593,-1,1250,1593,1372,-1,1372,1593,1595,-1,1372,1595,1373,-1,1373,1595,1597,-1,1373,1597,1346,-1,1346,1597,1599,-1,1346,1599,1348,-1,1348,1599,1601,-1,1348,1601,1394,-1,1394,1601,1603,-1,1394,1603,1392,-1,1392,1603,1605,-1,1392,1605,1390,-1,1390,1605,1584,-1,1390,1584,1388,-1,1388,1584,1586,-1,1388,1586,1309,-1,1309,1586,1451,-1,1309,1451,1307,-1,1307,1451,1453,-1,1307,1453,1200,-1,1200,1453,1455,-1,1200,1455,1201,-1,1201,1455,1457,-1,1201,1457,1203,-1,1203,1457,1490,-1,1203,1490,1204,-1,1360,1204,1489,-1,1489,1204,1490,-1,1360,1489,1462,-1,1360,1462,1361,-1,1361,1462,1461,-1,1361,1461,1363,-1,1363,1461,1544,-1,1363,1544,1272,-1,1272,1544,1546,-1,1272,1546,1270,-1,1270,1546,1548,-1,1270,1548,1268,-1,1268,1548,1482,-1,1268,1482,1266,-1,1266,1482,1484,-1,1266,1484,1264,-1,1264,1484,1486,-1,1264,1486,1331,-1,1331,1486,1488,-1,1331,1488,1329,-1,1329,1488,1539,-1,1329,1539,1327,-1,1327,1539,1473,-1,1327,1473,1336,-1,1336,1473,1475,-1,1336,1475,1296,-1,1296,1475,1477,-1,1296,1477,1294,-1,1294,1477,1479,-1,1294,1479,1292,-1,1292,1479,1481,-1,1292,1481,1290,-1,1290,1481,1565,-1,1290,1565,1209,-1,1209,1565,1567,-1,1209,1567,1210,-1,1210,1567,1569,-1,1210,1569,1245,-1,1247,1245,1571,-1,1571,1245,1569,-1,1247,1571,1573,-1,1247,1573,1369,-1,1369,1573,1535,-1,1369,1535,1342,-1,1342,1535,1609,-1,1342,1609,1385,-1,1385,1609,1608,-1,1385,1608,1374,-1,1374,1608,1583,-1,1374,1583,1375,-1,1375,1583,1582,-1,1375,1582,1377,-1,1377,1582,1581,-1,1377,1581,1378,-1,1378,1581,1580,-1,1378,1580,1379,-1,1379,1580,1578,-1,1379,1578,1376,-1,1376,1578,1577,-1,1376,1577,1366,-1,1366,1577,1576,-1,1366,1576,1367,-1,1367,1576,1536,-1,1367,1536,1368,-1,1368,1536,1534,-1,1368,1534,1343,-1,1343,1534,1533,-1,1343,1533,1344,-1,1344,1533,1575,-1,1344,1575,1370,-1,1370,1575,1574,-1,1370,1574,1248,-1,1248,1574,1572,-1,1248,1572,1246,-1,1244,1246,1570,-1,1570,1246,1572,-1,1244,1570,1568,-1,1244,1568,1211,-1,1211,1568,1566,-1,1211,1566,1288,-1,1288,1566,1564,-1,1288,1564,1289,-1,1289,1564,1563,-1,1289,1563,1291,-1,1291,1563,1480,-1,1291,1480,1293,-1,1293,1480,1478,-1,1293,1478,1295,-1,1295,1478,1476,-1,1295,1476,1334,-1,1334,1476,1474,-1,1334,1474,1335,-1,1335,1474,1541,-1,1335,1541,1337,-1,1337,1541,1540,-1,1337,1540,1338,-1,1338,1540,1538,-1,1338,1538,1328,-1,1328,1538,1537,-1,1328,1537,1330,-1,1191,1499,1501,-1,1191,1501,1192,-1,1192,1501,1503,-1,1192,1503,1227,-1,1227,1503,1511,-1,1227,1511,1228,-1,1228,1511,1513,-1,1228,1513,1215,-1,1215,1513,1514,-1,1215,1514,1216,-1,1216,1514,1430,-1,1216,1430,1217,-1,1217,1430,1429,-1,1217,1429,1194,-1,1194,1429,1428,-1,1194,1428,1196,-1,1196,1428,1427,-1,1196,1427,1229,-1,1229,1427,1498,-1,1229,1498,1319,-1,1319,1498,1497,-1,1319,1497,1317,-1,1317,1497,1425,-1,1317,1425,1326,-1,1326,1425,1424,-1,1326,1424,1324,-1,1324,1424,1506,-1,1324,1506,1235,-1,1235,1506,1419,-1,1235,1419,1233,-1,1233,1419,1421,-1,1233,1421,1232,-1,1232,1421,1423,-1,1232,1423,1285,-1,1285,1423,1493,-1,1285,1493,1286,-1,1286,1493,1408,-1,1286,1408,1287,-1,1287,1408,1406,-1,1287,1406,1208,-1,1208,1406,1405,-1,1208,1405,1207,-1,1207,1405,1450,-1,1207,1450,1205,-1,1205,1450,1449,-1,1205,1449,1238,-1,1238,1449,1404,-1,1238,1404,1236,-1,1236,1404,1403,-1,1236,1403,1221,-1,1221,1403,1499,-1,1221,1499,1191,-1,
        ]
    }
}