#VRML V2.0 utf8
# 3D model generated by easyeda2kicad.py (https://github.com/uPesy/easyeda2kicad.py)

Shape{
    appearance Appearance {
        material  Material 	{
            diffuseColor 0.7529411764705882 0.7529411764705882 0.7529411764705882
            specularColor 0.3764705882352941 0.3764705882352941 0.3764705882352941
            ambientIntensity 0.7529
            transparency 0.0
            shininess 0.5
        }
    }
    geometry IndexedFaceSet {
        ccw TRUE
        solid FALSE
        coord DEF co Coordinate {
            point [
                -0.0179 -3.2972 5.8096, -0.0179 -3.2972 5.7462, 0.1362 -3.2972 5.7462, -0.0179 -3.2972 6.0637, -0.0179 -3.2972 6.0167, 0.1362 -3.2972 6.0167, 0.3881 -3.2972 5.7791, 0.3918 -3.2972 5.7832, 0.3918 -3.2972 5.8096, 0.1976 -3.2972 6.2251, 0.2094 -3.2972 6.2265, 0.1458 -3.2972 6.2265, 0.2386 -3.2972 6.0647, 0.2283 -3.2972 6.0637, 0.2813 -3.2972 6.0637, 2.9725 -3.2972 6.3346, 2.9725 -3.2972 6.5709, 0.5924 -3.2972 6.5709, -2.9724 -3.2972 6.3346, -3.0472 -3.2972 6.3346, -3.0472 -3.2972 6.2265, 0.3113 -3.2972 6.2068, 0.3113 -3.2972 6.1555, 0.3545 -3.2972 6.1555, 0.3191 -3.2972 5.8099, 0.3163 -3.2972 5.8096, 0.3545 -3.2972 5.8096, 0.2851 -3.2972 5.8103, 0.2813 -3.2972 5.8117, 0.2813 -3.2972 5.8096, 0.5118 -3.2972 5.8831, 0.5118 -3.2972 5.8293, 0.5418 -3.2972 5.8293, -0.1568 -3.2972 6.1003, -0.1259 -3.2972 6.0742, -0.0179 -3.2972 6.2265, -0.2835 -3.2972 6.2265, -0.2577 -3.2972 6.2089, -0.2199 -3.2972 6.1651, -0.1962 -3.2972 6.119, -0.1907 -3.2972 6.1171, -0.3622 -3.2972 6.2625, -0.3053 -3.2972 6.2415, -0.0179 -3.2972 6.5709, -0.5199 -3.2972 6.2417, -0.4673 -3.2972 6.2616, -1.9286 -3.2972 6.5709, -0.4126 -3.2972 6.2681, -0.5492 -3.2972 6.2237, -0.5447 -3.2972 6.2265, -1.9286 -3.2972 6.2265, -1.9286 -3.2972 6.0637, -0.7938 -3.2972 6.0637, -0.7838 -3.2972 6.0862, -0.7564 -3.2972 6.1213, -0.6703 -3.2972 6.1704, -0.6255 -3.2972 6.1759, -0.5759 -3.2972 6.2008, -0.6124 -3.2972 6.1752, -0.5993 -3.2972 6.1736, -0.7487 -3.2972 6.1285, -0.7125 -3.2972 6.154, -0.7266 -3.2972 5.8371, -0.7621 -3.2972 5.8674, -1.9286 -3.2972 5.8096, -0.6854 -3.2972 5.817, -0.7881 -3.2972 5.9045, -0.8044 -3.2972 5.9469, -1.9286 -3.2972 6.0167, -0.8099 -3.2972 5.9915, -0.8096 -3.2972 6.0024, -0.807 -3.2972 6.0167, -0.802 -3.2972 6.0452, -0.671 -3.2972 5.8127, -0.6696 -3.2972 5.8096, -0.6596 -3.2972 5.7883, -0.6426 -3.2972 5.7674, -0.5157 -3.2972 5.7462, -0.5353 -3.2972 5.7387, -0.0179 -3.2972 0.4724, -0.5628 -3.2972 5.7353, -1.9286 -3.2972 0.4724, -0.5672 -3.2972 5.7354, -0.5941 -3.2972 5.7396, -1.9286 -3.2972 5.7462, -0.6099 -3.2972 5.7462, -0.6204 -3.2972 5.7506, -0.4562 -3.2972 5.8096, -0.4563 -3.2972 5.8091, -0.4698 -3.2972 5.7838, -0.4872 -3.2972 5.7642, -0.5099 -3.2972 5.7485, -0.0887 -3.2972 6.007, -0.0835 -3.2972 5.9698, -0.3108 -3.2972 5.8768, -0.303 -3.2972 5.8799, -0.2896 -3.2972 5.9448, -0.1256 -3.2972 5.8617, -0.1566 -3.2972 5.8355, -0.4775 -3.2972 5.9254, -0.3249 -3.2972 6.0051, -0.4974 -3.2972 5.9436, -0.5215 -3.2972 5.9565, -0.3178 -3.2972 5.8719, -0.103 -3.2972 5.8932, -0.1547 -3.2972 5.9788, -0.16 -3.2972 6.0006, -0.1687 -3.2972 6.0167, -0.7354 -3.2972 6.0167, -0.0887 -3.2972 5.9292, -0.2941 -3.2972 5.881, -0.293 -3.2972 5.881, -0.2896 -3.2972 5.8802, -0.7286 -3.2972 5.9483, -0.7151 -3.2972 5.9253, -0.6573 -3.2972 5.9135, -0.6947 -3.2972 5.9043, -0.6699 -3.2972 5.889, -0.6152 -3.2972 5.9512, -0.6385 -3.2972 5.935, -0.7382 -3.2972 5.9938, -0.7368 -3.2972 5.9761, -0.5901 -3.2972 5.9608, -0.5628 -3.2972 5.9642, -0.549 -3.2972 5.9633, -0.3294 -3.2972 5.8457, -0.3292 -3.2972 5.8502, -0.449 -3.2972 5.8605, -0.3269 -3.2972 5.8589, -0.3225 -3.2972 5.8667, -0.1772 -3.2972 5.9085, -0.1647 -3.2972 5.9262, -0.1568 -3.2972 5.9465, -0.1541 -3.2972 5.9687, -0.3028 -3.2972 5.8115, -0.3104 -3.2972 5.8144, -0.3178 -3.2972 5.8197, -0.3204 -3.2972 5.8224, -0.3254 -3.2972 5.8295, -0.3284 -3.2972 5.8373, -0.4496 -3.2972 5.8372, -0.449 -3.2972 5.8492, -0.1913 -3.2972 5.8185, -0.2292 -3.2972 5.8104, -0.2964 -3.2972 5.8104, -0.2873 -3.2972 5.8799, -0.2361 -3.2972 5.8799, -0.2156 -3.2972 5.8838, -0.1955 -3.2972 5.8931, -0.1787 -3.2972 5.9069, -0.252 -3.2972 6.0575, -0.725 -3.2972 6.0467, -0.7348 -3.2972 6.0213, -0.2429 -3.2972 6.0575, -0.1706 -3.2972 6.0203, -0.1837 -3.2972 6.0348, -0.2014 -3.2972 6.0472, -0.2212 -3.2972 6.0548, -0.2766 -3.2972 6.126, -0.3023 -3.2972 6.1566, -0.564 -3.2972 6.0905, -0.3051 -3.2972 6.1592, -0.3371 -3.2972 6.1814, -0.5466 -3.2972 6.1266, -0.7132 -3.2972 6.0637, -0.572 -3.2972 6.0949, -0.2534 -3.2972 6.0637, -0.259 -3.2972 6.0893, -0.5976 -3.2972 6.1043, -0.6243 -3.2972 6.1076, -0.6363 -3.2972 6.107, -0.521 -3.2972 6.1571, -0.3728 -3.2972 6.1951, -0.4905 -3.2972 6.1794, -0.4114 -3.2972 6.1998, -0.4533 -3.2972 6.1944, -0.6644 -3.2972 6.1003, -0.6897 -3.2972 6.0868, -0.7092 -3.2972 6.0694, -0.1184 -3.2972 6.0637, -0.1026 -3.2972 6.0418, -0.0926 -3.2972 6.0167, 0.5773 -3.2972 5.8293, 0.5773 -3.2972 5.811, 0.5924 -3.2972 5.8096, 0.5418 -3.2972 5.8096, 0.5924 -3.2972 6.0167, 0.5736 -3.2972 5.9711, 0.5736 -3.2972 5.9527, 0.5691 -3.2972 5.9015, 0.5691 -3.2972 5.8831, 0.5418 -3.2972 5.8831, 0.5418 -3.2972 5.9527, 0.5418 -3.2972 5.9015, 0.5118 -3.2972 5.9527, 0.5118 -3.2972 5.9015, 0.5418 -3.2972 5.811, 0.4911 -3.2972 5.811, 0.4803 -3.2972 5.8096, 0.4911 -3.2972 5.9711, 0.161 -3.2972 5.8654, 0.1641 -3.2972 5.8979, 0.157 -3.2972 5.8597, 0.1543 -3.2972 5.8526, 0.272 -3.2972 5.8357, 0.2449 -3.2972 5.8846, 0.272 -3.2972 5.815, 0.2449 -3.2972 5.811, 0.2147 -3.2972 5.817, 0.2077 -3.2972 5.8124, 0.2248 -3.2972 5.811, 0.2002 -3.2972 5.8096, 0.1833 -3.2972 5.9256, 0.1458 -3.2972 6.0167, 0.1684 -3.2972 5.9198, 0.1641 -3.2972 5.9173, 0.1458 -3.2972 5.7462, 0.1776 -3.2972 5.8096, 0.1458 -3.2972 5.8096, 0.1772 -3.2972 5.8097, 0.1695 -3.2972 5.8126, 0.1671 -3.2972 5.8708, 0.1756 -3.2972 5.8752, 0.1767 -3.2972 5.906, 0.1909 -3.2972 5.879, 0.2084 -3.2972 5.911, 0.2016 -3.2972 5.9117, 0.1892 -3.2972 5.9104, 0.1628 -3.2972 5.8173, 0.1606 -3.2972 5.8196, 0.1564 -3.2972 5.8257, 0.2248 -3.2972 5.8287, 0.2243 -3.2972 5.8287, 0.2211 -3.2972 5.8238, 0.154 -3.2972 5.8325, 0.153 -3.2972 5.8416, 0.2794 -3.2972 5.8311, 0.2813 -3.2972 5.8304, 0.2813 -3.2972 5.8729, 0.273 -3.2972 5.9017, 0.2754 -3.2972 5.9081, 0.2359 -3.2972 5.9156, 0.2432 -3.2972 5.9002, 0.273 -3.2972 5.8867, 0.2035 -3.2972 5.928, 0.2153 -3.2972 5.927, 0.2238 -3.2972 5.9244, 0.2248 -3.2972 5.8837, 0.2241 -3.2972 5.8926, 0.222 -3.2972 5.8997, 0.2197 -3.2972 5.9038, 0.24 -3.2972 5.9092, 0.2722 -3.2972 5.8945, 0.2811 -3.2972 5.873, 0.2779 -3.2972 5.8764, 0.2752 -3.2972 5.8806, 0.2166 -3.2972 5.9071, 0.2131 -3.2972 5.9094, 0.2909 -3.2972 5.8096, 0.2813 -3.2972 5.7462, 0.3031 -3.2972 5.8083, 0.3438 -3.2972 5.9229, 0.3438 -3.2972 5.9034, 0.3483 -3.2972 5.8341, 0.3459 -3.2972 5.8277, 0.3421 -3.2972 5.8224, 0.2791 -3.2972 5.9136, 0.2813 -3.2972 5.9156, 0.2813 -3.2972 6.0167, 0.285 -3.2972 5.9189, 0.2909 -3.2972 5.9224, 0.3018 -3.2972 5.9264, 0.3167 -3.2972 5.928, 0.3545 -3.2972 6.0167, 0.33 -3.2972 5.9269, 0.3426 -3.2972 5.861, 0.3463 -3.2972 5.8555, 0.3485 -3.2972 5.8496, 0.3493 -3.2972 5.8421, 0.3364 -3.2972 5.8174, 0.3302 -3.2972 5.8137, 0.3147 -3.2972 5.9117, 0.3088 -3.2972 5.9113, 0.2928 -3.2972 5.8963, 0.3034 -3.2972 5.9098, 0.2989 -3.2972 5.9074, 0.293 -3.2972 5.8936, 0.2938 -3.2972 5.8905, 0.2953 -3.2972 5.8878, 0.2972 -3.2972 5.8857, 0.3043 -3.2972 5.8812, 0.3284 -3.2972 5.9101, 0.3167 -3.2972 5.8758, 0.3398 -3.2972 5.9058, 0.3245 -3.2972 5.8727, 0.3378 -3.2972 5.8653, 0.2959 -3.2972 5.9048, 0.2942 -3.2972 5.9022, 0.2932 -3.2972 5.8995, 0.2919 -3.2972 5.8263, 0.3025 -3.2972 5.8613, 0.2906 -3.2972 5.8667, 0.305 -3.2972 5.8247, 0.3059 -3.2972 5.8247, 0.3157 -3.2972 5.8558, 0.3162 -3.2972 5.8258, 0.3287 -3.2972 5.8401, 0.3285 -3.2972 5.8426, 0.3214 -3.2972 5.8277, 0.3232 -3.2972 5.8288, 0.3255 -3.2972 5.8309, 0.3273 -3.2972 5.8335, 0.3283 -3.2972 5.8363, 0.3276 -3.2972 5.8458, 0.326 -3.2972 5.8484, 0.3235 -3.2972 5.851, 0.6512 -3.2972 6.1088, 0.5924 -3.2972 6.1088, 0.6675 -3.2972 6.065, 0.5924 -3.2972 6.0637, 0.6903 -3.2972 6.065, 0.6293 -3.2972 6.2252, 3.0473 -3.2972 6.0637, 3.0473 -3.2972 6.2265, 0.5845 -3.2972 6.1088, 0.5691 -3.2972 6.065, 0.5418 -3.2972 6.0637, 0.5462 -3.2972 6.065, 0.5418 -3.2972 6.2265, 0.5924 -3.2972 6.1862, 0.5924 -3.2972 6.2265, 0.6072 -3.2972 6.2252, 0.4803 -3.2972 6.2265, 0.3918 -3.2972 6.2265, 0.4527 -3.2972 6.2252, 0.407 -3.2972 6.2252, 0.407 -3.2972 6.065, 0.3918 -3.2972 6.0637, 0.451 -3.2972 6.065, 0.4803 -3.2972 6.0637, 0.4781 -3.2972 6.0683, 0.5189 -3.2972 6.1984, 0.5288 -3.2972 6.1844, 0.5321 -3.2972 6.1156, 0.5236 -3.2972 6.0994, 0.5132 -3.2972 6.204, 0.5132 -3.2972 6.0875, 0.4963 -3.2972 6.0754, 0.4803 -3.2972 6.0692, 0.4771 -3.2972 6.2225, 0.4803 -3.2972 6.2213, 0.4964 -3.2972 6.2154, 0.5347 -3.2972 6.1691, 0.5373 -3.2972 6.1472, 0.5365 -3.2972 6.1339, 0.3545 -3.2972 6.2265, 0.3731 -3.2972 6.2252, 0.3545 -3.2972 6.2252, 0.3731 -3.2972 6.2068, 0.3767 -3.2972 6.0833, 0.3767 -3.2972 6.065, 0.3545 -3.2972 6.0637, 0.3113 -3.2972 6.0833, 0.3545 -3.2972 6.0833, 0.3113 -3.2972 6.1372, 0.3545 -3.2972 6.1372, 0.3685 -3.2972 6.1372, 0.3685 -3.2972 6.1555, 0.3545 -3.2972 6.2068, 0.2906 -3.2972 6.2252, 0.2813 -3.2972 6.2265, 0.2906 -3.2972 6.065, -2.9724 -3.2972 6.5709, 3.0473 -3.2972 6.3346, 0.2416 -3.2972 6.2262, 0.2585 -3.2972 6.2213, 0.3545 -3.2972 6.065, 0.2585 -3.2972 6.1997, 0.2558 -3.2972 6.0703, 0.2172 -3.2972 6.0808, 0.2272 -3.2972 6.0813, 0.2568 -3.2972 6.2007, 0.1605 -3.2972 6.1371, 0.1631 -3.2972 6.1212, 0.2449 -3.2972 6.0851, 0.2585 -3.2972 6.0915, 0.2585 -3.2972 6.0717, 0.176 -3.2972 6.1902, 0.1683 -3.2972 6.179, 0.1683 -3.2972 6.1083, 0.1761 -3.2972 6.0976, 0.18 -3.2972 6.0938, 0.2208 -3.2972 6.2092, 0.2141 -3.2972 6.2089, 0.1772 -3.2972 6.1915, 0.2002 -3.2972 6.2062, 0.1877 -3.2972 6.2002, 0.1629 -3.2972 6.1652, 0.1603 -3.2972 6.1433, 0.1907 -3.2972 6.0866, 0.2024 -3.2972 6.0824, 0.2405 -3.2972 6.2069, 0.2206 -3.2972 6.2279, 0.1458 -3.2972 6.5709, 0.2378 -3.2972 6.2265, 0.2813 -3.2972 6.5709, 0.1502 -3.2972 6.1891, 0.1618 -3.2972 6.2043, 0.1653 -3.2972 6.2077, 0.1808 -3.2972 6.2186, 0.1458 -3.2972 6.1057, 0.1418 -3.2972 6.1162, 0.1362 -3.2972 6.0637, 0.1386 -3.2972 6.1421, 0.1389 -3.2972 6.1504, 0.1362 -3.2972 6.2265, 0.1426 -3.2972 6.1714, 0.1458 -3.2972 6.179, 0.1706 -3.2972 6.0745, 0.1592 -3.2972 6.0842, 0.1458 -3.2972 6.0637, 0.1578 -3.2972 6.0857, 0.1482 -3.2972 6.0994, 0.2142 -3.2972 6.0623, 0.2024 -3.2972 6.063, 0.1996 -3.2972 6.0637, 0.1854 -3.2972 6.067, 0.2305 -3.2972 5.9207, 0.1996 -3.2972 5.8094, 0.1892 -3.2972 5.8083, 0.4487 -3.2972 5.9254, 0.4695 -3.2972 5.9254, 0.4803 -3.2972 6.0167, 0.5418 -3.2972 5.9711, 0.5418 -3.2972 6.0167, 0.4239 -3.2972 5.8096, 0.412 -3.2972 5.8394, 0.4145 -3.2972 5.83, 0.415 -3.2972 5.83, 0.3918 -3.2972 6.0167, 0.3918 -3.2972 5.8975, 0.4175 -3.2972 5.8392, 0.416 -3.2972 5.8339, 0.3918 -3.2972 5.8437, 0.3597 -3.2972 5.9254, 0.3822 -3.2972 5.9254, 0.4039 -3.2972 5.8096, 0.4046 -3.2972 5.8112, 0.3919 -3.2972 5.7832, 0.3958 -3.2972 5.7904, 0.3545 -3.2972 5.7462, 0.3639 -3.2972 5.7588, 0.3639 -3.2972 5.7766, 0.368 -3.2972 5.7753, 0.3752 -3.2972 5.7743, 0.3918 -3.2972 5.7607, 0.3849 -3.2972 5.7581, 0.3918 -3.2972 5.7462, 0.3768 -3.2972 5.7571, 0.3724 -3.2972 5.7573, 0.3801 -3.2972 5.7749, 0.3845 -3.2972 5.7765, 0.4176 -3.2972 5.7937, 0.4085 -3.2972 5.776, 0.4803 -3.2972 5.7462, 0.4012 -3.2972 5.7672, 0.3998 -3.2972 5.766, 0.3928 -3.2972 5.7611, -3.0472 -3.2972 0.4724, -3.0472 -3.2972 5.7462, -3.0472 -3.2972 5.8096, -3.0472 -3.2972 6.0167, -3.0472 -3.2972 6.0637, 0.1321 -3.2972 6.0833, 0.1321 -3.2972 6.065, 0.0476 -3.2972 6.065, 0.0683 -3.2972 6.2252, 0.0683 -3.2972 6.0833, 0.0476 -3.2972 6.2252, 0.1362 -3.2972 5.8096, 0.1338 -3.2972 5.811, 0.0476 -3.2972 5.811, 0.1338 -3.2972 5.8293, 0.1301 -3.2972 5.9527, 0.0683 -3.2972 5.8831, 0.0683 -3.2972 5.8293, 0.1256 -3.2972 5.8831, 0.1256 -3.2972 5.9015, 0.0683 -3.2972 5.9015, 0.0683 -3.2972 5.9527, 0.0476 -3.2972 5.9711, 0.1301 -3.2972 5.9711, 0.1362 -3.2972 6.5709, 0.5418 -3.2972 6.5709, 0.4803 -3.2972 6.5709, 0.3918 -3.2972 6.5709, 0.3545 -3.2972 6.5709, 0.6075 -3.2972 5.811, 0.6075 -3.2972 5.9711, 0.6516 -3.2972 5.811, 0.868 -3.2972 5.811, 0.8909 -3.2972 5.811, 3.0473 -3.2972 5.8096, 0.8299 -3.2972 5.9711, 3.0473 -3.2972 6.0167, 0.8517 -3.2972 5.8548, 0.785 -3.2972 5.8548, 0.7696 -3.2972 5.811, 0.7468 -3.2972 5.811, 0.6786 -3.2972 5.8143, 0.8078 -3.2972 5.9711, 0.7137 -3.2972 5.9499, 0.7195 -3.2972 5.9443, 0.7294 -3.2972 5.9303, 0.7353 -3.2972 5.9151, 0.7241 -3.2972 5.8453, 0.7137 -3.2972 5.8334, 0.6969 -3.2972 5.8214, 0.6532 -3.2972 5.9711, 0.6776 -3.2972 5.9684, 0.697 -3.2972 5.9614, 0.7379 -3.2972 5.8931, 0.7371 -3.2972 5.8798, 0.7326 -3.2972 5.8616, 0.5418 -3.2972 5.7462, 0.5924 -3.2972 5.7462, 3.0473 -3.2972 5.7462, 0.1362 -3.2972 0.4724, 0.1458 -3.2972 0.4724, 0.2813 -3.2972 0.4724, 0.3545 -3.2972 0.4724, 0.3918 -3.2972 0.4724, 0.4803 -3.2972 0.4724, 0.5418 -3.2972 0.4724, 0.5924 -3.2972 0.4724, 3.0473 -3.2972 0.4724, -3.0512 -1.8996 5.1378, -3.1889 -1.8996 5.1378, -3.0512 -1.7618 5.1378, -3.1889 -1.7618 5.1378, 3.0512 1.8012 5.1378, 3.189 1.8012 5.1378, 3.0512 1.7028 5.1378, 3.189 1.7028 5.1378, -3.0472 -3.0807 6.7126, -3.0512 -3.0807 6.7126, -3.0492 -3.0982 6.7126, -2.559 0.2584 6.7126, -2.5039 0.2584 6.7126, -2.5039 1.0458 6.7126, 2.642 2.038 6.7126, 2.5591 1.9518 6.7126, 2.5591 1.0458 6.7126, 2.504 1.0458 6.7126, 2.504 0.2584 6.7126, 2.5591 0.2584 6.7126, 3.0281 -3.1363 6.7126, 3.0407 -3.12 6.7126, 3.0473 -3.0807 6.7126, 3.0485 -3.101 6.7126, 3.0512 -3.0807 6.7126, -3.034 -3.1298 6.7126, -3.0215 -3.1422 6.7126, -2.9724 -3.1555 6.7126, -3.0472 2.9823 6.7126, 2.9725 -3.1594 6.7126, 2.9929 -3.1567 6.7126, 3.0118 -3.1489 6.7126, 3.0473 2.9823 6.7126, 3.0512 2.9823 6.7126, 3.0485 3.0027 6.7126, -1.7323 2.4239 6.7126, -1.8225 2.5269 6.7126, -1.7323 1.9518 6.7126, -1.8225 2.038 6.7126, -2.559 1.9518 6.7126, -2.6419 2.038 6.7126, -2.559 1.0458 6.7126, -2.559 -0.6476 6.7126, 2.9725 -3.1555 6.7126, 2.5591 -0.6476 6.7126, -3.0434 -3.1148 6.7126, -3.0066 -3.1516 6.7126, -2.9899 -3.1574 6.7126, -2.9724 -3.1594 6.7126, 2.9725 3.0571 6.7126, -2.9724 3.0571 6.7126, -0.7766 2.8839 6.7126, -2.6419 2.5269 6.7126, -0.7766 2.4239 6.7126, -2.9724 3.0611 6.7126, -2.9928 3.0584 6.7126, -3.0118 3.0505 6.7126, -3.0281 3.038 6.7126, 0.7767 2.8839 6.7126, 0.7767 2.4239 6.7126, 1.7323 2.4239 6.7126, -3.0512 2.9823 6.7126, -3.0485 3.0027 6.7126, -3.0406 3.0217 6.7126, 3.0407 3.0217 6.7126, 3.0281 3.038 6.7126, 1.7323 1.9518 6.7126, 1.8226 2.038 6.7126, 1.8226 2.5269 6.7126, 2.642 2.5269 6.7126, 3.0118 3.0505 6.7126, 2.9929 3.0584 6.7126, 2.9725 3.0611 6.7126, -3.1889 2.5148 3.8416, -3.1889 2.9085 3.8416, -3.1889 2.9085 2.0572, -3.1889 1.8209 5.0591, -3.1889 2.5148 2.0572, -3.1889 1.8209 0.4528, -3.1889 2.5148 1.2698, -3.1889 3.0571 0.4528, -3.1889 2.9085 1.2698, -3.1889 3.0571 6.2823, -3.1889 2.9085 4.629, -3.1889 1.8338 5.0591, -3.1889 2.5148 4.629, -3.0512 1.8209 5.0591, -3.0512 2.5148 3.8416, -3.0512 1.8338 5.0591, -3.0512 2.5148 4.629, -3.0512 3.0571 6.2823, -3.0512 2.9085 4.629, -3.0512 1.8209 0.4528, -3.0512 2.5148 2.0572, -3.0512 2.9085 3.8416, -3.0512 2.9085 2.0572, -3.0512 3.0571 0.4528, -3.0512 2.9085 1.2698, -3.0512 2.5148 1.2698, -3.1889 -3.0068 2.0572, -3.1889 -3.0068 1.2698, -3.1889 -3.1555 0.4724, -3.1889 -2.6131 2.0572, -3.1889 -1.8799 5.0591, -3.1889 -1.8799 0.4724, -3.1889 -2.6131 1.2698, -3.1889 -3.1555 6.3346, -3.1889 -3.0068 3.8416, -3.1889 -2.6131 3.8416, -3.1889 -2.6131 4.629, -3.1889 -3.0068 4.629, -3.0512 -2.6131 2.0572, -3.0512 -2.6131 1.2698, -3.0512 -1.8799 0.4724, -3.0512 -3.0068 2.0572, -3.0512 -3.1555 6.3346, -3.0512 -3.1555 0.4724, -3.0512 -3.0068 1.2698, -3.0512 -1.8799 5.0591, -3.0512 -2.6131 3.8416, -3.0512 -3.0068 3.8416, -3.0512 -3.0068 4.629, -3.0512 -2.6131 4.629, -3.0472 2.9823 6.5748, -3.0512 2.9823 6.5748, -3.0485 3.0027 6.5748, -2.5039 1.0458 6.5748, -2.5039 0.2584 6.5748, -2.559 1.0458 6.5748, -2.559 0.2584 6.5748, 3.0407 -3.12 6.5748, 3.0281 -3.1363 6.5748, 2.9725 -3.1555 6.5748, 3.0473 -3.0807 6.5748, 3.0512 -3.0807 6.5748, 3.0485 -3.101 6.5748, 3.0118 -3.1489 6.5748, 2.9929 -3.1567 6.5748, 2.9725 -3.1594 6.5748, -2.9724 -3.1555 6.5748, 2.5591 -0.6476 6.5748, -2.559 -0.6476 6.5748, -3.0472 -3.0807 6.5748, -2.9724 -3.1594 6.5748, -2.9899 -3.1574 6.5748, 2.504 0.2584 6.5748, 2.504 1.0458 6.5748, 2.5591 0.2584 6.5748, 2.5591 1.0458 6.5748, 3.0473 2.9823 6.5748, 2.5591 1.9518 6.5748, 2.9929 3.0584 6.5748, 3.0118 3.0505 6.5748, 3.0281 3.038 6.5748, 1.7323 1.9518 6.5748, 1.7323 2.4239 6.5748, 0.7767 2.4239 6.5748, 0.7767 2.8839 6.5748, -3.0066 -3.1516 6.5748, -3.0215 -3.1422 6.5748, -3.034 -3.1298 6.5748, -3.0434 -3.1148 6.5748, -3.0492 -3.0982 6.5748, -3.0512 -3.0807 6.5748, 3.0512 2.9823 6.5748, 3.0485 3.0027 6.5748, 3.0407 3.0217 6.5748, -0.7766 2.8839 6.5748, -2.9724 3.0571 6.5748, 2.9725 3.0571 6.5748, 2.9725 3.0611 6.5748, -3.0406 3.0217 6.5748, -3.0281 3.038 6.5748, -0.7766 2.4239 6.5748, -1.7323 2.4239 6.5748, -1.7323 1.9518 6.5748, -2.559 1.9518 6.5748, -3.0118 3.0505 6.5748, -2.9928 3.0584 6.5748, -2.9724 3.0611 6.5748, 3.0512 1.8209 5.0591, 3.189 1.8209 5.0591, 3.0512 1.8338 5.0591, 3.189 1.8338 5.0591, -3.0472 -3.1594 0.4724, -3.0472 -3.1594 6.3346, 3.0473 -3.1594 0.4724, -2.9724 -3.1594 6.3346, 3.0473 -3.1594 6.3346, 2.9725 -3.1594 6.3346, 2.9725 -3.1594 6.5709, -2.9724 -3.1594 6.5709, -3.0472 3.1989 0.4528, -3.0472 3.1989 6.2823, 3.0473 3.1989 0.4528, -2.9724 3.1989 6.2823, 3.0473 3.1989 6.2823, 2.9725 3.1989 6.2823, 2.9725 3.1989 6.5709, -2.9724 3.1989 6.5709, -2.9724 3.0611 6.2823, -3.0472 3.0611 6.2823, -3.0472 3.0611 0.4528, 3.0473 3.0611 0.4528, 3.0473 3.0611 6.2823, 2.9725 3.0611 6.2823, 2.9725 3.0611 6.5709, -2.9724 3.0611 6.5709, -3.0946 2.9823 6.7045, -3.0708 2.9823 6.7097, -3.0602 2.9823 6.712, -3.05 2.9823 6.5737, -3.0506 2.9823 6.5728, -3.1889 2.9823 6.5709, -3.051 2.9823 6.5719, -3.0512 2.9823 6.5709, -3.1514 2.9823 6.6669, -3.1338 2.9823 6.682, -3.0482 2.9823 6.5747, -3.0492 2.9823 6.5743, -3.1261 2.9823 6.6887, -3.104 2.9823 6.6998, -3.1847 2.9823 6.6055, -3.176 2.9823 6.6277, -3.186 2.9823 6.5945, -3.1719 2.9823 6.6383, -3.1582 2.9823 6.6574, -3.0482 -3.0807 6.5747, -3.0492 -3.0807 6.5743, -3.0708 -3.0807 6.7096, -3.0855 -3.0807 6.7074, -3.104 -3.0807 6.6996, -3.1178 -3.0807 6.6938, -3.1337 -3.0807 6.6818, -3.146 -3.0807 6.6725, -3.1585 -3.0807 6.6575, -3.165 -3.0807 6.6497, -3.1761 -3.0807 6.6276, -3.1807 -3.0807 6.6184, -3.1861 -3.0807 6.5944, -3.1884 -3.0807 6.584, -3.1889 -3.0807 6.5709, -3.0512 -3.0807 6.5709, -3.051 -3.0807 6.5719, -3.0506 -3.0807 6.5728, -3.05 -3.0807 6.5737, -3.1889 2.9823 6.3189, -3.0512 2.9823 6.3189, -3.0512 -3.0807 6.3189, -3.1889 -3.0807 6.3189, -3.1889 1.7028 0.4724, -3.1889 -1.7618 0.4724, -3.1889 1.7028 5.1378, -3.1889 1.8012 5.1378, -3.0512 -1.7618 0.4724, -3.0512 1.7028 0.4724, -3.0512 1.7028 5.1378, -3.0512 1.8012 5.1378, 3.0511 -3.0807 6.5719, 3.0512 -3.0807 6.5709, 3.189 -3.0807 6.5709, 3.1861 -3.0807 6.5945, 3.0483 -3.0807 6.5747, 3.1847 -3.0807 6.6055, 3.1761 -3.0807 6.6277, 3.172 -3.0807 6.6383, 3.0947 -3.0807 6.7045, 3.0708 -3.0807 6.7097, 3.0602 -3.0807 6.712, 3.1583 -3.0807 6.6574, 3.1515 -3.0807 6.6669, 3.1339 -3.0807 6.682, 3.1261 -3.0807 6.6887, 3.104 -3.0807 6.6998, 3.0492 -3.0807 6.5743, 3.0501 -3.0807 6.5737, 3.0507 -3.0807 6.5728, 3.146 2.9823 6.6725, 3.1585 2.9823 6.6575, 3.0483 2.9823 6.5747, 3.0492 2.9823 6.5743, 3.1651 2.9823 6.6497, 3.1762 2.9823 6.6276, 3.1808 2.9823 6.6184, 3.1861 2.9823 6.5944, 3.1884 2.9823 6.584, 3.189 2.9823 6.5709, 3.0512 2.9823 6.5709, 3.0511 2.9823 6.5719, 3.0507 2.9823 6.5728, 3.0501 2.9823 6.5737, 3.0709 2.9823 6.7096, 3.0855 2.9823 6.7074, 3.104 2.9823 6.6996, 3.1179 2.9823 6.6938, 3.1337 2.9823 6.6818, 3.189 -3.0807 6.3189, 3.0512 -3.0807 6.3189, 3.0512 2.9823 6.3189, 3.189 2.9823 6.3189, 3.189 -1.7618 0.4724, 3.189 1.7028 0.4724, 3.189 -1.7618 5.1378, 3.189 -1.8996 5.1378, 3.0512 1.7028 0.4724, 3.0512 -1.7618 0.4724, 3.0512 -1.7618 5.1378, 3.0512 -1.8996 5.1378, 2.9725 3.0609 6.5719, 2.9725 3.0701 6.712, 2.9725 3.0581 6.5747, 2.9725 3.1959 6.5945, 2.9725 3.1946 6.6055, 2.9725 3.1859 6.6277, 2.9725 3.1818 6.6383, 2.9725 3.1681 6.6574, 2.9725 3.1613 6.6669, 2.9725 3.1437 6.682, 2.9725 3.136 6.6887, 2.9725 3.1139 6.6998, 2.9725 3.1045 6.7045, 2.9725 3.0807 6.7097, 2.9725 3.0591 6.5743, 2.9725 3.0599 6.5737, 2.9725 3.0605 6.5728, -2.9724 3.1983 6.584, -2.9724 3.0581 6.5747, -2.9724 3.0591 6.5743, -2.9724 3.1749 6.6497, -2.9724 3.186 6.6276, -2.9724 3.1907 6.6184, -2.9724 3.196 6.5944, -2.9724 3.0609 6.5719, -2.9724 3.0605 6.5728, -2.9724 3.0599 6.5737, -2.9724 3.0807 6.7096, -2.9724 3.0954 6.7074, -2.9724 3.1139 6.6996, -2.9724 3.1277 6.6938, -2.9724 3.1436 6.6818, -2.9724 3.1559 6.6725, -2.9724 3.1684 6.6575, -2.9724 -3.1593 6.5719, -2.9724 -3.1684 6.712, -2.9724 -3.2943 6.5945, -2.9724 -3.2929 6.6055, -2.9724 -3.2843 6.6277, -2.9724 -3.1565 6.5747, -2.9724 -3.2802 6.6383, -2.9724 -3.2665 6.6574, -2.9724 -3.2597 6.6669, -2.9724 -3.1574 6.5743, -2.9724 -3.1583 6.5737, -2.9724 -3.1589 6.5728, -2.9724 -3.2421 6.682, -2.9724 -3.2343 6.6887, -2.9724 -3.2122 6.6998, -2.9724 -3.2029 6.7045, -2.9724 -3.179 6.7097, 2.9725 -3.2966 6.584, 2.9725 -3.1565 6.5747, 2.9725 -3.1574 6.5743, 2.9725 -3.2733 6.6497, 2.9725 -3.2844 6.6276, 2.9725 -3.289 6.6184, 2.9725 -3.2943 6.5944, 2.9725 -3.1593 6.5719, 2.9725 -3.1589 6.5728, 2.9725 -3.1583 6.5737, 2.9725 -3.1791 6.7096, 2.9725 -3.1937 6.7074, 2.9725 -3.2122 6.6996, 2.9725 -3.226 6.6938, 2.9725 -3.2419 6.6818, 2.9725 -3.2542 6.6725, 2.9725 -3.2667 6.6575, 3.0788 3.1953 6.2823, 3.0788 3.1953 0.4528, 3.1088 3.1848 6.2823, 3.1088 3.1848 0.4528, 3.1356 3.1679 6.2823, 3.1356 3.1679 0.4528, 3.1581 3.1455 6.2823, 3.1581 3.1455 0.4528, 3.175 3.1186 6.2823, 3.175 3.1186 0.4528, 3.1855 3.0887 6.2823, 3.1855 3.0887 0.4528, 3.189 3.0571 6.2823, 3.189 3.0571 0.4528, 3.0512 3.0571 0.4528, 3.0512 3.0571 6.2823, 3.0511 3.058 0.4528, 3.0511 3.058 6.2823, 3.0508 3.0588 0.4528, 3.0508 3.0588 6.2823, 3.0504 3.0596 0.4528, 3.0504 3.0596 6.2823, 3.0497 3.0602 0.4528, 3.0497 3.0602 6.2823, 3.049 3.0607 0.4528, 3.049 3.0607 6.2823, 3.0482 3.061 0.4528, 3.0482 3.061 6.2823, 3.189 2.5148 3.8416, 3.189 2.5148 4.629, 3.189 2.9085 4.629, 3.189 1.8209 0.4528, 3.189 2.5148 2.0572, 3.189 2.9085 3.8416, 3.189 2.9085 2.0572, 3.189 2.9085 1.2698, 3.189 2.5148 1.2698, 3.0512 2.9085 2.0572, 3.0512 2.5148 2.0572, 3.0512 1.8209 0.4528, 3.0512 2.5148 1.2698, 3.0512 2.9085 1.2698, 3.0512 2.5148 3.8416, 3.0512 2.5148 4.629, 3.0512 2.9085 4.629, 3.0512 2.9085 3.8416, -3.0839 3.194 0.4528, -3.0839 3.194 6.2823, -3.1181 3.1799 0.4528, -3.1181 3.1799 6.2823, -3.1474 3.1573 0.4528, -3.1474 3.1573 6.2823, -3.17 3.128 0.4528, -3.17 3.128 6.2823, -3.1841 3.0938 0.4528, -3.1841 3.0938 6.2823, -3.0511 3.058 6.2823, -3.0511 3.058 0.4528, -3.0508 3.0588 6.2823, -3.0508 3.0588 0.4528, -3.0503 3.0596 6.2823, -3.0503 3.0596 0.4528, -3.0497 3.0602 6.2823, -3.0497 3.0602 0.4528, -3.0489 3.0607 6.2823, -3.0489 3.0607 0.4528, -3.0481 3.061 6.2823, -3.0481 3.061 0.4528, 3.084 -3.2924 0.4724, 3.084 -3.2924 6.3346, 3.1181 -3.2782 0.4724, 3.1181 -3.2782 6.3346, 3.1475 -3.2557 0.4724, 3.1475 -3.2557 6.3346, 3.17 -3.2263 0.4724, 3.17 -3.2263 6.3346, 3.1842 -3.1922 0.4724, 3.1842 -3.1922 6.3346, 3.189 -3.1555 0.4724, 3.189 -3.1555 6.3346, 3.0512 -3.1555 6.3346, 3.0512 -3.1555 0.4724, 3.0511 -3.1563 6.3346, 3.0511 -3.1563 0.4724, 3.0508 -3.1572 6.3346, 3.0508 -3.1572 0.4724, 3.0504 -3.1579 6.3346, 3.0504 -3.1579 0.4724, 3.0497 -3.1586 6.3346, 3.0497 -3.1586 0.4724, 3.049 -3.159 6.3346, 3.049 -3.159 0.4724, 3.0482 -3.1593 6.3346, 3.0482 -3.1593 0.4724, 3.189 -2.6131 2.0572, 3.189 -2.6131 1.2698, 3.189 -1.8799 0.4724, 3.189 -3.0068 2.0572, 3.189 -3.0068 1.2698, 3.189 -1.8799 5.0591, 3.189 -2.6131 3.8416, 3.189 -3.0068 3.8416, 3.189 -3.0068 4.629, 3.189 -2.6131 4.629, 3.0512 -3.0068 2.0572, 3.0512 -3.0068 3.8416, 3.0512 -2.6131 2.0572, 3.0512 -2.6131 3.8416, 3.0512 -2.6131 1.2698, 3.0512 -1.8799 0.4724, 3.0512 -3.0068 1.2698, 3.0512 -1.8799 5.0591, 3.0512 -2.6131 4.629, 3.0512 -3.0068 4.629, -3.0788 -3.2937 0.4724, -3.0788 -3.2937 6.3346, -3.1087 -3.2832 6.3346, -3.1087 -3.2832 0.4724, -3.1356 -3.2663 6.3346, -3.1356 -3.2663 0.4724, -3.158 -3.2438 6.3346, -3.158 -3.2438 0.4724, -3.1749 -3.217 6.3346, -3.1749 -3.217 0.4724, -3.1854 -3.187 6.3346, -3.1854 -3.187 0.4724, -3.0511 -3.1563 0.4724, -3.0511 -3.1563 6.3346, -3.0508 -3.1572 0.4724, -3.0508 -3.1572 6.3346, -3.0503 -3.1579 0.4724, -3.0503 -3.1579 6.3346, -3.0497 -3.1586 0.4724, -3.0497 -3.1586 6.3346, -3.0489 -3.159 0.4724, -3.0489 -3.159 6.3346, -3.0481 -3.1593 0.4724, -3.0481 -3.1593 6.3346, -2.5029 1.0458 6.5747, -2.4672 1.0458 6.7078, -2.5019 1.0458 6.5743, -2.433 1.0458 6.6936, -2.5011 1.0458 6.5737, -2.4037 1.0458 6.6711, -2.5005 1.0458 6.5728, -2.3812 1.0458 6.6417, -2.5001 1.0458 6.5719, -2.367 1.0458 6.6076, -2.5 1.0458 6.5709, -2.3622 1.0458 6.5709, -2.5 0.2584 6.5709, -2.3622 0.2584 6.5709, -2.5001 0.2584 6.5719, -2.367 0.2584 6.6076, -2.5005 0.2584 6.5728, -2.3812 0.2584 6.6417, -2.5011 0.2584 6.5737, -2.4037 0.2584 6.6711, -2.5019 0.2584 6.5743, -2.433 0.2584 6.6936, -2.5029 0.2584 6.5747, -2.4672 0.2584 6.7078, -2.5 0.2584 4.7441, -2.3622 0.2584 4.7441, -2.3622 1.0458 4.7441, -2.5 1.0458 4.7441, 2.5029 0.2584 6.5747, 2.4673 0.2584 6.7078, 2.502 0.2584 6.5743, 2.4331 0.2584 6.6936, 2.5012 0.2584 6.5737, 2.4037 0.2584 6.6711, 2.5006 0.2584 6.5728, 2.3812 0.2584 6.6417, 2.5002 0.2584 6.5719, 2.3671 0.2584 6.6076, 2.5 0.2584 6.5709, 2.3622 0.2584 6.5709, 2.5 1.0458 6.5709, 2.3622 1.0458 6.5709, 2.5002 1.0458 6.5719, 2.3671 1.0458 6.6076, 2.5006 1.0458 6.5728, 2.3812 1.0458 6.6417, 2.5012 1.0458 6.5737, 2.4037 1.0458 6.6711, 2.502 1.0458 6.5743, 2.4331 1.0458 6.6936, 2.5029 1.0458 6.5747, 2.4673 1.0458 6.7078, 2.5 1.0458 4.7441, 2.3622 1.0458 4.7441, 2.3622 0.2584 4.7441, 2.5 0.2584 4.7441
            ]
        }
        coordIndex [
            0,1,2,-1,3,4,5,-1,6,7,8,-1,9,10,11,-1,12,13,14,-1,15,16,17,-1,18,19,20,-1,21,22,23,-1,24,25,26,-1,27,28,29,-1,30,31,32,-1,33,34,35,-1,35,34,3,-1,36,37,35,-1,35,37,38,-1,38,39,35,-1,35,39,40,-1,35,40,33,-1,41,42,43,-1,44,45,46,-1,46,45,43,-1,43,45,47,-1,43,47,41,-1,48,49,50,-1,51,52,50,-1,50,52,53,-1,50,53,54,-1,50,55,48,-1,48,55,56,-1,48,56,57,-1,57,56,58,-1,57,58,59,-1,54,60,50,-1,50,60,61,-1,50,61,55,-1,62,63,64,-1,62,64,65,-1,63,66,64,-1,64,66,67,-1,64,67,68,-1,68,67,69,-1,69,70,68,-1,68,70,71,-1,68,71,51,-1,51,71,72,-1,51,72,52,-1,73,65,74,-1,74,65,64,-1,74,64,75,-1,75,64,76,-1,77,78,79,-1,79,78,80,-1,79,80,81,-1,80,82,81,-1,81,82,83,-1,81,83,84,-1,84,83,85,-1,84,85,64,-1,64,85,86,-1,64,86,76,-1,0,87,1,-1,1,87,88,-1,1,88,89,-1,89,90,1,-1,1,90,91,-1,1,91,77,-1,92,93,4,-1,94,95,96,-1,97,98,0,-1,99,100,101,-1,101,100,102,-1,94,96,103,-1,97,0,104,-1,105,106,100,-1,100,106,107,-1,100,107,108,-1,4,93,0,-1,0,93,109,-1,0,109,104,-1,95,110,96,-1,96,110,111,-1,96,111,112,-1,113,114,115,-1,115,114,116,-1,115,116,117,-1,118,108,119,-1,119,108,120,-1,119,120,115,-1,115,120,121,-1,115,121,113,-1,118,122,108,-1,108,122,123,-1,108,123,100,-1,100,123,124,-1,100,124,102,-1,125,126,127,-1,127,126,128,-1,127,128,96,-1,96,128,129,-1,96,129,103,-1,130,131,96,-1,96,131,132,-1,96,132,100,-1,100,132,133,-1,100,133,105,-1,134,135,87,-1,87,135,136,-1,87,136,137,-1,137,138,87,-1,87,138,139,-1,87,139,140,-1,140,139,125,-1,140,125,141,-1,141,125,127,-1,98,142,0,-1,0,142,143,-1,0,143,87,-1,87,143,144,-1,87,144,134,-1,112,145,96,-1,96,145,146,-1,96,146,147,-1,147,148,96,-1,96,148,149,-1,96,149,130,-1,150,151,152,-1,152,108,150,-1,150,108,107,-1,150,107,153,-1,153,107,154,-1,154,155,153,-1,153,155,156,-1,153,156,157,-1,158,159,160,-1,159,161,160,-1,160,161,162,-1,160,162,163,-1,164,160,165,-1,151,150,164,-1,164,150,166,-1,164,166,160,-1,160,166,167,-1,160,167,158,-1,165,168,164,-1,164,168,169,-1,164,169,170,-1,163,162,171,-1,171,162,172,-1,171,172,173,-1,173,172,174,-1,173,174,175,-1,176,177,170,-1,170,177,178,-1,170,178,164,-1,34,179,3,-1,3,179,180,-1,3,180,4,-1,4,180,181,-1,4,181,92,-1,182,183,184,-1,184,183,185,-1,186,187,188,-1,189,190,182,-1,182,190,32,-1,32,190,191,-1,32,191,30,-1,188,192,193,-1,193,192,194,-1,193,194,195,-1,183,196,185,-1,185,196,197,-1,185,197,198,-1,198,197,199,-1,200,201,202,-1,202,201,203,-1,204,205,206,-1,206,205,207,-1,206,207,28,-1,208,209,210,-1,210,209,211,-1,210,211,207,-1,212,213,214,-1,214,213,215,-1,216,217,218,-1,218,217,219,-1,218,219,220,-1,200,221,201,-1,201,221,222,-1,201,222,223,-1,223,222,224,-1,225,226,224,-1,224,226,227,-1,224,227,223,-1,220,228,218,-1,218,228,229,-1,218,229,230,-1,231,232,210,-1,210,232,233,-1,210,233,208,-1,230,234,218,-1,218,234,235,-1,218,235,213,-1,213,235,203,-1,213,203,215,-1,215,203,201,-1,236,237,238,-1,239,240,241,-1,242,205,243,-1,212,244,213,-1,213,244,245,-1,213,245,246,-1,247,248,224,-1,224,248,249,-1,224,249,250,-1,236,238,204,-1,241,251,239,-1,239,251,242,-1,239,242,252,-1,252,242,243,-1,238,253,204,-1,204,253,254,-1,204,254,205,-1,205,254,255,-1,205,255,243,-1,250,256,224,-1,224,256,257,-1,224,257,225,-1,27,29,258,-1,258,29,259,-1,258,259,260,-1,261,262,26,-1,263,264,26,-1,26,264,265,-1,266,267,268,-1,268,267,269,-1,268,269,270,-1,270,271,268,-1,268,271,272,-1,268,272,273,-1,273,272,274,-1,273,274,261,-1,275,276,262,-1,262,276,277,-1,262,277,26,-1,26,277,278,-1,26,278,263,-1,265,279,26,-1,26,279,280,-1,26,280,24,-1,281,282,283,-1,283,282,284,-1,283,284,285,-1,283,286,281,-1,281,286,287,-1,281,287,288,-1,288,289,281,-1,281,289,290,-1,281,290,291,-1,291,290,292,-1,291,292,293,-1,293,292,294,-1,293,294,262,-1,262,294,295,-1,262,295,275,-1,296,297,285,-1,285,297,298,-1,285,298,283,-1,299,300,237,-1,237,300,301,-1,237,301,238,-1,299,302,300,-1,300,302,303,-1,300,303,304,-1,304,303,305,-1,304,306,307,-1,305,308,304,-1,304,308,309,-1,304,309,310,-1,310,311,304,-1,304,311,312,-1,304,312,306,-1,307,313,304,-1,304,313,314,-1,304,314,315,-1,316,317,318,-1,318,317,319,-1,318,319,320,-1,321,322,323,-1,317,324,319,-1,319,324,325,-1,319,325,326,-1,326,325,327,-1,326,327,328,-1,328,327,329,-1,328,329,330,-1,330,329,331,-1,332,333,334,-1,334,333,335,-1,335,333,336,-1,336,333,337,-1,336,337,338,-1,338,337,339,-1,338,339,340,-1,341,342,328,-1,326,343,344,-1,341,328,345,-1,344,346,326,-1,326,346,347,-1,326,347,339,-1,339,347,348,-1,339,348,340,-1,334,349,332,-1,332,349,350,-1,332,350,328,-1,328,350,351,-1,328,351,345,-1,342,352,328,-1,328,352,353,-1,328,353,326,-1,326,353,354,-1,326,354,343,-1,333,355,356,-1,356,355,357,-1,356,358,333,-1,333,358,359,-1,333,359,337,-1,337,359,360,-1,337,360,361,-1,362,363,364,-1,364,363,365,-1,365,363,366,-1,366,363,359,-1,366,359,367,-1,367,359,358,-1,367,358,23,-1,23,358,368,-1,23,368,21,-1,357,355,369,-1,369,355,370,-1,369,370,371,-1,372,50,46,-1,46,50,49,-1,46,49,44,-1,331,321,330,-1,330,321,323,-1,330,323,15,-1,15,323,373,-1,374,375,370,-1,360,376,361,-1,361,376,371,-1,361,371,14,-1,14,371,370,-1,14,370,377,-1,377,370,375,-1,12,14,378,-1,377,379,380,-1,381,382,377,-1,377,382,383,-1,380,384,377,-1,377,384,385,-1,377,385,14,-1,14,385,386,-1,14,386,378,-1,381,387,388,-1,383,389,377,-1,377,389,390,-1,377,390,391,-1,392,393,394,-1,394,393,395,-1,394,395,396,-1,388,397,381,-1,381,397,398,-1,381,398,382,-1,391,399,377,-1,377,399,400,-1,377,400,379,-1,387,381,394,-1,394,381,401,-1,394,401,392,-1,10,402,403,-1,403,402,404,-1,403,404,405,-1,11,406,407,-1,407,408,11,-1,11,408,409,-1,11,409,9,-1,410,411,412,-1,413,414,415,-1,415,414,416,-1,415,416,11,-1,11,416,417,-1,11,417,406,-1,418,419,420,-1,420,419,421,-1,420,421,422,-1,423,424,213,-1,213,424,425,-1,213,425,420,-1,420,425,426,-1,420,426,418,-1,13,423,268,-1,268,423,213,-1,268,213,266,-1,266,213,246,-1,266,246,240,-1,240,246,427,-1,240,427,241,-1,28,207,29,-1,29,207,211,-1,29,211,259,-1,259,211,428,-1,259,428,216,-1,216,428,429,-1,216,429,217,-1,430,431,432,-1,187,186,433,-1,433,186,434,-1,433,434,199,-1,199,434,432,-1,199,432,198,-1,198,432,431,-1,198,431,435,-1,436,437,438,-1,432,439,430,-1,430,439,440,-1,430,440,441,-1,441,440,436,-1,441,436,442,-1,442,436,438,-1,443,444,26,-1,261,26,273,-1,273,26,444,-1,273,444,439,-1,439,444,445,-1,439,445,440,-1,26,8,443,-1,443,8,446,-1,443,446,447,-1,7,448,8,-1,8,448,449,-1,8,449,446,-1,450,451,452,-1,260,259,25,-1,25,259,450,-1,25,450,26,-1,26,450,452,-1,26,452,8,-1,8,452,453,-1,8,453,454,-1,455,456,457,-1,457,456,458,-1,457,458,450,-1,450,458,459,-1,450,459,451,-1,454,460,8,-1,8,460,461,-1,8,461,6,-1,462,463,464,-1,462,464,435,-1,463,465,464,-1,464,465,466,-1,464,466,457,-1,457,466,467,-1,457,467,455,-1,468,81,469,-1,469,81,84,-1,469,84,470,-1,470,84,64,-1,470,64,471,-1,471,64,68,-1,471,68,472,-1,472,68,51,-1,472,51,20,-1,20,51,50,-1,20,50,18,-1,18,50,372,-1,473,474,412,-1,412,474,475,-1,476,415,35,-1,411,413,412,-1,412,413,415,-1,412,415,473,-1,473,415,476,-1,473,476,477,-1,5,412,3,-1,3,412,475,-1,3,475,35,-1,35,475,478,-1,35,478,476,-1,479,480,481,-1,480,479,482,-1,482,479,5,-1,482,5,483,-1,484,485,486,-1,486,485,482,-1,486,482,487,-1,487,482,483,-1,487,483,488,-1,488,483,489,-1,2,479,0,-1,0,479,481,-1,0,481,4,-1,4,481,490,-1,4,490,5,-1,5,490,491,-1,5,491,483,-1,10,403,11,-1,11,403,492,-1,11,492,415,-1,415,492,43,-1,415,43,35,-1,35,43,42,-1,35,42,36,-1,2,216,479,-1,479,216,218,-1,479,218,5,-1,5,218,213,-1,5,213,412,-1,412,213,420,-1,412,420,410,-1,410,420,422,-1,15,17,330,-1,330,17,493,-1,330,493,328,-1,328,493,494,-1,328,494,332,-1,332,494,495,-1,332,495,333,-1,333,495,496,-1,333,496,355,-1,355,496,405,-1,355,405,370,-1,370,405,404,-1,370,404,374,-1,13,268,14,-1,14,268,273,-1,14,273,361,-1,361,273,439,-1,361,439,337,-1,337,439,432,-1,337,432,339,-1,339,432,434,-1,339,434,326,-1,326,434,186,-1,326,186,319,-1,497,498,186,-1,193,189,188,-1,188,189,182,-1,188,182,186,-1,186,182,184,-1,186,184,497,-1,497,184,499,-1,500,184,501,-1,501,184,502,-1,501,502,503,-1,503,502,504,-1,505,506,500,-1,500,506,507,-1,500,507,184,-1,184,507,508,-1,184,508,499,-1,499,508,509,-1,321,320,322,-1,322,320,319,-1,322,319,504,-1,504,319,186,-1,504,186,503,-1,503,186,510,-1,511,512,510,-1,510,512,513,-1,510,513,514,-1,515,516,508,-1,508,516,517,-1,508,517,509,-1,498,518,186,-1,186,518,519,-1,186,519,510,-1,510,519,520,-1,510,520,511,-1,514,521,510,-1,510,521,522,-1,510,522,508,-1,508,522,523,-1,508,523,515,-1,435,464,198,-1,198,464,524,-1,198,524,185,-1,185,524,525,-1,185,525,184,-1,184,525,526,-1,184,526,502,-1,77,79,1,-1,1,79,527,-1,1,527,2,-1,2,527,528,-1,2,528,216,-1,216,528,529,-1,216,529,259,-1,259,529,530,-1,259,530,450,-1,450,530,531,-1,450,531,457,-1,457,531,532,-1,457,532,464,-1,464,532,533,-1,464,533,524,-1,524,533,534,-1,524,534,525,-1,525,534,535,-1,525,535,526,-1,536,537,538,-1,538,537,539,-1,540,541,542,-1,542,541,543,-1,544,545,546,-1,547,548,549,-1,550,551,552,-1,553,554,552,-1,552,554,555,-1,552,555,550,-1,556,557,558,-1,558,557,559,-1,558,559,560,-1,561,562,563,-1,547,564,544,-1,565,566,558,-1,558,566,567,-1,558,567,556,-1,568,569,570,-1,571,572,573,-1,573,572,574,-1,573,574,575,-1,575,574,576,-1,575,576,577,-1,578,563,579,-1,565,558,579,-1,579,558,580,-1,579,580,578,-1,547,544,578,-1,578,544,546,-1,578,546,563,-1,563,546,581,-1,563,581,561,-1,562,582,563,-1,563,582,583,-1,563,583,584,-1,585,586,587,-1,549,577,547,-1,547,577,576,-1,547,576,564,-1,564,576,588,-1,564,588,586,-1,586,588,572,-1,586,572,587,-1,587,572,571,-1,587,571,589,-1,590,591,586,-1,586,591,592,-1,586,592,593,-1,594,595,596,-1,597,564,598,-1,598,564,586,-1,598,586,599,-1,599,586,593,-1,570,600,585,-1,585,600,601,-1,551,550,602,-1,602,550,603,-1,602,603,596,-1,596,603,604,-1,596,604,594,-1,587,594,585,-1,585,594,604,-1,585,604,570,-1,570,604,605,-1,570,605,568,-1,568,605,550,-1,568,550,558,-1,558,550,555,-1,558,555,580,-1,601,606,585,-1,585,606,607,-1,585,607,608,-1,609,610,611,-1,612,613,614,-1,614,613,615,-1,614,615,616,-1,616,615,617,-1,617,611,616,-1,616,611,610,-1,616,610,618,-1,618,610,619,-1,618,619,620,-1,620,619,621,-1,620,621,612,-1,612,621,609,-1,612,609,613,-1,613,609,611,-1,622,623,624,-1,624,623,625,-1,624,625,626,-1,626,625,627,-1,622,628,623,-1,623,628,629,-1,623,629,630,-1,630,629,631,-1,627,630,626,-1,626,630,631,-1,626,631,632,-1,632,631,633,-1,632,633,628,-1,628,633,634,-1,628,634,629,-1,635,636,637,-1,638,639,640,-1,637,636,640,-1,640,636,641,-1,640,641,638,-1,637,642,635,-1,635,642,643,-1,635,643,638,-1,638,643,644,-1,638,644,639,-1,639,644,645,-1,639,645,642,-1,642,645,646,-1,642,646,643,-1,647,648,649,-1,650,651,652,-1,649,648,652,-1,652,648,653,-1,652,653,650,-1,649,654,647,-1,647,654,655,-1,647,655,650,-1,650,655,656,-1,650,656,651,-1,651,656,657,-1,651,657,654,-1,654,657,658,-1,654,658,655,-1,659,660,661,-1,662,663,664,-1,664,663,665,-1,666,667,668,-1,669,670,671,-1,667,672,668,-1,668,672,673,-1,668,673,674,-1,668,675,676,-1,676,675,677,-1,677,675,678,-1,678,675,679,-1,678,679,680,-1,681,682,683,-1,683,682,684,-1,666,668,671,-1,671,668,676,-1,671,676,669,-1,669,676,683,-1,669,683,685,-1,685,683,684,-1,685,684,686,-1,687,688,689,-1,686,690,685,-1,685,690,691,-1,685,691,687,-1,687,691,692,-1,687,692,693,-1,680,694,678,-1,678,694,695,-1,678,695,696,-1,696,697,678,-1,678,697,698,-1,678,698,699,-1,700,685,701,-1,701,685,687,-1,701,687,702,-1,702,687,689,-1,703,704,693,-1,693,704,705,-1,693,705,687,-1,687,705,706,-1,704,707,708,-1,703,709,704,-1,704,709,710,-1,704,710,707,-1,707,710,711,-1,707,711,661,-1,661,711,712,-1,661,712,659,-1,659,712,664,-1,659,664,678,-1,678,664,665,-1,678,665,677,-1,708,713,704,-1,704,713,714,-1,704,714,715,-1,553,552,682,-1,682,552,684,-1,548,547,663,-1,663,547,665,-1,683,676,555,-1,555,676,580,-1,547,578,665,-1,665,578,677,-1,716,717,718,-1,718,717,719,-1,720,721,722,-1,722,721,723,-1,724,722,725,-1,725,722,723,-1,725,723,726,-1,726,723,727,-1,728,729,730,-1,730,729,731,-1,732,730,733,-1,733,730,731,-1,733,731,734,-1,734,731,735,-1,736,737,738,-1,739,740,741,-1,742,743,741,-1,741,743,736,-1,741,736,739,-1,739,736,738,-1,545,699,698,-1,545,698,546,-1,546,698,697,-1,546,697,581,-1,581,697,696,-1,581,696,561,-1,561,696,695,-1,561,695,562,-1,562,695,694,-1,562,694,582,-1,582,694,680,-1,582,680,583,-1,583,680,679,-1,583,679,584,-1,590,715,714,-1,590,714,591,-1,591,714,713,-1,591,713,592,-1,592,713,708,-1,592,708,593,-1,593,708,707,-1,593,707,599,-1,599,707,661,-1,599,661,598,-1,598,661,660,-1,598,660,597,-1,569,700,701,-1,569,701,570,-1,570,701,702,-1,570,702,600,-1,600,702,689,-1,600,689,601,-1,601,689,688,-1,601,688,606,-1,606,688,687,-1,606,687,607,-1,607,687,706,-1,607,706,608,-1,565,674,673,-1,565,673,566,-1,566,673,672,-1,566,672,567,-1,567,672,667,-1,567,667,556,-1,556,667,666,-1,556,666,557,-1,557,666,671,-1,557,671,559,-1,559,671,670,-1,559,670,560,-1,744,745,660,-1,660,745,746,-1,660,746,597,-1,747,748,749,-1,749,748,750,-1,749,750,751,-1,752,753,660,-1,659,754,660,-1,660,754,755,-1,660,755,747,-1,753,756,660,-1,660,756,757,-1,660,757,744,-1,758,759,660,-1,747,749,660,-1,660,749,760,-1,660,760,758,-1,759,761,660,-1,660,761,762,-1,660,762,752,-1,678,699,763,-1,763,699,764,-1,699,545,765,-1,765,766,699,-1,699,766,767,-1,699,767,768,-1,768,769,699,-1,699,769,770,-1,699,770,771,-1,771,772,699,-1,699,772,773,-1,699,773,774,-1,774,775,699,-1,699,775,776,-1,699,776,777,-1,778,779,777,-1,777,779,780,-1,777,780,699,-1,699,780,781,-1,699,781,764,-1,544,564,545,-1,545,564,597,-1,545,597,765,-1,597,746,765,-1,765,746,745,-1,765,745,766,-1,766,745,744,-1,766,744,767,-1,767,744,757,-1,767,757,768,-1,768,757,756,-1,768,756,769,-1,769,756,753,-1,769,753,770,-1,770,753,752,-1,770,752,771,-1,771,752,762,-1,771,762,772,-1,772,762,761,-1,772,761,773,-1,773,761,759,-1,773,759,774,-1,774,759,758,-1,774,758,775,-1,775,758,760,-1,775,760,776,-1,776,760,749,-1,776,749,777,-1,778,751,779,-1,779,751,750,-1,779,750,780,-1,780,750,748,-1,780,748,781,-1,781,748,747,-1,781,747,764,-1,764,747,755,-1,764,755,763,-1,763,755,754,-1,763,754,678,-1,678,754,659,-1,782,749,783,-1,783,749,751,-1,784,778,785,-1,785,778,777,-1,786,787,788,-1,788,787,539,-1,537,785,539,-1,539,785,777,-1,539,777,788,-1,788,777,749,-1,788,749,789,-1,789,749,782,-1,790,791,538,-1,538,791,792,-1,793,783,792,-1,792,783,751,-1,792,751,538,-1,538,751,778,-1,538,778,536,-1,536,778,784,-1,788,789,792,-1,792,789,793,-1,794,795,796,-1,670,796,797,-1,670,669,798,-1,797,799,670,-1,670,799,800,-1,670,800,801,-1,802,803,670,-1,670,803,804,-1,670,804,560,-1,801,805,670,-1,670,805,806,-1,670,806,807,-1,807,808,670,-1,670,808,809,-1,670,809,802,-1,798,810,670,-1,670,810,811,-1,670,811,796,-1,796,811,812,-1,796,812,794,-1,813,814,700,-1,685,700,815,-1,815,700,816,-1,814,817,700,-1,700,817,818,-1,700,818,819,-1,819,820,700,-1,700,820,821,-1,700,821,822,-1,823,824,822,-1,822,824,825,-1,822,825,700,-1,700,825,826,-1,700,826,816,-1,569,827,700,-1,700,827,828,-1,700,828,829,-1,829,830,700,-1,700,830,831,-1,700,831,813,-1,568,558,569,-1,569,558,560,-1,569,560,827,-1,560,804,827,-1,827,804,803,-1,827,803,828,-1,828,803,802,-1,828,802,829,-1,829,802,809,-1,829,809,830,-1,830,809,808,-1,830,808,831,-1,831,808,807,-1,831,807,813,-1,813,807,806,-1,813,806,814,-1,814,806,805,-1,814,805,817,-1,817,805,801,-1,817,801,818,-1,818,801,800,-1,818,800,819,-1,819,800,799,-1,819,799,820,-1,820,799,797,-1,820,797,821,-1,821,797,796,-1,821,796,822,-1,823,795,824,-1,824,795,794,-1,824,794,825,-1,825,794,812,-1,825,812,826,-1,826,812,811,-1,826,811,816,-1,816,811,810,-1,816,810,815,-1,815,810,798,-1,815,798,685,-1,685,798,669,-1,832,796,833,-1,833,796,795,-1,834,823,835,-1,835,823,822,-1,836,837,838,-1,838,837,543,-1,541,835,543,-1,543,835,822,-1,543,822,838,-1,838,822,796,-1,838,796,839,-1,839,796,832,-1,840,841,542,-1,542,841,842,-1,843,833,842,-1,842,833,795,-1,842,795,542,-1,542,795,823,-1,542,823,540,-1,540,823,834,-1,838,839,842,-1,842,839,843,-1,844,742,734,-1,845,608,706,-1,706,705,846,-1,734,847,706,-1,706,847,848,-1,706,848,849,-1,849,850,706,-1,706,850,851,-1,706,851,852,-1,852,853,706,-1,706,853,854,-1,706,854,855,-1,855,856,706,-1,706,856,857,-1,706,857,845,-1,846,858,706,-1,706,858,859,-1,706,859,734,-1,734,859,860,-1,734,860,844,-1,861,735,715,-1,704,715,862,-1,862,715,863,-1,864,865,715,-1,865,866,715,-1,715,866,867,-1,715,867,861,-1,743,868,735,-1,735,868,869,-1,735,869,715,-1,715,869,870,-1,715,870,863,-1,590,871,715,-1,715,871,872,-1,872,873,715,-1,715,873,874,-1,715,874,875,-1,875,876,715,-1,715,876,877,-1,715,877,864,-1,734,735,861,-1,734,861,847,-1,847,861,867,-1,847,867,848,-1,848,867,866,-1,848,866,849,-1,849,866,865,-1,849,865,850,-1,850,865,864,-1,850,864,851,-1,851,864,877,-1,851,877,852,-1,852,877,876,-1,852,876,853,-1,853,876,875,-1,853,875,854,-1,854,875,874,-1,854,874,855,-1,855,874,873,-1,855,873,856,-1,856,873,872,-1,856,872,857,-1,857,872,871,-1,857,871,845,-1,845,871,590,-1,845,590,608,-1,608,590,586,-1,608,586,585,-1,743,742,868,-1,868,742,844,-1,868,844,869,-1,869,844,860,-1,869,860,870,-1,870,860,859,-1,870,859,863,-1,863,859,858,-1,863,858,862,-1,862,858,846,-1,862,846,704,-1,704,846,705,-1,733,734,741,-1,741,734,742,-1,736,743,731,-1,731,743,735,-1,878,727,372,-1,879,584,679,-1,372,880,679,-1,679,880,881,-1,679,881,882,-1,679,675,883,-1,882,884,679,-1,679,884,885,-1,679,885,886,-1,883,887,679,-1,679,887,888,-1,679,888,372,-1,372,888,889,-1,372,889,878,-1,886,890,679,-1,679,890,891,-1,679,891,892,-1,892,893,679,-1,679,893,894,-1,679,894,879,-1,895,16,674,-1,668,674,896,-1,896,674,897,-1,898,899,674,-1,899,900,674,-1,674,900,901,-1,674,901,895,-1,726,902,16,-1,16,902,903,-1,16,903,674,-1,674,903,904,-1,674,904,897,-1,565,905,674,-1,674,905,906,-1,906,907,674,-1,674,907,908,-1,674,908,909,-1,909,910,674,-1,674,910,911,-1,674,911,898,-1,372,46,880,-1,880,46,43,-1,880,43,492,-1,492,403,880,-1,880,403,405,-1,880,405,496,-1,496,495,895,-1,895,495,494,-1,494,493,895,-1,895,493,17,-1,895,17,16,-1,496,895,880,-1,880,895,901,-1,880,901,881,-1,881,901,900,-1,881,900,882,-1,882,900,899,-1,882,899,884,-1,884,899,898,-1,884,898,885,-1,885,898,911,-1,885,911,886,-1,886,911,910,-1,886,910,890,-1,890,910,909,-1,890,909,891,-1,891,909,908,-1,891,908,892,-1,892,908,907,-1,892,907,893,-1,893,907,906,-1,893,906,894,-1,894,906,905,-1,894,905,879,-1,879,905,565,-1,879,565,584,-1,584,565,579,-1,584,579,563,-1,726,727,902,-1,902,727,878,-1,902,878,903,-1,903,878,889,-1,903,889,904,-1,904,889,888,-1,904,888,897,-1,897,888,887,-1,897,887,896,-1,896,887,883,-1,896,883,668,-1,668,883,675,-1,18,372,723,-1,723,372,727,-1,725,726,15,-1,15,726,16,-1,783,793,782,-1,782,793,789,-1,536,784,537,-1,537,784,785,-1,833,843,832,-1,832,843,839,-1,540,834,541,-1,541,834,835,-1,730,732,912,-1,730,912,913,-1,913,912,914,-1,913,914,915,-1,915,914,916,-1,915,916,917,-1,917,916,918,-1,917,918,919,-1,919,918,920,-1,919,920,921,-1,921,920,922,-1,921,922,923,-1,923,922,924,-1,923,924,925,-1,926,927,928,-1,928,927,929,-1,928,929,930,-1,930,929,931,-1,930,931,932,-1,932,931,933,-1,932,933,934,-1,934,933,935,-1,934,935,936,-1,936,935,937,-1,936,937,938,-1,938,937,939,-1,938,939,739,-1,739,939,740,-1,717,940,719,-1,719,940,941,-1,719,941,924,-1,924,941,942,-1,717,943,940,-1,940,943,944,-1,940,944,945,-1,945,944,946,-1,942,945,924,-1,924,945,946,-1,924,946,925,-1,925,946,947,-1,925,947,943,-1,943,947,948,-1,943,948,944,-1,949,927,926,-1,716,950,951,-1,951,950,952,-1,951,952,926,-1,926,952,953,-1,926,953,949,-1,949,950,954,-1,954,950,716,-1,954,716,955,-1,955,716,718,-1,955,718,956,-1,956,718,927,-1,956,927,957,-1,957,927,949,-1,957,949,954,-1,943,717,951,-1,951,717,716,-1,729,728,958,-1,729,958,959,-1,959,958,960,-1,959,960,961,-1,961,960,962,-1,961,962,963,-1,963,962,964,-1,963,964,965,-1,965,964,966,-1,965,966,967,-1,967,966,616,-1,967,616,618,-1,626,632,968,-1,968,632,969,-1,968,969,970,-1,970,969,971,-1,970,971,972,-1,972,971,973,-1,972,973,974,-1,974,973,975,-1,974,975,976,-1,976,975,977,-1,976,977,978,-1,978,977,979,-1,978,979,737,-1,737,979,738,-1,620,612,624,-1,624,612,622,-1,628,622,614,-1,614,622,612,-1,526,535,980,-1,373,323,981,-1,981,323,322,-1,322,504,981,-1,981,504,502,-1,981,502,526,-1,526,980,981,-1,981,980,982,-1,981,982,983,-1,983,982,984,-1,983,984,985,-1,985,984,986,-1,985,986,987,-1,987,986,988,-1,987,988,989,-1,989,988,990,-1,989,990,991,-1,992,993,994,-1,994,993,995,-1,994,995,996,-1,996,995,997,-1,996,997,998,-1,998,997,999,-1,998,999,1000,-1,1000,999,1001,-1,1000,1001,1002,-1,1002,1001,1003,-1,1002,1003,1004,-1,1004,1003,1005,-1,1004,1005,724,-1,724,1005,722,-1,1006,1007,1008,-1,1009,991,990,-1,1008,1007,990,-1,990,1007,1010,-1,990,1010,1009,-1,1008,1011,1006,-1,1006,1011,1012,-1,1006,1012,1009,-1,1009,1012,1013,-1,1009,1013,991,-1,991,1013,1014,-1,991,1014,1011,-1,1011,1014,1015,-1,1011,1015,1012,-1,1016,1017,1018,-1,1018,1017,1019,-1,1020,1021,1022,-1,1022,1021,993,-1,1022,993,1016,-1,1016,993,992,-1,1016,992,1017,-1,1020,1018,1021,-1,1021,1018,1019,-1,1021,1019,1023,-1,1023,1019,1024,-1,1023,1024,992,-1,992,1024,1025,-1,992,1025,1017,-1,1021,1023,1008,-1,1008,1023,1011,-1,1026,468,469,-1,471,1027,470,-1,470,1027,469,-1,471,472,1027,-1,1027,472,20,-1,1027,20,19,-1,469,1027,1026,-1,1026,1027,1028,-1,1026,1028,1029,-1,1029,1028,1030,-1,1029,1030,1031,-1,1031,1030,1032,-1,1031,1032,1033,-1,1033,1032,1034,-1,1033,1034,1035,-1,1035,1034,1036,-1,1035,1036,1037,-1,1037,1036,642,-1,1037,642,637,-1,652,651,1038,-1,1038,651,1039,-1,1038,1039,1040,-1,1040,1039,1041,-1,1040,1041,1042,-1,1042,1041,1043,-1,1042,1043,1044,-1,1044,1043,1045,-1,1044,1045,1046,-1,1046,1045,1047,-1,1046,1047,1048,-1,1048,1047,1049,-1,1048,1049,720,-1,720,1049,721,-1,640,639,649,-1,649,639,654,-1,624,626,620,-1,620,626,618,-1,651,654,642,-1,642,654,639,-1,927,718,924,-1,924,718,719,-1,1023,992,1011,-1,1011,992,991,-1,589,709,587,-1,587,709,703,-1,587,703,594,-1,594,703,693,-1,594,693,595,-1,595,693,692,-1,595,692,596,-1,596,692,691,-1,596,691,602,-1,602,691,690,-1,602,690,551,-1,551,690,686,-1,552,551,684,-1,684,551,686,-1,580,676,578,-1,578,676,677,-1,664,712,577,-1,577,712,575,-1,575,712,573,-1,573,712,711,-1,573,711,571,-1,571,711,710,-1,571,710,589,-1,589,710,709,-1,664,577,662,-1,662,577,549,-1,683,555,681,-1,681,555,554,-1,662,549,1050,-1,1050,549,1051,-1,1050,1051,1052,-1,1052,1051,1053,-1,1052,1053,1054,-1,1054,1053,1055,-1,1054,1055,1056,-1,1056,1055,1057,-1,1056,1057,1058,-1,1058,1057,1059,-1,1058,1059,1060,-1,1060,1059,1061,-1,1062,1063,1064,-1,1064,1063,1065,-1,1064,1065,1066,-1,1066,1065,1067,-1,1066,1067,1068,-1,1068,1067,1069,-1,1068,1069,1070,-1,1070,1069,1071,-1,1070,1071,1072,-1,1072,1071,1073,-1,1072,1073,663,-1,663,1073,548,-1,549,548,1073,-1,549,1073,1051,-1,1051,1073,1071,-1,1051,1071,1053,-1,1053,1071,1069,-1,1053,1069,1055,-1,1055,1069,1067,-1,1055,1067,1057,-1,1057,1067,1065,-1,1057,1065,1059,-1,1059,1065,1063,-1,1059,1063,1061,-1,1060,1062,1058,-1,1058,1062,1064,-1,1058,1064,1056,-1,1056,1064,1066,-1,1056,1066,1054,-1,1054,1066,1068,-1,1054,1068,1052,-1,1052,1068,1070,-1,1052,1070,1050,-1,1050,1070,1072,-1,1050,1072,662,-1,662,1072,663,-1,1074,1075,1062,-1,1062,1075,1063,-1,1076,1077,1061,-1,1061,1077,1060,-1,1075,1076,1063,-1,1063,1076,1061,-1,1060,1077,1062,-1,1062,1077,1074,-1,1076,1075,1077,-1,1077,1075,1074,-1,681,554,1078,-1,1078,554,1079,-1,1078,1079,1080,-1,1080,1079,1081,-1,1080,1081,1082,-1,1082,1081,1083,-1,1082,1083,1084,-1,1084,1083,1085,-1,1084,1085,1086,-1,1086,1085,1087,-1,1086,1087,1088,-1,1088,1087,1089,-1,1090,1091,1092,-1,1092,1091,1093,-1,1092,1093,1094,-1,1094,1093,1095,-1,1094,1095,1096,-1,1096,1095,1097,-1,1096,1097,1098,-1,1098,1097,1099,-1,1098,1099,1100,-1,1100,1099,1101,-1,1100,1101,682,-1,682,1101,553,-1,554,553,1101,-1,554,1101,1079,-1,1079,1101,1099,-1,1079,1099,1081,-1,1081,1099,1097,-1,1081,1097,1083,-1,1083,1097,1095,-1,1083,1095,1085,-1,1085,1095,1093,-1,1085,1093,1087,-1,1087,1093,1091,-1,1087,1091,1089,-1,1088,1090,1086,-1,1086,1090,1092,-1,1086,1092,1084,-1,1084,1092,1094,-1,1084,1094,1082,-1,1082,1094,1096,-1,1082,1096,1080,-1,1080,1096,1098,-1,1080,1098,1078,-1,1078,1098,1100,-1,1078,1100,681,-1,681,1100,682,-1,1102,1103,1090,-1,1090,1103,1091,-1,1104,1105,1089,-1,1089,1105,1088,-1,1103,1104,1091,-1,1091,1104,1089,-1,1088,1105,1090,-1,1090,1105,1102,-1,1104,1103,1105,-1,1105,1103,1102,-1,736,731,737,-1,737,731,729,-1,737,729,978,-1,978,729,959,-1,978,959,976,-1,976,959,961,-1,976,961,974,-1,974,961,963,-1,618,626,967,-1,967,626,968,-1,967,968,965,-1,965,968,970,-1,965,970,963,-1,963,970,972,-1,963,972,974,-1,927,924,929,-1,929,924,922,-1,929,922,931,-1,931,922,920,-1,931,920,933,-1,933,920,918,-1,933,918,935,-1,935,918,916,-1,935,916,937,-1,937,916,914,-1,937,914,939,-1,939,914,912,-1,939,912,740,-1,740,912,732,-1,740,732,741,-1,741,732,733,-1,651,642,1039,-1,1039,642,1036,-1,1039,1036,1041,-1,1041,1036,1034,-1,1041,1034,1043,-1,1043,1034,1032,-1,1043,1032,1045,-1,1045,1032,1030,-1,1045,1030,1047,-1,1047,1030,1028,-1,1047,1028,1049,-1,1049,1028,1027,-1,1049,1027,721,-1,721,1027,19,-1,721,19,723,-1,723,19,18,-1,725,15,724,-1,724,15,373,-1,724,373,1004,-1,1004,373,981,-1,1004,981,1002,-1,1002,981,983,-1,1002,983,1000,-1,1000,983,985,-1,991,992,989,-1,989,992,994,-1,989,994,987,-1,987,994,996,-1,987,996,985,-1,985,996,998,-1,985,998,1000,-1,1021,1008,993,-1,993,1008,990,-1,993,990,995,-1,995,990,988,-1,995,988,997,-1,997,988,986,-1,997,986,999,-1,999,986,984,-1,999,984,1001,-1,640,649,637,-1,637,649,652,-1,637,652,1037,-1,1037,652,1038,-1,1037,1038,1035,-1,1035,1038,1040,-1,1035,1040,1033,-1,1033,1040,1042,-1,1033,1042,1031,-1,1031,1042,1044,-1,1031,1044,1029,-1,1029,1044,1046,-1,1029,1046,1026,-1,1026,1046,1048,-1,1026,1048,468,-1,468,1048,720,-1,468,720,81,-1,1001,984,1003,-1,1003,984,982,-1,1003,982,1005,-1,1005,982,980,-1,1005,980,722,-1,722,980,535,-1,722,535,534,-1,534,533,722,-1,722,533,532,-1,722,532,720,-1,720,532,531,-1,531,530,720,-1,720,530,529,-1,720,529,528,-1,528,527,720,-1,720,527,79,-1,720,79,81,-1,628,614,632,-1,632,614,616,-1,632,616,969,-1,969,616,966,-1,969,966,971,-1,971,966,964,-1,971,964,973,-1,973,964,962,-1,943,951,925,-1,925,951,926,-1,925,926,923,-1,923,926,928,-1,923,928,921,-1,921,928,930,-1,921,930,919,-1,919,930,932,-1,919,932,917,-1,917,932,934,-1,917,934,915,-1,915,934,936,-1,915,936,913,-1,913,936,938,-1,913,938,730,-1,730,938,739,-1,730,739,728,-1,728,739,738,-1,728,738,958,-1,958,738,979,-1,958,979,960,-1,960,979,977,-1,960,977,962,-1,962,977,975,-1,962,975,973,-1,1006,1009,1018,-1,1018,1009,1016,-1,1007,1006,1020,-1,1020,1006,1018,-1,1010,1007,1022,-1,1022,1007,1020,-1,1009,1010,1016,-1,1016,1010,1022,-1,1015,1014,1024,-1,1024,1014,1025,-1,1012,1015,1019,-1,1019,1015,1024,-1,1013,1012,1017,-1,1017,1012,1019,-1,1014,1013,1025,-1,1025,1013,1017,-1,940,945,954,-1,954,945,957,-1,941,940,955,-1,955,940,954,-1,942,941,956,-1,956,941,955,-1,945,942,957,-1,957,942,956,-1,948,947,952,-1,952,947,953,-1,944,948,950,-1,950,948,952,-1,946,944,949,-1,949,944,950,-1,947,946,953,-1,953,946,949,-1,638,647,635,-1,635,647,650,-1,635,650,636,-1,636,650,653,-1,636,653,641,-1,641,653,648,-1,641,648,638,-1,638,648,647,-1,645,658,646,-1,646,658,657,-1,646,657,643,-1,643,657,656,-1,643,656,644,-1,644,656,655,-1,644,655,645,-1,645,655,658,-1,609,623,610,-1,610,623,630,-1,610,630,619,-1,619,630,627,-1,619,627,621,-1,621,627,625,-1,621,625,609,-1,609,625,623,-1,615,634,617,-1,617,634,633,-1,617,633,611,-1,611,633,631,-1,611,631,613,-1,613,631,629,-1,613,629,615,-1,615,629,634,-1,
        ]
    }
}
Shape{
    appearance Appearance {
        material  Material 	{
            diffuseColor 0.0 0.7529411764705882 0.0
            specularColor 0.0 0.3764705882352941 0.0
            ambientIntensity 0.442
            transparency 0.0
            shininess 0.5
        }
    }
    geometry IndexedFaceSet {
        ccw TRUE
        solid FALSE
        coord DEF co Coordinate {
            point [
                -2.6419 2.038 6.7165, -2.6419 2.5269 6.7165, -2.6419 2.038 6.7126, -2.6419 2.5269 6.7126, -1.8225 2.038 6.7165, -1.8225 2.038 6.7126, -1.8225 2.5269 6.7165, -1.8225 2.5269 6.7126
            ]
        }
        coordIndex [
            0,1,2,-1,2,1,3,-1,4,0,5,-1,5,0,2,-1,6,4,7,-1,7,4,5,-1,1,6,3,-1,3,6,7,-1,4,6,0,-1,0,6,1,-1,
        ]
    }
}
Shape{
    appearance Appearance {
        material  Material 	{
            diffuseColor 0.9686274509803922 1.0 0.0
            specularColor 0.48627450980392156 0.5019607843137255 0.0
            ambientIntensity 0.8766
            transparency 0.0
            shininess 0.5
        }
    }
    geometry IndexedFaceSet {
        ccw TRUE
        solid FALSE
        coord DEF co Coordinate {
            point [
                2.642 2.5269 6.7165, 2.642 2.038 6.7165, 2.642 2.5269 6.7126, 2.642 2.038 6.7126, 1.8226 2.5269 6.7165, 1.8226 2.5269 6.7126, 1.8226 2.038 6.7165, 1.8226 2.038 6.7126
            ]
        }
        coordIndex [
            0,1,2,-1,2,1,3,-1,4,0,5,-1,5,0,2,-1,6,4,7,-1,7,4,5,-1,1,6,3,-1,3,6,7,-1,4,6,0,-1,0,6,1,-1,
        ]
    }
}
Shape{
    appearance Appearance {
        material  Material 	{
            diffuseColor 0.7529411764705882 0.7529411764705882 0.7529411764705882
            specularColor 0.3764705882352941 0.3764705882352941 0.3764705882352941
            ambientIntensity 0.7529
            transparency 0.0
            shininess 0.5
        }
    }
    geometry IndexedFaceSet {
        ccw TRUE
        solid FALSE
        coord DEF co Coordinate {
            point [
                3.0512 1.7028 0.4724, 3.0512 1.7028 5.1378, 3.189 1.7028 0.4724, 3.189 1.7028 5.1378, 3.0512 -1.7618 0.4724, 3.189 -1.7618 0.4724, 3.0512 -1.7618 5.1378, 3.189 -1.7618 5.1378, -3.0512 -1.7618 0.4724, -3.0512 -1.7618 5.1378, -3.1889 -1.7618 0.4724, -3.1889 -1.7618 5.1378, -3.0512 1.7028 0.4724, -3.1889 1.7028 0.4724, -3.0512 1.7028 5.1378, -3.1889 1.7028 5.1378
            ]
        }
        coordIndex [
            0,1,2,-1,2,1,3,-1,4,0,5,-1,5,0,2,-1,6,4,7,-1,7,4,5,-1,8,9,10,-1,10,9,11,-1,12,8,13,-1,13,8,10,-1,14,12,15,-1,15,12,13,-1,
        ]
    }
}
Shape{
    appearance Appearance {
        material  Material 	{
            diffuseColor 0.0 0.0 0.0
            specularColor 0.0 0.0 0.0
            ambientIntensity 0.0
            transparency 0.0
            shininess 0.5
        }
    }
    geometry IndexedFaceSet {
        ccw TRUE
        solid FALSE
        coord DEF co Coordinate {
            point [
                0.1321 -3.3011 6.0833, 0.1321 -3.3011 6.065, 0.1321 -3.2972 6.0833, 0.1321 -3.2972 6.065, 0.0683 -3.3011 6.0833, 0.0683 -3.2972 6.0833, 0.0683 -3.3011 6.2252, 0.0683 -3.2972 6.2252, 0.0476 -3.3011 6.2252, 0.0476 -3.2972 6.2252, 0.0476 -3.3011 6.065, 0.0476 -3.2972 6.065, 0.2142 -3.3011 6.0623, 0.2142 -3.2972 6.0623, 0.2386 -3.3011 6.0647, 0.2283 -3.2972 6.0637, 0.2386 -3.2972 6.0647, 0.2558 -3.2972 6.0703, 0.2558 -3.3011 6.0703, 0.2585 -3.2972 6.0717, 0.2585 -3.3011 6.0717, 0.2585 -3.3011 6.0915, 0.2585 -3.2972 6.0915, 0.2449 -3.2972 6.0851, 0.2449 -3.3011 6.0851, 0.2272 -3.2972 6.0813, 0.2272 -3.3011 6.0813, 0.2172 -3.2972 6.0808, 0.2172 -3.3011 6.0808, 0.2024 -3.2972 6.0824, 0.2024 -3.3011 6.0824, 0.1907 -3.2972 6.0866, 0.1907 -3.3011 6.0866, 0.18 -3.2972 6.0938, 0.18 -3.3011 6.0938, 0.1761 -3.2972 6.0976, 0.1761 -3.3011 6.0976, 0.1683 -3.2972 6.1083, 0.1683 -3.3011 6.1083, 0.1631 -3.2972 6.1212, 0.1631 -3.3011 6.1212, 0.1605 -3.2972 6.1371, 0.1605 -3.3011 6.1371, 0.1603 -3.2972 6.1433, 0.1603 -3.3011 6.1433, 0.1629 -3.2972 6.1652, 0.1629 -3.3011 6.1652, 0.1683 -3.2972 6.179, 0.1683 -3.3011 6.179, 0.176 -3.2972 6.1902, 0.176 -3.3011 6.1902, 0.1772 -3.2972 6.1915, 0.1772 -3.3011 6.1915, 0.1877 -3.2972 6.2002, 0.1877 -3.3011 6.2002, 0.2002 -3.2972 6.2062, 0.2002 -3.3011 6.2062, 0.2141 -3.2972 6.2089, 0.2141 -3.3011 6.2089, 0.2208 -3.2972 6.2092, 0.2208 -3.3011 6.2092, 0.2405 -3.2972 6.2069, 0.2405 -3.3011 6.2069, 0.2568 -3.2972 6.2007, 0.2568 -3.3011 6.2007, 0.2585 -3.2972 6.1997, 0.2585 -3.3011 6.1997, 0.2585 -3.3011 6.2213, 0.2585 -3.2972 6.2213, 0.2206 -3.2972 6.2279, 0.2206 -3.3011 6.2279, 0.2378 -3.2972 6.2265, 0.2416 -3.3011 6.2262, 0.2416 -3.2972 6.2262, 0.2094 -3.2972 6.2265, 0.1976 -3.3011 6.2251, 0.1976 -3.2972 6.2251, 0.1808 -3.2972 6.2186, 0.1808 -3.3011 6.2186, 0.1653 -3.2972 6.2077, 0.1653 -3.3011 6.2077, 0.1618 -3.2972 6.2043, 0.1618 -3.3011 6.2043, 0.1502 -3.2972 6.1891, 0.1458 -3.2972 6.179, 0.1426 -3.3011 6.1714, 0.1502 -3.3011 6.1891, 0.1426 -3.2972 6.1714, 0.1389 -3.2972 6.1504, 0.1389 -3.3011 6.1504, 0.1386 -3.2972 6.1421, 0.1386 -3.3011 6.1421, 0.1418 -3.2972 6.1162, 0.1458 -3.2972 6.1057, 0.1482 -3.3011 6.0994, 0.1418 -3.3011 6.1162, 0.1482 -3.2972 6.0994, 0.1578 -3.2972 6.0857, 0.1578 -3.3011 6.0857, 0.1592 -3.2972 6.0842, 0.1592 -3.3011 6.0842, 0.1854 -3.2972 6.067, 0.1706 -3.3011 6.0745, 0.1706 -3.2972 6.0745, 0.1996 -3.2972 6.0637, 0.2024 -3.3011 6.063, 0.1854 -3.3011 6.067, 0.2024 -3.2972 6.063, 0.3767 -3.3011 6.0833, 0.3767 -3.3011 6.065, 0.3767 -3.2972 6.0833, 0.3767 -3.2972 6.065, 0.3113 -3.2972 6.0833, 0.3113 -3.3011 6.0833, 0.3545 -3.2972 6.0833, 0.3113 -3.3011 6.1372, 0.3113 -3.2972 6.1372, 0.3685 -3.2972 6.1372, 0.3685 -3.3011 6.1372, 0.3545 -3.2972 6.1372, 0.3685 -3.3011 6.1555, 0.3685 -3.2972 6.1555, 0.3113 -3.2972 6.1555, 0.3113 -3.3011 6.1555, 0.3545 -3.2972 6.1555, 0.3113 -3.3011 6.2068, 0.3113 -3.2972 6.2068, 0.3731 -3.2972 6.2068, 0.3731 -3.3011 6.2068, 0.3545 -3.2972 6.2068, 0.3731 -3.3011 6.2252, 0.3731 -3.2972 6.2252, 0.2906 -3.2972 6.2252, 0.2906 -3.3011 6.2252, 0.3545 -3.2972 6.2252, 0.2906 -3.3011 6.065, 0.2906 -3.2972 6.065, 0.3545 -3.2972 6.065, 0.5065 -3.3011 6.11, 0.4985 -3.3011 6.1, 0.5132 -3.3011 6.0875, 0.4965 -3.3011 6.0982, 0.4963 -3.3011 6.0754, 0.4862 -3.3011 6.091, 0.4781 -3.3011 6.0683, 0.4729 -3.3011 6.0859, 0.451 -3.3011 6.065, 0.4509 -3.3011 6.0833, 0.407 -3.3011 6.065, 0.4276 -3.3011 6.0833, 0.407 -3.3011 6.2252, 0.4276 -3.3011 6.2068, 0.4527 -3.3011 6.2252, 0.4518 -3.3011 6.2068, 0.4771 -3.3011 6.2225, 0.4731 -3.3011 6.2043, 0.4964 -3.3011 6.2154, 0.4868 -3.3011 6.1992, 0.5132 -3.3011 6.204, 0.4981 -3.3011 6.1917, 0.5189 -3.3011 6.1984, 0.5026 -3.3011 6.1872, 0.5288 -3.3011 6.1844, 0.5088 -3.3011 6.1782, 0.5347 -3.3011 6.1691, 0.5133 -3.3011 6.1664, 0.5373 -3.3011 6.1472, 0.5156 -3.3011 6.1466, 0.5365 -3.3011 6.1339, 0.5151 -3.3011 6.1366, 0.5321 -3.3011 6.1156, 0.512 -3.3011 6.1219, 0.5236 -3.3011 6.0994, 0.451 -3.2972 6.065, 0.407 -3.2972 6.065, 0.5132 -3.2972 6.0875, 0.4781 -3.2972 6.0683, 0.4803 -3.2972 6.0692, 0.4963 -3.2972 6.0754, 0.5236 -3.2972 6.0994, 0.5321 -3.2972 6.1156, 0.5365 -3.2972 6.1339, 0.5373 -3.2972 6.1472, 0.5347 -3.2972 6.1691, 0.5288 -3.2972 6.1844, 0.5189 -3.2972 6.1984, 0.5132 -3.2972 6.204, 0.4964 -3.2972 6.2154, 0.4803 -3.2972 6.2213, 0.4771 -3.2972 6.2225, 0.4527 -3.2972 6.2252, 0.407 -3.2972 6.2252, 0.4518 -3.2972 6.2068, 0.4276 -3.2972 6.2068, 0.4276 -3.2972 6.0833, 0.4509 -3.2972 6.0833, 0.4985 -3.2972 6.1, 0.4965 -3.2972 6.0982, 0.4862 -3.2972 6.091, 0.4729 -3.2972 6.0859, 0.5156 -3.2972 6.1466, 0.5151 -3.2972 6.1366, 0.512 -3.2972 6.1219, 0.5065 -3.2972 6.11, 0.4981 -3.2972 6.1917, 0.5026 -3.2972 6.1872, 0.5088 -3.2972 6.1782, 0.5133 -3.2972 6.1664, 0.4731 -3.2972 6.2043, 0.4868 -3.2972 6.1992
            ]
        }
        coordIndex [
            0,1,2,-1,2,1,3,-1,4,0,5,-1,5,0,2,-1,6,4,7,-1,7,4,5,-1,8,6,9,-1,9,6,7,-1,10,8,11,-1,11,8,9,-1,1,10,3,-1,3,10,11,-1,6,8,4,-1,4,8,10,-1,4,10,0,-1,0,10,1,-1,12,13,14,-1,14,13,15,-1,15,16,14,-1,14,16,17,-1,14,17,18,-1,18,17,19,-1,18,19,20,-1,21,20,22,-1,22,20,19,-1,21,22,23,-1,21,23,24,-1,24,23,25,-1,24,25,26,-1,26,25,27,-1,26,27,28,-1,28,27,29,-1,28,29,30,-1,30,29,31,-1,30,31,32,-1,32,31,33,-1,32,33,34,-1,34,33,35,-1,34,35,36,-1,36,35,37,-1,36,37,38,-1,38,37,39,-1,38,39,40,-1,40,39,41,-1,40,41,42,-1,42,41,43,-1,42,43,44,-1,44,43,45,-1,44,45,46,-1,46,45,47,-1,46,47,48,-1,48,47,49,-1,48,49,50,-1,50,49,51,-1,50,51,52,-1,52,51,53,-1,52,53,54,-1,54,53,55,-1,54,55,56,-1,56,55,57,-1,56,57,58,-1,58,57,59,-1,58,59,60,-1,60,59,61,-1,60,61,62,-1,62,61,63,-1,62,63,64,-1,64,63,65,-1,64,65,66,-1,67,66,68,-1,68,66,65,-1,69,70,71,-1,71,70,72,-1,71,72,73,-1,73,72,67,-1,73,67,68,-1,70,69,74,-1,70,74,75,-1,74,76,75,-1,75,76,77,-1,75,77,78,-1,78,77,79,-1,78,79,80,-1,80,79,81,-1,80,81,82,-1,82,81,83,-1,84,85,83,-1,83,85,86,-1,83,86,82,-1,84,87,85,-1,85,87,88,-1,85,88,89,-1,89,88,90,-1,89,90,91,-1,91,90,92,-1,93,94,92,-1,92,94,95,-1,92,95,91,-1,93,96,94,-1,94,96,97,-1,94,97,98,-1,98,97,99,-1,98,99,100,-1,101,102,103,-1,103,102,100,-1,103,100,99,-1,104,105,101,-1,101,105,106,-1,101,106,102,-1,104,107,105,-1,105,107,13,-1,105,13,12,-1,46,48,86,-1,54,56,75,-1,86,48,82,-1,75,56,70,-1,75,78,54,-1,54,78,80,-1,54,80,52,-1,52,80,82,-1,52,82,50,-1,50,82,48,-1,56,58,70,-1,70,58,60,-1,70,60,72,-1,72,60,62,-1,72,62,67,-1,67,62,64,-1,67,64,66,-1,91,44,89,-1,89,44,46,-1,89,46,85,-1,85,46,86,-1,20,21,18,-1,18,21,24,-1,18,24,14,-1,14,24,26,-1,14,26,12,-1,12,26,28,-1,12,28,105,-1,105,28,30,-1,105,30,106,-1,106,30,32,-1,106,32,102,-1,102,32,34,-1,102,34,100,-1,100,34,36,-1,100,36,98,-1,98,36,38,-1,98,38,94,-1,94,38,95,-1,95,38,40,-1,95,40,91,-1,91,40,42,-1,91,42,44,-1,108,109,110,-1,110,109,111,-1,112,113,114,-1,114,113,108,-1,114,108,110,-1,115,113,116,-1,116,113,112,-1,117,118,119,-1,119,118,115,-1,119,115,116,-1,120,118,121,-1,121,118,117,-1,122,123,124,-1,124,123,120,-1,124,120,121,-1,125,123,126,-1,126,123,122,-1,127,128,129,-1,129,128,125,-1,129,125,126,-1,130,128,131,-1,131,128,127,-1,132,133,134,-1,134,133,130,-1,134,130,131,-1,135,133,136,-1,136,133,132,-1,111,109,137,-1,137,109,135,-1,137,135,136,-1,135,109,108,-1,108,113,135,-1,135,113,115,-1,135,115,133,-1,128,130,125,-1,125,130,133,-1,125,133,123,-1,123,133,115,-1,123,115,120,-1,120,115,118,-1,138,139,140,-1,140,139,141,-1,140,141,142,-1,142,141,143,-1,142,143,144,-1,144,143,145,-1,144,145,146,-1,146,145,147,-1,146,147,148,-1,148,147,149,-1,148,149,150,-1,150,149,151,-1,150,151,152,-1,152,151,153,-1,152,153,154,-1,154,153,155,-1,154,155,156,-1,156,155,157,-1,156,157,158,-1,158,157,159,-1,158,159,160,-1,160,159,161,-1,160,161,162,-1,162,161,163,-1,162,163,164,-1,164,163,165,-1,164,165,166,-1,166,165,167,-1,166,167,168,-1,168,167,169,-1,168,169,170,-1,170,169,171,-1,170,171,172,-1,172,171,138,-1,172,138,140,-1,146,148,173,-1,173,148,174,-1,175,140,142,-1,146,173,176,-1,146,176,144,-1,144,176,177,-1,144,177,142,-1,142,177,178,-1,142,178,175,-1,140,175,179,-1,140,179,172,-1,172,179,180,-1,172,180,170,-1,170,180,181,-1,170,181,168,-1,168,181,182,-1,168,182,166,-1,166,182,183,-1,166,183,164,-1,164,183,184,-1,164,184,162,-1,162,184,185,-1,162,185,160,-1,160,185,186,-1,160,186,158,-1,158,186,187,-1,188,154,187,-1,187,154,156,-1,187,156,158,-1,188,189,154,-1,154,189,190,-1,154,190,152,-1,150,152,191,-1,191,152,190,-1,148,150,174,-1,174,150,191,-1,153,151,192,-1,192,151,193,-1,151,149,193,-1,193,149,194,-1,149,147,194,-1,194,147,195,-1,139,196,197,-1,139,197,141,-1,141,197,198,-1,141,198,143,-1,143,198,199,-1,143,199,145,-1,145,199,195,-1,145,195,147,-1,167,200,201,-1,167,201,169,-1,169,201,202,-1,169,202,171,-1,171,202,203,-1,171,203,138,-1,138,203,196,-1,138,196,139,-1,159,204,205,-1,159,205,161,-1,161,205,206,-1,161,206,163,-1,163,206,207,-1,163,207,165,-1,165,207,200,-1,165,200,167,-1,153,192,208,-1,153,208,155,-1,155,208,209,-1,155,209,157,-1,157,209,204,-1,157,204,159,-1,
        ]
    }
}
Shape{
    appearance Appearance {
        material  Material 	{
            diffuseColor 0.7529411764705882 0.7529411764705882 0.7529411764705882
            specularColor 0.3764705882352941 0.3764705882352941 0.3764705882352941
            ambientIntensity 0.7529
            transparency 0.0
            shininess 0.5
        }
    }
    geometry IndexedFaceSet {
        ccw TRUE
        solid FALSE
        coord DEF co Coordinate {
            point [
                0.4276 -3.2972 6.2068, 0.4276 -3.2972 6.0833, 0.4518 -3.2972 6.2068, 0.4509 -3.2972 6.0833, 0.4729 -3.2972 6.0859, 0.4862 -3.2972 6.091, 0.4965 -3.2972 6.0982, 0.4985 -3.2972 6.1, 0.5065 -3.2972 6.11, 0.512 -3.2972 6.1219, 0.5156 -3.2972 6.1466, 0.4981 -3.2972 6.1917, 0.4868 -3.2972 6.1992, 0.5133 -3.2972 6.1664, 0.5088 -3.2972 6.1782, 0.5026 -3.2972 6.1872, 0.5151 -3.2972 6.1366, 0.4731 -3.2972 6.2043
            ]
        }
        coordIndex [
            0,1,2,-1,2,1,3,-1,3,4,2,-1,2,4,5,-1,2,5,6,-1,6,7,2,-1,2,7,8,-1,2,8,9,-1,10,11,12,-1,13,14,10,-1,10,14,15,-1,10,15,11,-1,9,16,2,-1,2,16,10,-1,2,10,17,-1,17,10,12,-1,
        ]
    }
}
Shape{
    appearance Appearance {
        material  Material 	{
            diffuseColor 0.0 0.0 0.0
            specularColor 0.0 0.0 0.0
            ambientIntensity 0.0
            transparency 0.0
            shininess 0.5
        }
    }
    geometry IndexedFaceSet {
        ccw TRUE
        solid FALSE
        coord DEF co Coordinate {
            point [
                0.591 -3.3011 6.1269, 0.5845 -3.3011 6.1088, 0.6448 -3.3011 6.1269, 0.6512 -3.3011 6.1088, 0.615 -3.3011 6.1935, 0.6072 -3.3011 6.2252, 0.5462 -3.3011 6.065, 0.5691 -3.3011 6.065, 0.6163 -3.3011 6.1983, 0.6176 -3.3011 6.2047, 0.6293 -3.3011 6.2252, 0.6181 -3.3011 6.2047, 0.6194 -3.3011 6.1979, 0.6206 -3.3011 6.1935, 0.6903 -3.3011 6.065, 0.6675 -3.3011 6.065, 0.6293 -3.2972 6.2252, 0.6903 -3.2972 6.065, 0.6072 -3.2972 6.2252, 0.5462 -3.2972 6.065, 0.5924 -3.2972 6.1862, 0.5691 -3.2972 6.065, 0.5845 -3.2972 6.1088, 0.6512 -3.2972 6.1088, 0.5924 -3.2972 6.1088, 0.6675 -3.2972 6.065, 0.591 -3.2972 6.1269, 0.6448 -3.2972 6.1269, 0.6206 -3.2972 6.1935, 0.6181 -3.2972 6.2047, 0.6194 -3.2972 6.1979, 0.6176 -3.2972 6.2047, 0.615 -3.2972 6.1935, 0.6163 -3.2972 6.1983
            ]
        }
        coordIndex [
            0,1,2,-1,2,1,3,-1,4,5,0,-1,0,5,6,-1,0,6,1,-1,1,6,7,-1,4,8,5,-1,5,8,9,-1,5,9,10,-1,10,9,11,-1,10,11,12,-1,12,13,10,-1,10,13,2,-1,10,2,14,-1,14,2,3,-1,14,3,15,-1,10,14,16,-1,16,14,17,-1,5,10,18,-1,18,10,16,-1,19,6,20,-1,20,6,5,-1,20,5,18,-1,7,6,21,-1,21,6,19,-1,1,7,22,-1,22,7,21,-1,23,3,24,-1,24,3,1,-1,24,1,22,-1,15,3,25,-1,25,3,23,-1,14,15,17,-1,17,15,25,-1,0,2,26,-1,26,2,27,-1,2,13,27,-1,27,13,28,-1,11,29,30,-1,11,30,12,-1,12,30,28,-1,12,28,13,-1,11,9,29,-1,29,9,31,-1,4,32,33,-1,4,33,8,-1,8,33,31,-1,8,31,9,-1,4,0,32,-1,32,0,26,-1,
        ]
    }
}
Shape{
    appearance Appearance {
        material  Material 	{
            diffuseColor 0.7529411764705882 0.7529411764705882 0.7529411764705882
            specularColor 0.3764705882352941 0.3764705882352941 0.3764705882352941
            ambientIntensity 0.7529
            transparency 0.0
            shininess 0.5
        }
    }
    geometry IndexedFaceSet {
        ccw TRUE
        solid FALSE
        coord DEF co Coordinate {
            point [
                0.6181 -3.2972 6.2047, 0.6176 -3.2972 6.2047, 0.6194 -3.2972 6.1979, 0.6163 -3.2972 6.1983, 0.6206 -3.2972 6.1935, 0.615 -3.2972 6.1935, 0.6448 -3.2972 6.1269, 0.591 -3.2972 6.1269
            ]
        }
        coordIndex [
            0,1,2,-1,2,1,3,-1,2,3,4,-1,4,3,5,-1,4,5,6,-1,6,5,7,-1,
        ]
    }
}
Shape{
    appearance Appearance {
        material  Material 	{
            diffuseColor 0.0 0.0 0.0
            specularColor 0.0 0.0 0.0
            ambientIntensity 0.0
            transparency 0.0
            shininess 0.5
        }
    }
    geometry IndexedFaceSet {
        ccw TRUE
        solid FALSE
        coord DEF co Coordinate {
            point [
                0.1338 -3.3011 5.8293, 0.1338 -3.3011 5.811, 0.1338 -3.2972 5.8293, 0.1338 -3.2972 5.811, 0.0683 -3.3011 5.8293, 0.0683 -3.2972 5.8293, 0.0683 -3.3011 5.8831, 0.0683 -3.2972 5.8831, 0.1256 -3.3011 5.8831, 0.1256 -3.2972 5.8831, 0.1256 -3.3011 5.9015, 0.1256 -3.2972 5.9015, 0.0683 -3.3011 5.9015, 0.0683 -3.2972 5.9015, 0.0683 -3.3011 5.9527, 0.0683 -3.2972 5.9527, 0.1301 -3.3011 5.9527, 0.1301 -3.2972 5.9527, 0.1301 -3.3011 5.9711, 0.1301 -3.2972 5.9711, 0.0476 -3.3011 5.9711, 0.0476 -3.2972 5.9711, 0.0476 -3.3011 5.811, 0.0476 -3.2972 5.811, 0.2243 -3.3011 5.8287, 0.2248 -3.3011 5.8287, 0.2235 -3.3011 5.8471, 0.2248 -3.3011 5.8561, 0.2449 -3.3011 5.8846, 0.2248 -3.3011 5.8574, 0.2248 -3.3011 5.8684, 0.2248 -3.3011 5.811, 0.2449 -3.3011 5.811, 0.1812 -3.3011 5.8597, 0.1859 -3.3011 5.862, 0.1756 -3.3011 5.8752, 0.2206 -3.3011 5.84, 0.2162 -3.3011 5.8341, 0.2211 -3.3011 5.8238, 0.2137 -3.3011 5.8316, 0.2147 -3.3011 5.817, 0.208 -3.3011 5.8278, 0.2077 -3.3011 5.8124, 0.2019 -3.3011 5.8256, 0.1996 -3.3011 5.8094, 0.1944 -3.3011 5.8248, 0.1892 -3.3011 5.8083, 0.1877 -3.3011 5.8255, 0.1772 -3.3011 5.8097, 0.1831 -3.3011 5.8272, 0.1695 -3.3011 5.8126, 0.1791 -3.3011 5.8299, 0.1628 -3.3011 5.8173, 0.1774 -3.3011 5.8316, 0.1909 -3.3011 5.879, 0.198 -3.3011 5.8648, 0.2248 -3.3011 5.8837, 0.1786 -3.3011 5.8577, 0.1671 -3.3011 5.8708, 0.1762 -3.3011 5.8548, 0.161 -3.3011 5.8654, 0.1745 -3.3011 5.851, 0.157 -3.3011 5.8597, 0.1735 -3.3011 5.8464, 0.1543 -3.3011 5.8526, 0.1733 -3.3011 5.8433, 0.153 -3.3011 5.8416, 0.1738 -3.3011 5.8387, 0.154 -3.3011 5.8325, 0.1751 -3.3011 5.835, 0.1564 -3.3011 5.8257, 0.1606 -3.3011 5.8196, 0.1641 -3.3011 5.9173, 0.1641 -3.3011 5.8979, 0.1684 -3.3011 5.9198, 0.1767 -3.3011 5.906, 0.1833 -3.3011 5.9256, 0.1892 -3.3011 5.9104, 0.2035 -3.3011 5.928, 0.2016 -3.3011 5.9117, 0.2153 -3.3011 5.927, 0.2084 -3.3011 5.911, 0.2238 -3.3011 5.9244, 0.2131 -3.3011 5.9094, 0.2305 -3.3011 5.9207, 0.2166 -3.3011 5.9071, 0.2359 -3.3011 5.9156, 0.2197 -3.3011 5.9038, 0.24 -3.3011 5.9092, 0.222 -3.3011 5.8997, 0.2432 -3.3011 5.9002, 0.2241 -3.3011 5.8926, 0.2035 -3.2972 5.928, 0.1833 -3.2972 5.9256, 0.1684 -3.2972 5.9198, 0.1641 -3.2972 5.9173, 0.1641 -3.2972 5.8979, 0.1767 -3.2972 5.906, 0.1892 -3.2972 5.9104, 0.2016 -3.2972 5.9117, 0.2084 -3.2972 5.911, 0.2131 -3.2972 5.9094, 0.2166 -3.2972 5.9071, 0.2197 -3.2972 5.9038, 0.222 -3.2972 5.8997, 0.2241 -3.2972 5.8926, 0.2248 -3.2972 5.8837, 0.1909 -3.2972 5.879, 0.1756 -3.2972 5.8752, 0.1671 -3.2972 5.8708, 0.161 -3.2972 5.8654, 0.157 -3.2972 5.8597, 0.1543 -3.2972 5.8526, 0.153 -3.2972 5.8416, 0.154 -3.2972 5.8325, 0.1564 -3.2972 5.8257, 0.1606 -3.2972 5.8196, 0.1628 -3.2972 5.8173, 0.1892 -3.2972 5.8083, 0.1776 -3.2972 5.8096, 0.1772 -3.2972 5.8097, 0.1695 -3.2972 5.8126, 0.1996 -3.2972 5.8094, 0.2002 -3.2972 5.8096, 0.2077 -3.2972 5.8124, 0.2147 -3.2972 5.817, 0.2211 -3.2972 5.8238, 0.2243 -3.2972 5.8287, 0.2248 -3.2972 5.8287, 0.2248 -3.2972 5.811, 0.2449 -3.2972 5.811, 0.2449 -3.2972 5.8846, 0.2432 -3.2972 5.9002, 0.24 -3.2972 5.9092, 0.2359 -3.2972 5.9156, 0.2305 -3.2972 5.9207, 0.2238 -3.2972 5.9244, 0.2153 -3.2972 5.927, 0.1786 -3.2972 5.8577, 0.1812 -3.2972 5.8597, 0.1859 -3.2972 5.862, 0.198 -3.2972 5.8648, 0.1733 -3.2972 5.8433, 0.1735 -3.2972 5.8464, 0.1745 -3.2972 5.851, 0.1762 -3.2972 5.8548, 0.1791 -3.2972 5.8299, 0.1774 -3.2972 5.8316, 0.1751 -3.2972 5.835, 0.1738 -3.2972 5.8387, 0.1944 -3.2972 5.8248, 0.1877 -3.2972 5.8255, 0.1831 -3.2972 5.8272, 0.2162 -3.2972 5.8341, 0.2137 -3.2972 5.8316, 0.208 -3.2972 5.8278, 0.2019 -3.2972 5.8256, 0.2248 -3.2972 5.8574, 0.2248 -3.2972 5.8561, 0.2235 -3.2972 5.8471, 0.2206 -3.2972 5.84, 0.2248 -3.2972 5.8684
            ]
        }
        coordIndex [
            0,1,2,-1,2,1,3,-1,4,0,5,-1,5,0,2,-1,6,4,7,-1,7,4,5,-1,8,6,9,-1,9,6,7,-1,10,8,11,-1,11,8,9,-1,12,10,13,-1,13,10,11,-1,14,12,15,-1,15,12,13,-1,16,14,17,-1,17,14,15,-1,18,16,19,-1,19,16,17,-1,20,18,21,-1,21,18,19,-1,22,20,23,-1,23,20,21,-1,1,22,3,-1,3,22,23,-1,22,1,0,-1,0,4,22,-1,22,4,6,-1,22,6,20,-1,16,18,14,-1,14,18,20,-1,14,20,12,-1,12,20,6,-1,12,6,10,-1,10,6,8,-1,24,25,26,-1,27,28,29,-1,29,28,30,-1,31,32,25,-1,25,32,28,-1,25,28,26,-1,26,28,27,-1,33,34,35,-1,26,36,24,-1,24,36,37,-1,24,37,38,-1,38,37,39,-1,38,39,40,-1,40,39,41,-1,40,41,42,-1,42,41,43,-1,42,43,44,-1,44,43,45,-1,44,45,46,-1,46,45,47,-1,46,47,48,-1,48,47,49,-1,48,49,50,-1,50,49,51,-1,50,51,52,-1,52,51,53,-1,35,34,54,-1,54,34,55,-1,54,55,56,-1,33,35,57,-1,57,35,58,-1,57,58,59,-1,59,58,60,-1,59,60,61,-1,61,60,62,-1,61,62,63,-1,63,62,64,-1,63,64,65,-1,65,64,66,-1,65,66,67,-1,67,66,68,-1,67,68,69,-1,69,68,70,-1,69,70,53,-1,53,70,71,-1,53,71,52,-1,72,73,74,-1,74,73,75,-1,74,75,76,-1,76,75,77,-1,76,77,78,-1,78,77,79,-1,78,79,80,-1,80,79,81,-1,80,81,82,-1,82,81,83,-1,82,83,84,-1,84,83,85,-1,84,85,86,-1,86,85,87,-1,86,87,88,-1,88,87,89,-1,88,89,90,-1,90,89,91,-1,90,91,28,-1,28,91,56,-1,28,56,30,-1,30,56,55,-1,78,92,93,-1,78,93,76,-1,76,93,94,-1,76,94,74,-1,74,94,95,-1,74,95,72,-1,73,72,96,-1,96,72,95,-1,73,96,97,-1,73,97,75,-1,75,97,98,-1,75,98,77,-1,77,98,99,-1,77,99,79,-1,79,99,100,-1,79,100,81,-1,81,100,101,-1,81,101,83,-1,83,101,102,-1,83,102,85,-1,85,102,103,-1,85,103,87,-1,87,103,104,-1,87,104,89,-1,89,104,105,-1,89,105,91,-1,91,105,106,-1,91,106,56,-1,54,56,107,-1,107,56,106,-1,54,107,108,-1,54,108,35,-1,35,108,109,-1,35,109,58,-1,58,109,110,-1,58,110,60,-1,60,110,111,-1,60,111,62,-1,62,111,112,-1,62,112,64,-1,64,112,113,-1,64,113,66,-1,66,113,114,-1,66,114,68,-1,68,114,115,-1,68,115,70,-1,70,115,116,-1,70,116,71,-1,71,116,117,-1,71,117,52,-1,118,46,119,-1,119,46,48,-1,119,48,120,-1,120,48,50,-1,120,50,121,-1,121,50,52,-1,121,52,117,-1,46,118,122,-1,46,122,44,-1,44,122,123,-1,44,123,42,-1,123,124,42,-1,42,124,125,-1,42,125,40,-1,40,125,126,-1,40,126,38,-1,38,126,127,-1,38,127,24,-1,25,24,128,-1,128,24,127,-1,31,25,129,-1,129,25,128,-1,32,31,130,-1,130,31,129,-1,28,32,131,-1,131,32,130,-1,28,131,132,-1,28,132,90,-1,90,132,133,-1,90,133,88,-1,88,133,134,-1,88,134,86,-1,86,134,135,-1,86,135,84,-1,84,135,136,-1,84,136,82,-1,82,136,137,-1,82,137,80,-1,80,137,92,-1,80,92,78,-1,57,138,139,-1,57,139,33,-1,33,139,140,-1,33,140,34,-1,34,140,141,-1,34,141,55,-1,65,142,143,-1,65,143,63,-1,63,143,144,-1,63,144,61,-1,61,144,145,-1,61,145,59,-1,59,145,138,-1,59,138,57,-1,51,146,147,-1,51,147,53,-1,53,147,148,-1,53,148,69,-1,69,148,149,-1,69,149,67,-1,67,149,142,-1,67,142,65,-1,45,150,151,-1,45,151,47,-1,47,151,152,-1,47,152,49,-1,49,152,146,-1,49,146,51,-1,37,153,154,-1,37,154,39,-1,39,154,155,-1,39,155,41,-1,41,155,156,-1,41,156,43,-1,43,156,150,-1,43,150,45,-1,29,157,158,-1,29,158,27,-1,27,158,159,-1,27,159,26,-1,26,159,160,-1,26,160,36,-1,36,160,153,-1,36,153,37,-1,29,30,157,-1,157,30,161,-1,30,55,161,-1,161,55,141,-1,
        ]
    }
}
Shape{
    appearance Appearance {
        material  Material 	{
            diffuseColor 0.7529411764705882 0.7529411764705882 0.7529411764705882
            specularColor 0.3764705882352941 0.3764705882352941 0.3764705882352941
            ambientIntensity 0.7529
            transparency 0.0
            shininess 0.5
        }
    }
    geometry IndexedFaceSet {
        ccw TRUE
        solid FALSE
        coord DEF co Coordinate {
            point [
                0.2248 -3.2972 5.8561, 0.2248 -3.2972 5.8574, 0.1786 -3.2972 5.8577, 0.2248 -3.2972 5.8684, 0.198 -3.2972 5.8648, 0.1859 -3.2972 5.862, 0.1812 -3.2972 5.8597, 0.2235 -3.2972 5.8471, 0.1762 -3.2972 5.8548, 0.2206 -3.2972 5.84, 0.1774 -3.2972 5.8316, 0.1791 -3.2972 5.8299, 0.2137 -3.2972 5.8316, 0.1751 -3.2972 5.835, 0.208 -3.2972 5.8278, 0.2019 -3.2972 5.8256, 0.1944 -3.2972 5.8248, 0.1745 -3.2972 5.851, 0.1735 -3.2972 5.8464, 0.2162 -3.2972 5.8341, 0.1733 -3.2972 5.8433, 0.1738 -3.2972 5.8387, 0.1831 -3.2972 5.8272, 0.1877 -3.2972 5.8255
            ]
        }
        coordIndex [
            0,1,2,-1,1,3,4,-1,4,5,1,-1,1,5,6,-1,1,6,2,-1,0,2,7,-1,7,2,8,-1,7,8,9,-1,10,11,12,-1,10,12,13,-1,14,12,15,-1,15,12,16,-1,8,17,9,-1,9,17,18,-1,9,18,19,-1,19,18,20,-1,19,20,12,-1,12,20,21,-1,12,21,13,-1,11,22,12,-1,12,22,23,-1,12,23,16,-1,
        ]
    }
}
Shape{
    appearance Appearance {
        material  Material 	{
            diffuseColor 0.0 0.0 0.0
            specularColor 0.0 0.0 0.0
            ambientIntensity 0.0
            transparency 0.0
            shininess 0.5
        }
    }
    geometry IndexedFaceSet {
        ccw TRUE
        solid FALSE
        coord DEF co Coordinate {
            point [
                0.272 -3.2972 5.8357, 0.272 -3.3011 5.8357, 0.2794 -3.3011 5.8311, 0.305 -3.3011 5.8247, 0.305 -3.2972 5.8247, 0.2919 -3.2972 5.8263, 0.2919 -3.3011 5.8263, 0.2813 -3.2972 5.8304, 0.2794 -3.2972 5.8311, 0.272 -3.3011 5.815, 0.272 -3.2972 5.815, 0.2851 -3.3011 5.8103, 0.2813 -3.2972 5.8117, 0.3031 -3.2972 5.8083, 0.3031 -3.3011 5.8083, 0.2909 -3.2972 5.8096, 0.2851 -3.2972 5.8103, 0.3191 -3.3011 5.8099, 0.3163 -3.2972 5.8096, 0.3191 -3.2972 5.8099, 0.3302 -3.2972 5.8137, 0.3302 -3.3011 5.8137, 0.3364 -3.2972 5.8174, 0.3364 -3.3011 5.8174, 0.3421 -3.2972 5.8224, 0.3421 -3.3011 5.8224, 0.3459 -3.2972 5.8277, 0.3459 -3.3011 5.8277, 0.3483 -3.2972 5.8341, 0.3483 -3.3011 5.8341, 0.3493 -3.2972 5.8421, 0.3493 -3.3011 5.8421, 0.3485 -3.2972 5.8496, 0.3485 -3.3011 5.8496, 0.3463 -3.2972 5.8555, 0.3463 -3.3011 5.8555, 0.3426 -3.2972 5.861, 0.3426 -3.3011 5.861, 0.3378 -3.2972 5.8653, 0.3378 -3.3011 5.8653, 0.3245 -3.2972 5.8727, 0.3245 -3.3011 5.8727, 0.3167 -3.2972 5.8758, 0.3167 -3.3011 5.8758, 0.3043 -3.2972 5.8812, 0.3043 -3.3011 5.8812, 0.2972 -3.2972 5.8857, 0.2972 -3.3011 5.8857, 0.2953 -3.2972 5.8878, 0.2953 -3.3011 5.8878, 0.2938 -3.2972 5.8905, 0.2938 -3.3011 5.8905, 0.293 -3.2972 5.8936, 0.293 -3.3011 5.8936, 0.2928 -3.2972 5.8963, 0.2928 -3.3011 5.8963, 0.2932 -3.2972 5.8995, 0.2932 -3.3011 5.8995, 0.2942 -3.2972 5.9022, 0.2942 -3.3011 5.9022, 0.2959 -3.2972 5.9048, 0.2959 -3.3011 5.9048, 0.2989 -3.2972 5.9074, 0.2989 -3.3011 5.9074, 0.3034 -3.2972 5.9098, 0.3034 -3.3011 5.9098, 0.3088 -3.2972 5.9113, 0.3088 -3.3011 5.9113, 0.3147 -3.2972 5.9117, 0.3147 -3.3011 5.9117, 0.3284 -3.2972 5.9101, 0.3284 -3.3011 5.9101, 0.3398 -3.2972 5.9058, 0.3398 -3.3011 5.9058, 0.3438 -3.2972 5.9034, 0.3438 -3.3011 5.9034, 0.3438 -3.3011 5.9229, 0.3438 -3.2972 5.9229, 0.33 -3.2972 5.9269, 0.33 -3.3011 5.9269, 0.3167 -3.2972 5.928, 0.3167 -3.3011 5.928, 0.3018 -3.2972 5.9264, 0.3018 -3.3011 5.9264, 0.2909 -3.2972 5.9224, 0.2909 -3.3011 5.9224, 0.285 -3.2972 5.9189, 0.285 -3.3011 5.9189, 0.2791 -3.3011 5.9136, 0.2813 -3.2972 5.9156, 0.2791 -3.2972 5.9136, 0.2754 -3.2972 5.9081, 0.2754 -3.3011 5.9081, 0.273 -3.2972 5.9017, 0.273 -3.3011 5.9017, 0.2722 -3.2972 5.8945, 0.2722 -3.3011 5.8945, 0.273 -3.2972 5.8867, 0.273 -3.3011 5.8867, 0.2752 -3.2972 5.8806, 0.2752 -3.3011 5.8806, 0.2779 -3.2972 5.8764, 0.2779 -3.3011 5.8764, 0.3025 -3.2972 5.8613, 0.3025 -3.3011 5.8613, 0.2906 -3.3011 5.8667, 0.2811 -3.2972 5.873, 0.2811 -3.3011 5.873, 0.2813 -3.2972 5.8729, 0.2906 -3.2972 5.8667, 0.3157 -3.2972 5.8558, 0.3157 -3.3011 5.8558, 0.3235 -3.2972 5.851, 0.3235 -3.3011 5.851, 0.326 -3.2972 5.8484, 0.326 -3.3011 5.8484, 0.3276 -3.2972 5.8458, 0.3276 -3.3011 5.8458, 0.3285 -3.2972 5.8426, 0.3285 -3.3011 5.8426, 0.3287 -3.2972 5.8401, 0.3287 -3.3011 5.8401, 0.3283 -3.2972 5.8363, 0.3283 -3.3011 5.8363, 0.3273 -3.2972 5.8335, 0.3273 -3.3011 5.8335, 0.3255 -3.2972 5.8309, 0.3255 -3.3011 5.8309, 0.3232 -3.2972 5.8288, 0.3232 -3.3011 5.8288, 0.3214 -3.2972 5.8277, 0.3214 -3.3011 5.8277, 0.3162 -3.2972 5.8258, 0.3162 -3.3011 5.8258, 0.3059 -3.2972 5.8247, 0.3059 -3.3011 5.8247, 0.4487 -3.3011 5.9254, 0.4695 -3.3011 5.9254, 0.4487 -3.2972 5.9254, 0.4695 -3.2972 5.9254, 0.4175 -3.3011 5.8392, 0.4175 -3.2972 5.8392, 0.416 -3.2972 5.8339, 0.416 -3.3011 5.8339, 0.415 -3.2972 5.83, 0.415 -3.3011 5.83, 0.4145 -3.3011 5.83, 0.4145 -3.2972 5.83, 0.412 -3.3011 5.8394, 0.412 -3.2972 5.8394, 0.3822 -3.2972 5.9254, 0.3822 -3.3011 5.9254, 0.3918 -3.2972 5.8975, 0.3597 -3.3011 5.9254, 0.3597 -3.2972 5.9254, 0.4046 -3.2972 5.8112, 0.4046 -3.3011 5.8112, 0.3918 -3.2972 5.8437, 0.3958 -3.2972 5.7904, 0.3958 -3.3011 5.7904, 0.4039 -3.2972 5.8096, 0.3919 -3.2972 5.7832, 0.3919 -3.3011 5.7832, 0.3918 -3.2972 5.7832, 0.3881 -3.3011 5.7791, 0.3881 -3.2972 5.7791, 0.3845 -3.2972 5.7765, 0.3845 -3.3011 5.7765, 0.3801 -3.2972 5.7749, 0.3801 -3.3011 5.7749, 0.3752 -3.2972 5.7743, 0.3752 -3.3011 5.7743, 0.368 -3.2972 5.7753, 0.368 -3.3011 5.7753, 0.3639 -3.2972 5.7766, 0.3639 -3.3011 5.7766, 0.3639 -3.3011 5.7588, 0.3639 -3.2972 5.7588, 0.3724 -3.2972 5.7573, 0.3724 -3.3011 5.7573, 0.3768 -3.2972 5.7571, 0.3768 -3.3011 5.7571, 0.3849 -3.2972 5.7581, 0.3849 -3.3011 5.7581, 0.3918 -3.2972 5.7607, 0.3928 -3.3011 5.7611, 0.3928 -3.2972 5.7611, 0.3998 -3.2972 5.766, 0.3998 -3.3011 5.766, 0.4012 -3.2972 5.7672, 0.4012 -3.3011 5.7672, 0.4085 -3.2972 5.776, 0.4085 -3.3011 5.776, 0.4176 -3.2972 5.7937, 0.4176 -3.3011 5.7937, 0.4239 -3.2972 5.8096, 0.5773 -3.3011 5.8293, 0.5773 -3.3011 5.811, 0.5773 -3.2972 5.8293, 0.5773 -3.2972 5.811, 0.5118 -3.2972 5.8293, 0.5118 -3.3011 5.8293, 0.5418 -3.2972 5.8293, 0.5118 -3.3011 5.8831, 0.5118 -3.2972 5.8831, 0.5691 -3.2972 5.8831, 0.5691 -3.3011 5.8831, 0.5418 -3.2972 5.8831, 0.5691 -3.3011 5.9015, 0.5691 -3.2972 5.9015, 0.5118 -3.2972 5.9015, 0.5118 -3.3011 5.9015, 0.5418 -3.2972 5.9015, 0.5118 -3.3011 5.9527, 0.5118 -3.2972 5.9527, 0.5736 -3.2972 5.9527, 0.5736 -3.3011 5.9527, 0.5418 -3.2972 5.9527, 0.5736 -3.3011 5.9711, 0.5736 -3.2972 5.9711, 0.4911 -3.2972 5.9711, 0.4911 -3.3011 5.9711, 0.5418 -3.2972 5.9711, 0.4911 -3.3011 5.811, 0.4911 -3.2972 5.811, 0.5418 -3.2972 5.811, 0.7071 -3.3011 5.8559, 0.699 -3.3011 5.846, 0.7137 -3.3011 5.8334, 0.6971 -3.3011 5.8441, 0.6969 -3.3011 5.8214, 0.6867 -3.3011 5.837, 0.6786 -3.3011 5.8143, 0.6734 -3.3011 5.8319, 0.6516 -3.3011 5.811, 0.6514 -3.3011 5.8293, 0.6075 -3.3011 5.811, 0.6282 -3.3011 5.8293, 0.6075 -3.3011 5.9711, 0.6282 -3.3011 5.9527, 0.6532 -3.3011 5.9711, 0.6524 -3.3011 5.9527, 0.6776 -3.3011 5.9684, 0.6736 -3.3011 5.9503, 0.697 -3.3011 5.9614, 0.6874 -3.3011 5.9452, 0.7137 -3.3011 5.9499, 0.6986 -3.3011 5.9377, 0.7195 -3.3011 5.9443, 0.7032 -3.3011 5.9331, 0.7294 -3.3011 5.9303, 0.7093 -3.3011 5.9241, 0.7353 -3.3011 5.9151, 0.7138 -3.3011 5.9124, 0.7379 -3.3011 5.8931, 0.7162 -3.3011 5.8925, 0.7371 -3.3011 5.8798, 0.7156 -3.3011 5.8826, 0.7326 -3.3011 5.8616, 0.7126 -3.3011 5.8679, 0.7241 -3.3011 5.8453, 0.6516 -3.2972 5.811, 0.6075 -3.2972 5.811, 0.6786 -3.2972 5.8143, 0.6969 -3.2972 5.8214, 0.7137 -3.2972 5.8334, 0.7241 -3.2972 5.8453, 0.7326 -3.2972 5.8616, 0.7371 -3.2972 5.8798, 0.7379 -3.2972 5.8931, 0.7353 -3.2972 5.9151, 0.7294 -3.2972 5.9303, 0.7195 -3.2972 5.9443, 0.7137 -3.2972 5.9499, 0.697 -3.2972 5.9614, 0.6776 -3.2972 5.9684, 0.6532 -3.2972 5.9711, 0.6075 -3.2972 5.9711, 0.6524 -3.2972 5.9527, 0.6282 -3.2972 5.9527, 0.6282 -3.2972 5.8293, 0.6514 -3.2972 5.8293, 0.699 -3.2972 5.846, 0.6971 -3.2972 5.8441, 0.6867 -3.2972 5.837, 0.6734 -3.2972 5.8319, 0.7162 -3.2972 5.8925, 0.7156 -3.2972 5.8826, 0.7126 -3.2972 5.8679, 0.7071 -3.2972 5.8559, 0.6986 -3.2972 5.9377, 0.7032 -3.2972 5.9331, 0.7093 -3.2972 5.9241, 0.7138 -3.2972 5.9124, 0.6736 -3.2972 5.9503, 0.6874 -3.2972 5.9452
            ]
        }
        coordIndex [
            0,1,2,-1,3,4,5,-1,3,5,6,-1,6,5,7,-1,6,7,2,-1,2,7,8,-1,2,8,0,-1,9,1,10,-1,10,1,0,-1,9,10,11,-1,11,10,12,-1,13,14,15,-1,15,14,11,-1,15,11,16,-1,16,11,12,-1,14,13,17,-1,17,13,18,-1,18,19,17,-1,17,19,20,-1,17,20,21,-1,21,20,22,-1,21,22,23,-1,23,22,24,-1,23,24,25,-1,25,24,26,-1,25,26,27,-1,27,26,28,-1,27,28,29,-1,29,28,30,-1,29,30,31,-1,31,30,32,-1,31,32,33,-1,33,32,34,-1,33,34,35,-1,35,34,36,-1,35,36,37,-1,37,36,38,-1,37,38,39,-1,39,38,40,-1,39,40,41,-1,41,40,42,-1,41,42,43,-1,43,42,44,-1,43,44,45,-1,45,44,46,-1,45,46,47,-1,47,46,48,-1,47,48,49,-1,49,48,50,-1,49,50,51,-1,51,50,52,-1,51,52,53,-1,53,52,54,-1,53,54,55,-1,55,54,56,-1,55,56,57,-1,57,56,58,-1,57,58,59,-1,59,58,60,-1,59,60,61,-1,61,60,62,-1,61,62,63,-1,63,62,64,-1,63,64,65,-1,65,64,66,-1,65,66,67,-1,67,66,68,-1,67,68,69,-1,69,68,70,-1,69,70,71,-1,71,70,72,-1,71,72,73,-1,73,72,74,-1,73,74,75,-1,76,75,77,-1,77,75,74,-1,76,77,78,-1,76,78,79,-1,79,78,80,-1,79,80,81,-1,81,80,82,-1,81,82,83,-1,83,82,84,-1,83,84,85,-1,85,84,86,-1,85,86,87,-1,87,86,88,-1,88,86,89,-1,89,90,88,-1,88,90,91,-1,88,91,92,-1,92,91,93,-1,92,93,94,-1,94,93,95,-1,94,95,96,-1,96,95,97,-1,96,97,98,-1,98,97,99,-1,98,99,100,-1,100,99,101,-1,100,101,102,-1,103,104,105,-1,102,101,106,-1,102,106,107,-1,107,106,108,-1,107,108,105,-1,105,108,109,-1,105,109,103,-1,104,103,110,-1,104,110,111,-1,111,110,112,-1,111,112,113,-1,113,112,114,-1,113,114,115,-1,115,114,116,-1,115,116,117,-1,117,116,118,-1,117,118,119,-1,119,118,120,-1,119,120,121,-1,121,120,122,-1,121,122,123,-1,123,122,124,-1,123,124,125,-1,125,124,126,-1,125,126,127,-1,127,126,128,-1,127,128,129,-1,129,128,130,-1,129,130,131,-1,131,130,132,-1,131,132,133,-1,133,132,134,-1,133,134,135,-1,135,134,4,-1,135,4,3,-1,61,63,85,-1,85,63,83,-1,111,43,104,-1,104,43,45,-1,21,23,127,-1,127,23,25,-1,127,25,125,-1,125,25,27,-1,125,27,123,-1,123,27,29,-1,123,29,121,-1,121,29,31,-1,121,31,119,-1,119,31,33,-1,119,33,117,-1,117,33,35,-1,117,35,115,-1,115,35,37,-1,115,37,113,-1,113,37,39,-1,113,39,111,-1,111,39,41,-1,111,41,43,-1,14,3,11,-1,11,3,6,-1,11,6,9,-1,9,6,2,-1,9,2,1,-1,63,65,83,-1,83,65,67,-1,83,67,81,-1,81,67,69,-1,81,69,79,-1,79,69,71,-1,79,71,76,-1,76,71,73,-1,76,73,75,-1,127,129,21,-1,21,129,131,-1,21,131,17,-1,17,131,133,-1,17,133,14,-1,14,133,135,-1,14,135,3,-1,85,87,61,-1,61,87,88,-1,61,88,59,-1,59,88,92,-1,59,92,57,-1,57,92,94,-1,57,94,55,-1,55,94,96,-1,55,96,53,-1,53,96,98,-1,53,98,51,-1,51,98,100,-1,51,100,49,-1,49,100,102,-1,49,102,47,-1,47,102,107,-1,47,107,45,-1,45,107,105,-1,45,105,104,-1,136,137,138,-1,138,137,139,-1,140,136,141,-1,141,136,138,-1,140,141,142,-1,140,142,143,-1,143,142,144,-1,143,144,145,-1,146,145,147,-1,147,145,144,-1,148,146,149,-1,149,146,147,-1,150,151,152,-1,152,151,148,-1,152,148,149,-1,153,151,154,-1,154,151,150,-1,155,156,157,-1,157,156,153,-1,157,153,154,-1,158,159,160,-1,160,159,156,-1,160,156,155,-1,159,158,161,-1,159,161,162,-1,162,161,163,-1,162,163,164,-1,163,165,164,-1,164,165,166,-1,164,166,167,-1,167,166,168,-1,167,168,169,-1,169,168,170,-1,169,170,171,-1,171,170,172,-1,171,172,173,-1,173,172,174,-1,173,174,175,-1,176,175,177,-1,177,175,174,-1,176,177,178,-1,176,178,179,-1,179,178,180,-1,179,180,181,-1,181,180,182,-1,181,182,183,-1,183,182,184,-1,183,184,185,-1,184,186,185,-1,185,186,187,-1,185,187,188,-1,188,187,189,-1,188,189,190,-1,190,189,191,-1,190,191,192,-1,192,191,193,-1,192,193,194,-1,139,137,195,-1,195,137,194,-1,195,194,193,-1,143,145,194,-1,137,136,194,-1,194,136,140,-1,194,140,143,-1,151,153,148,-1,148,153,156,-1,148,156,146,-1,175,176,173,-1,173,176,179,-1,173,179,171,-1,171,179,181,-1,171,181,169,-1,169,181,183,-1,169,183,167,-1,167,183,185,-1,167,185,164,-1,192,162,190,-1,190,162,164,-1,190,164,188,-1,188,164,185,-1,145,146,194,-1,194,146,156,-1,194,156,192,-1,192,156,159,-1,192,159,162,-1,196,197,198,-1,198,197,199,-1,200,201,202,-1,202,201,196,-1,202,196,198,-1,203,201,204,-1,204,201,200,-1,205,206,207,-1,207,206,203,-1,207,203,204,-1,208,206,209,-1,209,206,205,-1,210,211,212,-1,212,211,208,-1,212,208,209,-1,213,211,214,-1,214,211,210,-1,215,216,217,-1,217,216,213,-1,217,213,214,-1,218,216,219,-1,219,216,215,-1,220,221,222,-1,222,221,218,-1,222,218,219,-1,223,221,224,-1,224,221,220,-1,199,197,225,-1,225,197,223,-1,225,223,224,-1,223,197,196,-1,196,201,223,-1,223,201,203,-1,223,203,221,-1,216,218,213,-1,213,218,221,-1,213,221,211,-1,211,221,203,-1,211,203,208,-1,208,203,206,-1,226,227,228,-1,228,227,229,-1,228,229,230,-1,230,229,231,-1,230,231,232,-1,232,231,233,-1,232,233,234,-1,234,233,235,-1,234,235,236,-1,236,235,237,-1,236,237,238,-1,238,237,239,-1,238,239,240,-1,240,239,241,-1,240,241,242,-1,242,241,243,-1,242,243,244,-1,244,243,245,-1,244,245,246,-1,246,245,247,-1,246,247,248,-1,248,247,249,-1,248,249,250,-1,250,249,251,-1,250,251,252,-1,252,251,253,-1,252,253,254,-1,254,253,255,-1,254,255,256,-1,256,255,257,-1,256,257,258,-1,258,257,259,-1,258,259,260,-1,260,259,226,-1,260,226,228,-1,234,236,261,-1,261,236,262,-1,234,261,263,-1,234,263,232,-1,232,263,264,-1,232,264,230,-1,230,264,265,-1,230,265,228,-1,228,265,266,-1,228,266,260,-1,260,266,267,-1,260,267,258,-1,258,267,268,-1,258,268,256,-1,256,268,269,-1,256,269,254,-1,254,269,270,-1,254,270,252,-1,252,270,271,-1,252,271,250,-1,250,271,272,-1,250,272,248,-1,248,272,273,-1,248,273,246,-1,246,273,274,-1,246,274,244,-1,244,274,275,-1,244,275,242,-1,242,275,276,-1,242,276,240,-1,238,240,277,-1,277,240,276,-1,236,238,262,-1,262,238,277,-1,241,239,278,-1,278,239,279,-1,239,237,279,-1,279,237,280,-1,237,235,280,-1,280,235,281,-1,227,282,283,-1,227,283,229,-1,229,283,284,-1,229,284,231,-1,231,284,285,-1,231,285,233,-1,233,285,281,-1,233,281,235,-1,255,286,287,-1,255,287,257,-1,257,287,288,-1,257,288,259,-1,259,288,289,-1,259,289,226,-1,226,289,282,-1,226,282,227,-1,247,290,291,-1,247,291,249,-1,249,291,292,-1,249,292,251,-1,251,292,293,-1,251,293,253,-1,253,293,286,-1,253,286,255,-1,241,278,294,-1,241,294,243,-1,243,294,295,-1,243,295,245,-1,245,295,290,-1,245,290,247,-1,
        ]
    }
}
Shape{
    appearance Appearance {
        material  Material 	{
            diffuseColor 0.7529411764705882 0.7529411764705882 0.7529411764705882
            specularColor 0.3764705882352941 0.3764705882352941 0.3764705882352941
            ambientIntensity 0.7529
            transparency 0.0
            shininess 0.5
        }
    }
    geometry IndexedFaceSet {
        ccw TRUE
        solid FALSE
        coord DEF co Coordinate {
            point [
                0.6282 -3.2972 5.9527, 0.6282 -3.2972 5.8293, 0.6524 -3.2972 5.9527, 0.6514 -3.2972 5.8293, 0.6734 -3.2972 5.8319, 0.6867 -3.2972 5.837, 0.6971 -3.2972 5.8441, 0.699 -3.2972 5.846, 0.7071 -3.2972 5.8559, 0.7126 -3.2972 5.8679, 0.7162 -3.2972 5.8925, 0.6986 -3.2972 5.9377, 0.6874 -3.2972 5.9452, 0.7138 -3.2972 5.9124, 0.7093 -3.2972 5.9241, 0.7032 -3.2972 5.9331, 0.7156 -3.2972 5.8826, 0.6736 -3.2972 5.9503
            ]
        }
        coordIndex [
            0,1,2,-1,2,1,3,-1,3,4,2,-1,2,4,5,-1,2,5,6,-1,6,7,2,-1,2,7,8,-1,2,8,9,-1,10,11,12,-1,13,14,10,-1,10,14,15,-1,10,15,11,-1,9,16,2,-1,2,16,10,-1,2,10,17,-1,17,10,12,-1,
        ]
    }
}
Shape{
    appearance Appearance {
        material  Material 	{
            diffuseColor 0.0 0.0 0.0
            specularColor 0.0 0.0 0.0
            ambientIntensity 0.0
            transparency 0.0
            shininess 0.5
        }
    }
    geometry IndexedFaceSet {
        ccw TRUE
        solid FALSE
        coord DEF co Coordinate {
            point [
                0.7916 -3.3011 5.8729, 0.785 -3.3011 5.8548, 0.8453 -3.3011 5.8729, 0.8517 -3.3011 5.8548, 0.8155 -3.3011 5.9395, 0.8078 -3.3011 5.9711, 0.7468 -3.3011 5.811, 0.7696 -3.3011 5.811, 0.8169 -3.3011 5.9442, 0.8181 -3.3011 5.9507, 0.8299 -3.3011 5.9711, 0.8186 -3.3011 5.9507, 0.8199 -3.3011 5.9439, 0.8211 -3.3011 5.9395, 0.8909 -3.3011 5.811, 0.868 -3.3011 5.811, 0.8299 -3.2972 5.9711, 0.8909 -3.2972 5.811, 0.8078 -3.2972 5.9711, 0.7468 -3.2972 5.811, 0.7696 -3.2972 5.811, 0.785 -3.2972 5.8548, 0.8517 -3.2972 5.8548, 0.868 -3.2972 5.811, 0.7916 -3.2972 5.8729, 0.8453 -3.2972 5.8729, 0.8211 -3.2972 5.9395, 0.8186 -3.2972 5.9507, 0.8199 -3.2972 5.9439, 0.8181 -3.2972 5.9507, 0.8155 -3.2972 5.9395, 0.8169 -3.2972 5.9442
            ]
        }
        coordIndex [
            0,1,2,-1,2,1,3,-1,4,5,0,-1,0,5,6,-1,0,6,1,-1,1,6,7,-1,4,8,5,-1,5,8,9,-1,5,9,10,-1,10,9,11,-1,10,11,12,-1,12,13,10,-1,10,13,2,-1,10,2,14,-1,14,2,3,-1,14,3,15,-1,10,14,16,-1,16,14,17,-1,5,10,18,-1,18,10,16,-1,6,5,19,-1,19,5,18,-1,7,6,20,-1,20,6,19,-1,1,7,21,-1,21,7,20,-1,3,1,22,-1,22,1,21,-1,15,3,23,-1,23,3,22,-1,14,15,17,-1,17,15,23,-1,0,2,24,-1,24,2,25,-1,2,13,25,-1,25,13,26,-1,11,27,28,-1,11,28,12,-1,12,28,26,-1,12,26,13,-1,11,9,27,-1,27,9,29,-1,4,30,31,-1,4,31,8,-1,8,31,29,-1,8,29,9,-1,4,0,30,-1,30,0,24,-1,
        ]
    }
}
Shape{
    appearance Appearance {
        material  Material 	{
            diffuseColor 0.7529411764705882 0.7529411764705882 0.7529411764705882
            specularColor 0.3764705882352941 0.3764705882352941 0.3764705882352941
            ambientIntensity 0.7529
            transparency 0.0
            shininess 0.5
        }
    }
    geometry IndexedFaceSet {
        ccw TRUE
        solid FALSE
        coord DEF co Coordinate {
            point [
                0.8186 -3.2972 5.9507, 0.8181 -3.2972 5.9507, 0.8199 -3.2972 5.9439, 0.8169 -3.2972 5.9442, 0.8211 -3.2972 5.9395, 0.8155 -3.2972 5.9395, 0.8453 -3.2972 5.8729, 0.7916 -3.2972 5.8729
            ]
        }
        coordIndex [
            0,1,2,-1,2,1,3,-1,2,3,4,-1,4,3,5,-1,4,5,6,-1,6,5,7,-1,
        ]
    }
}
Shape{
    appearance Appearance {
        material  Material 	{
            diffuseColor 0.0 0.0 0.0
            specularColor 0.0 0.0 0.0
            ambientIntensity 0.0
            transparency 0.0
            shininess 0.5
        }
    }
    geometry IndexedFaceSet {
        ccw TRUE
        solid FALSE
        coord DEF co Coordinate {
            point [
                -0.6596 -3.3011 5.7883, -0.6426 -3.3011 5.7674, -0.6699 -3.3011 5.889, -0.6897 -3.3011 6.0868, -0.6644 -3.3011 6.1003, -0.6703 -3.3011 6.1704, -0.5993 -3.3011 6.1736, -0.564 -3.3011 6.0905, -0.5466 -3.3011 6.1266, -0.6947 -3.3011 5.9043, -0.6854 -3.3011 5.817, -0.671 -3.3011 5.8127, -0.6255 -3.3011 6.1759, -0.5545 -3.3011 5.8914, -0.5439 -3.3011 5.8876, -0.449 -3.3011 5.8605, -0.5348 -3.3011 5.8814, -0.5274 -3.3011 5.8732, -0.2896 -3.3011 5.9448, -0.3249 -3.3011 6.0051, -0.4775 -3.3011 5.9254, -0.564 -3.3011 5.8924, -0.5751 -3.3011 5.891, -0.5901 -3.3011 5.9608, -0.5851 -3.3011 5.8871, -0.6152 -3.3011 5.9512, -0.594 -3.3011 5.8807, -0.6385 -3.3011 5.935, -0.5985 -3.3011 5.876, -0.6573 -3.3011 5.9135, -0.6044 -3.3011 5.8666, -0.6077 -3.3011 5.8558, -0.6083 -3.3011 5.8447, -0.5215 -3.3011 5.9565, -0.549 -3.3011 5.9633, -0.5628 -3.3011 5.9642, -0.5225 -3.3011 5.8639, -0.5199 -3.3011 5.8533, -0.449 -3.3011 5.8492, -0.5199 -3.3011 5.8429, -0.4496 -3.3011 5.8372, -0.252 -3.3011 6.0575, -0.2429 -3.3011 6.0575, -0.1962 -3.3011 6.119, -0.2212 -3.3011 6.0548, -0.1907 -3.3011 6.1171, -0.2014 -3.3011 6.0472, -0.1568 -3.3011 6.1003, -0.1259 -3.3011 6.0742, -0.5759 -3.3011 6.2008, -0.521 -3.3011 6.1571, -0.5492 -3.3011 6.2237, -0.4905 -3.3011 6.1794, -0.5199 -3.3011 6.2417, -0.6363 -3.3011 6.107, -0.6243 -3.3011 6.1076, -0.6124 -3.3011 6.1752, -0.5976 -3.3011 6.1043, -0.572 -3.3011 6.0949, -0.4974 -3.3011 5.9436, -0.1256 -3.3011 5.8617, -0.1787 -3.3011 5.9069, -0.1566 -3.3011 5.8355, -0.1955 -3.3011 5.8931, -0.1913 -3.3011 5.8185, -0.2156 -3.3011 5.8838, -0.2292 -3.3011 5.8104, -0.2361 -3.3011 5.8799, -0.2964 -3.3011 5.8104, -0.2873 -3.3011 5.8799, -0.3028 -3.3011 5.8115, -0.6062 -3.3011 5.8341, -0.6017 -3.3011 5.8245, -0.1837 -3.3011 6.0348, -0.1706 -3.3011 6.0203, -0.1026 -3.3011 6.0418, -0.16 -3.3011 6.0006, -0.0887 -3.3011 6.007, -0.1547 -3.3011 5.9788, -0.0835 -3.3011 5.9698, -0.1541 -3.3011 5.9687, -0.0887 -3.3011 5.9292, -0.1568 -3.3011 5.9465, -0.103 -3.3011 5.8932, -0.1647 -3.3011 5.9262, -0.1772 -3.3011 5.9085, -0.2577 -3.3011 6.2089, -0.3023 -3.3011 6.1566, -0.2199 -3.3011 6.1651, -0.2766 -3.3011 6.126, -0.259 -3.3011 6.0893, -0.7348 -3.3011 6.0213, -0.8096 -3.3011 6.0024, -0.7382 -3.3011 5.9938, -0.8099 -3.3011 5.9915, -0.7368 -3.3011 5.9761, -0.8044 -3.3011 5.9469, -0.7286 -3.3011 5.9483, -0.7881 -3.3011 5.9045, -0.7151 -3.3011 5.9253, -0.7621 -3.3011 5.8674, -0.7266 -3.3011 5.8371, -0.4563 -3.3011 5.8091, -0.5226 -3.3011 5.832, -0.4698 -3.3011 5.7838, -0.5279 -3.3011 5.8222, -0.4872 -3.3011 5.7642, -0.5341 -3.3011 5.8152, -0.5099 -3.3011 5.7485, -0.5427 -3.3011 5.809, -0.5353 -3.3011 5.7387, -0.5526 -3.3011 5.8051, -0.5628 -3.3011 5.7353, -0.564 -3.3011 5.8036, -0.5672 -3.3011 5.7354, -0.5659 -3.3011 5.8037, -0.5941 -3.3011 5.7396, -0.5761 -3.3011 5.8053, -0.6204 -3.3011 5.7506, -0.5864 -3.3011 5.8097, -0.5952 -3.3011 5.8164, -0.4673 -3.3011 6.2616, -0.4533 -3.3011 6.1944, -0.4126 -3.3011 6.2681, -0.4114 -3.3011 6.1998, -0.3622 -3.3011 6.2625, -0.3728 -3.3011 6.1951, -0.3053 -3.3011 6.2415, -0.3371 -3.3011 6.1814, -0.3051 -3.3011 6.1592, -0.7125 -3.3011 6.154, -0.7487 -3.3011 6.1285, -0.7092 -3.3011 6.0694, -0.7564 -3.3011 6.1213, -0.725 -3.3011 6.0467, -0.7838 -3.3011 6.0862, -0.802 -3.3011 6.0452, -0.293 -3.3011 5.881, -0.3204 -3.3011 5.8224, -0.3178 -3.3011 5.8197, -0.2896 -3.3011 5.8802, -0.3104 -3.3011 5.8144, -0.3294 -3.3011 5.8457, -0.3284 -3.3011 5.8373, -0.3254 -3.3011 5.8295, -0.303 -3.3011 5.8799, -0.3108 -3.3011 5.8768, -0.3292 -3.3011 5.8502, -0.3178 -3.3011 5.8719, -0.3225 -3.3011 5.8667, -0.3269 -3.3011 5.8589, -0.2941 -3.3011 5.881, -0.0835 -3.2972 5.9698, -0.0887 -3.2972 6.007, -0.1184 -3.2972 6.0637, -0.0926 -3.2972 6.0167, -0.1026 -3.2972 6.0418, -0.1259 -3.2972 6.0742, -0.1568 -3.2972 6.1003, -0.1907 -3.2972 6.1171, -0.1962 -3.2972 6.119, -0.2199 -3.2972 6.1651, -0.2577 -3.2972 6.2089, -0.2835 -3.2972 6.2265, -0.3053 -3.2972 6.2415, -0.3622 -3.2972 6.2625, -0.4126 -3.2972 6.2681, -0.4673 -3.2972 6.2616, -0.5199 -3.2972 6.2417, -0.5447 -3.2972 6.2265, -0.5492 -3.2972 6.2237, -0.5759 -3.2972 6.2008, -0.5993 -3.2972 6.1736, -0.6124 -3.2972 6.1752, -0.6255 -3.2972 6.1759, -0.6703 -3.2972 6.1704, -0.7125 -3.2972 6.154, -0.7487 -3.2972 6.1285, -0.7564 -3.2972 6.1213, -0.8099 -3.2972 5.9915, -0.7838 -3.2972 6.0862, -0.7938 -3.2972 6.0637, -0.802 -3.2972 6.0452, -0.807 -3.2972 6.0167, -0.8096 -3.2972 6.0024, -0.8044 -3.2972 5.9469, -0.7881 -3.2972 5.9045, -0.7621 -3.2972 5.8674, -0.7266 -3.2972 5.8371, -0.6854 -3.2972 5.817, -0.671 -3.2972 5.8127, -0.6696 -3.2972 5.8096, -0.6596 -3.2972 5.7883, -0.6426 -3.2972 5.7674, -0.6204 -3.2972 5.7506, -0.6099 -3.2972 5.7462, -0.5941 -3.2972 5.7396, -0.5672 -3.2972 5.7354, -0.5628 -3.2972 5.7353, -0.449 -3.2972 5.8492, -0.5353 -3.2972 5.7387, -0.5157 -3.2972 5.7462, -0.5099 -3.2972 5.7485, -0.4872 -3.2972 5.7642, -0.4698 -3.2972 5.7838, -0.4563 -3.2972 5.8091, -0.4562 -3.2972 5.8096, -0.4496 -3.2972 5.8372, -0.449 -3.2972 5.8605, -0.2896 -3.2972 5.9448, -0.3249 -3.2972 6.0051, -0.4775 -3.2972 5.9254, -0.4974 -3.2972 5.9436, -0.5215 -3.2972 5.9565, -0.549 -3.2972 5.9633, -0.5628 -3.2972 5.9642, -0.5901 -3.2972 5.9608, -0.6152 -3.2972 5.9512, -0.6385 -3.2972 5.935, -0.6573 -3.2972 5.9135, -0.6699 -3.2972 5.889, -0.6947 -3.2972 5.9043, -0.7151 -3.2972 5.9253, -0.7286 -3.2972 5.9483, -0.7368 -3.2972 5.9761, -0.7382 -3.2972 5.9938, -0.7354 -3.2972 6.0167, -0.7348 -3.2972 6.0213, -0.725 -3.2972 6.0467, -0.7132 -3.2972 6.0637, -0.7092 -3.2972 6.0694, -0.6897 -3.2972 6.0868, -0.6644 -3.2972 6.1003, -0.6363 -3.2972 6.107, -0.6243 -3.2972 6.1076, -0.5976 -3.2972 6.1043, -0.572 -3.2972 6.0949, -0.564 -3.2972 6.0905, -0.5466 -3.2972 6.1266, -0.521 -3.2972 6.1571, -0.4905 -3.2972 6.1794, -0.4533 -3.2972 6.1944, -0.4114 -3.2972 6.1998, -0.3728 -3.2972 6.1951, -0.3371 -3.2972 6.1814, -0.3051 -3.2972 6.1592, -0.3023 -3.2972 6.1566, -0.2766 -3.2972 6.126, -0.259 -3.2972 6.0893, -0.2534 -3.2972 6.0637, -0.252 -3.2972 6.0575, -0.2429 -3.2972 6.0575, -0.2212 -3.2972 6.0548, -0.2014 -3.2972 6.0472, -0.1837 -3.2972 6.0348, -0.1706 -3.2972 6.0203, -0.1687 -3.2972 6.0167, -0.16 -3.2972 6.0006, -0.1547 -3.2972 5.9788, -0.1541 -3.2972 5.9687, -0.1568 -3.2972 5.9465, -0.1647 -3.2972 5.9262, -0.1772 -3.2972 5.9085, -0.1787 -3.2972 5.9069, -0.1955 -3.2972 5.8931, -0.2156 -3.2972 5.8838, -0.2361 -3.2972 5.8799, -0.2873 -3.2972 5.8799, -0.2896 -3.2972 5.8802, -0.293 -3.2972 5.881, -0.2941 -3.2972 5.881, -0.303 -3.2972 5.8799, -0.3108 -3.2972 5.8768, -0.3178 -3.2972 5.8719, -0.3225 -3.2972 5.8667, -0.3269 -3.2972 5.8589, -0.3292 -3.2972 5.8502, -0.3294 -3.2972 5.8457, -0.3284 -3.2972 5.8373, -0.3254 -3.2972 5.8295, -0.3204 -3.2972 5.8224, -0.3178 -3.2972 5.8197, -0.3104 -3.2972 5.8144, -0.3028 -3.2972 5.8115, -0.2964 -3.2972 5.8104, -0.2292 -3.2972 5.8104, -0.1913 -3.2972 5.8185, -0.1566 -3.2972 5.8355, -0.1256 -3.2972 5.8617, -0.103 -3.2972 5.8932, -0.0887 -3.2972 5.9292, -0.564 -3.2972 5.8924, -0.5545 -3.2972 5.8914, -0.5439 -3.2972 5.8876, -0.5348 -3.2972 5.8814, -0.5274 -3.2972 5.8732, -0.5225 -3.2972 5.8639, -0.5199 -3.2972 5.8533, -0.5199 -3.2972 5.8429, -0.5226 -3.2972 5.832, -0.5279 -3.2972 5.8222, -0.5341 -3.2972 5.8152, -0.5427 -3.2972 5.809, -0.5526 -3.2972 5.8051, -0.564 -3.2972 5.8036, -0.5659 -3.2972 5.8037, -0.5761 -3.2972 5.8053, -0.5864 -3.2972 5.8097, -0.5952 -3.2972 5.8164, -0.6017 -3.2972 5.8245, -0.6062 -3.2972 5.8341, -0.6083 -3.2972 5.8447, -0.6077 -3.2972 5.8558, -0.6044 -3.2972 5.8666, -0.5985 -3.2972 5.876, -0.594 -3.2972 5.8807, -0.5851 -3.2972 5.8871, -0.5751 -3.2972 5.891
            ]
        }
        coordIndex [
            0,1,2,-1,3,4,5,-1,6,7,8,-1,9,10,2,-1,2,10,11,-1,2,11,0,-1,5,4,12,-1,13,14,15,-1,15,14,16,-1,15,16,17,-1,18,19,15,-1,15,19,20,-1,15,20,13,-1,13,20,21,-1,22,23,24,-1,24,23,25,-1,24,25,26,-1,26,25,27,-1,26,27,28,-1,28,27,29,-1,28,29,30,-1,30,29,2,-1,30,2,31,-1,31,2,32,-1,33,34,22,-1,22,34,35,-1,22,35,23,-1,17,36,15,-1,15,36,37,-1,15,37,38,-1,38,37,39,-1,38,39,40,-1,41,42,43,-1,43,42,44,-1,43,44,45,-1,45,44,46,-1,45,46,47,-1,47,46,48,-1,6,8,49,-1,49,8,50,-1,49,50,51,-1,51,50,52,-1,51,52,53,-1,4,54,12,-1,12,54,55,-1,12,55,56,-1,56,55,57,-1,56,57,6,-1,6,57,58,-1,6,58,7,-1,21,20,22,-1,22,20,59,-1,22,59,33,-1,60,61,62,-1,62,61,63,-1,62,63,64,-1,64,63,65,-1,64,65,66,-1,66,65,67,-1,66,67,68,-1,68,67,69,-1,68,69,70,-1,32,2,71,-1,71,2,1,-1,71,1,72,-1,46,73,48,-1,48,73,74,-1,48,74,75,-1,75,74,76,-1,75,76,77,-1,77,76,78,-1,77,78,79,-1,79,78,80,-1,79,80,81,-1,81,80,82,-1,81,82,83,-1,83,82,84,-1,83,84,60,-1,60,84,85,-1,60,85,61,-1,86,87,88,-1,88,87,89,-1,88,89,43,-1,43,89,90,-1,43,90,41,-1,91,92,93,-1,93,92,94,-1,93,94,95,-1,95,94,96,-1,95,96,97,-1,97,96,98,-1,97,98,99,-1,99,98,100,-1,99,100,9,-1,9,100,101,-1,9,101,10,-1,40,39,102,-1,102,39,103,-1,102,103,104,-1,104,103,105,-1,104,105,106,-1,106,105,107,-1,106,107,108,-1,108,107,109,-1,108,109,110,-1,110,109,111,-1,110,111,112,-1,112,111,113,-1,112,113,114,-1,114,113,115,-1,114,115,116,-1,116,115,117,-1,116,117,118,-1,118,117,119,-1,118,119,1,-1,1,119,120,-1,1,120,72,-1,53,52,121,-1,121,52,122,-1,121,122,123,-1,123,122,124,-1,123,124,125,-1,125,124,126,-1,125,126,127,-1,127,126,128,-1,127,128,86,-1,86,128,129,-1,86,129,87,-1,5,130,3,-1,3,130,131,-1,3,131,132,-1,132,131,133,-1,132,133,134,-1,134,133,135,-1,134,135,91,-1,91,135,136,-1,91,136,92,-1,137,138,139,-1,69,140,70,-1,70,140,137,-1,70,137,141,-1,141,137,139,-1,142,143,137,-1,137,143,144,-1,137,144,138,-1,145,146,147,-1,146,148,147,-1,147,148,149,-1,147,149,150,-1,142,137,147,-1,147,137,151,-1,147,151,145,-1,79,152,153,-1,154,48,75,-1,79,153,77,-1,77,153,155,-1,77,155,75,-1,75,155,156,-1,75,156,154,-1,154,157,48,-1,48,157,158,-1,48,158,47,-1,47,158,159,-1,47,159,45,-1,45,159,160,-1,45,160,43,-1,43,160,161,-1,43,161,88,-1,88,161,162,-1,88,162,86,-1,127,86,163,-1,163,86,162,-1,163,164,127,-1,127,164,165,-1,127,165,125,-1,125,165,166,-1,125,166,123,-1,123,166,167,-1,123,167,121,-1,121,167,168,-1,121,168,53,-1,53,168,51,-1,51,168,169,-1,51,169,170,-1,51,170,171,-1,51,171,49,-1,49,171,172,-1,49,172,6,-1,6,172,173,-1,6,173,56,-1,56,173,174,-1,56,174,12,-1,12,174,175,-1,12,175,5,-1,5,175,176,-1,5,176,130,-1,130,176,177,-1,130,177,131,-1,131,177,178,-1,131,178,133,-1,179,94,92,-1,133,178,180,-1,133,180,135,-1,135,180,181,-1,135,181,136,-1,181,182,136,-1,136,182,183,-1,136,183,92,-1,92,183,184,-1,92,184,179,-1,94,179,185,-1,94,185,96,-1,96,185,186,-1,96,186,98,-1,98,186,187,-1,98,187,100,-1,100,187,188,-1,100,188,101,-1,101,188,189,-1,101,189,10,-1,10,189,190,-1,10,190,11,-1,11,190,191,-1,11,191,0,-1,191,192,0,-1,0,192,193,-1,0,193,1,-1,1,193,194,-1,1,194,118,-1,118,194,195,-1,118,195,116,-1,195,196,116,-1,116,196,197,-1,116,197,114,-1,114,197,198,-1,114,198,112,-1,199,38,40,-1,112,198,200,-1,201,108,200,-1,200,108,110,-1,200,110,112,-1,201,202,108,-1,108,202,203,-1,108,203,106,-1,106,203,204,-1,106,204,104,-1,104,204,205,-1,104,205,102,-1,102,205,206,-1,102,206,40,-1,40,206,207,-1,40,207,199,-1,15,38,208,-1,208,38,199,-1,18,15,209,-1,209,15,208,-1,19,18,210,-1,210,18,209,-1,20,19,211,-1,211,19,210,-1,20,211,212,-1,20,212,59,-1,59,212,213,-1,59,213,33,-1,33,213,214,-1,33,214,34,-1,34,214,215,-1,34,215,35,-1,35,215,216,-1,35,216,23,-1,23,216,217,-1,23,217,25,-1,25,217,218,-1,25,218,27,-1,27,218,219,-1,27,219,29,-1,29,219,220,-1,29,220,2,-1,2,220,221,-1,2,221,9,-1,9,221,222,-1,9,222,99,-1,99,222,223,-1,99,223,97,-1,97,223,224,-1,97,224,95,-1,95,224,225,-1,95,225,93,-1,91,93,225,-1,225,226,91,-1,91,226,227,-1,91,227,228,-1,229,132,228,-1,228,132,134,-1,228,134,91,-1,229,230,132,-1,132,230,231,-1,132,231,3,-1,3,231,232,-1,3,232,4,-1,4,232,233,-1,4,233,54,-1,54,233,234,-1,54,234,55,-1,55,234,235,-1,55,235,57,-1,57,235,236,-1,57,236,58,-1,58,236,237,-1,58,237,7,-1,7,237,238,-1,7,238,8,-1,8,238,239,-1,8,239,50,-1,50,239,240,-1,50,240,52,-1,52,240,241,-1,52,241,122,-1,122,241,242,-1,122,242,124,-1,124,242,243,-1,124,243,126,-1,126,243,244,-1,126,244,128,-1,128,244,245,-1,128,245,129,-1,129,245,246,-1,129,246,87,-1,87,246,247,-1,87,247,89,-1,89,247,248,-1,89,248,90,-1,90,248,41,-1,41,248,249,-1,41,249,250,-1,42,41,251,-1,251,41,250,-1,42,251,252,-1,42,252,44,-1,44,252,253,-1,44,253,46,-1,46,253,254,-1,46,254,73,-1,73,254,255,-1,73,255,74,-1,74,255,256,-1,74,256,76,-1,256,257,76,-1,76,257,258,-1,76,258,78,-1,78,258,259,-1,78,259,80,-1,80,259,260,-1,80,260,82,-1,82,260,261,-1,82,261,84,-1,84,261,262,-1,84,262,85,-1,85,262,263,-1,85,263,61,-1,61,263,264,-1,61,264,63,-1,63,264,265,-1,63,265,65,-1,65,265,266,-1,65,266,67,-1,69,67,267,-1,267,67,266,-1,69,267,268,-1,69,268,140,-1,140,268,269,-1,140,269,137,-1,137,269,270,-1,137,270,151,-1,151,270,271,-1,151,271,145,-1,145,271,272,-1,145,272,146,-1,146,272,273,-1,146,273,148,-1,148,273,274,-1,148,274,149,-1,149,274,275,-1,149,275,150,-1,150,275,276,-1,150,276,147,-1,147,276,277,-1,147,277,142,-1,142,277,278,-1,142,278,143,-1,143,278,279,-1,143,279,144,-1,144,279,280,-1,144,280,138,-1,138,280,281,-1,138,281,139,-1,139,281,282,-1,139,282,141,-1,141,282,283,-1,141,283,70,-1,70,283,284,-1,70,284,68,-1,66,68,285,-1,285,68,284,-1,66,285,286,-1,66,286,64,-1,64,286,287,-1,64,287,62,-1,62,287,288,-1,62,288,60,-1,60,288,289,-1,60,289,83,-1,83,289,290,-1,83,290,81,-1,81,290,152,-1,81,152,79,-1,21,291,292,-1,21,292,13,-1,13,292,293,-1,13,293,14,-1,14,293,294,-1,14,294,16,-1,16,294,295,-1,16,295,17,-1,17,295,296,-1,17,296,36,-1,36,296,297,-1,36,297,37,-1,37,297,298,-1,37,298,39,-1,39,298,299,-1,39,299,103,-1,103,299,300,-1,103,300,105,-1,105,300,301,-1,105,301,107,-1,107,301,302,-1,107,302,109,-1,109,302,303,-1,109,303,111,-1,111,303,304,-1,111,304,113,-1,113,304,305,-1,113,305,115,-1,115,305,306,-1,115,306,117,-1,117,306,307,-1,117,307,119,-1,119,307,308,-1,119,308,120,-1,120,308,309,-1,120,309,72,-1,72,309,310,-1,72,310,71,-1,71,310,311,-1,71,311,32,-1,32,311,312,-1,32,312,31,-1,31,312,313,-1,31,313,30,-1,30,313,314,-1,30,314,28,-1,28,314,315,-1,28,315,26,-1,26,315,316,-1,26,316,24,-1,24,316,317,-1,24,317,22,-1,22,317,291,-1,22,291,21,-1,
        ]
    }
}
Shape{
    appearance Appearance {
        material  Material 	{
            diffuseColor 0.7529411764705882 0.7529411764705882 0.7529411764705882
            specularColor 0.3764705882352941 0.3764705882352941 0.3764705882352941
            ambientIntensity 0.7529
            transparency 0.0
            shininess 0.5
        }
    }
    geometry IndexedFaceSet {
        ccw TRUE
        solid FALSE
        coord DEF co Coordinate {
            point [
                -0.5659 -3.2972 5.8037, -0.594 -3.2972 5.8807, -0.5985 -3.2972 5.876, -0.5526 -3.2972 5.8051, -0.5427 -3.2972 5.809, -0.5545 -3.2972 5.8914, -0.564 -3.2972 5.8924, -0.5751 -3.2972 5.891, -0.5851 -3.2972 5.8871, -0.6062 -3.2972 5.8341, -0.6017 -3.2972 5.8245, -0.5952 -3.2972 5.8164, -0.564 -3.2972 5.8036, -0.6044 -3.2972 5.8666, -0.6077 -3.2972 5.8558, -0.6083 -3.2972 5.8447, -0.5864 -3.2972 5.8097, -0.5761 -3.2972 5.8053, -0.5341 -3.2972 5.8152, -0.5279 -3.2972 5.8222, -0.5226 -3.2972 5.832, -0.5199 -3.2972 5.8429, -0.5199 -3.2972 5.8533, -0.5225 -3.2972 5.8639, -0.5274 -3.2972 5.8732, -0.5348 -3.2972 5.8814, -0.5439 -3.2972 5.8876
            ]
        }
        coordIndex [
            0,1,2,-1,3,4,5,-1,6,7,0,-1,0,7,8,-1,0,8,1,-1,9,10,2,-1,2,10,11,-1,6,0,5,-1,5,0,12,-1,5,12,3,-1,13,14,2,-1,2,14,15,-1,2,15,9,-1,11,16,2,-1,2,16,17,-1,2,17,0,-1,4,18,5,-1,5,18,19,-1,5,19,20,-1,20,21,5,-1,5,21,22,-1,5,22,23,-1,23,24,5,-1,5,24,25,-1,5,25,26,-1,
        ]
    }
}
Shape{
    appearance Appearance {
        material  Material 	{
            diffuseColor 0.25098039215686274 0.25098039215686274 0.25098039215686274
            specularColor 0.12549019607843137 0.12549019607843137 0.12549019607843137
            ambientIntensity 0.251
            transparency 0.0
            shininess 0.5
        }
    }
    geometry IndexedFaceSet {
        ccw TRUE
        solid FALSE
        coord DEF co Coordinate {
            point [
                1.7618 -2.5369 0.1969, 1.7618 -3.2539 0.1969, 1.4272 -3.2539 0.1969, -2.4901 -3.2539 0.1969, -2.7559 -3.2539 0.1969, -2.4901 -2.5369 0.1969, -2.7559 -2.5329 0.1969, -2.2933 -2.5369 0.1969, 2.7559 -2.5329 0.1969, 0.1674 -2.5369 0.1969, 0.1674 -3.2539 0.1969, -0.1673 -3.2539 0.1969, -1.9586 -2.5369 0.1969, -1.9586 -3.2539 0.1969, -2.2933 -3.2539 0.1969, 2.7559 -3.2539 0.1969, 2.4902 -3.2539 0.1969, 2.4902 -2.5369 0.1969, 2.2933 -2.5369 0.1969, -0.1673 -2.5369 0.1969, -0.3641 -2.5369 0.1969, 1.4272 -2.5369 0.1969, 1.2303 -2.5369 0.1969, -0.3641 -3.2539 0.1969, -0.6988 -3.2539 0.1969, -0.6988 -2.5369 0.1969, -0.8956 -2.5369 0.1969, 2.2933 -3.2539 0.1969, 1.9587 -3.2539 0.1969, 1.9587 -2.5369 0.1969, 1.2303 -3.2539 0.1969, 0.8957 -3.2539 0.1969, 0.8957 -2.5369 0.1969, 0.6988 -2.5369 0.1969, -0.8956 -3.2539 0.1969, -1.2303 -3.2539 0.1969, -1.2303 -2.5369 0.1969, -1.4271 -2.5369 0.1969, -1.7618 -2.5369 0.1969, -1.7618 -3.2539 0.1969, -1.4271 -3.2539 0.1969, 0.6988 -3.2539 0.1969, 0.3642 -3.2539 0.1969, 0.3642 -2.5369 0.1969, -3.0472 -3.2539 0.0787, -2.7559 -3.2539 0.0787, -3.0472 -3.2539 0.4331, -0.1673 -3.2539 0.2362, 0.1674 -3.2539 0.2362, 0.3642 -3.2539 0.2362, 3.0473 -3.2539 0.4331, 2.7559 -3.2539 0.0787, 3.0473 -3.2539 0.0787, -2.4901 -3.2539 0.2362, -2.2933 -3.2539 0.2362, 0.8957 -3.2539 0.2362, 0.6988 -3.2539 0.2362, 1.4272 -3.2539 0.2362, -1.9586 -3.2539 0.2362, -1.7618 -3.2539 0.2362, 1.7618 -3.2539 0.2362, 1.9587 -3.2539 0.2362, -1.2303 -3.2539 0.2362, -0.8956 -3.2539 0.2362, 1.2303 -3.2539 0.2362, -1.4271 -3.2539 0.2362, -0.6988 -3.2539 0.2362, -0.3641 -3.2539 0.2362, 2.4902 -3.2539 0.2362, 2.2933 -3.2539 0.2362, -1.1775 2.1915 0.1969, -1.1775 1.8037 0.1969, -3.0472 2.1915 0.1969, -2.702 1.8037 0.1969, -2.702 0.3661 0.1969, -2.9229 0.1179 0.1969, -2.9604 0.0689 0.1969, -2.984 0.012 0.1969, -2.9921 -0.0492 0.1969, -3.0472 -0.8327 0.1969, -2.984 -0.1103 0.1969, -2.5277 0.012 0.1969, -2.5513 0.0689 0.1969, -1.9306 0.3661 0.1969, -2.9604 -0.1673 0.1969, -2.9229 -0.2162 0.1969, -2.874 -0.2537 0.1969, -1.9306 -0.8327 0.1969, -2.6378 -0.2537 0.1969, -2.5888 -0.2162 0.1969, -2.817 -0.2773 0.1969, -2.7559 -0.2854 0.1969, -2.6947 -0.2773 0.1969, -2.5513 -0.1673 0.1969, -2.5277 -0.1103 0.1969, -2.5197 -0.0492 0.1969, -2.7559 0.187 0.1969, -2.817 0.179 0.1969, -2.874 0.1554 0.1969, -2.5888 0.1179 0.1969, -2.6378 0.1554 0.1969, -2.6947 0.179 0.1969, -2.4322 -1.2796 0.1969, -2.4322 -2.0873 0.1969, -3.0472 -1.2796 0.1969, -3.0472 -2.0873 0.1969, 2.4322 -2.0873 0.1969, 2.4322 -1.2796 0.1969, 3.0473 -2.0873 0.1969, 3.0473 -1.2796 0.1969, 2.9725 3.0571 0.0787, 3.0473 2.9823 0.0787, 3.0473 2.1915 0.0787, -2.9899 3.0591 0.0787, -2.9724 3.0611 0.0787, -2.9724 3.0571 0.0787, -3.0472 2.9823 0.0787, -3.0512 2.9823 0.0787, -2.4803 2.2702 0.0787, -2.4803 3.0571 0.0787, -1.6771 3.0571 0.0787, -3.0472 2.1915 0.0787, -1.6771 2.2702 0.0787, -1.1775 2.1915 0.0787, -1.4803 2.2702 0.0787, -1.1775 2.5451 0.0787, -1.4803 3.0571 0.0787, -0.374 3.0571 0.0787, -0.374 2.939 0.0787, 1.6772 3.0571 0.0787, 2.4803 3.0571 0.0787, 1.6772 2.2702 0.0787, 2.4803 2.2702 0.0787, -2.6771 3.0571 0.0787, -2.6771 2.2702 0.0787, 1.4803 2.2702 0.0787, 1.1776 2.1915 0.0787, 1.4803 3.0571 0.0787, 1.1776 2.5451 0.0787, -3.0492 2.9998 0.0787, -3.0434 3.0165 0.0787, -3.034 3.0314 0.0787, -3.0066 3.0533 0.0787, -3.0215 3.0439 0.0787, 0.374 3.0571 0.0787, 0.374 2.939 0.0787, 2.99 3.0591 0.0787, 3.0066 3.0533 0.0787, 3.0434 3.0165 0.0787, 3.0216 3.0439 0.0787, 3.034 3.0314 0.0787, 2.6772 3.0571 0.0787, 2.6772 2.2702 0.0787, 3.0512 2.9823 0.0787, 3.0492 2.9998 0.0787, 2.9725 3.0611 0.0787, 2.7021 1.8037 0.1969, 1.1776 1.8037 0.1969, 1.1776 2.1915 0.1969, 2.5889 0.1179 0.1969, 2.5514 0.0689 0.1969, 1.9306 0.3661 0.1969, 3.0473 2.1915 0.1969, 2.9605 0.0689 0.1969, 2.923 0.1179 0.1969, 2.7021 0.3661 0.1969, 2.874 0.1554 0.1969, 2.8171 0.179 0.1969, 2.7559 0.187 0.1969, 2.6948 0.179 0.1969, 2.6378 0.1554 0.1969, 2.5514 -0.1673 0.1969, 2.5889 -0.2162 0.1969, 1.9306 -0.8327 0.1969, 2.8171 -0.2773 0.1969, 2.874 -0.2537 0.1969, 3.0473 -0.8327 0.1969, 2.923 -0.2162 0.1969, 2.9605 -0.1673 0.1969, 2.9841 -0.1103 0.1969, 2.9922 -0.0492 0.1969, 2.9841 0.012 0.1969, 2.6378 -0.2537 0.1969, 2.6948 -0.2773 0.1969, 2.7559 -0.2854 0.1969, 2.5278 0.012 0.1969, 2.5197 -0.0492 0.1969, 2.5278 -0.1103 0.1969, -3.0472 -2.5329 0.0787, -2.7559 -2.5329 0.0787, -3.0472 -3.0807 0.0787, -3.0512 -3.0807 0.0787, -3.0485 -3.101 0.0787, -3.0472 -3.1053 0.0787, 3.0473 -3.1053 0.0787, 2.7559 -2.5329 0.0787, 3.0473 -2.5329 0.0787, 3.0473 -3.0807 0.0787, 3.0512 -3.0807 0.0787, 3.0485 -3.101 0.0787
            ]
        }
        coordIndex [
            0,1,2,-1,3,4,5,-1,5,4,6,-1,5,6,7,-1,7,6,8,-1,9,10,11,-1,12,13,14,-1,15,16,8,-1,8,16,17,-1,8,17,18,-1,8,19,20,-1,8,21,22,-1,23,24,20,-1,20,24,25,-1,20,25,8,-1,8,25,26,-1,27,28,18,-1,18,28,29,-1,18,29,8,-1,8,29,0,-1,8,0,21,-1,21,0,2,-1,30,31,22,-1,22,31,32,-1,22,32,8,-1,8,32,33,-1,34,35,26,-1,26,35,36,-1,26,36,8,-1,8,36,37,-1,14,7,12,-1,12,7,8,-1,12,8,38,-1,38,8,37,-1,38,37,39,-1,39,37,40,-1,41,42,33,-1,33,42,43,-1,33,43,8,-1,8,43,9,-1,8,9,19,-1,19,9,11,-1,44,45,46,-1,46,45,4,-1,47,11,10,-1,48,49,50,-1,51,52,15,-1,15,52,50,-1,4,3,46,-1,46,3,53,-1,46,53,54,-1,55,50,56,-1,56,50,49,-1,56,49,41,-1,41,49,42,-1,57,2,1,-1,14,13,54,-1,54,13,58,-1,54,58,46,-1,46,58,59,-1,60,61,50,-1,35,34,62,-1,62,34,63,-1,1,60,57,-1,57,60,50,-1,57,50,64,-1,64,50,55,-1,64,55,30,-1,30,55,31,-1,39,40,59,-1,59,40,65,-1,59,65,46,-1,46,65,62,-1,46,62,50,-1,50,62,63,-1,50,63,66,-1,10,48,47,-1,47,48,50,-1,47,50,67,-1,67,50,66,-1,67,66,23,-1,23,66,24,-1,16,15,68,-1,68,15,50,-1,68,50,69,-1,69,50,61,-1,69,61,27,-1,27,61,28,-1,70,71,72,-1,72,71,73,-1,73,74,72,-1,72,74,75,-1,72,75,76,-1,76,77,72,-1,72,77,78,-1,72,78,79,-1,79,78,80,-1,81,82,83,-1,80,84,79,-1,79,84,85,-1,79,85,86,-1,87,88,89,-1,86,90,79,-1,79,90,91,-1,79,91,87,-1,87,91,92,-1,87,92,88,-1,89,93,87,-1,87,93,94,-1,87,94,83,-1,83,94,95,-1,83,95,81,-1,96,97,74,-1,74,97,98,-1,74,98,75,-1,82,99,83,-1,83,99,100,-1,83,100,74,-1,74,100,101,-1,74,101,96,-1,102,103,104,-1,104,103,105,-1,106,107,108,-1,108,107,109,-1,110,111,112,-1,113,114,115,-1,115,116,117,-1,118,119,120,-1,121,122,123,-1,123,122,124,-1,123,124,125,-1,126,127,128,-1,129,130,131,-1,131,130,132,-1,115,133,116,-1,116,133,134,-1,116,134,121,-1,121,134,118,-1,121,118,122,-1,122,118,120,-1,135,136,137,-1,137,136,138,-1,117,139,115,-1,115,139,140,-1,115,140,113,-1,113,140,141,-1,113,141,142,-1,142,141,143,-1,144,137,145,-1,145,137,138,-1,145,138,128,-1,128,138,125,-1,128,125,126,-1,126,125,124,-1,146,147,148,-1,148,147,149,-1,148,149,150,-1,151,110,152,-1,152,110,112,-1,152,112,132,-1,132,112,136,-1,132,136,131,-1,131,136,135,-1,153,111,154,-1,154,111,110,-1,154,110,148,-1,148,110,155,-1,148,155,146,-1,156,157,158,-1,159,160,161,-1,162,163,164,-1,158,162,156,-1,156,162,164,-1,156,164,165,-1,165,164,166,-1,165,166,167,-1,167,168,165,-1,165,168,169,-1,165,169,161,-1,161,169,170,-1,161,170,159,-1,171,172,173,-1,174,175,176,-1,176,175,177,-1,176,177,178,-1,178,179,176,-1,176,179,180,-1,176,180,162,-1,162,180,181,-1,162,181,163,-1,172,182,173,-1,173,182,183,-1,173,183,176,-1,176,183,184,-1,176,184,174,-1,160,185,161,-1,161,185,186,-1,161,186,173,-1,173,186,187,-1,173,187,171,-1,72,121,70,-1,70,121,123,-1,112,162,136,-1,136,162,158,-1,188,189,190,-1,190,189,45,-1,191,190,192,-1,192,190,45,-1,192,45,193,-1,193,45,44,-1,194,52,51,-1,195,196,51,-1,51,196,197,-1,197,198,51,-1,51,198,199,-1,51,199,194,-1,
        ]
    }
}
Shape{
    appearance Appearance {
        material  Material 	{
            diffuseColor 0.11372549019607843 0.11372549019607843 0.11372549019607843
            specularColor 0.058823529411764705 0.058823529411764705 0.058823529411764705
            ambientIntensity 0.1137
            transparency 0.0
            shininess 0.5
        }
    }
    geometry IndexedFaceSet {
        ccw TRUE
        solid FALSE
        coord DEF co Coordinate {
            point [
                -2.559 -0.6476 5.3601, -2.559 -0.6476 6.5748, -2.0275 -0.6476 6.5748, -2.0275 -0.6476 5.3601, -2.559 -0.6476 3.0315, -2.0275 -0.6476 3.0315, -1.1811 -0.6476 3.0315, -1.2598 -0.6476 3.9877, -1.2598 -0.6476 4.1454, -1.496 -0.6476 3.9877, -1.496 -0.6476 4.1454, -1.1811 -0.6476 5.3601, -0.7874 -0.6476 3.0315, -0.8661 -0.6476 3.9877, -0.8661 -0.6476 4.1454, -1.1023 -0.6476 3.9877, -1.1023 -0.6476 4.1454, -0.7874 -0.6476 5.3601, -0.3937 -0.6476 3.0315, -0.4724 -0.6476 3.9877, -0.4724 -0.6476 4.1454, -0.7086 -0.6476 3.9877, -0.7086 -0.6476 4.1454, -0.3937 -0.6476 5.3601, 0.0 -0.6476 3.0315, -0.0787 -0.6476 3.9877, -0.0787 -0.6476 4.1454, -0.3149 -0.6476 3.9877, -0.3149 -0.6476 4.1454, 0.0 -0.6476 5.3601, 0.3937 -0.6476 3.0315, 0.315 -0.6476 3.9877, 0.315 -0.6476 4.1454, 0.0788 -0.6476 3.9877, 0.0788 -0.6476 4.1454, 0.3937 -0.6476 5.3601, 0.7874 -0.6476 3.0315, 0.7087 -0.6476 3.9877, 0.7087 -0.6476 4.1454, 0.4725 -0.6476 3.9877, 0.4725 -0.6476 4.1454, 0.7874 -0.6476 5.3601, 1.1811 -0.6476 3.0315, 1.1024 -0.6476 3.9877, 1.1024 -0.6476 4.1454, 0.8662 -0.6476 3.9877, 0.8662 -0.6476 4.1454, 1.1811 -0.6476 5.3601, 1.2599 -0.6476 3.9877, 1.2599 -0.6476 4.1454, 1.4961 -0.6476 4.1454, 2.5591 -0.6476 5.3601, 1.4961 -0.6476 3.9877, 2.5591 -0.6476 3.0315, -1.1811 -0.6476 6.5748, -0.7874 -0.6476 6.5748, -0.3937 -0.6476 6.5748, 0.0 -0.6476 6.5748, 0.3937 -0.6476 6.5748, 0.7874 -0.6476 6.5748, 1.1811 -0.6476 6.5748, 2.5591 -0.6476 6.5748, 2.5591 -0.1077 3.0315, 1.1811 -0.1077 3.0315, 0.7087 0.6104 3.0315, 0.7087 0.4323 3.0315, 0.7874 -0.1077 3.0315, 0.3937 -0.1077 3.0315, 0.7874 2.4239 3.0315, 0.7767 2.4239 3.0315, 0.4725 0.6104 3.0315, 0.4725 0.4323 3.0315, 0.3937 2.8839 3.0315, 0.7767 2.8839 3.0315, 1.1024 0.6104 3.0315, 1.1811 2.4239 3.0315, 0.8662 0.6104 3.0315, 1.1024 0.4323 3.0315, 0.8662 0.4323 3.0315, 1.7323 1.9518 3.0315, 1.2599 0.6104 3.0315, 2.5591 1.9518 3.0315, 1.4961 0.6104 3.0315, 1.4961 0.4323 3.0315, 1.2599 0.4323 3.0315, 1.7323 2.4239 3.0315, -2.0275 1.9518 3.0315, -2.559 1.9518 3.0315, -2.0275 -0.1077 3.0315, -2.559 -0.1077 3.0315, -1.2598 0.6104 3.0315, -1.7323 1.9518 3.0315, -1.496 0.6104 3.0315, -1.496 0.4323 3.0315, -1.2598 0.4323 3.0315, -1.1811 -0.1077 3.0315, -0.7874 2.4239 3.0315, -1.1811 2.4239 3.0315, -1.1023 0.6104 3.0315, -1.1023 0.4323 3.0315, -0.8661 0.4323 3.0315, -0.7874 -0.1077 3.0315, -0.8661 0.6104 3.0315, -1.7323 2.4239 3.0315, -0.3937 2.8839 3.0315, -0.7766 2.8839 3.0315, -0.7766 2.4239 3.0315, -0.7086 0.6104 3.0315, -0.4724 0.6104 3.0315, -0.7086 0.4323 3.0315, -0.4724 0.4323 3.0315, -0.3937 -0.1077 3.0315, 0.0788 0.6104 3.0315, 0.0 2.8839 3.0315, 0.0 -0.1077 3.0315, 0.315 0.6104 3.0315, 0.315 0.4323 3.0315, 0.0788 0.4323 3.0315, -0.3149 0.6104 3.0315, -0.0787 0.6104 3.0315, -0.0787 0.4323 3.0315, -0.3149 0.4323 3.0315
            ]
        }
        coordIndex [
            0,1,2,-1,0,3,4,-1,4,3,5,-1,6,7,8,-1,7,6,9,-1,9,6,5,-1,9,5,10,-1,10,5,3,-1,10,3,8,-1,8,3,11,-1,8,11,6,-1,12,13,14,-1,13,12,15,-1,15,12,6,-1,15,6,16,-1,16,6,11,-1,16,11,14,-1,14,11,17,-1,14,17,12,-1,18,19,20,-1,19,18,21,-1,21,18,12,-1,21,12,22,-1,22,12,17,-1,22,17,20,-1,20,17,23,-1,20,23,18,-1,24,25,26,-1,25,24,27,-1,27,24,18,-1,27,18,28,-1,28,18,23,-1,28,23,26,-1,26,23,29,-1,26,29,24,-1,30,31,32,-1,31,30,33,-1,33,30,24,-1,33,24,34,-1,34,24,29,-1,34,29,32,-1,32,29,35,-1,32,35,30,-1,36,37,38,-1,37,36,39,-1,39,36,30,-1,39,30,40,-1,40,30,35,-1,40,35,38,-1,38,35,41,-1,38,41,36,-1,42,43,44,-1,43,42,45,-1,45,42,36,-1,45,36,46,-1,46,36,41,-1,46,41,44,-1,44,41,47,-1,44,47,42,-1,48,42,49,-1,49,42,47,-1,49,47,50,-1,50,47,51,-1,50,51,52,-1,52,51,53,-1,52,53,48,-1,48,53,42,-1,0,2,3,-1,3,2,54,-1,3,54,11,-1,11,54,55,-1,11,55,17,-1,17,55,56,-1,17,56,23,-1,23,56,57,-1,23,57,29,-1,29,57,58,-1,29,58,35,-1,35,58,59,-1,35,59,41,-1,41,59,60,-1,41,60,47,-1,47,60,61,-1,47,61,51,-1,53,62,63,-1,64,65,66,-1,66,65,67,-1,68,69,70,-1,65,71,67,-1,67,71,70,-1,67,70,72,-1,72,70,69,-1,72,69,73,-1,74,75,76,-1,76,75,68,-1,63,77,66,-1,66,77,78,-1,70,64,68,-1,68,64,66,-1,68,66,76,-1,76,66,78,-1,79,80,81,-1,81,80,82,-1,81,82,62,-1,62,82,83,-1,62,83,63,-1,63,83,84,-1,63,84,80,-1,79,85,80,-1,80,85,75,-1,80,75,63,-1,63,75,74,-1,63,74,77,-1,86,87,88,-1,88,87,89,-1,90,91,92,-1,92,91,86,-1,92,86,93,-1,93,86,88,-1,93,88,94,-1,94,88,95,-1,94,95,90,-1,96,97,98,-1,99,95,100,-1,100,95,101,-1,100,101,102,-1,99,98,95,-1,95,98,97,-1,95,97,90,-1,90,97,103,-1,90,103,91,-1,104,105,106,-1,96,107,106,-1,106,107,108,-1,106,108,104,-1,109,101,110,-1,110,101,111,-1,110,111,108,-1,98,102,96,-1,96,102,101,-1,96,101,107,-1,107,101,109,-1,112,113,114,-1,113,112,72,-1,72,112,115,-1,72,115,67,-1,67,115,116,-1,67,116,114,-1,114,116,117,-1,114,117,112,-1,108,111,104,-1,104,111,118,-1,104,118,113,-1,113,118,119,-1,113,119,114,-1,114,119,120,-1,114,120,111,-1,111,120,121,-1,111,121,118,-1,53,63,42,-1,42,63,66,-1,42,66,36,-1,36,66,67,-1,36,67,30,-1,30,67,114,-1,30,114,24,-1,24,114,111,-1,24,111,18,-1,18,111,101,-1,18,101,12,-1,12,101,95,-1,12,95,6,-1,6,95,88,-1,6,88,5,-1,5,88,89,-1,5,89,4,-1,
        ]
    }
}
Shape{
    appearance Appearance {
        material  Material 	{
            diffuseColor 0.25098039215686274 0.25098039215686274 0.25098039215686274
            specularColor 0.12549019607843137 0.12549019607843137 0.12549019607843137
            ambientIntensity 0.251
            transparency 0.0
            shininess 0.5
        }
    }
    geometry IndexedFaceSet {
        ccw TRUE
        solid FALSE
        coord DEF co Coordinate {
            point [
                3.0473 2.9823 6.5748, 3.0512 2.9823 6.5748, 3.0492 2.9998 6.5748, 2.99 3.0591 6.5748, 2.9725 3.0611 6.5748, 2.9725 3.0571 6.5748, 2.5591 -0.6476 6.5748, 3.0473 -3.0807 6.5748, -2.9724 3.0571 6.5748, -2.9724 3.0611 6.5748, -3.0472 2.9823 6.5748, -2.9899 3.0591 6.5748, 3.0216 3.0439 6.5748, 3.0066 3.0533 6.5748, 2.5591 1.9518 6.5748, 1.7323 1.9518 6.5748, 3.0434 3.0165 6.5748, 1.7323 2.4239 6.5748, -3.0472 -3.0807 6.5748, -3.0512 -3.0807 6.5748, -3.0485 -3.101 6.5748, -3.0066 3.0533 6.5748, -3.0215 3.0439 6.5748, -3.034 3.0314 6.5748, -3.0434 3.0165 6.5748, -3.0492 2.9998 6.5748, -3.0512 2.9823 6.5748, 0.7767 2.4239 6.5748, 3.034 3.0314 6.5748, 3.0118 -3.1489 6.5748, 3.0281 -3.1363 6.5748, 2.9929 -3.1567 6.5748, -2.559 -0.6476 6.5748, -2.559 1.9518 6.5748, 1.1811 -0.6476 6.5748, 2.9725 -3.1555 6.5748, 3.0407 -3.12 6.5748, 3.0485 -3.101 6.5748, 3.0512 -3.0807 6.5748, -1.7323 2.4239 6.5748, -1.7323 1.9518 6.5748, -0.7766 2.4239 6.5748, -0.7766 2.8839 6.5748, 0.7767 2.8839 6.5748, -3.0406 -3.12 6.5748, -2.9724 -3.1555 6.5748, -3.0281 -3.1363 6.5748, -3.0118 -3.1489 6.5748, -2.9928 -3.1567 6.5748, -2.9724 -3.1594 6.5748, 2.9725 -3.1594 6.5748, 0.7874 -0.6476 6.5748, 0.3937 -0.6476 6.5748, 0.0 -0.6476 6.5748, -0.3937 -0.6476 6.5748, -0.7874 -0.6476 6.5748, -2.0275 -0.6476 6.5748, -1.1811 -0.6476 6.5748, 2.9725 -3.1594 0.4331, 2.9725 -3.1555 0.4331, 3.0473 -3.1053 0.4331, 3.0473 -3.1053 0.0787, 3.0485 -3.101 0.0787, 3.0407 -3.12 0.4331, 3.0281 -3.1363 0.4331, 3.0118 -3.1489 0.4331, 2.9929 -3.1567 0.4331, 3.0512 -3.0807 0.0787, 3.0473 -3.0807 0.0787, 3.0473 -2.5329 0.0787, 3.0473 -2.5329 0.2362, 3.0473 -2.0873 0.2362, 3.0473 -2.0873 0.1969, 3.0473 -1.2796 0.1969, 3.0473 -1.2796 0.2362, 3.0473 -0.8327 0.2362, 3.0473 2.1915 0.0787, 3.0473 2.9823 0.0787, 3.0473 2.1915 0.1969, 3.0473 -0.8327 0.1969, 3.0512 2.9823 0.0787, 2.9725 3.0611 0.0787, 2.99 3.0591 0.0787, 3.0066 3.0533 0.0787, 3.0216 3.0439 0.0787, 3.034 3.0314 0.0787, 3.0434 3.0165 0.0787, 3.0492 2.9998 0.0787, 2.9725 3.0571 0.0787, 1.4803 3.0571 0.2362, 1.4803 3.0571 0.0787, 0.374 3.0571 0.0787, 0.374 3.0571 0.1969, -0.374 3.0571 0.1969, -1.6771 3.0571 0.2362, -1.4803 3.0571 0.2362, -1.4803 3.0571 0.0787, -0.374 3.0571 0.0787, 2.4803 3.0571 0.2362, 2.6772 3.0571 0.2362, 2.6772 3.0571 0.0787, 1.6772 3.0571 0.2362, 1.6772 3.0571 0.0787, 2.4803 3.0571 0.0787, -2.6771 3.0571 0.0787, -2.9724 3.0571 0.0787, -2.6771 3.0571 0.2362, -2.4803 3.0571 0.2362, -2.4803 3.0571 0.0787, -1.6771 3.0571 0.0787, -2.9724 3.0611 0.0787, -3.0512 2.9823 0.0787, -3.0492 2.9998 0.0787, -3.0434 3.0165 0.0787, -3.034 3.0314 0.0787, -3.0215 3.0439 0.0787, -3.0066 3.0533 0.0787, -2.9899 3.0591 0.0787, -3.0472 2.9823 0.0787, -3.0472 2.1915 0.1969, -3.0472 2.1915 0.0787, -3.0472 -0.8327 0.1969, -3.0472 -0.8327 0.2362, -3.0472 -1.2796 0.2362, -3.0472 -2.5329 0.0787, -3.0472 -3.0807 0.0787, -3.0472 -2.5329 0.2362, -3.0472 -2.0873 0.2362, -3.0472 -2.0873 0.1969, -3.0472 -1.2796 0.1969, -3.0512 -3.0807 0.0787, -2.9724 -3.1594 0.4331, -2.9928 -3.1567 0.4331, -3.0118 -3.1489 0.4331, -3.0281 -3.1363 0.4331, -3.0406 -3.12 0.4331, -3.0485 -3.101 0.0787, -3.0472 -3.1053 0.0787, -3.0472 -3.1053 0.4331, -2.9724 -3.1555 0.4331
            ]
        }
        coordIndex [
            0,1,2,-1,3,4,5,-1,6,7,0,-1,8,9,10,-1,10,9,11,-1,12,13,3,-1,6,0,14,-1,14,0,2,-1,14,2,15,-1,15,2,16,-1,15,16,17,-1,18,19,20,-1,11,21,10,-1,10,21,22,-1,10,22,23,-1,23,24,10,-1,10,24,25,-1,10,25,26,-1,27,17,5,-1,5,17,16,-1,5,16,3,-1,3,16,28,-1,3,28,12,-1,29,30,7,-1,29,7,31,-1,32,33,10,-1,6,34,35,-1,30,36,7,-1,7,36,37,-1,7,37,38,-1,8,10,39,-1,39,10,33,-1,39,33,40,-1,39,41,8,-1,8,41,42,-1,8,42,5,-1,5,42,43,-1,5,43,27,-1,20,44,45,-1,45,44,46,-1,46,47,45,-1,45,47,48,-1,45,48,49,-1,6,35,7,-1,7,35,50,-1,7,50,31,-1,34,51,35,-1,35,51,52,-1,35,52,45,-1,52,53,45,-1,45,53,54,-1,45,54,55,-1,10,18,32,-1,32,18,20,-1,32,20,56,-1,56,20,45,-1,56,45,57,-1,57,45,55,-1,58,50,59,-1,59,50,35,-1,60,61,62,-1,63,60,37,-1,37,36,63,-1,63,36,30,-1,63,30,64,-1,64,30,29,-1,64,29,65,-1,65,29,31,-1,65,31,66,-1,66,31,50,-1,66,50,58,-1,60,62,37,-1,37,62,67,-1,37,67,38,-1,68,7,67,-1,67,7,38,-1,68,69,70,-1,71,72,73,-1,74,75,0,-1,73,74,71,-1,71,74,0,-1,71,0,70,-1,70,0,7,-1,70,7,68,-1,76,77,78,-1,78,77,0,-1,78,0,79,-1,79,0,75,-1,80,1,77,-1,77,1,0,-1,81,4,3,-1,81,3,82,-1,82,3,13,-1,82,13,83,-1,83,13,12,-1,83,12,84,-1,84,12,28,-1,84,28,85,-1,85,28,16,-1,85,16,86,-1,86,16,2,-1,86,2,87,-1,87,2,1,-1,87,1,80,-1,88,5,81,-1,81,5,4,-1,89,90,91,-1,5,92,8,-1,8,92,93,-1,94,8,95,-1,95,8,93,-1,95,93,96,-1,96,93,97,-1,98,5,99,-1,99,5,88,-1,99,88,100,-1,91,92,89,-1,89,92,5,-1,89,5,101,-1,101,5,98,-1,101,98,102,-1,102,98,103,-1,104,105,106,-1,106,105,8,-1,106,8,107,-1,107,8,94,-1,107,94,108,-1,108,94,109,-1,110,9,105,-1,105,9,8,-1,111,26,25,-1,111,25,112,-1,112,25,24,-1,112,24,113,-1,113,24,23,-1,113,23,114,-1,114,23,22,-1,114,22,115,-1,115,22,21,-1,115,21,116,-1,116,21,11,-1,116,11,117,-1,117,11,9,-1,117,9,110,-1,118,10,111,-1,111,10,26,-1,10,118,119,-1,119,118,120,-1,119,121,10,-1,10,121,122,-1,10,122,18,-1,18,122,123,-1,124,125,126,-1,126,125,18,-1,126,18,127,-1,127,18,123,-1,127,123,128,-1,128,123,129,-1,130,19,125,-1,125,19,18,-1,131,49,48,-1,131,48,132,-1,132,48,47,-1,132,47,133,-1,133,47,46,-1,133,46,134,-1,134,46,44,-1,134,44,135,-1,136,137,138,-1,135,44,138,-1,138,44,20,-1,138,20,136,-1,136,20,19,-1,136,19,130,-1,139,45,131,-1,131,45,49,-1,59,35,139,-1,139,35,45,-1,
        ]
    }
}
Shape{
    appearance Appearance {
        material  Material 	{
            diffuseColor 0.11372549019607843 0.11372549019607843 0.11372549019607843
            specularColor 0.058823529411764705 0.058823529411764705 0.058823529411764705
            ambientIntensity 0.1137
            transparency 0.0
            shininess 0.5
        }
    }
    geometry IndexedFaceSet {
        ccw TRUE
        solid FALSE
        coord DEF co Coordinate {
            point [
                0.7767 2.8839 3.0315, 0.7767 2.4239 3.0315, 0.7767 2.8839 6.5748, 0.7767 2.4239 6.5748, 1.7323 2.4239 6.5748, 0.7874 2.4239 3.0315, 1.1811 2.4239 3.0315, 1.7323 2.4239 3.0315, 1.7323 1.9518 3.0315, 1.7323 1.9518 6.5748, 2.5591 1.9518 3.0315, 2.5591 1.9518 6.5748, 2.5591 -0.6476 6.5748, 2.5591 -0.1077 3.0315, 2.5591 -0.6476 5.3601, 2.5591 -0.6476 3.0315, -2.559 1.9518 6.5748, -2.559 -0.6476 6.5748, -2.559 -0.6476 5.3601, -2.559 1.9518 3.0315, -2.559 -0.1077 3.0315, -2.559 -0.6476 3.0315, -1.7323 1.9518 3.0315, -1.7323 1.9518 6.5748, -2.0275 1.9518 3.0315, -1.7323 2.4239 3.0315, -1.7323 2.4239 6.5748, -0.7766 2.4239 6.5748, -1.1811 2.4239 3.0315, -0.7874 2.4239 3.0315, -0.7766 2.4239 3.0315, -0.7766 2.8839 3.0315, -0.7766 2.8839 6.5748, 0.3937 2.8839 3.0315, -0.3937 2.8839 3.0315, 0.0 2.8839 3.0315
            ]
        }
        coordIndex [
            0,1,2,-1,2,1,3,-1,4,3,1,-1,1,5,4,-1,4,5,6,-1,4,6,7,-1,7,8,4,-1,4,8,9,-1,8,10,9,-1,9,10,11,-1,11,10,12,-1,12,10,13,-1,12,13,14,-1,14,13,15,-1,16,17,18,-1,19,16,20,-1,20,16,18,-1,20,18,21,-1,22,23,24,-1,24,23,16,-1,24,16,19,-1,22,25,23,-1,23,25,26,-1,27,26,25,-1,25,28,27,-1,27,28,29,-1,27,29,30,-1,30,31,27,-1,27,31,32,-1,33,0,2,-1,32,31,34,-1,32,34,2,-1,2,34,35,-1,2,35,33,-1,
        ]
    }
}
Shape{
    appearance Appearance {
        material  Material 	{
            diffuseColor 1.0 1.0 0.0
            specularColor 0.5019607843137255 0.5019607843137255 0.0
            ambientIntensity 0.886
            transparency 0.0
            shininess 0.5
        }
    }
    geometry IndexedFaceSet {
        ccw TRUE
        solid FALSE
        coord DEF co Coordinate {
            point [
                0.315 -0.6476 4.1454, 0.315 0.6104 3.0315, 0.0788 -0.6476 4.1454, 0.0788 0.6104 3.0315, 0.0788 0.4323 3.0315, 0.315 0.4323 3.0315, 0.0788 -0.6476 3.9877, 0.315 -0.6476 3.9877, 0.7087 -0.6476 4.1454, 0.7087 0.6104 3.0315, 0.4725 -0.6476 4.1454, 0.4725 0.6104 3.0315, 0.4725 0.4323 3.0315, 0.7087 0.4323 3.0315, 0.4725 -0.6476 3.9877, 0.7087 -0.6476 3.9877, 1.1024 -0.6476 4.1454, 1.1024 0.6104 3.0315, 0.8662 -0.6476 4.1454, 0.8662 0.6104 3.0315, 0.8662 0.4323 3.0315, 1.1024 0.4323 3.0315, 0.8662 -0.6476 3.9877, 1.1024 -0.6476 3.9877, 1.4961 -0.6476 4.1454, 1.4961 0.6104 3.0315, 1.2599 -0.6476 4.1454, 1.2599 0.6104 3.0315, 1.2599 0.4323 3.0315, 1.4961 0.4323 3.0315, 1.2599 -0.6476 3.9877, 1.4961 -0.6476 3.9877, -0.0787 -0.6476 4.1454, -0.0787 0.6104 3.0315, -0.3149 -0.6476 4.1454, -0.3149 0.6104 3.0315, -0.3149 0.4323 3.0315, -0.0787 0.4323 3.0315, -0.3149 -0.6476 3.9877, -0.0787 -0.6476 3.9877, -0.4724 -0.6476 4.1454, -0.4724 0.6104 3.0315, -0.7086 -0.6476 4.1454, -0.7086 0.6104 3.0315, -0.7086 0.4323 3.0315, -0.4724 0.4323 3.0315, -0.7086 -0.6476 3.9877, -0.4724 -0.6476 3.9877, -0.8661 -0.6476 4.1454, -0.8661 0.6104 3.0315, -1.1023 -0.6476 4.1454, -1.1023 0.6104 3.0315, -1.1023 0.4323 3.0315, -0.8661 0.4323 3.0315, -1.1023 -0.6476 3.9877, -0.8661 -0.6476 3.9877, -1.2598 -0.6476 4.1454, -1.2598 0.6104 3.0315, -1.496 -0.6476 4.1454, -1.496 0.6104 3.0315, -1.496 0.4323 3.0315, -1.2598 0.4323 3.0315, -1.496 -0.6476 3.9877, -1.2598 -0.6476 3.9877
            ]
        }
        coordIndex [
            0,1,2,-1,2,1,3,-1,4,5,6,-1,6,5,7,-1,7,5,0,-1,0,5,1,-1,3,4,2,-1,2,4,6,-1,8,9,10,-1,10,9,11,-1,12,13,14,-1,14,13,15,-1,15,13,8,-1,8,13,9,-1,11,12,10,-1,10,12,14,-1,16,17,18,-1,18,17,19,-1,20,21,22,-1,22,21,23,-1,23,21,16,-1,16,21,17,-1,19,20,18,-1,18,20,22,-1,24,25,26,-1,26,25,27,-1,28,29,30,-1,30,29,31,-1,31,29,24,-1,24,29,25,-1,27,28,26,-1,26,28,30,-1,32,33,34,-1,34,33,35,-1,36,37,38,-1,38,37,39,-1,39,37,32,-1,32,37,33,-1,35,36,34,-1,34,36,38,-1,40,41,42,-1,42,41,43,-1,44,45,46,-1,46,45,47,-1,47,45,40,-1,40,45,41,-1,43,44,42,-1,42,44,46,-1,48,49,50,-1,50,49,51,-1,52,53,54,-1,54,53,55,-1,55,53,48,-1,48,53,49,-1,51,52,50,-1,50,52,54,-1,56,57,58,-1,58,57,59,-1,60,61,62,-1,62,61,63,-1,63,61,56,-1,56,61,57,-1,59,60,58,-1,58,60,62,-1,
        ]
    }
}
Shape{
    appearance Appearance {
        material  Material 	{
            diffuseColor 0.25098039215686274 0.25098039215686274 0.25098039215686274
            specularColor 0.12549019607843137 0.12549019607843137 0.12549019607843137
            ambientIntensity 0.251
            transparency 0.0
            shininess 0.5
        }
    }
    geometry IndexedFaceSet {
        ccw TRUE
        solid FALSE
        coord DEF co Coordinate {
            point [
                -2.7559 -2.5329 0.1969, -2.7559 -2.5329 0.0787, -3.0472 -2.5329 0.0787, 3.0473 -2.5329 0.2362, 3.0473 -2.5329 0.0787, 2.7559 -2.5329 0.0787, 2.7559 -2.5329 0.1969, -3.0472 -2.5329 0.2362, 3.0473 -3.2539 0.4331, 3.0473 -3.2539 0.0787, 3.0473 -3.1053 0.4331, 3.0473 -3.1053 0.0787, -3.0472 -3.2539 0.0787, -3.0472 -3.2539 0.4331, -3.0472 -3.1053 0.0787, -3.0472 -3.1053 0.4331, 3.0118 -3.1489 0.4331, 2.9929 -3.1567 0.4331, 2.9725 -3.1594 0.4331, 3.0407 -3.12 0.4331, 3.0281 -3.1363 0.4331, 2.9725 -3.1555 0.4331, -2.9724 -3.1555 0.4331, -2.9724 -3.1594 0.4331, -2.9928 -3.1567 0.4331, -3.0118 -3.1489 0.4331, -3.0281 -3.1363 0.4331, -3.0406 -3.12 0.4331
            ]
        }
        coordIndex [
            0,1,2,-1,3,4,5,-1,5,6,3,-1,3,6,0,-1,3,0,7,-1,7,0,2,-1,8,9,10,-1,10,9,11,-1,12,13,14,-1,14,13,15,-1,16,17,8,-1,8,17,18,-1,8,18,13,-1,10,19,8,-1,8,19,20,-1,8,20,16,-1,21,22,18,-1,18,22,23,-1,18,23,13,-1,13,23,24,-1,13,24,25,-1,25,26,13,-1,13,26,27,-1,13,27,15,-1,
        ]
    }
}
Shape{
    appearance Appearance {
        material  Material 	{
            diffuseColor 0.7529411764705882 0.7529411764705882 0.7529411764705882
            specularColor 0.3764705882352941 0.3764705882352941 0.3764705882352941
            ambientIntensity 0.7529
            transparency 0.0
            shininess 0.5
        }
    }
    geometry IndexedFaceSet {
        ccw TRUE
        solid FALSE
        coord DEF co Coordinate {
            point [
                -2.7559 -3.2539 0.0787, -2.7559 -2.5329 0.0787, -2.7559 -3.2539 0.1969, -2.7559 -2.5329 0.1969, 2.7559 -3.2539 0.1969, 2.7559 -2.5329 0.1969, 2.7559 -3.2539 0.0787, 2.7559 -2.5329 0.0787
            ]
        }
        coordIndex [
            0,1,2,-1,2,1,3,-1,4,5,6,-1,6,5,7,-1,
        ]
    }
}
Shape{
    appearance Appearance {
        material  Material 	{
            diffuseColor 0.25098039215686274 0.25098039215686274 0.25098039215686274
            specularColor 0.12549019607843137 0.12549019607843137 0.12549019607843137
            ambientIntensity 0.251
            transparency 0.0
            shininess 0.5
        }
    }
    geometry IndexedFaceSet {
        ccw TRUE
        solid FALSE
        coord DEF co Coordinate {
            point [
                -2.702 1.8037 0.315, -2.702 0.3661 0.315, -2.702 1.8037 0.1969, -2.702 0.3661 0.1969, -1.1775 1.8037 0.315, -1.1775 1.8037 0.1969, 2.7021 1.8037 0.315, 1.1776 1.8037 0.315, 2.7021 1.8037 0.1969, 1.1776 1.8037 0.1969, 2.7021 0.3661 0.315, 2.7021 0.3661 0.1969, -1.9306 0.3661 0.1969, -1.9306 0.3661 0.2362, 1.9306 0.3661 0.2362, 1.9306 0.3661 0.1969, -1.1775 2.1915 0.0787, -1.1775 2.5451 0.0787, -1.1775 2.1915 0.1969, -1.1775 2.5451 0.315, 1.1776 2.1915 0.1969, 1.1776 2.5451 0.315, 1.1776 2.1915 0.0787, 1.1776 2.5451 0.0787, -1.9306 -0.8327 0.2362, -1.9306 -0.8327 0.1969, -3.0472 -0.8327 0.2362, -3.0472 -0.8327 0.1969, -3.0472 -1.2796 0.2362, -2.4322 -1.2796 0.2362, -3.0472 -1.2796 0.1969, -2.4322 -1.2796 0.1969, -2.4322 -2.0873 0.2362, -2.4322 -2.0873 0.1969, -3.0472 -2.0873 0.2362, -3.0472 -2.0873 0.1969, 3.0473 -2.0873 0.2362, 2.4322 -2.0873 0.2362, 3.0473 -2.0873 0.1969, 2.4322 -2.0873 0.1969, 2.4322 -1.2796 0.2362, 2.4322 -1.2796 0.1969, 3.0473 -1.2796 0.2362, 3.0473 -1.2796 0.1969, 3.0473 -0.8327 0.2362, 1.9306 -0.8327 0.2362, 3.0473 -0.8327 0.1969, 1.9306 -0.8327 0.1969, -3.0472 -2.5329 0.2362, 3.0473 -2.5329 0.2362, 2.9922 -0.0492 0.1969, 2.9841 0.012 -0.315, 2.9841 0.012 0.1969, 2.9605 0.0689 -0.315, 2.9605 0.0689 0.1969, 2.923 0.1179 -0.315, 2.923 0.1179 0.1969, 2.874 0.1554 -0.315, 2.874 0.1554 0.1969, 2.8171 0.179 -0.315, 2.8171 0.179 0.1969, 2.7559 0.187 -0.315, 2.7559 0.187 0.1969, 2.6948 0.179 -0.315, 2.6948 0.179 0.1969, 2.6378 0.1554 -0.315, 2.6378 0.1554 0.1969, 2.5889 0.1179 -0.315, 2.5889 0.1179 0.1969, 2.5514 0.0689 -0.315, 2.5514 0.0689 0.1969, 2.5278 0.012 -0.315, 2.5278 0.012 0.1969, 2.5197 -0.0492 -0.315, 2.5197 -0.0492 0.1969, 2.5278 -0.1103 -0.315, 2.5278 -0.1103 0.1969, 2.5514 -0.1673 -0.315, 2.5514 -0.1673 0.1969, 2.5889 -0.2162 -0.315, 2.5889 -0.2162 0.1969, 2.6378 -0.2537 -0.315, 2.6378 -0.2537 0.1969, 2.6948 -0.2773 -0.315, 2.6948 -0.2773 0.1969, 2.7559 -0.2854 -0.315, 2.7559 -0.2854 0.1969, 2.8171 -0.2773 -0.315, 2.8171 -0.2773 0.1969, 2.874 -0.2537 -0.315, 2.874 -0.2537 0.1969, 2.923 -0.2162 -0.315, 2.923 -0.2162 0.1969, 2.9605 -0.1673 -0.315, 2.9605 -0.1673 0.1969, 2.9841 -0.1103 -0.315, 2.9841 -0.1103 0.1969, 2.9922 -0.0492 -0.315, 2.6536 -0.1082 -0.4331, 2.6418 -0.0797 -0.4331, 2.7559 -0.0492 -0.4331, 2.6378 -0.0492 -0.4331, 2.6418 -0.0186 -0.4331, 2.7254 -0.1633 -0.4331, 2.6969 -0.1515 -0.4331, 2.6724 -0.1327 -0.4331, 2.815 -0.1515 -0.4331, 2.7865 -0.1633 -0.4331, 2.7559 -0.1673 -0.4331, 2.87 -0.0797 -0.4331, 2.8582 -0.1082 -0.4331, 2.8395 -0.1327 -0.4331, 2.8582 0.0099 -0.4331, 2.87 -0.0186 -0.4331, 2.874 -0.0492 -0.4331, 2.7865 0.0649 -0.4331, 2.815 0.0531 -0.4331, 2.8395 0.0343 -0.4331, 2.6969 0.0531 -0.4331, 2.7254 0.0649 -0.4331, 2.7559 0.0689 -0.4331, 2.6536 0.0099 -0.4331, 2.6724 0.0343 -0.4331, -2.5197 -0.0492 0.1969, -2.5277 0.012 -0.315, -2.5277 0.012 0.1969, -2.5513 0.0689 -0.315, -2.5513 0.0689 0.1969, -2.5888 0.1179 -0.315, -2.5888 0.1179 0.1969, -2.6378 0.1554 -0.315, -2.6378 0.1554 0.1969, -2.6947 0.179 -0.315, -2.6947 0.179 0.1969, -2.7559 0.187 -0.315, -2.7559 0.187 0.1969, -2.817 0.179 -0.315, -2.817 0.179 0.1969, -2.874 0.1554 -0.315, -2.874 0.1554 0.1969, -2.9229 0.1179 -0.315, -2.9229 0.1179 0.1969, -2.9604 0.0689 -0.315, -2.9604 0.0689 0.1969, -2.984 0.012 -0.315, -2.984 0.012 0.1969, -2.9921 -0.0492 -0.315, -2.9921 -0.0492 0.1969, -2.984 -0.1103 -0.315, -2.984 -0.1103 0.1969, -2.9604 -0.1673 -0.315, -2.9604 -0.1673 0.1969, -2.9229 -0.2162 -0.315, -2.9229 -0.2162 0.1969, -2.874 -0.2537 -0.315, -2.874 -0.2537 0.1969, -2.817 -0.2773 -0.315, -2.817 -0.2773 0.1969, -2.7559 -0.2854 -0.315, -2.7559 -0.2854 0.1969, -2.6947 -0.2773 -0.315, -2.6947 -0.2773 0.1969, -2.6378 -0.2537 -0.315, -2.6378 -0.2537 0.1969, -2.5888 -0.2162 -0.315, -2.5888 -0.2162 0.1969, -2.5513 -0.1673 -0.315, -2.5513 -0.1673 0.1969, -2.5277 -0.1103 -0.315, -2.5277 -0.1103 0.1969, -2.5197 -0.0492 -0.315, -2.8582 -0.1082 -0.4331, -2.87 -0.0797 -0.4331, -2.7559 -0.0492 -0.4331, -2.874 -0.0492 -0.4331, -2.87 -0.0186 -0.4331, -2.7864 -0.1633 -0.4331, -2.8149 -0.1515 -0.4331, -2.8394 -0.1327 -0.4331, -2.6968 -0.1515 -0.4331, -2.7253 -0.1633 -0.4331, -2.7559 -0.1673 -0.4331, -2.6418 -0.0797 -0.4331, -2.6536 -0.1082 -0.4331, -2.6724 -0.1327 -0.4331, -2.6536 0.0099 -0.4331, -2.6418 -0.0186 -0.4331, -2.6378 -0.0492 -0.4331, -2.7253 0.0649 -0.4331, -2.6968 0.0531 -0.4331, -2.6724 0.0343 -0.4331, -2.8149 0.0531 -0.4331, -2.7864 0.0649 -0.4331, -2.7559 0.0689 -0.4331, -2.8582 0.0099 -0.4331, -2.8394 0.0343 -0.4331
            ]
        }
        coordIndex [
            0,1,2,-1,2,1,3,-1,4,0,5,-1,5,0,2,-1,6,7,8,-1,8,7,9,-1,10,6,11,-1,11,6,8,-1,12,3,13,-1,13,3,1,-1,13,1,14,-1,14,1,10,-1,14,10,15,-1,15,10,11,-1,16,17,18,-1,18,17,19,-1,18,19,5,-1,5,19,4,-1,9,7,20,-1,20,7,21,-1,20,21,22,-1,22,21,23,-1,23,21,17,-1,17,21,19,-1,1,0,10,-1,10,0,4,-1,6,10,7,-1,7,10,4,-1,7,4,21,-1,21,4,19,-1,13,24,12,-1,12,24,25,-1,24,26,25,-1,25,26,27,-1,28,29,30,-1,30,29,31,-1,29,32,31,-1,31,32,33,-1,32,34,33,-1,33,34,35,-1,36,37,38,-1,38,37,39,-1,37,40,39,-1,39,40,41,-1,40,42,41,-1,41,42,43,-1,44,45,46,-1,46,45,47,-1,45,14,47,-1,47,14,15,-1,48,34,32,-1,44,42,45,-1,45,42,40,-1,13,14,24,-1,24,14,45,-1,36,49,37,-1,37,49,48,-1,28,26,29,-1,29,26,24,-1,29,24,32,-1,32,24,45,-1,32,45,48,-1,48,45,40,-1,48,40,37,-1,50,51,52,-1,52,51,53,-1,52,53,54,-1,54,53,55,-1,54,55,56,-1,56,55,57,-1,56,57,58,-1,58,57,59,-1,58,59,60,-1,60,59,61,-1,60,61,62,-1,62,61,63,-1,62,63,64,-1,64,63,65,-1,64,65,66,-1,66,65,67,-1,66,67,68,-1,68,67,69,-1,68,69,70,-1,70,69,71,-1,70,71,72,-1,72,71,73,-1,72,73,74,-1,74,73,75,-1,74,75,76,-1,76,75,77,-1,76,77,78,-1,78,77,79,-1,78,79,80,-1,80,79,81,-1,80,81,82,-1,82,81,83,-1,82,83,84,-1,84,83,85,-1,84,85,86,-1,86,85,87,-1,86,87,88,-1,88,87,89,-1,88,89,90,-1,90,89,91,-1,90,91,92,-1,92,91,93,-1,92,93,94,-1,94,93,95,-1,94,95,96,-1,96,95,97,-1,96,97,50,-1,50,97,51,-1,98,99,100,-1,100,99,101,-1,100,101,102,-1,103,104,100,-1,100,104,105,-1,100,105,98,-1,106,107,100,-1,100,107,108,-1,100,108,103,-1,109,110,100,-1,100,110,111,-1,100,111,106,-1,112,113,100,-1,100,113,114,-1,100,114,109,-1,115,116,100,-1,100,116,117,-1,100,117,112,-1,118,119,100,-1,100,119,120,-1,100,120,115,-1,102,121,100,-1,100,121,122,-1,100,122,118,-1,123,124,125,-1,125,124,126,-1,125,126,127,-1,127,126,128,-1,127,128,129,-1,129,128,130,-1,129,130,131,-1,131,130,132,-1,131,132,133,-1,133,132,134,-1,133,134,135,-1,135,134,136,-1,135,136,137,-1,137,136,138,-1,137,138,139,-1,139,138,140,-1,139,140,141,-1,141,140,142,-1,141,142,143,-1,143,142,144,-1,143,144,145,-1,145,144,146,-1,145,146,147,-1,147,146,148,-1,147,148,149,-1,149,148,150,-1,149,150,151,-1,151,150,152,-1,151,152,153,-1,153,152,154,-1,153,154,155,-1,155,154,156,-1,155,156,157,-1,157,156,158,-1,157,158,159,-1,159,158,160,-1,159,160,161,-1,161,160,162,-1,161,162,163,-1,163,162,164,-1,163,164,165,-1,165,164,166,-1,165,166,167,-1,167,166,168,-1,167,168,169,-1,169,168,170,-1,169,170,123,-1,123,170,124,-1,171,172,173,-1,173,172,174,-1,173,174,175,-1,176,177,173,-1,173,177,178,-1,173,178,171,-1,179,180,173,-1,173,180,181,-1,173,181,176,-1,182,183,173,-1,173,183,184,-1,173,184,179,-1,185,186,173,-1,173,186,187,-1,173,187,182,-1,188,189,173,-1,173,189,190,-1,173,190,185,-1,191,192,173,-1,173,192,193,-1,173,193,188,-1,175,194,173,-1,173,194,195,-1,173,195,191,-1,
        ]
    }
}
Shape{
    appearance Appearance {
        material  Material 	{
            diffuseColor 0.7529411764705882 0.7529411764705882 0.7529411764705882
            specularColor 0.3764705882352941 0.3764705882352941 0.3764705882352941
            ambientIntensity 0.7529
            transparency 0.0
            shininess 0.5
        }
    }
    geometry IndexedFaceSet {
        ccw TRUE
        solid FALSE
        coord DEF co Coordinate {
            point [
                1.6772 2.2702 0.0787, 1.4803 2.2702 0.0787, 1.4803 2.3064 0.0572, 1.6772 2.3064 0.0572, 1.4803 2.3464 0.0439, 1.6772 2.3464 0.0439, 1.4803 2.3883 0.0394, 1.6772 2.3883 0.0394, 1.6772 3.7894 0.2362, 1.4803 3.7894 0.2362, 1.6772 3.0571 0.2362, 1.4803 3.0571 0.2362, 1.6772 3.7894 0.0394, 1.6772 3.0571 0.0787, 1.4803 3.0571 0.0787, 1.4803 3.7894 0.0394, 2.6772 2.2702 0.0787, 2.4803 2.2702 0.0787, 2.4803 2.3064 0.0572, 2.6772 2.3064 0.0572, 2.4803 2.3464 0.0439, 2.6772 2.3464 0.0439, 2.4803 2.3883 0.0394, 2.6772 2.3883 0.0394, 2.6772 3.7894 0.2362, 2.4803 3.7894 0.2362, 2.6772 3.0571 0.2362, 2.4803 3.0571 0.2362, 2.6772 3.7894 0.0394, 2.6772 3.0571 0.0787, 2.4803 3.0571 0.0787, 2.4803 3.7894 0.0394, -1.6771 2.3883 0.0394, -1.4803 2.3883 0.0394, -1.4803 2.3464 0.0439, -1.6771 2.3464 0.0439, -1.4803 2.3064 0.0572, -1.6771 2.3064 0.0572, -1.4803 2.2702 0.0787, -1.6771 2.2702 0.0787, -1.4803 3.0571 0.2362, -1.4803 3.7894 0.2362, -1.6771 3.0571 0.2362, -1.6771 3.7894 0.2362, -1.6771 3.0571 0.0787, -1.6771 3.7894 0.0394, -1.4803 3.7894 0.0394, -1.4803 3.0571 0.0787, -2.6771 2.3883 0.0394, -2.4803 2.3883 0.0394, -2.4803 2.3464 0.0439, -2.6771 2.3464 0.0439, -2.4803 2.3064 0.0572, -2.6771 2.3064 0.0572, -2.4803 2.2702 0.0787, -2.6771 2.2702 0.0787, -2.4803 3.0571 0.2362, -2.4803 3.7894 0.2362, -2.6771 3.0571 0.2362, -2.6771 3.7894 0.2362, -2.6771 3.0571 0.0787, -2.6771 3.7894 0.0394, -2.4803 3.7894 0.0394, -2.4803 3.0571 0.0787, 2.4902 -3.2539 0.1969, 2.4902 -3.2539 0.2362, 2.4902 -3.7893 0.2362, 2.4902 -3.7893 0.0394, 2.4902 -2.7298 0.0394, 2.4902 -2.5369 0.1969, 2.4902 -2.6852 0.0445, 2.4902 -2.643 0.0595, 2.4902 -2.6053 0.0837, 2.4902 -2.574 0.1159, 2.4902 -2.5508 0.1542, 2.2933 -3.7893 0.2362, 2.2933 -3.2539 0.2362, 2.2933 -3.7893 0.0394, 2.2933 -3.2539 0.1969, 2.2933 -2.7298 0.0394, 2.2933 -2.5369 0.1969, 2.2933 -2.6852 0.0445, 2.2933 -2.643 0.0595, 2.2933 -2.5508 0.1542, 2.2933 -2.574 0.1159, 2.2933 -2.6053 0.0837, 1.9587 -3.2539 0.1969, 1.9587 -3.2539 0.2362, 1.9587 -3.7893 0.2362, 1.9587 -3.7893 0.0394, 1.9587 -2.7298 0.0394, 1.9587 -2.5369 0.1969, 1.9587 -2.6852 0.0445, 1.9587 -2.643 0.0595, 1.9587 -2.6053 0.0837, 1.9587 -2.574 0.1159, 1.9587 -2.5508 0.1542, 1.7618 -3.7893 0.2362, 1.7618 -3.2539 0.2362, 1.7618 -3.7893 0.0394, 1.7618 -3.2539 0.1969, 1.7618 -2.7298 0.0394, 1.7618 -2.5369 0.1969, 1.7618 -2.6852 0.0445, 1.7618 -2.643 0.0595, 1.7618 -2.5508 0.1542, 1.7618 -2.574 0.1159, 1.7618 -2.6053 0.0837, 1.4272 -3.2539 0.1969, 1.4272 -3.2539 0.2362, 1.4272 -3.7893 0.2362, 1.4272 -3.7893 0.0394, 1.4272 -2.7298 0.0394, 1.4272 -2.5369 0.1969, 1.4272 -2.6852 0.0445, 1.4272 -2.643 0.0595, 1.4272 -2.6053 0.0837, 1.4272 -2.574 0.1159, 1.4272 -2.5508 0.1542, 1.2303 -3.7893 0.2362, 1.2303 -3.2539 0.2362, 1.2303 -3.7893 0.0394, 1.2303 -3.2539 0.1969, 1.2303 -2.7298 0.0394, 1.2303 -2.5369 0.1969, 1.2303 -2.6852 0.0445, 1.2303 -2.643 0.0595, 1.2303 -2.5508 0.1542, 1.2303 -2.574 0.1159, 1.2303 -2.6053 0.0837, 0.8957 -3.2539 0.1969, 0.8957 -3.2539 0.2362, 0.8957 -3.7893 0.2362, 0.8957 -3.7893 0.0394, 0.8957 -2.7298 0.0394, 0.8957 -2.5369 0.1969, 0.8957 -2.6852 0.0445, 0.8957 -2.643 0.0595, 0.8957 -2.6053 0.0837, 0.8957 -2.574 0.1159, 0.8957 -2.5508 0.1542, 0.6988 -3.7893 0.2362, 0.6988 -3.2539 0.2362, 0.6988 -3.7893 0.0394, 0.6988 -3.2539 0.1969, 0.6988 -2.7298 0.0394, 0.6988 -2.5369 0.1969, 0.6988 -2.6852 0.0445, 0.6988 -2.643 0.0595, 0.6988 -2.5508 0.1542, 0.6988 -2.574 0.1159, 0.6988 -2.6053 0.0837, 0.3642 -3.2539 0.1969, 0.3642 -3.2539 0.2362, 0.3642 -3.7893 0.2362, 0.3642 -3.7893 0.0394, 0.3642 -2.7298 0.0394, 0.3642 -2.5369 0.1969, 0.3642 -2.6852 0.0445, 0.3642 -2.643 0.0595, 0.3642 -2.6053 0.0837, 0.3642 -2.574 0.1159, 0.3642 -2.5508 0.1542, 0.1674 -3.7893 0.2362, 0.1674 -3.2539 0.2362, 0.1674 -3.7893 0.0394, 0.1674 -3.2539 0.1969, 0.1674 -2.7298 0.0394, 0.1674 -2.5369 0.1969, 0.1674 -2.6852 0.0445, 0.1674 -2.643 0.0595, 0.1674 -2.5508 0.1542, 0.1674 -2.574 0.1159, 0.1674 -2.6053 0.0837, -0.1673 -3.2539 0.1969, -0.1673 -3.2539 0.2362, -0.1673 -3.7893 0.2362, -0.1673 -3.7893 0.0394, -0.1673 -2.7298 0.0394, -0.1673 -2.5369 0.1969, -0.1673 -2.643 0.0595, -0.1673 -2.6053 0.0837, -0.1673 -2.574 0.1159, -0.1673 -2.6852 0.0445, -0.1673 -2.5508 0.1542, -0.3641 -2.574 0.1159, -0.3641 -2.6053 0.0837, -0.3641 -2.643 0.0595, -0.3641 -3.7893 0.2362, -0.3641 -3.2539 0.2362, -0.3641 -3.7893 0.0394, -0.3641 -3.2539 0.1969, -0.3641 -2.7298 0.0394, -0.3641 -2.5369 0.1969, -0.3641 -2.6852 0.0445, -0.3641 -2.5508 0.1542, -0.6988 -3.2539 0.1969, -0.6988 -3.2539 0.2362, -0.6988 -3.7893 0.2362, -0.6988 -3.7893 0.0394, -0.6988 -2.7298 0.0394, -0.6988 -2.5369 0.1969, -0.6988 -2.643 0.0595, -0.6988 -2.6053 0.0837, -0.6988 -2.574 0.1159, -0.6988 -2.6852 0.0445, -0.6988 -2.5508 0.1542, -0.8956 -2.574 0.1159, -0.8956 -2.6053 0.0837, -0.8956 -2.643 0.0595, -0.8956 -3.7893 0.2362, -0.8956 -3.2539 0.2362, -0.8956 -3.7893 0.0394, -0.8956 -3.2539 0.1969, -0.8956 -2.7298 0.0394, -0.8956 -2.5369 0.1969, -0.8956 -2.6852 0.0445, -0.8956 -2.5508 0.1542, -1.2303 -3.2539 0.1969, -1.2303 -3.2539 0.2362, -1.2303 -3.7893 0.2362, -1.2303 -3.7893 0.0394, -1.2303 -2.7298 0.0394, -1.2303 -2.5369 0.1969, -1.2303 -2.643 0.0595, -1.2303 -2.6053 0.0837, -1.2303 -2.574 0.1159, -1.2303 -2.6852 0.0445, -1.2303 -2.5508 0.1542, -1.4271 -2.574 0.1159, -1.4271 -2.6053 0.0837, -1.4271 -2.643 0.0595, -1.4271 -3.7893 0.2362, -1.4271 -3.2539 0.2362, -1.4271 -3.7893 0.0394, -1.4271 -3.2539 0.1969, -1.4271 -2.7298 0.0394, -1.4271 -2.5369 0.1969, -1.4271 -2.6852 0.0445, -1.4271 -2.5508 0.1542, -1.7618 -3.2539 0.1969, -1.7618 -3.2539 0.2362, -1.7618 -3.7893 0.2362, -1.7618 -3.7893 0.0394, -1.7618 -2.7298 0.0394, -1.7618 -2.5369 0.1969, -1.7618 -2.643 0.0595, -1.7618 -2.6053 0.0837, -1.7618 -2.574 0.1159, -1.7618 -2.6852 0.0445, -1.7618 -2.5508 0.1542, -1.9586 -2.574 0.1159, -1.9586 -2.6053 0.0837, -1.9586 -2.643 0.0595, -1.9586 -3.7893 0.2362, -1.9586 -3.2539 0.2362, -1.9586 -3.7893 0.0394, -1.9586 -3.2539 0.1969, -1.9586 -2.7298 0.0394, -1.9586 -2.5369 0.1969, -1.9586 -2.6852 0.0445, -1.9586 -2.5508 0.1542, -2.2933 -3.2539 0.1969, -2.2933 -3.2539 0.2362, -2.2933 -3.7893 0.2362, -2.2933 -3.7893 0.0394, -2.2933 -2.7298 0.0394, -2.2933 -2.5369 0.1969, -2.2933 -2.643 0.0595, -2.2933 -2.6053 0.0837, -2.2933 -2.574 0.1159, -2.2933 -2.6852 0.0445, -2.2933 -2.5508 0.1542, -2.4901 -2.574 0.1159, -2.4901 -2.6053 0.0837, -2.4901 -2.643 0.0595, -2.4901 -3.7893 0.2362, -2.4901 -3.2539 0.2362, -2.4901 -3.7893 0.0394, -2.4901 -3.2539 0.1969, -2.4901 -2.7298 0.0394, -2.4901 -2.5369 0.1969, -2.4901 -2.6852 0.0445, -2.4901 -2.5508 0.1542
            ]
        }
        coordIndex [
            0,1,2,-1,0,2,3,-1,3,2,4,-1,3,4,5,-1,5,4,6,-1,5,6,7,-1,8,9,10,-1,10,9,11,-1,3,5,7,-1,8,10,12,-1,12,10,13,-1,12,13,7,-1,7,13,0,-1,7,0,3,-1,11,9,14,-1,14,9,15,-1,14,15,6,-1,4,2,6,-1,6,2,1,-1,6,1,14,-1,12,7,15,-1,15,7,6,-1,8,12,9,-1,9,12,15,-1,16,17,18,-1,16,18,19,-1,19,18,20,-1,19,20,21,-1,21,20,22,-1,21,22,23,-1,24,25,26,-1,26,25,27,-1,19,21,23,-1,24,26,28,-1,28,26,29,-1,28,29,23,-1,23,29,16,-1,23,16,19,-1,27,25,30,-1,30,25,31,-1,30,31,22,-1,20,18,22,-1,22,18,17,-1,22,17,30,-1,28,23,31,-1,31,23,22,-1,24,28,25,-1,25,28,31,-1,32,33,34,-1,32,34,35,-1,35,34,36,-1,35,36,37,-1,37,36,38,-1,37,38,39,-1,40,41,42,-1,42,41,43,-1,42,43,44,-1,44,43,45,-1,44,45,32,-1,35,37,32,-1,32,37,39,-1,32,39,44,-1,36,34,33,-1,41,40,46,-1,46,40,47,-1,46,47,33,-1,33,47,38,-1,33,38,36,-1,32,45,33,-1,33,45,46,-1,45,43,46,-1,46,43,41,-1,48,49,50,-1,48,50,51,-1,51,50,52,-1,51,52,53,-1,53,52,54,-1,53,54,55,-1,56,57,58,-1,58,57,59,-1,58,59,60,-1,60,59,61,-1,60,61,48,-1,51,53,48,-1,48,53,55,-1,48,55,60,-1,52,50,49,-1,57,56,62,-1,62,56,63,-1,62,63,49,-1,49,63,54,-1,49,54,52,-1,48,61,49,-1,49,61,62,-1,61,59,62,-1,62,59,57,-1,64,65,66,-1,66,67,64,-1,64,67,68,-1,64,68,69,-1,69,68,70,-1,69,70,71,-1,71,72,69,-1,69,72,73,-1,69,73,74,-1,75,76,77,-1,77,76,78,-1,77,78,79,-1,79,78,80,-1,79,80,81,-1,81,80,82,-1,83,84,80,-1,80,84,85,-1,80,85,82,-1,68,79,81,-1,68,81,70,-1,70,81,82,-1,70,82,71,-1,71,82,85,-1,71,85,72,-1,72,85,84,-1,72,84,73,-1,73,84,83,-1,73,83,74,-1,74,83,80,-1,74,80,69,-1,75,66,76,-1,76,66,65,-1,67,66,77,-1,77,66,75,-1,68,67,79,-1,79,67,77,-1,86,87,88,-1,88,89,86,-1,86,89,90,-1,86,90,91,-1,91,90,92,-1,91,92,93,-1,93,94,91,-1,91,94,95,-1,91,95,96,-1,97,98,99,-1,99,98,100,-1,99,100,101,-1,101,100,102,-1,101,102,103,-1,103,102,104,-1,105,106,102,-1,102,106,107,-1,102,107,104,-1,90,101,103,-1,90,103,92,-1,92,103,104,-1,92,104,93,-1,93,104,107,-1,93,107,94,-1,94,107,106,-1,94,106,95,-1,95,106,105,-1,95,105,96,-1,96,105,102,-1,96,102,91,-1,97,88,98,-1,98,88,87,-1,89,88,99,-1,99,88,97,-1,90,89,101,-1,101,89,99,-1,108,109,110,-1,110,111,108,-1,108,111,112,-1,108,112,113,-1,113,112,114,-1,113,114,115,-1,115,116,113,-1,113,116,117,-1,113,117,118,-1,119,120,121,-1,121,120,122,-1,121,122,123,-1,123,122,124,-1,123,124,125,-1,125,124,126,-1,127,128,124,-1,124,128,129,-1,124,129,126,-1,112,123,125,-1,112,125,114,-1,114,125,126,-1,114,126,115,-1,115,126,129,-1,115,129,116,-1,116,129,128,-1,116,128,117,-1,117,128,127,-1,117,127,118,-1,118,127,124,-1,118,124,113,-1,119,110,120,-1,120,110,109,-1,111,110,121,-1,121,110,119,-1,112,111,123,-1,123,111,121,-1,130,131,132,-1,132,133,130,-1,130,133,134,-1,130,134,135,-1,135,134,136,-1,135,136,137,-1,137,138,135,-1,135,138,139,-1,135,139,140,-1,141,142,143,-1,143,142,144,-1,143,144,145,-1,145,144,146,-1,145,146,147,-1,147,146,148,-1,149,150,146,-1,146,150,151,-1,146,151,148,-1,134,145,147,-1,134,147,136,-1,136,147,148,-1,136,148,137,-1,137,148,151,-1,137,151,138,-1,138,151,150,-1,138,150,139,-1,139,150,149,-1,139,149,140,-1,140,149,146,-1,140,146,135,-1,141,132,142,-1,142,132,131,-1,133,132,143,-1,143,132,141,-1,134,133,145,-1,145,133,143,-1,152,153,154,-1,154,155,152,-1,152,155,156,-1,152,156,157,-1,157,156,158,-1,157,158,159,-1,159,160,157,-1,157,160,161,-1,157,161,162,-1,163,164,165,-1,165,164,166,-1,165,166,167,-1,167,166,168,-1,167,168,169,-1,169,168,170,-1,171,172,168,-1,168,172,173,-1,168,173,170,-1,156,167,169,-1,156,169,158,-1,158,169,170,-1,158,170,159,-1,159,170,173,-1,159,173,160,-1,160,173,172,-1,160,172,161,-1,161,172,171,-1,161,171,162,-1,162,171,168,-1,162,168,157,-1,163,154,164,-1,164,154,153,-1,155,154,165,-1,165,154,163,-1,156,155,167,-1,167,155,165,-1,174,175,176,-1,176,177,174,-1,174,177,178,-1,174,178,179,-1,180,181,182,-1,178,183,179,-1,179,183,180,-1,179,180,184,-1,184,180,182,-1,185,186,187,-1,188,189,190,-1,190,189,191,-1,190,191,192,-1,192,191,193,-1,192,193,194,-1,194,193,187,-1,187,193,195,-1,187,195,185,-1,178,192,194,-1,178,194,183,-1,183,194,187,-1,183,187,180,-1,180,187,186,-1,180,186,181,-1,181,186,185,-1,181,185,182,-1,182,185,195,-1,182,195,184,-1,184,195,193,-1,184,193,179,-1,188,176,189,-1,189,176,175,-1,177,176,190,-1,190,176,188,-1,178,177,192,-1,192,177,190,-1,196,197,198,-1,198,199,196,-1,196,199,200,-1,196,200,201,-1,202,203,204,-1,200,205,201,-1,201,205,202,-1,201,202,206,-1,206,202,204,-1,207,208,209,-1,210,211,212,-1,212,211,213,-1,212,213,214,-1,214,213,215,-1,214,215,216,-1,216,215,209,-1,209,215,217,-1,209,217,207,-1,200,214,216,-1,200,216,205,-1,205,216,209,-1,205,209,202,-1,202,209,208,-1,202,208,203,-1,203,208,207,-1,203,207,204,-1,204,207,217,-1,204,217,206,-1,206,217,215,-1,206,215,201,-1,210,198,211,-1,211,198,197,-1,199,198,212,-1,212,198,210,-1,200,199,214,-1,214,199,212,-1,218,219,220,-1,220,221,218,-1,218,221,222,-1,218,222,223,-1,224,225,226,-1,222,227,223,-1,223,227,224,-1,223,224,228,-1,228,224,226,-1,229,230,231,-1,232,233,234,-1,234,233,235,-1,234,235,236,-1,236,235,237,-1,236,237,238,-1,238,237,231,-1,231,237,239,-1,231,239,229,-1,222,236,238,-1,222,238,227,-1,227,238,231,-1,227,231,224,-1,224,231,230,-1,224,230,225,-1,225,230,229,-1,225,229,226,-1,226,229,239,-1,226,239,228,-1,228,239,237,-1,228,237,223,-1,232,220,233,-1,233,220,219,-1,221,220,234,-1,234,220,232,-1,222,221,236,-1,236,221,234,-1,240,241,242,-1,242,243,240,-1,240,243,244,-1,240,244,245,-1,246,247,248,-1,244,249,245,-1,245,249,246,-1,245,246,250,-1,250,246,248,-1,251,252,253,-1,254,255,256,-1,256,255,257,-1,256,257,258,-1,258,257,259,-1,258,259,260,-1,260,259,253,-1,253,259,261,-1,253,261,251,-1,244,258,260,-1,244,260,249,-1,249,260,253,-1,249,253,246,-1,246,253,252,-1,246,252,247,-1,247,252,251,-1,247,251,248,-1,248,251,261,-1,248,261,250,-1,250,261,259,-1,250,259,245,-1,254,242,255,-1,255,242,241,-1,243,242,256,-1,256,242,254,-1,244,243,258,-1,258,243,256,-1,262,263,264,-1,264,265,262,-1,262,265,266,-1,262,266,267,-1,268,269,270,-1,266,271,267,-1,267,271,268,-1,267,268,272,-1,272,268,270,-1,273,274,275,-1,276,277,278,-1,278,277,279,-1,278,279,280,-1,280,279,281,-1,280,281,282,-1,282,281,275,-1,275,281,283,-1,275,283,273,-1,266,280,282,-1,266,282,271,-1,271,282,275,-1,271,275,268,-1,268,275,274,-1,268,274,269,-1,269,274,273,-1,269,273,270,-1,270,273,283,-1,270,283,272,-1,272,283,281,-1,272,281,267,-1,276,264,277,-1,277,264,263,-1,265,264,278,-1,278,264,276,-1,266,265,280,-1,280,265,278,-1,
        ]
    }
}
Shape{
    appearance Appearance {
        material  Material 	{
            diffuseColor 0.25098039215686274 0.25098039215686274 0.25098039215686274
            specularColor 0.12549019607843137 0.12549019607843137 0.12549019607843137
            ambientIntensity 0.251
            transparency 0.0
            shininess 0.5
        }
    }
    geometry IndexedFaceSet {
        ccw TRUE
        solid FALSE
        coord DEF co Coordinate {
            point [
                -2.5197 -0.0492 -0.315, -2.6418 -0.0186 -0.4331, -2.5277 0.012 -0.315, -2.6536 0.0099 -0.4331, -2.5513 0.0689 -0.315, -2.6724 0.0343 -0.4331, -2.5888 0.1179 -0.315, -2.6968 0.0531 -0.4331, -2.6378 0.1554 -0.315, -2.7253 0.0649 -0.4331, -2.6947 0.179 -0.315, -2.7559 0.0689 -0.4331, -2.7559 0.187 -0.315, -2.7864 0.0649 -0.4331, -2.817 0.179 -0.315, -2.8149 0.0531 -0.4331, -2.874 0.1554 -0.315, -2.8394 0.0343 -0.4331, -2.9229 0.1179 -0.315, -2.8582 0.0099 -0.4331, -2.9604 0.0689 -0.315, -2.87 -0.0186 -0.4331, -2.984 0.012 -0.315, -2.874 -0.0492 -0.4331, -2.9921 -0.0492 -0.315, -2.87 -0.0797 -0.4331, -2.984 -0.1103 -0.315, -2.8582 -0.1082 -0.4331, -2.9604 -0.1673 -0.315, -2.8394 -0.1327 -0.4331, -2.9229 -0.2162 -0.315, -2.8149 -0.1515 -0.4331, -2.874 -0.2537 -0.315, -2.7864 -0.1633 -0.4331, -2.817 -0.2773 -0.315, -2.7559 -0.1673 -0.4331, -2.7559 -0.2854 -0.315, -2.7253 -0.1633 -0.4331, -2.6947 -0.2773 -0.315, -2.6968 -0.1515 -0.4331, -2.6378 -0.2537 -0.315, -2.6724 -0.1327 -0.4331, -2.5888 -0.2162 -0.315, -2.6536 -0.1082 -0.4331, -2.5513 -0.1673 -0.315, -2.6418 -0.0797 -0.4331, -2.5277 -0.1103 -0.315, -2.6378 -0.0492 -0.4331, 2.9922 -0.0492 -0.315, 2.87 -0.0186 -0.4331, 2.9841 0.012 -0.315, 2.8582 0.0099 -0.4331, 2.9605 0.0689 -0.315, 2.8395 0.0343 -0.4331, 2.923 0.1179 -0.315, 2.815 0.0531 -0.4331, 2.874 0.1554 -0.315, 2.7865 0.0649 -0.4331, 2.8171 0.179 -0.315, 2.7559 0.0689 -0.4331, 2.7559 0.187 -0.315, 2.7254 0.0649 -0.4331, 2.6948 0.179 -0.315, 2.6969 0.0531 -0.4331, 2.6378 0.1554 -0.315, 2.6724 0.0343 -0.4331, 2.5889 0.1179 -0.315, 2.6536 0.0099 -0.4331, 2.5514 0.0689 -0.315, 2.6418 -0.0186 -0.4331, 2.5278 0.012 -0.315, 2.6378 -0.0492 -0.4331, 2.5197 -0.0492 -0.315, 2.6418 -0.0797 -0.4331, 2.5278 -0.1103 -0.315, 2.6536 -0.1082 -0.4331, 2.5514 -0.1673 -0.315, 2.6724 -0.1327 -0.4331, 2.5889 -0.2162 -0.315, 2.6969 -0.1515 -0.4331, 2.6378 -0.2537 -0.315, 2.7254 -0.1633 -0.4331, 2.6948 -0.2773 -0.315, 2.7559 -0.1673 -0.4331, 2.7559 -0.2854 -0.315, 2.7865 -0.1633 -0.4331, 2.8171 -0.2773 -0.315, 2.815 -0.1515 -0.4331, 2.874 -0.2537 -0.315, 2.8395 -0.1327 -0.4331, 2.923 -0.2162 -0.315, 2.8582 -0.1082 -0.4331, 2.9605 -0.1673 -0.315, 2.87 -0.0797 -0.4331, 2.9841 -0.1103 -0.315, 2.874 -0.0492 -0.4331
            ]
        }
        coordIndex [
            0,1,2,-1,2,1,3,-1,2,3,4,-1,4,3,5,-1,4,5,6,-1,6,5,7,-1,6,7,8,-1,8,7,9,-1,8,9,10,-1,10,9,11,-1,10,11,12,-1,12,11,13,-1,12,13,14,-1,14,13,15,-1,14,15,16,-1,16,15,17,-1,16,17,18,-1,18,17,19,-1,18,19,20,-1,20,19,21,-1,20,21,22,-1,22,21,23,-1,22,23,24,-1,24,23,25,-1,24,25,26,-1,26,25,27,-1,26,27,28,-1,28,27,29,-1,28,29,30,-1,30,29,31,-1,30,31,32,-1,32,31,33,-1,32,33,34,-1,34,33,35,-1,34,35,36,-1,36,35,37,-1,36,37,38,-1,38,37,39,-1,38,39,40,-1,40,39,41,-1,40,41,42,-1,42,41,43,-1,42,43,44,-1,44,43,45,-1,44,45,46,-1,46,45,47,-1,46,47,0,-1,0,47,1,-1,48,49,50,-1,50,49,51,-1,50,51,52,-1,52,51,53,-1,52,53,54,-1,54,53,55,-1,54,55,56,-1,56,55,57,-1,56,57,58,-1,58,57,59,-1,58,59,60,-1,60,59,61,-1,60,61,62,-1,62,61,63,-1,62,63,64,-1,64,63,65,-1,64,65,66,-1,66,65,67,-1,66,67,68,-1,68,67,69,-1,68,69,70,-1,70,69,71,-1,70,71,72,-1,72,71,73,-1,72,73,74,-1,74,73,75,-1,74,75,76,-1,76,75,77,-1,76,77,78,-1,78,77,79,-1,78,79,80,-1,80,79,81,-1,80,81,82,-1,82,81,83,-1,82,83,84,-1,84,83,85,-1,84,85,86,-1,86,85,87,-1,86,87,88,-1,88,87,89,-1,88,89,90,-1,90,89,91,-1,90,91,92,-1,92,91,93,-1,92,93,94,-1,94,93,95,-1,94,95,48,-1,48,95,49,-1,
        ]
    }
}
Shape{
    appearance Appearance {
        material  Material 	{
            diffuseColor 0.7529411764705882 0.7529411764705882 0.7529411764705882
            specularColor 0.3764705882352941 0.3764705882352941 0.3764705882352941
            ambientIntensity 0.7529
            transparency 0.0
            shininess 0.5
        }
    }
    geometry IndexedFaceSet {
        ccw TRUE
        solid FALSE
        coord DEF co Coordinate {
            point [
                0.374 2.939 0.0787, -0.374 2.939 0.0787, -0.374 2.9752 0.0572, 0.374 2.9752 0.0572, -0.374 3.0152 0.0439, 0.374 3.0152 0.0439, -0.374 3.0571 0.0394, 0.374 3.0571 0.0394, 0.374 3.5138 0.1969, 0.374 3.0571 0.1969, 0.374 3.5138 0.0394, 0.374 3.0571 0.0787, -0.374 3.0571 0.1969, -0.374 3.5138 0.1969, -0.374 3.0571 0.0787, -0.374 3.5138 0.0394, -0.1103 3.4295 0.0394, -0.0901 3.4031 0.0394, -0.0637 3.3829 0.0394, -0.0329 3.3701 0.0394, -0.123 3.4602 0.0394, -0.1274 3.4932 0.0394, 0.0 3.3658 0.0394, 0.033 3.3701 0.0394, 0.0637 3.3829 0.0394, -0.123 3.5262 0.0394, -0.3646 3.5851 0.0394, -0.1103 3.5569 0.0394, 0.0901 3.4031 0.0394, 0.1104 3.4295 0.0394, -0.3371 3.6516 0.0394, -0.2933 3.7087 0.0394, -0.0901 3.5833 0.0394, -0.2362 3.7525 0.0394, -0.0637 3.6035 0.0394, -0.1697 3.78 0.0394, -0.0329 3.6163 0.0394, -0.0984 3.7894 0.0394, 0.0 3.6206 0.0394, 0.0901 3.5833 0.0394, 0.2933 3.7087 0.0394, 0.1104 3.5569 0.0394, 0.3371 3.6516 0.0394, 0.1231 3.5262 0.0394, 0.3647 3.5851 0.0394, 0.1274 3.4932 0.0394, 0.1231 3.4602 0.0394, 0.033 3.6163 0.0394, 0.0985 3.7894 0.0394, 0.0637 3.6035 0.0394, 0.1698 3.78 0.0394, 0.2363 3.7525 0.0394, -0.0984 3.7894 0.1969, 0.0985 3.7894 0.1969, 0.1104 3.4295 0.1969, 0.0901 3.4031 0.1969, 0.0637 3.3829 0.1969, 0.1231 3.4602 0.1969, 0.1274 3.4932 0.1969, 0.1231 3.5262 0.1969, 0.3647 3.5851 0.1969, 0.1104 3.5569 0.1969, 0.033 3.3701 0.1969, 0.0 3.3658 0.1969, -0.0329 3.3701 0.1969, -0.0637 3.3829 0.1969, 0.3371 3.6516 0.1969, 0.2933 3.7087 0.1969, 0.0901 3.5833 0.1969, 0.2363 3.7525 0.1969, 0.0637 3.6035 0.1969, 0.1698 3.78 0.1969, 0.033 3.6163 0.1969, 0.0 3.6206 0.1969, -0.0329 3.6163 0.1969, -0.0637 3.6035 0.1969, -0.1697 3.78 0.1969, -0.0901 3.5833 0.1969, -0.0901 3.4031 0.1969, -0.1103 3.4295 0.1969, -0.2362 3.7525 0.1969, -0.2933 3.7087 0.1969, -0.1103 3.5569 0.1969, -0.3371 3.6516 0.1969, -0.123 3.5262 0.1969, -0.3646 3.5851 0.1969, -0.1274 3.4932 0.1969, -0.123 3.4602 0.1969
            ]
        }
        coordIndex [
            0,1,2,-1,0,2,3,-1,3,2,4,-1,3,4,5,-1,5,4,6,-1,5,6,7,-1,8,9,10,-1,10,9,11,-1,10,11,7,-1,0,3,11,-1,11,3,5,-1,11,5,7,-1,12,13,14,-1,14,13,15,-1,14,15,6,-1,6,4,14,-1,14,4,2,-1,14,2,1,-1,16,17,6,-1,17,18,6,-1,6,18,19,-1,6,19,7,-1,16,6,20,-1,20,6,15,-1,20,15,21,-1,19,22,7,-1,7,22,23,-1,7,23,24,-1,21,15,25,-1,25,15,26,-1,25,26,27,-1,24,28,7,-1,7,28,29,-1,7,29,10,-1,26,30,27,-1,27,30,31,-1,27,31,32,-1,32,31,33,-1,32,33,34,-1,34,33,35,-1,34,35,36,-1,36,35,37,-1,36,37,38,-1,39,40,41,-1,41,40,42,-1,41,42,43,-1,43,42,44,-1,43,44,45,-1,45,44,10,-1,45,10,46,-1,46,10,29,-1,38,37,47,-1,47,37,48,-1,47,48,49,-1,49,48,50,-1,49,50,39,-1,39,50,51,-1,39,51,40,-1,52,53,37,-1,37,53,48,-1,54,55,9,-1,9,55,56,-1,54,9,57,-1,57,9,8,-1,57,8,58,-1,58,8,59,-1,59,8,60,-1,59,60,61,-1,56,62,9,-1,9,62,63,-1,9,63,12,-1,12,63,64,-1,12,64,65,-1,60,66,61,-1,61,66,67,-1,61,67,68,-1,68,67,69,-1,68,69,70,-1,70,69,71,-1,70,71,72,-1,72,71,53,-1,72,53,73,-1,73,53,52,-1,73,52,74,-1,74,52,75,-1,75,52,76,-1,75,76,77,-1,65,78,12,-1,12,78,79,-1,12,79,13,-1,76,80,77,-1,77,80,81,-1,77,81,82,-1,82,81,83,-1,82,83,84,-1,84,83,85,-1,84,85,86,-1,86,85,13,-1,86,13,87,-1,87,13,79,-1,15,13,85,-1,15,85,26,-1,26,85,83,-1,26,83,30,-1,30,83,81,-1,30,81,31,-1,31,81,80,-1,31,80,33,-1,33,80,76,-1,33,76,35,-1,35,76,52,-1,35,52,37,-1,8,10,44,-1,8,44,60,-1,60,44,42,-1,60,42,66,-1,66,42,40,-1,66,40,67,-1,67,40,51,-1,67,51,69,-1,69,51,50,-1,69,50,71,-1,71,50,48,-1,71,48,53,-1,86,21,84,-1,84,21,25,-1,84,25,82,-1,82,25,27,-1,82,27,77,-1,77,27,32,-1,77,32,75,-1,75,32,34,-1,75,34,74,-1,74,34,36,-1,74,36,73,-1,73,36,38,-1,73,38,72,-1,72,38,47,-1,72,47,70,-1,70,47,49,-1,70,49,68,-1,68,49,39,-1,68,39,61,-1,61,39,41,-1,61,41,59,-1,59,41,43,-1,59,43,58,-1,58,43,45,-1,58,45,57,-1,57,45,46,-1,57,46,54,-1,54,46,29,-1,54,29,55,-1,55,29,28,-1,55,28,56,-1,56,28,24,-1,56,24,62,-1,62,24,23,-1,62,23,63,-1,63,23,22,-1,63,22,64,-1,64,22,19,-1,64,19,65,-1,65,19,18,-1,65,18,78,-1,78,18,17,-1,78,17,79,-1,79,17,16,-1,79,16,87,-1,87,16,20,-1,87,20,86,-1,86,20,21,-1,
        ]
    }
}