ISO-10303-21;
HEADER;
FILE_DESCRIPTION (( 'STEP AP214' ),
    '1' );
FILE_NAME ('SW-SMD_L6.2-W3.7-LS8.0.STEP',
    '2022-02-28T05:51:29',
    ( '微软用户' ),
    ( '微软中国' ),
    'SwSTEP 2.0',
    'SolidWorks 2017',
    '' );
FILE_SCHEMA (( 'AUTOMOTIVE_DESIGN' ));
ENDSEC;

DATA;
#1 = CARTESIAN_POINT ( 'NONE',  ( -0.06097560975609740000, -0.1135437292156548900, -1.200000000000000000 ) ) ;
#2 = ORIENTED_EDGE ( 'NONE', *, *, #5162, .T. ) ;
#3 = FILL_AREA_STYLE ('',( #22 ) ) ;
#4 = SURFACE_STYLE_USAGE ( .BOTH. , #2210 ) ;
#5 = DIRECTION ( 'NONE',  ( 1.000000000000000000, 0.0000000000000000000, 8.673617379884043400E-016 ) ) ;
#6 = LINE ( 'NONE', #4390, #129 ) ;
#7 = CARTESIAN_POINT ( 'NONE',  ( -0.2105094863558215900, 0.03767734671385177000, -1.179999999999999700 ) ) ;
#8 = EDGE_LOOP ( 'NONE', ( #556, #968, #1276, #2274 ) ) ;
#9 = PRESENTATION_LAYER_ASSIGNMENT (  '', '', ( #18 ) ) ;
#10 = DIRECTION ( 'NONE',  ( -0.0000000000000000000, -1.000000000000000000, -0.0000000000000000000 ) ) ;
#11 = ORIENTED_EDGE ( 'NONE', *, *, #4888, .T. ) ;
#12 = DIRECTION ( 'NONE',  ( -0.0000000000000000000, -1.000000000000000000, -0.0000000000000000000 ) ) ;
#13 = EDGE_LOOP ( 'NONE', ( #2865, #668, #1812, #990 ) ) ;
#14 = VECTOR ( 'NONE', #3177, 1000.000000000000000 ) ;
#15 = VECTOR ( 'NONE', #5521, 1000.000000000000000 ) ;
#16 = CARTESIAN_POINT ( 'NONE',  ( -3.678553390593272800, -0.2999999999999999900, -1.200000000000000000 ) ) ;
#17 = EDGE_LOOP ( 'NONE', ( #5536, #1155, #1482, #4389 ) ) ;
#18 = STYLED_ITEM ( 'NONE', ( #2929 ), #2503 ) ;
#19 = CARTESIAN_POINT ( 'NONE',  ( 0.2729131545563061600, -0.005810222533636486900, -1.200000000000000000 ) ) ;
#20 = CARTESIAN_POINT ( 'NONE',  ( 3.254289321881345100, 0.2999999999999999900, -0.7000000000000000700 ) ) ;
#21 = LINE ( 'NONE', #1954, #877 ) ;
#22 = FILL_AREA_STYLE_COLOUR ( '', #2026 ) ;
#23 = FACE_OUTER_BOUND ( 'NONE', #913, .T. ) ;
#24 = VERTEX_POINT ( 'NONE', #4187 ) ;
#25 = ORIENTED_EDGE ( 'NONE', *, *, #4716, .T. ) ;
#26 = CARTESIAN_POINT ( 'NONE',  ( -0.06097560975609740000, 0.08645627078434514600, -1.179999999999999900 ) ) ;
#27 = CARTESIAN_POINT ( 'NONE',  ( 2.150000000000001700, 0.8249999999999996200, 0.2000000000000000400 ) ) ;
#28 = CIRCLE ( 'NONE', #2724, 0.1999999999999999800 ) ;
#29 = VERTEX_POINT ( 'NONE', #4170 ) ;
#30 = CARTESIAN_POINT ( 'NONE',  ( 0.1352638081252865200, 0.05979467290702498300, -1.200000000000000200 ) ) ;
#31 = CARTESIAN_POINT ( 'NONE',  ( 0.2416123498091062000, -0.04795017684443696200, -1.179999999999999900 ) ) ;
#32 = VERTEX_POINT ( 'NONE', #4218 ) ;
#33 =( NAMED_UNIT ( * ) PLANE_ANGLE_UNIT ( ) SI_UNIT ( $, .RADIAN. ) );
#34 = AXIS2_PLACEMENT_3D ( 'NONE', #284, #275, #273 ) ;
#35 = CARTESIAN_POINT ( 'NONE',  ( -3.075000000000000200, -1.525000000000000100, 0.0000000000000000000 ) ) ;
#36 = LINE ( 'NONE', #3971, #5900 ) ;
#37 = ORIENTED_EDGE ( 'NONE', *, *, #1281, .F. ) ;
#38 = CARTESIAN_POINT ( 'NONE',  ( -0.1628509332098246100, -0.07988026679007810500, -1.200000000000000000 ) ) ;
#39 = CARTESIAN_POINT ( 'NONE',  ( 3.075000000000000200, 1.525000000000000100, 0.2000000000000000100 ) ) ;
#40 = CARTESIAN_POINT ( 'NONE',  ( 0.3926829268292683600, 0.08645627078434514600, -1.179999999999999900 ) ) ;
#42 = PLANE ( 'NONE',  #4860 ) ;
#41 = AXIS2_PLACEMENT_3D ( 'NONE', #5471, #4222, #3999 ) ;
#43 = ORIENTED_EDGE ( 'NONE', *, *, #4888, .F. ) ;
#44 = DIRECTION ( 'NONE',  ( -0.0000000000000000000, -0.0000000000000000000, -1.000000000000000000 ) ) ;
#45 = DIRECTION ( 'NONE',  ( 0.0000000000000000000, 0.0000000000000000000, 1.000000000000000000 ) ) ;
#46 = ORIENTED_EDGE ( 'NONE', *, *, #2489, .T. ) ;
#47 = ORIENTED_EDGE ( 'NONE', *, *, #3995, .F. ) ;
#48 = SURFACE_SIDE_STYLE ('',( #214 ) ) ;
#49 = B_SPLINE_CURVE_WITH_KNOTS ( 'NONE', 3,
 ( #152, #4126, #2915, #4043, #2403, #4023, #3719, #2949, #2354, #3198, #5185, #271, #5175, #2375, #3134, #5181, #3707, #4346, #3513 ),
 .UNSPECIFIED., .F., .F.,
 ( 4, 1, 1, 1, 1, 1, 1, 1, 1, 1, 1, 1, 1, 1, 1, 1, 4 ),
 ( 0.0000000000000000000, 0.06460397028839211200, 0.1267024139629471500, 0.1867568140356181700, 0.2455056873654373200, 0.3036520244499753000, 0.3615030739706253100, 0.4202402229284674700, 0.4800333407766961800, 0.5406781347755159600, 0.6011918063807817300, 0.6623335024774423800, 0.7247395102972318300, 0.7894677361728866800, 0.8565048600438307500, 0.9263120958391902700, 1.000000000000000000 ),
 .UNSPECIFIED. ) ;
#50 = STYLED_ITEM ( 'NONE', ( #5704 ), #4396 ) ;
#51 = EDGE_CURVE ( 'NONE', #2652, #2286, #1942, .T. ) ;
#52 = FILL_AREA_STYLE_COLOUR ( '', #1215 ) ;
#53 = ORIENTED_EDGE ( 'NONE', *, *, #6083, .F. ) ;
#54 = CARTESIAN_POINT ( 'NONE',  ( 0.1243902439024392600, -0.1031778755571183300, -1.200000000000000200 ) ) ;
#55 = ORIENTED_EDGE ( 'NONE', *, *, #5538, .T. ) ;
#56 =( NAMED_UNIT ( * ) SI_UNIT ( $, .STERADIAN. ) SOLID_ANGLE_UNIT ( ) );
#57 =( NAMED_UNIT ( * ) PLANE_ANGLE_UNIT ( ) SI_UNIT ( $, .RADIAN. ) );
#58 =( LENGTH_UNIT ( ) NAMED_UNIT ( * ) SI_UNIT ( .MILLI., .METRE. ) );
#59 = CARTESIAN_POINT ( 'NONE',  ( -4.000000000000000000, -0.2999999999999999900, -0.9999999999999997800 ) ) ;
#60 = VERTEX_POINT ( 'NONE', #4360 ) ;
#61 = FILL_AREA_STYLE_COLOUR ( '', #505 ) ;
#62 =( LENGTH_UNIT ( ) NAMED_UNIT ( * ) SI_UNIT ( .MILLI., .METRE. ) );
#63 = CIRCLE ( 'NONE', #4058, 0.2999999999999999300 ) ;
#64 = STYLED_ITEM ( 'NONE', ( #5295 ), #2153 ) ;
#65 = ORIENTED_EDGE ( 'NONE', *, *, #3766, .F. ) ;
#66 = EDGE_CURVE ( 'NONE', #5309, #543, #1683, .T. ) ;
#67 = CLOSED_SHELL ( 'NONE', ( #5150, #1609, #1335, #3053, #3926, #2188, #4069, #3708, #5735, #1190, #3961, #4723, #4318, #2695, #4146, #991, #279, #1671, #3431, #5404, #2212, #4386, #4010, #2072, #3653, #3515, #792, #3700, #4364, #4632, #4902, #2153, #1910, #3139, #3387, #2503, #5870, #497, #2778, #1513, #6053, #4449, #3213, #1976 ) ) ;
#68 = DIRECTION ( 'NONE',  ( 0.0000000000000000000, 1.000000000000000000, 0.0000000000000000000 ) ) ;
#69 = CARTESIAN_POINT ( 'NONE',  ( 0.2902439024390244800, -0.09159250970345976500, -1.179999999999999900 ) ) ;
#70 = VERTEX_POINT ( 'NONE', #4182 ) ;
#71 = ORIENTED_EDGE ( 'NONE', *, *, #5204, .F. ) ;
#72 =( GEOMETRIC_REPRESENTATION_CONTEXT ( 3 ) GLOBAL_UNCERTAINTY_ASSIGNED_CONTEXT ( ( #2360 ) ) GLOBAL_UNIT_ASSIGNED_CONTEXT ( ( #403, #402, #393 ) ) REPRESENTATION_CONTEXT ( 'NONE', 'WORKASPACE' ) );
#73 =( NAMED_UNIT ( * ) SI_UNIT ( $, .STERADIAN. ) SOLID_ANGLE_UNIT ( ) );
#74 = EDGE_CURVE ( 'NONE', #4559, #794, #2050, .T. ) ;
#75 = PRESENTATION_STYLE_ASSIGNMENT (( #146 ) ) ;
#76 = ORIENTED_EDGE ( 'NONE', *, *, #407, .T. ) ;
#77 = SURFACE_STYLE_USAGE ( .BOTH. , #83 ) ;
#78 = CARTESIAN_POINT ( 'NONE',  ( 0.2463414634146343700, -0.01567787555711829700, -1.199999999999999700 ) ) ;
#79 = ORIENTED_EDGE ( 'NONE', *, *, #3120, .T. ) ;
#80 = CARTESIAN_POINT ( 'NONE',  ( -1.299999999999999800, -0.4250000000000001600, 1.300000000000000300 ) ) ;
#81 = CARTESIAN_POINT ( 'NONE',  ( 0.2697671622985958200, -0.04819448520369004600, -1.199999999999999700 ) ) ;
#82 = VERTEX_POINT ( 'NONE', #4095 ) ;
#83 = SURFACE_SIDE_STYLE ('',( #700 ) ) ;
#84 = CIRCLE ( 'NONE', #1426, 0.1999999999999999800 ) ;
#85 = ORIENTED_EDGE ( 'NONE', *, *, #51, .T. ) ;
#86 = FILL_AREA_STYLE ('',( #115 ) ) ;
#87 = DIRECTION ( 'NONE',  ( 0.0000000000000000000, 0.0000000000000000000, -1.000000000000000000 ) ) ;
#88 = EDGE_CURVE ( 'NONE', #5009, #1989, #2381, .T. ) ;
#89 = CONICAL_SURFACE ( 'NONE', #1651, 0.1000000000000000500, 0.7853981633974500600 ) ;
#90 = ORIENTED_EDGE ( 'NONE', *, *, #5822, .T. ) ;
#91 = FILL_AREA_STYLE_COLOUR ( '', #5803 ) ;
#92 = CARTESIAN_POINT ( 'NONE',  ( 1.100000000000000100, 0.0000000000000000000, 1.100000000000000100 ) ) ;
#93 = UNCERTAINTY_MEASURE_WITH_UNIT (LENGTH_MEASURE( 1.000000000000000100E-005 ), #1527, 'distance_accuracy_value', 'NONE');
#94 =( NAMED_UNIT ( * ) PLANE_ANGLE_UNIT ( ) SI_UNIT ( $, .RADIAN. ) );
#95 = PRESENTATION_STYLE_ASSIGNMENT (( #174 ) ) ;
#96 = ORIENTED_EDGE ( 'NONE', *, *, #4173, .T. ) ;
#97 = EDGE_CURVE ( 'NONE', #4508, #1498, #286, .T. ) ;
#98 = DIRECTION ( 'NONE',  ( 0.7071067811865469100, 0.0000000000000000000, -0.7071067811865482400 ) ) ;
#99 = EDGE_LOOP ( 'NONE', ( #2302, #300, #824, #5708 ) ) ;
#100 = DIRECTION ( 'NONE',  ( -0.0000000000000000000, 1.000000000000000000, -0.0000000000000000000 ) ) ;
#101 = FILL_AREA_STYLE_COLOUR ( '', #2115 ) ;
#102 = SURFACE_STYLE_FILL_AREA ( #349 ) ;
#103 = DIRECTION ( 'NONE',  ( 0.0000000000000000000, -1.000000000000000000, 0.0000000000000000000 ) ) ;
#104 = VERTEX_POINT ( 'NONE', #4028 ) ;
#105 = CARTESIAN_POINT ( 'NONE',  ( 0.05853658536585373100, -0.02329982677663049900, -1.179999999999999900 ) ) ;
#106 = CARTESIAN_POINT ( 'NONE',  ( 3.254289321881345100, -0.2999999999999999900, -0.9499999999999999600 ) ) ;
#107 = CARTESIAN_POINT ( 'NONE',  ( 2.774999999999999900, 1.825000000000000000, 0.2000000000000000100 ) ) ;
#108 = LINE ( 'NONE', #5169, #3909 ) ;
#109 = VECTOR ( 'NONE', #2276, 1000.000000000000000 ) ;
#110 = UNCERTAINTY_MEASURE_WITH_UNIT (LENGTH_MEASURE( 1.000000000000000100E-005 ), #529, 'distance_accuracy_value', 'NONE');
#111 = ORIENTED_EDGE ( 'NONE', *, *, #3405, .T. ) ;
#112 = CARTESIAN_POINT ( 'NONE',  ( 0.2339522418752299500, -0.1009236664434705100, -1.180000000000000400 ) ) ;
#113 = MECHANICAL_DESIGN_GEOMETRIC_PRESENTATION_REPRESENTATION (  '', ( #191 ), #72 ) ;
#114 = CARTESIAN_POINT ( 'NONE',  ( 3.431066017177982100, 0.2999999999999999900, -0.7732233047033633100 ) ) ;
#115 = FILL_AREA_STYLE_COLOUR ( '', #3514 ) ;
#116 = LINE ( 'NONE', #1752, #2267 ) ;
#117 = EDGE_CURVE ( 'NONE', #4763, #4032, #1619, .T. ) ;
#118 = CARTESIAN_POINT ( 'NONE',  ( -0.1688729395935032700, -0.07558310294756488700, -1.200000000000000200 ) ) ;
#119 = ORIENTED_EDGE ( 'NONE', *, *, #4698, .F. ) ;
#120 = CARTESIAN_POINT ( 'NONE',  ( 0.1259822686045700100, 0.08161470383247107500, -1.179999999999999900 ) ) ;
#121 = ORIENTED_EDGE ( 'NONE', *, *, #896, .F. ) ;
#122 = FACE_OUTER_BOUND ( 'NONE', #3407, .T. ) ;
#123 = FACE_OUTER_BOUND ( 'NONE', #2120, .T. ) ;
#124 = ADVANCED_FACE ( 'NONE', ( #1030 ), #4012, .T. ) ;
#125 = CARTESIAN_POINT ( 'NONE',  ( 0.1243902439024392300, 0.08096846590629634700, -1.179999999999999900 ) ) ;
#126 = PRESENTATION_LAYER_ASSIGNMENT (  '', '', ( #50 ) ) ;
#127 = ORIENTED_EDGE ( 'NONE', *, *, #5602, .T. ) ;
#128 = LINE ( 'NONE', #3681, #5664 ) ;
#129 = VECTOR ( 'NONE', #5282, 999.9999999999998900 ) ;
#130 = DIRECTION ( 'NONE',  ( 0.0000000000000000000, 1.000000000000000000, 0.0000000000000000000 ) ) ;
#131 = DIRECTION ( 'NONE',  ( -1.000000000000000000, 0.0000000000000000000, -0.0000000000000000000 ) ) ;
#132 = DIRECTION ( 'NONE',  ( 0.0000000000000000000, 0.0000000000000000000, -1.000000000000000000 ) ) ;
#133 = DIRECTION ( 'NONE',  ( -1.000000000000000000, 0.0000000000000000000, 0.0000000000000000000 ) ) ;
#134 = VERTEX_POINT ( 'NONE', #4385 ) ;
#135 = LINE ( 'NONE', #2284, #109 ) ;
#136 = ORIENTED_EDGE ( 'NONE', *, *, #811, .T. ) ;
#137 =( GEOMETRIC_REPRESENTATION_CONTEXT ( 3 ) GLOBAL_UNCERTAINTY_ASSIGNED_CONTEXT ( ( #1142 ) ) GLOBAL_UNIT_ASSIGNED_CONTEXT ( ( #3987, #4091, #4077 ) ) REPRESENTATION_CONTEXT ( 'NONE', 'WORKASPACE' ) );
#138 = DIRECTION ( 'NONE',  ( 0.0000000000000000000, 0.0000000000000000000, -1.000000000000000000 ) ) ;
#139 =( NAMED_UNIT ( * ) PLANE_ANGLE_UNIT ( ) SI_UNIT ( $, .RADIAN. ) );
#140 = EDGE_LOOP ( 'NONE', ( #3852, #4274, #4589, #5174, #4584, #4817, #6033, #5421 ) ) ;
#141 = FILL_AREA_STYLE ('',( #61 ) ) ;
#142 = DIRECTION ( 'NONE',  ( 0.0000000000000000000, 0.0000000000000000000, -1.000000000000000000 ) ) ;
#143 = DIRECTION ( 'NONE',  ( -0.0000000000000000000, -0.0000000000000000000, 1.000000000000000000 ) ) ;
#144 = LINE ( 'NONE', #1535, #5912 ) ;
#145 = CARTESIAN_POINT ( 'NONE',  ( 0.2178285699271903000, -0.1093658680622828200, -1.200000000000000400 ) ) ;
#146 = SURFACE_STYLE_USAGE ( .BOTH. , #158 ) ;
#147 = CARTESIAN_POINT ( 'NONE',  ( 0.0000000000000000000, 0.0000000000000000000, 0.0000000000000000000 ) ) ;
#148 = PRESENTATION_STYLE_ASSIGNMENT (( #3958 ) ) ;
#149 = VERTEX_POINT ( 'NONE', #3981 ) ;
#150 = PRESENTATION_LAYER_ASSIGNMENT (  '', '', ( #191 ) ) ;
#151 = DIRECTION ( 'NONE',  ( 0.0000000000000000000, 0.0000000000000000000, -1.000000000000000000 ) ) ;
#152 = CARTESIAN_POINT ( 'NONE',  ( 0.1712271341463416600, 0.06694407566239389500, -1.179999999999999900 ) ) ;
#153 = COLOUR_RGB ( '',0.2980392156862745100, 0.2980392156862745100, 0.2980392156862745100 ) ;
#154 = ADVANCED_FACE ( 'NONE', ( #2144 ), #4436, .F. ) ;
#155 = ADVANCED_FACE ( 'NONE', ( #606 ), #663, .T. ) ;
#156 = ORIENTED_EDGE ( 'NONE', *, *, #3187, .T. ) ;
#157 = CARTESIAN_POINT ( 'NONE',  ( 0.2261657761789653300, -0.1055904525223739500, -1.199999999999999500 ) ) ;
#158 = SURFACE_SIDE_STYLE ('',( #102 ) ) ;
#159 = CARTESIAN_POINT ( 'NONE',  ( 0.1828925440176175900, -0.1159053221889285700, -1.179999999999999900 ) ) ;
#160 = DIRECTION ( 'NONE',  ( 0.0000000000000000000, -1.000000000000000000, 0.0000000000000000000 ) ) ;
#161 = ORIENTED_EDGE ( 'NONE', *, *, #3436, .T. ) ;
#162 = AXIS2_PLACEMENT_3D ( 'NONE', #468, #5686, #441 ) ;
#163 = MECHANICAL_DESIGN_GEOMETRIC_PRESENTATION_REPRESENTATION (  '', ( #256 ), #137 ) ;
#164 = CARTESIAN_POINT ( 'NONE',  ( -0.1992158501062585600, 0.05324206236704279200, -1.180000000000000200 ) ) ;
#165 = ORIENTED_EDGE ( 'NONE', *, *, #5060, .F. ) ;
#166 = PRESENTATION_STYLE_ASSIGNMENT (( #6106 ) ) ;
#167 =( NAMED_UNIT ( * ) SI_UNIT ( $, .STERADIAN. ) SOLID_ANGLE_UNIT ( ) );
#168 = CARTESIAN_POINT ( 'NONE',  ( -4.000000000000000000, -0.2999999999999999900, -0.9999999999999997800 ) ) ;
#169 = LINE ( 'NONE', #5757, #364 ) ;
#170 = CARTESIAN_POINT ( 'NONE',  ( -3.289644660940672400, 0.2999999999999999900, -0.9146446609406726500 ) ) ;
#171 = CARTESIAN_POINT ( 'NONE',  ( -1.099999999999999600, 0.4249999999999999300, 1.300000000000000300 ) ) ;
#172 = ORIENTED_EDGE ( 'NONE', *, *, #5390, .F. ) ;
#173 =( LENGTH_UNIT ( ) NAMED_UNIT ( * ) SI_UNIT ( .MILLI., .METRE. ) );
#174 = SURFACE_STYLE_USAGE ( .BOTH. , #181 ) ;
#175 = ORIENTED_EDGE ( 'NONE', *, *, #2339, .T. ) ;
#176 = PRESENTATION_LAYER_ASSIGNMENT (  '', '', ( #256 ) ) ;
#177 = EDGE_CURVE ( 'NONE', #5374, #60, #1822, .T. ) ;
#178 = UNCERTAINTY_MEASURE_WITH_UNIT (LENGTH_MEASURE( 1.000000000000000100E-005 ), #3933, 'distance_accuracy_value', 'NONE');
#179 = CARTESIAN_POINT ( 'NONE',  ( -0.2053002742880884200, 0.04573112763444067700, -1.180000000000000200 ) ) ;
#180 = EDGE_LOOP ( 'NONE', ( #53, #3906, #1454, #5728 ) ) ;
#181 = SURFACE_SIDE_STYLE ('',( #5328 ) ) ;
#182 = FILL_AREA_STYLE_COLOUR ( '', #1473 ) ;
#183 = CARTESIAN_POINT ( 'NONE',  ( 0.1757240853658538500, -0.09403153409370368400, -1.199999999999999700 ) ) ;
#184 = UNCERTAINTY_MEASURE_WITH_UNIT (LENGTH_MEASURE( 1.000000000000000100E-005 ), #1292, 'distance_accuracy_value', 'NONE');
#185 = FILL_AREA_STYLE ('',( #2997 ) ) ;
#186 = COLOUR_RGB ( '',0.6666666666666666300, 0.6666666666666666300, 0.6666666666666666300 ) ;
#187 = ADVANCED_FACE ( 'NONE', ( #2042 ), #3769, .T. ) ;
#188 = PLANE ( 'NONE',  #2337 ) ;
#189 = CIRCLE ( 'NONE', #4100, 0.2499999999999998900 ) ;
#190 = CARTESIAN_POINT ( 'NONE',  ( 0.1757240853658538500, -0.09403153409370368400, -1.179999999999999900 ) ) ;
#191 = STYLED_ITEM ( 'NONE', ( #4840 ), #2072 ) ;
#192 = CYLINDRICAL_SURFACE ( 'NONE', #2110, 0.2000000000000000900 ) ;
#193 = SURFACE_STYLE_USAGE ( .BOTH. , #2159 ) ;
#194 = EDGE_LOOP ( 'NONE', ( #5027, #5188, #5544, #632 ) ) ;
#195 = CARTESIAN_POINT ( 'NONE',  ( 0.1782934203680972300, -0.09396531447692702000, -1.199999999999999700 ) ) ;
#196 = ORIENTED_EDGE ( 'NONE', *, *, #276, .F. ) ;
#197 = CARTESIAN_POINT ( 'NONE',  ( 0.1782934203680972300, -0.09396531447692702000, -1.179999999999999900 ) ) ;
#198 = CARTESIAN_POINT ( 'NONE',  ( 0.1562486360118948100, -0.1142904216167446200, -1.179999999999999700 ) ) ;
#199 = LINE ( 'NONE', #3007, #1785 ) ;
#200 = AXIS2_PLACEMENT_3D ( 'NONE', #5545, #5626, #1324 ) ;
#201 = LINE ( 'NONE', #2082, #4958 ) ;
#202 = EDGE_CURVE ( 'NONE', #4439, #4604, #4335, .T. ) ;
#203 = CARTESIAN_POINT ( 'NONE',  ( 0.2731707317073172600, -0.01731659506931341300, -1.179999999999999900 ) ) ;
#204 = PRESENTATION_STYLE_ASSIGNMENT (( #1763 ) ) ;
#205 = ORIENTED_EDGE ( 'NONE', *, *, #4790, .F. ) ;
#206 = ORIENTED_EDGE ( 'NONE', *, *, #2364, .T. ) ;
#207 = DIRECTION ( 'NONE',  ( -0.0000000000000000000, -0.0000000000000000000, 1.000000000000000000 ) ) ;
#208 = CARTESIAN_POINT ( 'NONE',  ( 0.1833373355326561900, -0.09383531736523874300, -1.200000000000000000 ) ) ;
#209 = ORIENTED_EDGE ( 'NONE', *, *, #2190, .T. ) ;
#210 = FILL_AREA_STYLE_COLOUR ( '', #5323 ) ;
#211 = ORIENTED_EDGE ( 'NONE', *, *, #1217, .T. ) ;
#212 = LINE ( 'NONE', #2582, #1706 ) ;
#213 = FILL_AREA_STYLE ('',( #210 ) ) ;
#214 = SURFACE_STYLE_FILL_AREA ( #1867 ) ;
#215 = ORIENTED_EDGE ( 'NONE', *, *, #1730, .T. ) ;
#216 = PRESENTATION_STYLE_ASSIGNMENT (( #1070 ) ) ;
#217 = CARTESIAN_POINT ( 'NONE',  ( 3.254289321881345100, 0.2999999999999999900, -0.9000000000000001300 ) ) ;
#218 = DIRECTION ( 'NONE',  ( -0.0000000000000000000, -1.000000000000000000, -0.0000000000000000000 ) ) ;
#219 = DIRECTION ( 'NONE',  ( -1.000000000000000000, 0.0000000000000000000, 0.0000000000000000000 ) ) ;
#220 = EDGE_CURVE ( 'NONE', #149, #324, #935, .T. ) ;
#221 = CARTESIAN_POINT ( 'NONE',  ( 0.1833373355326561900, -0.09383531736523874300, -1.180000000000000200 ) ) ;
#222 = ORIENTED_EDGE ( 'NONE', *, *, #4060, .T. ) ;
#223 = SURFACE_STYLE_USAGE ( .BOTH. , #3955 ) ;
#224 = EDGE_LOOP ( 'NONE', ( #5035, #355, #3825, #47 ) ) ;
#225 = CARTESIAN_POINT ( 'NONE',  ( 0.1907018167497783200, -0.09282580350368549400, -1.200000000000000200 ) ) ;
#226 = VERTEX_POINT ( 'NONE', #4608 ) ;
#227 = CARTESIAN_POINT ( 'NONE',  ( 0.1691167082044572100, 0.06691216754312613600, -1.180000000000000200 ) ) ;
#228 = CARTESIAN_POINT ( 'NONE',  ( 0.1685470855538840400, -0.09393730586597196000, -1.180000000000000400 ) ) ;
#229 =( LENGTH_UNIT ( ) NAMED_UNIT ( * ) SI_UNIT ( .MILLI., .METRE. ) );
#230 = ORIENTED_EDGE ( 'NONE', *, *, #5433, .F. ) ;
#231 = DIRECTION ( 'NONE',  ( -0.0000000000000000000, -0.0000000000000000000, -1.000000000000000000 ) ) ;
#232 = VERTEX_POINT ( 'NONE', #3690 ) ;
#233 = AXIS2_PLACEMENT_3D ( 'NONE', #506, #504, #498 ) ;
#234 = CARTESIAN_POINT ( 'NONE',  ( 0.1907018167497783200, -0.09282580350368549400, -1.180000000000000400 ) ) ;
#235 = EDGE_CURVE ( 'NONE', #4748, #1015, #2532, .T. ) ;
#236 = SURFACE_STYLE_FILL_AREA ( #5752 ) ;
#238 = DIRECTION ( 'NONE',  ( -1.000000000000000000, 0.0000000000000000000, 0.0000000000000000000 ) ) ;
#237 = DIRECTION ( 'NONE',  ( -1.000000000000000000, 0.0000000000000000000, 0.0000000000000000000 ) ) ;
#239 = CARTESIAN_POINT ( 'NONE',  ( 0.1977051108120037900, -0.09119592147432327400, -1.199999999999999700 ) ) ;
#240 = CARTESIAN_POINT ( 'NONE',  ( -0.1250889463646564200, -0.09140028881817774400, -1.179999999999999700 ) ) ;
#241 = AXIS2_PLACEMENT_3D ( 'NONE', #4337, #4363, #4282 ) ;
#242 = VECTOR ( 'NONE', #207, 1000.000000000000000 ) ;
#243 = CARTESIAN_POINT ( 'NONE',  ( 3.643198051533945500, 0.2999999999999999900, -0.9853553390593271500 ) ) ;
#244 = ORIENTED_EDGE ( 'NONE', *, *, #342, .T. ) ;
#245 = EDGE_LOOP ( 'NONE', ( #161, #3805, #4811, #1759, #1576, #5476, #5123, #5102, #5105, #2657, #4024, #5665 ) ) ;
#246 =( NAMED_UNIT ( * ) SI_UNIT ( $, .STERADIAN. ) SOLID_ANGLE_UNIT ( ) );
#247 = CARTESIAN_POINT ( 'NONE',  ( 0.1977051108120037900, -0.09119592147432327400, -1.179999999999999900 ) ) ;
#248 = CARTESIAN_POINT ( 'NONE',  ( 0.1649376273469086700, 0.06684898285240290000, -1.200000000000000400 ) ) ;
#249 = CARTESIAN_POINT ( 'NONE',  ( -0.1492801332280030700, -0.08650051062716254700, -1.180000000000000400 ) ) ;
#250 = ORIENTED_EDGE ( 'NONE', *, *, #938, .T. ) ;
#251 = DIRECTION ( 'NONE',  ( -0.0000000000000000000, -1.000000000000000000, -0.0000000000000000000 ) ) ;
#252 =( NAMED_UNIT ( * ) PLANE_ANGLE_UNIT ( ) SI_UNIT ( $, .RADIAN. ) );
#253 = UNCERTAINTY_MEASURE_WITH_UNIT (LENGTH_MEASURE( 1.000000000000000100E-005 ), #764, 'distance_accuracy_value', 'NONE');
#254 = VERTEX_POINT ( 'NONE', #3663 ) ;
#255 =( LENGTH_UNIT ( ) NAMED_UNIT ( * ) SI_UNIT ( .MILLI., .METRE. ) );
#256 = STYLED_ITEM ( 'NONE', ( #4950 ), #4386 ) ;
#257 = DIRECTION ( 'NONE',  ( 1.000000000000000000, -0.0000000000000000000, -0.0000000000000000000 ) ) ;
#258 = VERTEX_POINT ( 'NONE', #4784 ) ;
#259 = SURFACE_STYLE_USAGE ( .BOTH. , #260 ) ;
#260 = SURFACE_SIDE_STYLE ('',( #3718 ) ) ;
#261 = COLOUR_RGB ( '',0.5019607843137254800, 0.0000000000000000000, 0.0000000000000000000 ) ;
#262 = CARTESIAN_POINT ( 'NONE',  ( 0.2043137146224749400, -0.08887095643570193400, -1.200000000000000200 ) ) ;
#263 = PLANE ( 'NONE',  #703 ) ;
#264 = CARTESIAN_POINT ( 'NONE',  ( -3.431066017177982100, -0.2999999999999999900, -0.7732233047033633100 ) ) ;
#265 = FILL_AREA_STYLE ('',( #285 ) ) ;
#266 = CARTESIAN_POINT ( 'NONE',  ( 0.2043137146224749400, -0.08887095643570193400, -1.180000000000000400 ) ) ;
#267 = EDGE_LOOP ( 'NONE', ( #5379, #5409, #2893, #833 ) ) ;
#268 = DIRECTION ( 'NONE',  ( -0.0000000000000000000, -0.0000000000000000000, -1.000000000000000000 ) ) ;
#269 = ORIENTED_EDGE ( 'NONE', *, *, #1836, .T. ) ;
#270 = AXIS2_PLACEMENT_3D ( 'NONE', #456, #449, #447 ) ;
#271 = CARTESIAN_POINT ( 'NONE',  ( 0.2346785575383543200, 0.03249132819415338100, -1.179999999999999700 ) ) ;
#272 = VECTOR ( 'NONE', #3710, 1000.000000000000000 ) ;
#273 = DIRECTION ( 'NONE',  ( -1.000000000000000000, 0.0000000000000000000, 0.0000000000000000000 ) ) ;
#274 = LINE ( 'NONE', #3099, #5508 ) ;
#275 = DIRECTION ( 'NONE',  ( -0.0000000000000000000, -0.0000000000000000000, -1.000000000000000000 ) ) ;
#276 = EDGE_CURVE ( 'NONE', #4421, #4209, #1488, .T. ) ;
#277 = ORIENTED_EDGE ( 'NONE', *, *, #5864, .F. ) ;
#278 = DIRECTION ( 'NONE',  ( -1.000000000000000000, 0.0000000000000000000, 0.0000000000000000000 ) ) ;
#279 = ADVANCED_FACE ( 'NONE', ( #695 ), #973, .T. ) ;
#280 = VERTEX_POINT ( 'NONE', #5231 ) ;
#281 = SURFACE_STYLE_FILL_AREA ( #2930 ) ;
#282 = ADVANCED_FACE ( 'NONE', ( #1678 ), #4714, .T. ) ;
#283 =( GEOMETRIC_REPRESENTATION_CONTEXT ( 3 ) GLOBAL_UNCERTAINTY_ASSIGNED_CONTEXT ( ( #6041 ) ) GLOBAL_UNIT_ASSIGNED_CONTEXT ( ( #5417, #5439, #5470 ) ) REPRESENTATION_CONTEXT ( 'NONE', 'WORKASPACE' ) );
#284 = CARTESIAN_POINT ( 'NONE',  ( 1.600000000000000500, -0.8249999999999998400, 0.5914213562373098500 ) ) ;
#285 = FILL_AREA_STYLE_COLOUR ( '', #3725 ) ;
#286 = LINE ( 'NONE', #4119, #1966 ) ;
#287 = CARTESIAN_POINT ( 'NONE',  ( 0.2105399987577384600, -0.08586377625942097400, -1.199999999999999100 ) ) ;
#288 = CARTESIAN_POINT ( 'NONE',  ( 0.1907018167497783200, -0.09282580350368549400, -1.180000000000000400 ) ) ;
#289 = DIRECTION ( 'NONE',  ( -0.0000000000000000000, -1.000000000000000000, -0.0000000000000000000 ) ) ;
#290 = VERTEX_POINT ( 'NONE', #2467 ) ;
#291 = VECTOR ( 'NONE', #618, 1000.000000000000000 ) ;
#292 = CARTESIAN_POINT ( 'NONE',  ( 3.075000000000000200, -1.525000000000000100, 0.0000000000000000000 ) ) ;
#293 = MECHANICAL_DESIGN_GEOMETRIC_PRESENTATION_REPRESENTATION (  '', ( #338 ), #283 ) ;
#294 = CARTESIAN_POINT ( 'NONE',  ( 1.617157287525381700, -0.8249999999999998400, 0.6500000000000000200 ) ) ;
#295 = CARTESIAN_POINT ( 'NONE',  ( 1.100000000000000100, -0.4250000000000001600, 1.300000000000000300 ) ) ;
#296 = DIRECTION ( 'NONE',  ( 0.0000000000000000000, 0.0000000000000000000, -1.000000000000000000 ) ) ;
#297 = CARTESIAN_POINT ( 'NONE',  ( 0.2105399987577384600, -0.08586377625942097400, -1.179999999999999300 ) ) ;
#298 = DIRECTION ( 'NONE',  ( 0.0000000000000000000, 1.000000000000000000, 0.0000000000000000000 ) ) ;
#299 = EDGE_LOOP ( 'NONE', ( #2607, #4891, #5458, #3674 ) ) ;
#300 = ORIENTED_EDGE ( 'NONE', *, *, #2619, .F. ) ;
#301 = DIRECTION ( 'NONE',  ( 0.0000000000000000000, 0.0000000000000000000, -1.000000000000000000 ) ) ;
#302 = VERTEX_POINT ( 'NONE', #4967 ) ;
#303 = DIRECTION ( 'NONE',  ( -1.000000000000000000, 0.0000000000000000000, 0.0000000000000000000 ) ) ;
#304 = CYLINDRICAL_SURFACE ( 'NONE', #4189, 0.2999999999999999300 ) ;
#305 = UNCERTAINTY_MEASURE_WITH_UNIT (LENGTH_MEASURE( 1.000000000000000100E-005 ), #2510, 'distance_accuracy_value', 'NONE');
#306 = CARTESIAN_POINT ( 'NONE',  ( 0.2164120947852220300, -0.08223731089326599700, -1.200000000000000400 ) ) ;
#307 = FACE_OUTER_BOUND ( 'NONE', #17, .T. ) ;
#308 = EDGE_LOOP ( 'NONE', ( #5651, #4759, #1106, #3232 ) ) ;
#309 = EDGE_LOOP ( 'NONE', ( #79, #2087, #1222, #3936 ) ) ;
#310 = CARTESIAN_POINT ( 'NONE',  ( 0.1243902439024392600, 0.08096846590629636100, -1.180000000000000200 ) ) ;
#311 =( GEOMETRIC_REPRESENTATION_CONTEXT ( 3 ) GLOBAL_UNCERTAINTY_ASSIGNED_CONTEXT ( ( #110 ) ) GLOBAL_UNIT_ASSIGNED_CONTEXT ( ( #529, #523, #518 ) ) REPRESENTATION_CONTEXT ( 'NONE', 'WORKASPACE' ) );
#312 =( NAMED_UNIT ( * ) SI_UNIT ( $, .STERADIAN. ) SOLID_ANGLE_UNIT ( ) );
#313 = DIRECTION ( 'NONE',  ( 0.0000000000000000000, 0.0000000000000000000, -1.000000000000000000 ) ) ;
#314 = CARTESIAN_POINT ( 'NONE',  ( -0.1161966463414632600, -0.09159250970345976500, -1.200000000000000000 ) ) ;
#315 = CARTESIAN_POINT ( 'NONE',  ( -0.02195121951219506200, -0.09159250970345976500, -1.179999999999999900 ) ) ;
#316 = CARTESIAN_POINT ( 'NONE',  ( 3.501776695296635800, 0.2999999999999999900, -1.126776695296636300 ) ) ;
#317 = CARTESIAN_POINT ( 'NONE',  ( 0.2164120947852220300, -0.08223731089326599700, -1.180000000000000600 ) ) ;
#318 = MECHANICAL_DESIGN_GEOMETRIC_PRESENTATION_REPRESENTATION (  '', ( #387 ), #311 ) ;
#319 = ORIENTED_EDGE ( 'NONE', *, *, #4652, .T. ) ;
#320 = CARTESIAN_POINT ( 'NONE',  ( -3.075000000000000200, 0.2999999999999999300, -0.6999999999999999600 ) ) ;
#321 = VERTEX_POINT ( 'NONE', #4718 ) ;
#322 = CARTESIAN_POINT ( 'NONE',  ( -0.3253810975609755500, 0.06206602688190609300, -1.200000000000000000 ) ) ;
#323 = CARTESIAN_POINT ( 'NONE',  ( 0.2218752463731901400, -0.07789261882876226400, -1.199999999999999300 ) ) ;
#324 = VERTEX_POINT ( 'NONE', #4974 ) ;
#325 = PRESENTATION_LAYER_ASSIGNMENT (  '', '', ( #338 ) ) ;
#326 = CARTESIAN_POINT ( 'NONE',  ( 0.0000000000000000000, 0.4249999999999999300, 1.300000000000000300 ) ) ;
#327 = COLOUR_RGB ( '',0.6666666666666666300, 0.6666666666666666300, 0.6666666666666666300 ) ;
#328 = EDGE_CURVE ( 'NONE', #1074, #3305, #1566, .T. ) ;
#329 = CARTESIAN_POINT ( 'NONE',  ( -0.3256584367614542800, 0.06052855208770737500, -1.200000000000000200 ) ) ;
#330 = CARTESIAN_POINT ( 'NONE',  ( 0.1649376273469086700, 0.06684898285240290000, -1.180000000000000400 ) ) ;
#331 = ORIENTED_EDGE ( 'NONE', *, *, #5938, .F. ) ;
#332 = CARTESIAN_POINT ( 'NONE',  ( -0.1677345941291268300, 0.07630056298621640300, -1.200000000000000200 ) ) ;
#333 = SURFACE_STYLE_FILL_AREA ( #2989 ) ;
#334 = CARTESIAN_POINT ( 'NONE',  ( 0.1424552162534276900, -0.1110961685546532400, -1.179999999999999900 ) ) ;
#335 = CARTESIAN_POINT ( 'NONE',  ( -0.3261701750163196700, 0.05769164815661946600, -1.200000000000000000 ) ) ;
#336 = CARTESIAN_POINT ( 'NONE',  ( 0.2218752463731901400, -0.07789261882876226400, -1.179999999999999500 ) ) ;
#337 = EDGE_LOOP ( 'NONE', ( #1779, #688, #545, #211 ) ) ;
#338 = STYLED_ITEM ( 'NONE', ( #4340 ), #4364 ) ;
#339 = FACE_OUTER_BOUND ( 'NONE', #832, .T. ) ;
#340 = DIRECTION ( 'NONE',  ( -0.0000000000000000000, -1.000000000000000000, -0.0000000000000000000 ) ) ;
#341 = SURFACE_STYLE_FILL_AREA ( #2289 ) ;
#342 = EDGE_CURVE ( 'NONE', #1715, #4219, #3000, .T. ) ;
#343 = CARTESIAN_POINT ( 'NONE',  ( -0.3269021318057974700, 0.05380491776077728900, -1.200000000000000000 ) ) ;
#344 = ORIENTED_EDGE ( 'NONE', *, *, #6013, .T. ) ;
#345 = DIRECTION ( 'NONE',  ( 0.0000000000000000000, -0.0000000000000000000, 1.000000000000000000 ) ) ;
#346 = CARTESIAN_POINT ( 'NONE',  ( 0.2269413560440614000, -0.07294548840673269200, -1.199999999999999700 ) ) ;
#347 = COLOUR_RGB ( '',0.6666666666666666300, 0.6666666666666666300, 0.6666666666666666300 ) ;
#348 = ORIENTED_EDGE ( 'NONE', *, *, #2597, .T. ) ;
#349 = FILL_AREA_STYLE ('',( #539 ) ) ;
#350 = LINE ( 'NONE', #3130, #272 ) ;
#351 = CARTESIAN_POINT ( 'NONE',  ( -0.3276486933996470800, 0.05066110584600610300, -1.200000000000000200 ) ) ;
#352 = VECTOR ( 'NONE', #4319, 1000.000000000000000 ) ;
#353 = CARTESIAN_POINT ( 'NONE',  ( 0.2269413560440614000, -0.07294548840673269200, -1.179999999999999900 ) ) ;
#354 = PRESENTATION_LAYER_ASSIGNMENT (  '', '', ( #387 ) ) ;
#355 = ORIENTED_EDGE ( 'NONE', *, *, #682, .F. ) ;
#356 = DIRECTION ( 'NONE',  ( -1.000000000000000000, 0.0000000000000000000, -6.047221112270354800E-016 ) ) ;
#357 = CARTESIAN_POINT ( 'NONE',  ( -0.3282184067801998100, 0.04883960352862572900, -1.200000000000000200 ) ) ;
#358 = FACE_OUTER_BOUND ( 'NONE', #5165, .T. ) ;
#359 = ORIENTED_EDGE ( 'NONE', *, *, #5999, .F. ) ;
#360 =( NAMED_UNIT ( * ) SI_UNIT ( $, .STERADIAN. ) SOLID_ANGLE_UNIT ( ) );
#361 = AXIS2_PLACEMENT_3D ( 'NONE', #5250, #5273, #5330 ) ;
#362 = CARTESIAN_POINT ( 'NONE',  ( -0.2916920731707316500, -0.03549494872785000800, -1.179999999999999900 ) ) ;
#363 = EDGE_CURVE ( 'NONE', #400, #3464, #2178, .T. ) ;
#364 = VECTOR ( 'NONE', #2853, 1000.000000000000000 ) ;
#365 = CARTESIAN_POINT ( 'NONE',  ( -0.08780487804878033000, -0.09159250970345976500, -1.179999999999999900 ) ) ;
#366 = FACE_OUTER_BOUND ( 'NONE', #5932, .T. ) ;
#367 = ADVANCED_FACE ( 'NONE', ( #1117, #4565 ), #5144, .T. ) ;
#368 = VERTEX_POINT ( 'NONE', #5051 ) ;
#369 = DIRECTION ( 'NONE',  ( -0.0000000000000000000, -0.0000000000000000000, -1.000000000000000000 ) ) ;
#370 =( GEOMETRIC_REPRESENTATION_CONTEXT ( 3 ) GLOBAL_UNCERTAINTY_ASSIGNED_CONTEXT ( ( #3907 ) ) GLOBAL_UNIT_ASSIGNED_CONTEXT ( ( #4620, #2067, #626 ) ) REPRESENTATION_CONTEXT ( 'NONE', 'WORKASPACE' ) );
#371 = EDGE_CURVE ( 'NONE', #1195, #1015, #1077, .T. ) ;
#372 =( LENGTH_UNIT ( ) NAMED_UNIT ( * ) SI_UNIT ( .MILLI., .METRE. ) );
#373 = LINE ( 'NONE', #4507, #1806 ) ;
#374 = ORIENTED_EDGE ( 'NONE', *, *, #5019, .F. ) ;
#375 = ORIENTED_EDGE ( 'NONE', *, *, #3065, .T. ) ;
#376 = UNCERTAINTY_MEASURE_WITH_UNIT (LENGTH_MEASURE( 1.000000000000000100E-005 ), #3550, 'distance_accuracy_value', 'NONE');
#377 = VECTOR ( 'NONE', #1196, 1000.000000000000000 ) ;
#378 = VECTOR ( 'NONE', #4140, 1000.000000000000000 ) ;
#379 = CARTESIAN_POINT ( 'NONE',  ( -0.3284679878048782900, 0.04804163663800356500, -1.200000000000000000 ) ) ;
#380 = DIRECTION ( 'NONE',  ( 0.0000000000000000000, 0.0000000000000000000, -1.000000000000000000 ) ) ;
#381 = ORIENTED_EDGE ( 'NONE', *, *, #517, .F. ) ;
#382 = CARTESIAN_POINT ( 'NONE',  ( 0.2315043360035419500, -0.06742881655735452600, -1.199999999999999700 ) ) ;
#383 = LINE ( 'NONE', #1035, #4813 ) ;
#384 = FACE_OUTER_BOUND ( 'NONE', #4336, .T. ) ;
#385 = CARTESIAN_POINT ( 'NONE',  ( -0.1563050106243020200, -0.08349138648533764600, -1.179999999999999700 ) ) ;
#386 = DIRECTION ( 'NONE',  ( -1.000000000000000000, 0.0000000000000000000, 0.0000000000000000000 ) ) ;
#387 = STYLED_ITEM ( 'NONE', ( #3908 ), #2045 ) ;
#388 = EDGE_CURVE ( 'NONE', #4209, #2734, #2322, .T. ) ;
#389 = VECTOR ( 'NONE', #237, 1000.000000000000000 ) ;
#390 = ORIENTED_EDGE ( 'NONE', *, *, #2696, .F. ) ;
#391 =( NAMED_UNIT ( * ) PLANE_ANGLE_UNIT ( ) SI_UNIT ( $, .RADIAN. ) );
#392 = ORIENTED_EDGE ( 'NONE', *, *, #3802, .F. ) ;
#393 =( NAMED_UNIT ( * ) SI_UNIT ( $, .STERADIAN. ) SOLID_ANGLE_UNIT ( ) );
#394 = SURFACE_STYLE_FILL_AREA ( #5820 ) ;
#395 = AXIS2_PLACEMENT_3D ( 'NONE', #573, #572, #559 ) ;
#396 = MECHANICAL_DESIGN_GEOMETRIC_PRESENTATION_REPRESENTATION (  '', ( #460 ), #370 ) ;
#397 = VERTEX_POINT ( 'NONE', #5132 ) ;
#398 = ADVANCED_FACE ( 'NONE', ( #5087 ), #5135, .T. ) ;
#399 = EDGE_CURVE ( 'NONE', #3336, #3420, #3219, .T. ) ;
#400 = VERTEX_POINT ( 'NONE', #4709 ) ;
#401 = VECTOR ( 'NONE', #3046, 1000.000000000000000 ) ;
#402 =( NAMED_UNIT ( * ) PLANE_ANGLE_UNIT ( ) SI_UNIT ( $, .RADIAN. ) );
#403 =( LENGTH_UNIT ( ) NAMED_UNIT ( * ) SI_UNIT ( .MILLI., .METRE. ) );
#404 = DIRECTION ( 'NONE',  ( -0.0000000000000000000, -0.0000000000000000000, 1.000000000000000000 ) ) ;
#405 = ORIENTED_EDGE ( 'NONE', *, *, #6108, .T. ) ;
#406 = ORIENTED_EDGE ( 'NONE', *, *, #5632, .T. ) ;
#407 = EDGE_CURVE ( 'NONE', #5656, #5896, #455, .T. ) ;
#408 = CIRCLE ( 'NONE', #2746, 0.1585786437626904300 ) ;
#409 = SURFACE_STYLE_USAGE ( .BOTH. , #417 ) ;
#410 = CARTESIAN_POINT ( 'NONE',  ( 0.2315043360035419500, -0.06742881655735452600, -1.179999999999999900 ) ) ;
#411 = ORIENTED_EDGE ( 'NONE', *, *, #2965, .F. ) ;
#412 = SURFACE_STYLE_USAGE ( .BOTH. , #542 ) ;
#413 = DIRECTION ( 'NONE',  ( 0.3390537954853694600, 0.9407669869669987900, 0.0000000000000000000 ) ) ;
#414 = DIRECTION ( 'NONE',  ( 0.0000000000000000000, 0.0000000000000000000, 1.000000000000000000 ) ) ;
#415 = VECTOR ( 'NONE', #594, 1000.000000000000000 ) ;
#416 = FACE_OUTER_BOUND ( 'NONE', #1614, .T. ) ;
#417 = SURFACE_SIDE_STYLE ('',( #2736 ) ) ;
#418 = FILL_AREA_STYLE ('',( #630 ) ) ;
#419 = CIRCLE ( 'NONE', #4009, 0.2000000000000000900 ) ;
#420 = PRESENTATION_STYLE_ASSIGNMENT (( #2474 ) ) ;
#421 = LINE ( 'NONE', #1924, #415 ) ;
#422 = ADVANCED_FACE ( 'NONE', ( #5229 ), #4866, .T. ) ;
#423 = CARTESIAN_POINT ( 'NONE',  ( 0.2355015395541701100, -0.06140504623047721200, -1.199999999999999700 ) ) ;
#424 = CARTESIAN_POINT ( 'NONE',  ( 0.2355015395541701100, -0.06140504623047721200, -1.179999999999999900 ) ) ;
#425 = ORIENTED_EDGE ( 'NONE', *, *, #4990, .F. ) ;
#426 = SURFACE_STYLE_FILL_AREA ( #2149 ) ;
#427 = CARTESIAN_POINT ( 'NONE',  ( 0.2269413560440614000, -0.07294548840673269200, -1.179999999999999900 ) ) ;
#428 = LINE ( 'NONE', #3497, #4315 ) ;
#429 = LINE ( 'NONE', #5794, #3067 ) ;
#430 = ADVANCED_FACE ( 'NONE', ( #1888 ), #5021, .T. ) ;
#431 = ADVANCED_FACE ( 'NONE', ( #4006 ), #4914, .F. ) ;
#432 = CIRCLE ( 'NONE', #2809, 0.01715728752538117600 ) ;
#433 = CARTESIAN_POINT ( 'NONE',  ( 0.2388447287713187400, -0.05490237805974329500, -1.199999999999999700 ) ) ;
#434 = FACE_OUTER_BOUND ( 'NONE', #604, .T. ) ;
#435 = FILL_AREA_STYLE_COLOUR ( '', #4673 ) ;
#436 = AXIS2_PLACEMENT_3D ( 'NONE', #779, #667, #660 ) ;
#437 = EDGE_LOOP ( 'NONE', ( #2821, #2835, #5688, #2196 ) ) ;
#438 = CARTESIAN_POINT ( 'NONE',  ( 0.0000000000000000000, -0.4250000000000001600, 1.100000000000000100 ) ) ;
#439 = ORIENTED_EDGE ( 'NONE', *, *, #5975, .T. ) ;
#440 = FACE_OUTER_BOUND ( 'NONE', #1083, .T. ) ;
#441 = DIRECTION ( 'NONE',  ( -0.0000000000000000000, 0.0000000000000000000, -1.000000000000000000 ) ) ;
#442 = CARTESIAN_POINT ( 'NONE',  ( 0.2388447287713187400, -0.05490237805974329500, -1.179999999999999900 ) ) ;
#443 = CARTESIAN_POINT ( 'NONE',  ( 0.2416123498091062000, -0.04795017684443696200, -1.199999999999999700 ) ) ;
#444 = CARTESIAN_POINT ( 'NONE',  ( 0.2445579267311098200, 0.05980616942577434600, -1.199999999999999100 ) ) ;
#445 = VERTEX_POINT ( 'NONE', #5503 ) ;
#446 = PRESENTATION_LAYER_ASSIGNMENT (  '', '', ( #460 ) ) ;
#447 = DIRECTION ( 'NONE',  ( 0.0000000000000000000, 0.0000000000000000000, -1.000000000000000000 ) ) ;
#448 = DIRECTION ( 'NONE',  ( 0.0000000000000000000, -1.000000000000000000, 0.0000000000000000000 ) ) ;
#449 = DIRECTION ( 'NONE',  ( 0.0000000000000000000, -1.000000000000000000, 0.0000000000000000000 ) ) ;
#450 = CARTESIAN_POINT ( 'NONE',  ( 0.2416123498091062000, -0.04795017684443696200, -1.179999999999999900 ) ) ;
#451 = EDGE_CURVE ( 'NONE', #5896, #1195, #4440, .T. ) ;
#452 = PRESENTATION_STYLE_ASSIGNMENT (( #2852 ) ) ;
#453 = EDGE_LOOP ( 'NONE', ( #2828, #4740, #4181, #4144 ) ) ;
#454 = CARTESIAN_POINT ( 'NONE',  ( -2.774999999999999900, 1.825000000000000000, 0.0000000000000000000 ) ) ;
#455 = B_SPLINE_CURVE_WITH_KNOTS ( 'NONE', 3,
 ( #5365, #4960, #5441, #5475, #4701, #5333, #4993 ),
 .UNSPECIFIED., .F., .F.,
 ( 4, 1, 1, 1, 4 ),
 ( 0.0000000000000000000, 0.3005411131585078400, 0.5677471464835985900, 0.8000336137369795700, 1.000000000000000000 ),
 .UNSPECIFIED. ) ;
#456 = CARTESIAN_POINT ( 'NONE',  ( -1.617157287525381200, -0.8249999999999998400, 0.4500000000000000100 ) ) ;
#457 = VERTEX_POINT ( 'NONE', #4777 ) ;
#458 = CARTESIAN_POINT ( 'NONE',  ( 0.2437348181486488900, -0.04052997060851867100, -1.200000000000000200 ) ) ;
#459 = ORIENTED_EDGE ( 'NONE', *, *, #5911, .F. ) ;
#460 = STYLED_ITEM ( 'NONE', ( #3608 ), #4322 ) ;
#461 = PLANE ( 'NONE',  #1182 ) ;
#462 = VERTEX_POINT ( 'NONE', #4804 ) ;
#463 = DIRECTION ( 'NONE',  ( 1.000000000000000000, 0.0000000000000000000, -0.0000000000000000000 ) ) ;
#464 = DIRECTION ( 'NONE',  ( 0.0000000000000000000, -1.000000000000000000, 0.0000000000000000000 ) ) ;
#465 = DIRECTION ( 'NONE',  ( 0.0000000000000000000, -1.000000000000000000, 0.0000000000000000000 ) ) ;
#466 = VECTOR ( 'NONE', #2458, 1000.000000000000000 ) ;
#467 = ORIENTED_EDGE ( 'NONE', *, *, #2727, .T. ) ;
#468 = CARTESIAN_POINT ( 'NONE',  ( -0.01219512195121944100, -0.001348607264435366800, -1.179999999999999900 ) ) ;
#469 = CARTESIAN_POINT ( 'NONE',  ( 0.2437348181486488900, -0.04052997060851867100, -1.180000000000000400 ) ) ;
#470 = CARTESIAN_POINT ( 'NONE',  ( 0.2452450669973031700, -0.03264862623958463000, -1.199999999999999700 ) ) ;
#471 = VERTEX_POINT ( 'NONE', #5513 ) ;
#472 = AXIS2_PLACEMENT_3D ( 'NONE', #625, #609, #605 ) ;
#473 =( NAMED_UNIT ( * ) PLANE_ANGLE_UNIT ( ) SI_UNIT ( $, .RADIAN. ) );
#474 = EDGE_LOOP ( 'NONE', ( #5022, #4156, #3942, #3135 ) ) ;
#475 = CARTESIAN_POINT ( 'NONE',  ( 0.2452450669973031700, -0.03264862623958463000, -1.179999999999999900 ) ) ;
#476 = EDGE_CURVE ( 'NONE', #959, #29, #1216, .T. ) ;
#477 = DIRECTION ( 'NONE',  ( 1.000000000000000000, 0.0000000000000000000, 0.0000000000000000000 ) ) ;
#478 = VERTEX_POINT ( 'NONE', #5531 ) ;
#479 = UNCERTAINTY_MEASURE_WITH_UNIT (LENGTH_MEASURE( 1.000000000000000100E-005 ), #2671, 'distance_accuracy_value', 'NONE');
#480 = DIRECTION ( 'NONE',  ( 1.000000000000000000, -0.0000000000000000000, 0.0000000000000000000 ) ) ;
#481 = FACE_OUTER_BOUND ( 'NONE', #224, .T. ) ;
#482 =( GEOMETRIC_REPRESENTATION_CONTEXT ( 3 ) GLOBAL_UNCERTAINTY_ASSIGNED_CONTEXT ( ( #675 ) ) GLOBAL_UNIT_ASSIGNED_CONTEXT ( ( #4342, #678, #676 ) ) REPRESENTATION_CONTEXT ( 'NONE', 'WORKASPACE' ) );
#484 = CARTESIAN_POINT ( 'NONE',  ( 0.2461773843219637900, -0.02431309065502015200, -1.199999999999999700 ) ) ;
#483 = AXIS2_PLACEMENT_3D ( 'NONE', #4498, #3245, #4560 ) ;
#485 = CARTESIAN_POINT ( 'NONE',  ( 0.2461773843219637900, -0.02431309065502015200, -1.179999999999999900 ) ) ;
#486 = CIRCLE ( 'NONE', #2772, 0.2999999999999999300 ) ;
#487 = EDGE_CURVE ( 'NONE', #5998, #5969, #3049, .T. ) ;
#488 = PLANE ( 'NONE',  #162 ) ;
#489 = EDGE_LOOP ( 'NONE', ( #4904, #5455, #5254, #4311, #1267 ) ) ;
#490 = UNCERTAINTY_MEASURE_WITH_UNIT (LENGTH_MEASURE( 1.000000000000000100E-005 ), #5930, 'distance_accuracy_value', 'NONE');
#491 = CARTESIAN_POINT ( 'NONE',  ( 0.2462858994446090200, -0.01860211669627254100, -1.199999999999999500 ) ) ;
#492 = CIRCLE ( 'NONE', #34, 0.1585786437626904300 ) ;
#493 = VERTEX_POINT ( 'NONE', #5540 ) ;
#494 = VERTEX_POINT ( 'NONE', #3526 ) ;
#495 =( GEOMETRIC_REPRESENTATION_CONTEXT ( 3 ) GLOBAL_UNCERTAINTY_ASSIGNED_CONTEXT ( ( #4981 ) ) GLOBAL_UNIT_ASSIGNED_CONTEXT ( ( #5116, #2316, #3976 ) ) REPRESENTATION_CONTEXT ( 'NONE', 'WORKASPACE' ) );
#496 = EDGE_CURVE ( 'NONE', #4691, #4502, #2842, .T. ) ;
#497 = ADVANCED_FACE ( 'NONE', ( #481 ), #5517, .T. ) ;
#498 = DIRECTION ( 'NONE',  ( 1.000000000000000000, 0.0000000000000000000, 0.0000000000000000000 ) ) ;
#499 = FACE_OUTER_BOUND ( 'NONE', #4954, .T. ) ;
#500 = CARTESIAN_POINT ( 'NONE',  ( 3.075000000000000200, 0.2999999999999999300, -0.9000000000000000200 ) ) ;
#501 = ORIENTED_EDGE ( 'NONE', *, *, #1266, .T. ) ;
#502 = CARTESIAN_POINT ( 'NONE',  ( -0.01219512195121944100, -0.001348607264435366800, -1.179999999999999900 ) ) ;
#503 = COLOUR_RGB ( '',0.6666666666666666300, 0.6666666666666666300, 0.6666666666666666300 ) ;
#504 = DIRECTION ( 'NONE',  ( -0.0000000000000000000, 1.000000000000000000, 0.0000000000000000000 ) ) ;
#505 = COLOUR_RGB ( '',0.6666666666666666300, 0.6666666666666666300, 0.6666666666666666300 ) ;
#506 = CARTESIAN_POINT ( 'NONE',  ( -3.678553390593272800, -0.2999999999999999900, -0.9499999999999998400 ) ) ;
#507 = CARTESIAN_POINT ( 'NONE',  ( 0.2463414634146343700, -0.01567787555711829700, -1.179999999999999900 ) ) ;
#508 = CARTESIAN_POINT ( 'NONE',  ( 0.1782934203680972300, -0.09396531447692702000, -1.200000000000000000 ) ) ;
#509 = SURFACE_STYLE_FILL_AREA ( #4605 ) ;
#510 = CARTESIAN_POINT ( 'NONE',  ( -0.3585746951219511700, -0.03549494872785000800, -1.200000000000000000 ) ) ;
#511 = DIRECTION ( 'NONE',  ( -1.000000000000000000, 0.0000000000000000000, 0.0000000000000000000 ) ) ;
#512 = MECHANICAL_DESIGN_GEOMETRIC_PRESENTATION_REPRESENTATION (  '', ( #588 ), #482 ) ;
#513 = ORIENTED_EDGE ( 'NONE', *, *, #1350, .F. ) ;
#514 =( NAMED_UNIT ( * ) SI_UNIT ( $, .STERADIAN. ) SOLID_ANGLE_UNIT ( ) );
#515 = VERTEX_POINT ( 'NONE', #6031 ) ;
#516 = PRESENTATION_STYLE_ASSIGNMENT (( #2834 ) ) ;
#517 = EDGE_CURVE ( 'NONE', #6051, #4744, #3842, .T. ) ;
#518 =( NAMED_UNIT ( * ) SI_UNIT ( $, .STERADIAN. ) SOLID_ANGLE_UNIT ( ) );
#519 = ORIENTED_EDGE ( 'NONE', *, *, #2430, .F. ) ;
#520 = PRESENTATION_LAYER_ASSIGNMENT (  '', '', ( #588 ) ) ;
#521 = MECHANICAL_DESIGN_GEOMETRIC_PRESENTATION_REPRESENTATION (  '', ( #614 ), #495 ) ;
#522 = CARTESIAN_POINT ( 'NONE',  ( -0.2365853658536584700, -0.1135437292156548900, -1.179999999999999900 ) ) ;
#523 =( NAMED_UNIT ( * ) PLANE_ANGLE_UNIT ( ) SI_UNIT ( $, .RADIAN. ) );
#524 = ORIENTED_EDGE ( 'NONE', *, *, #1340, .T. ) ;
#525 = CARTESIAN_POINT ( 'NONE',  ( -3.075000000000000200, 1.525000000000000100, -1.200000000000000000 ) ) ;
#526 = ORIENTED_EDGE ( 'NONE', *, *, #2030, .T. ) ;
#527 = CARTESIAN_POINT ( 'NONE',  ( 3.075000000000000200, 0.2999999999999999900, -0.6999999999999999600 ) ) ;
#528 = SPHERICAL_SURFACE ( 'NONE', #2973, 0.2000000000000000100 ) ;
#529 =( LENGTH_UNIT ( ) NAMED_UNIT ( * ) SI_UNIT ( .MILLI., .METRE. ) );
#530 = VECTOR ( 'NONE', #5155, 1000.000000000000000 ) ;
#531 = SURFACE_STYLE_USAGE ( .BOTH. , #541 ) ;
#532 = CARTESIAN_POINT ( 'NONE',  ( 4.000000000000000000, 0.2999999999999999900, -0.9999999999999997800 ) ) ;
#533 = EDGE_CURVE ( 'NONE', #5811, #3706, #4806, .T. ) ;
#534 = CARTESIAN_POINT ( 'NONE',  ( 0.1352638081252865200, 0.05979467290702498300, -1.180000000000000200 ) ) ;
#535 = FACE_OUTER_BOUND ( 'NONE', #1296, .T. ) ;
#536 = ADVANCED_FACE ( 'NONE', ( #5078 ), #1301, .T. ) ;
#537 = SURFACE_STYLE_FILL_AREA ( #4004 ) ;
#538 = ADVANCED_FACE ( 'NONE', ( #5645 ), #612, .F. ) ;
#539 = FILL_AREA_STYLE_COLOUR ( '', #261 ) ;
#540 = ORIENTED_EDGE ( 'NONE', *, *, #5447, .F. ) ;
#541 = SURFACE_SIDE_STYLE ('',( #6123 ) ) ;
#542 = SURFACE_SIDE_STYLE ('',( #2422 ) ) ;
#543 = VERTEX_POINT ( 'NONE', #5535 ) ;
#544 = ADVANCED_FACE ( 'NONE', ( #5444 ), #4208, .T. ) ;
#545 = ORIENTED_EDGE ( 'NONE', *, *, #1435, .T. ) ;
#546 = EDGE_CURVE ( 'NONE', #2373, #2452, #5667, .T. ) ;
#547 = FILL_AREA_STYLE ('',( #721 ) ) ;
#548 = CARTESIAN_POINT ( 'NONE',  ( 1.100000000000000100, -0.4250000000000001600, 1.100000000000000100 ) ) ;
#549 = PLANE ( 'NONE',  #233 ) ;
#550 = VERTEX_POINT ( 'NONE', #2445 ) ;
#551 = CYLINDRICAL_SURFACE ( 'NONE', #4073, 0.1999999999999999800 ) ;
#552 =( NAMED_UNIT ( * ) SI_UNIT ( $, .STERADIAN. ) SOLID_ANGLE_UNIT ( ) );
#553 = VERTEX_POINT ( 'NONE', #5587 ) ;
#554 =( NAMED_UNIT ( * ) PLANE_ANGLE_UNIT ( ) SI_UNIT ( $, .RADIAN. ) );
#555 = DIRECTION ( 'NONE',  ( 0.0000000000000000000, 0.0000000000000000000, -1.000000000000000000 ) ) ;
#556 = ORIENTED_EDGE ( 'NONE', *, *, #5012, .F. ) ;
#557 = AXIS2_PLACEMENT_3D ( 'NONE', #769, #1899, #729 ) ;
#558 = VECTOR ( 'NONE', #4521, 1000.000000000000000 ) ;
#559 = DIRECTION ( 'NONE',  ( -1.000000000000000000, 0.0000000000000000000, 0.0000000000000000000 ) ) ;
#560 =( LENGTH_UNIT ( ) NAMED_UNIT ( * ) SI_UNIT ( .MILLI., .METRE. ) );
#561 = EDGE_CURVE ( 'NONE', #82, #280, #2036, .T. ) ;
#562 = VERTEX_POINT ( 'NONE', #4595 ) ;
#563 = FILL_AREA_STYLE ('',( #735 ) ) ;
#564 = ORIENTED_EDGE ( 'NONE', *, *, #5885, .T. ) ;
#565 = CARTESIAN_POINT ( 'NONE',  ( -0.1210905313498551300, 0.08637437239382866900, -1.179999999999999900 ) ) ;
#566 = CARTESIAN_POINT ( 'NONE',  ( 0.1467479510664610500, 0.06380130070777954900, -1.199999999999999700 ) ) ;
#567 = SURFACE_STYLE_USAGE ( .BOTH. , #575 ) ;
#568 = ORIENTED_EDGE ( 'NONE', *, *, #4154, .T. ) ;
#569 = ORIENTED_EDGE ( 'NONE', *, *, #4580, .T. ) ;
#570 = CARTESIAN_POINT ( 'NONE',  ( 0.2411364396095448700, -0.09532875736740502300, -1.179999999999999900 ) ) ;
#571 = EDGE_CURVE ( 'NONE', #5973, #1773, #5504, .T. ) ;
#572 = DIRECTION ( 'NONE',  ( 0.0000000000000000000, 0.0000000000000000000, -1.000000000000000000 ) ) ;
#573 = CARTESIAN_POINT ( 'NONE',  ( 2.774999999999999900, 1.525000000000000100, 0.0000000000000000000 ) ) ;
#574 = COLOUR_RGB ( '',0.2980392156862745100, 0.2980392156862745100, 0.2980392156862745100 ) ;
#575 = SURFACE_SIDE_STYLE ('',( #2234 ) ) ;
#576 = PRESENTATION_STYLE_ASSIGNMENT (( #5032 ) ) ;
#577 = PRESENTATION_LAYER_ASSIGNMENT (  '', '', ( #614 ) ) ;
#578 = VERTEX_POINT ( 'NONE', #5618 ) ;
#579 = PLANE ( 'NONE',  #5058 ) ;
#580 = ADVANCED_FACE ( 'NONE', ( #4155 ), #5639, .T. ) ;
#581 = ORIENTED_EDGE ( 'NONE', *, *, #3591, .F. ) ;
#582 = PLANE ( 'NONE',  #3280 ) ;
#583 = CARTESIAN_POINT ( 'NONE',  ( 0.2462858994446090200, -0.01860211669627254100, -1.179999999999999700 ) ) ;
#584 = CARTESIAN_POINT ( 'NONE',  ( -0.02195121951219506200, -0.1135437292156548900, -1.179999999999999900 ) ) ;
#585 = ORIENTED_EDGE ( 'NONE', *, *, #5019, .T. ) ;
#586 = CARTESIAN_POINT ( 'NONE',  ( 0.05853658536585373100, -0.09159250970345976500, -1.200000000000000000 ) ) ;
#587 = DIRECTION ( 'NONE',  ( -1.000000000000000000, 0.0000000000000000000, 0.0000000000000000000 ) ) ;
#588 = STYLED_ITEM ( 'NONE', ( #3563 ), #1976 ) ;
#589 = FILL_AREA_STYLE_COLOUR ( '', #2216 ) ;
#590 = EDGE_LOOP ( 'NONE', ( #6058, #2077, #1825, #3307 ) ) ;
#591 =( GEOMETRIC_REPRESENTATION_CONTEXT ( 3 ) GLOBAL_UNCERTAINTY_ASSIGNED_CONTEXT ( ( #3839 ) ) GLOBAL_UNIT_ASSIGNED_CONTEXT ( ( #3558, #3468, #3522 ) ) REPRESENTATION_CONTEXT ( 'NONE', 'WORKASPACE' ) );
#592 = DIRECTION ( 'NONE',  ( -0.0000000000000000000, -0.0000000000000000000, -1.000000000000000000 ) ) ;
#593 = ORIENTED_EDGE ( 'NONE', *, *, #4383, .T. ) ;
#594 = DIRECTION ( 'NONE',  ( -1.000000000000000000, 0.0000000000000000000, 0.0000000000000000000 ) ) ;
#595 = CIRCLE ( 'NONE', #4662, 0.2000000000000000900 ) ;
#596 = VERTEX_POINT ( 'NONE', #5649 ) ;
#597 = CARTESIAN_POINT ( 'NONE',  ( -0.2365853658536584700, -0.1135437292156548900, -1.200000000000000000 ) ) ;
#598 = CARTESIAN_POINT ( 'NONE',  ( 0.1259822686045700100, 0.08161470383247107500, -1.179999999999999900 ) ) ;
#599 = ORIENTED_EDGE ( 'NONE', *, *, #5331, .T. ) ;
#600 = AXIS2_PLACEMENT_3D ( 'NONE', #5201, #160, #5025 ) ;
#601 = ORIENTED_EDGE ( 'NONE', *, *, #1062, .F. ) ;
#602 = VECTOR ( 'NONE', #5259, 1000.000000000000000 ) ;
#603 = CARTESIAN_POINT ( 'NONE',  ( 3.501776695296635800, -0.2999999999999999900, -1.126776695296636300 ) ) ;
#604 = EDGE_LOOP ( 'NONE', ( #459, #1774, #3532, #568 ) ) ;
#605 = DIRECTION ( 'NONE',  ( 0.0000000000000000000, 0.0000000000000000000, -1.000000000000000000 ) ) ;
#606 = FACE_OUTER_BOUND ( 'NONE', #6092, .T. ) ;
#607 = ORIENTED_EDGE ( 'NONE', *, *, #3744, .F. ) ;
#608 = SURFACE_STYLE_FILL_AREA ( #5147 ) ;
#609 = DIRECTION ( 'NONE',  ( 0.0000000000000000000, -1.000000000000000000, 0.0000000000000000000 ) ) ;
#610 = FACE_OUTER_BOUND ( 'NONE', #1931, .T. ) ;
#611 = ORIENTED_EDGE ( 'NONE', *, *, #3504, .F. ) ;
#612 = PLANE ( 'NONE',  #4639 ) ;
#613 = CARTESIAN_POINT ( 'NONE',  ( 0.2463414634146343700, -0.01567787555711829700, -1.200000000000000000 ) ) ;
#614 = STYLED_ITEM ( 'NONE', ( #3739 ), #4318 ) ;
#615 = EDGE_CURVE ( 'NONE', #2504, #24, #3954, .T. ) ;
#616 = DIRECTION ( 'NONE',  ( 0.0000000000000000000, -0.0000000000000000000, -1.000000000000000000 ) ) ;
#617 = UNCERTAINTY_MEASURE_WITH_UNIT (LENGTH_MEASURE( 1.000000000000000100E-005 ), #6070, 'distance_accuracy_value', 'NONE');
#618 = DIRECTION ( 'NONE',  ( 0.0000000000000000000, 0.0000000000000000000, -1.000000000000000000 ) ) ;
#619 = CARTESIAN_POINT ( 'NONE',  ( -1.600000000000000100, -0.8421572875253812200, 0.4500000000000000100 ) ) ;
#620 = CARTESIAN_POINT ( 'NONE',  ( 0.2462722005187454000, -0.01258865736855462400, -1.199999999999999700 ) ) ;
#621 = VECTOR ( 'NONE', #3863, 1000.000000000000000 ) ;
#622 = CARTESIAN_POINT ( 'NONE',  ( 0.2292241043512730800, 0.07260495528754064300, -1.199999999999999700 ) ) ;
#623 = VERTEX_POINT ( 'NONE', #5713 ) ;
#624 = EDGE_CURVE ( 'NONE', #710, #5112, #2432, .T. ) ;
#625 = CARTESIAN_POINT ( 'NONE',  ( -3.254289321881345100, -0.2999999999999999900, -0.9499999999999999600 ) ) ;
#626 =( NAMED_UNIT ( * ) SI_UNIT ( $, .STERADIAN. ) SOLID_ANGLE_UNIT ( ) );
#627 = CARTESIAN_POINT ( 'NONE',  ( 0.2461373223585840700, -0.006572910260919473000, -1.200000000000000200 ) ) ;
#628 = CARTESIAN_POINT ( 'NONE',  ( -0.1951219512195120400, -0.01160013165467927600, -1.179999999999999900 ) ) ;
#629 = LINE ( 'NONE', #956, #2787 ) ;
#630 = FILL_AREA_STYLE_COLOUR ( '', #3831 ) ;
#631 = EDGE_LOOP ( 'NONE', ( #2171, #5202, #1495, #2573 ) ) ;
#632 = ORIENTED_EDGE ( 'NONE', *, *, #4790, .T. ) ;
#633 = CARTESIAN_POINT ( 'NONE',  ( 0.05853658536585373100, 0.06450505127215000500, -1.200000000000000000 ) ) ;
#634 = EDGE_CURVE ( 'NONE', #1166, #880, #3592, .T. ) ;
#635 = CARTESIAN_POINT ( 'NONE',  ( 0.2451872258220930700, 0.002214378422911184300, -1.200000000000000000 ) ) ;
#636 = CARTESIAN_POINT ( 'NONE',  ( 0.2435473930161928800, 0.01051410135612265400, -1.199999999999999500 ) ) ;
#637 = VECTOR ( 'NONE', #4588, 1000.000000000000000 ) ;
#638 = FILL_AREA_STYLE_COLOUR ( '', #347 ) ;
#639 = VECTOR ( 'NONE', #3780, 1000.000000000000000 ) ;
#640 = AXIS2_PLACEMENT_3D ( 'NONE', #767, #762, #751 ) ;
#641 = CARTESIAN_POINT ( 'NONE',  ( -3.075000000000000200, -0.2999999999999999900, -0.9000000000000000200 ) ) ;
#642 = PRESENTATION_STYLE_ASSIGNMENT (( #4351 ) ) ;
#643 = CARTESIAN_POINT ( 'NONE',  ( -1.600000000000000100, -0.9835786437626904400, 0.5914213562373097400 ) ) ;
#644 = CARTESIAN_POINT ( 'NONE',  ( 0.2412754931673186400, 0.01834156612995010300, -1.200000000000000400 ) ) ;
#645 = EDGE_CURVE ( 'NONE', #5009, #290, #1575, .T. ) ;
#646 = VECTOR ( 'NONE', #4378, 1000.000000000000000 ) ;
#647 = UNCERTAINTY_MEASURE_WITH_UNIT (LENGTH_MEASURE( 1.000000000000000100E-005 ), #2219, 'distance_accuracy_value', 'NONE');
#648 = DIRECTION ( 'NONE',  ( -1.000000000000000000, 0.0000000000000000000, 0.0000000000000000000 ) ) ;
#649 = LINE ( 'NONE', #5432, #2013 ) ;
#650 = PRESENTATION_STYLE_ASSIGNMENT (( #1811 ) ) ;
#652 = CARTESIAN_POINT ( 'NONE',  ( 0.2383418975825458700, 0.02568609217659681400, -1.199999999999999700 ) ) ;
#651 = AXIS2_PLACEMENT_3D ( 'NONE', #1396, #5952, #2125 ) ;
#653 = CARTESIAN_POINT ( 'NONE',  ( 0.2346785575383543200, 0.03249132819415338100, -1.199999999999999700 ) ) ;
#654 = ORIENTED_EDGE ( 'NONE', *, *, #4086, .F. ) ;
#655 =( NAMED_UNIT ( * ) SI_UNIT ( $, .STERADIAN. ) SOLID_ANGLE_UNIT ( ) );
#656 = LINE ( 'NONE', #4254, #637 ) ;
#657 = DIRECTION ( 'NONE',  ( -1.000000000000000000, -3.388131789017200700E-017, 0.0000000000000000000 ) ) ;
#658 = CARTESIAN_POINT ( 'NONE',  ( -1.758578643762690500, 0.8249999999999997300, 0.5914213562373098500 ) ) ;
#659 = ORIENTED_EDGE ( 'NONE', *, *, #1472, .T. ) ;
#660 = DIRECTION ( 'NONE',  ( -1.000000000000000000, 0.0000000000000000000, 0.0000000000000000000 ) ) ;
#661 = CARTESIAN_POINT ( 'NONE',  ( 0.2304539914712645800, 0.03887667032820230100, -1.200000000000000200 ) ) ;
#662 = CARTESIAN_POINT ( 'NONE',  ( 0.2255322735160940900, 0.04466929108351162100, -1.199999999999999500 ) ) ;
#663 = CYLINDRICAL_SURFACE ( 'NONE', #5491, 0.2999999999999999300 ) ;
#664 = DIRECTION ( 'NONE',  ( -1.000000000000000000, 0.0000000000000000000, 0.0000000000000000000 ) ) ;
#665 = ADVANCED_FACE ( 'NONE', ( #2881 ), #5737, .F. ) ;
#666 = COLOUR_RGB ( '',0.2980392156862745100, 0.2980392156862745100, 0.2980392156862745100 ) ;
#667 = DIRECTION ( 'NONE',  ( -0.0000000000000000000, -0.0000000000000000000, -1.000000000000000000 ) ) ;
#668 = ORIENTED_EDGE ( 'NONE', *, *, #5975, .F. ) ;
#669 = CARTESIAN_POINT ( 'NONE',  ( -0.2147015312140390900, 0.02901703914319027400, -1.200000000000000400 ) ) ;
#670 = ORIENTED_EDGE ( 'NONE', *, *, #363, .T. ) ;
#671 = CARTESIAN_POINT ( 'NONE',  ( 0.2201313782161748400, 0.04990749853433278800, -1.200000000000000000 ) ) ;
#672 = ORIENTED_EDGE ( 'NONE', *, *, #1572, .T. ) ;
#673 = VECTOR ( 'NONE', #1020, 1000.000000000000000 ) ;
#674 = CARTESIAN_POINT ( 'NONE',  ( 4.000000000000000000, 0.2999999999999999900, -0.9999999999999997800 ) ) ;
#675 = UNCERTAINTY_MEASURE_WITH_UNIT (LENGTH_MEASURE( 1.000000000000000100E-005 ), #4342, 'distance_accuracy_value', 'NONE');
#676 =( NAMED_UNIT ( * ) SI_UNIT ( $, .STERADIAN. ) SOLID_ANGLE_UNIT ( ) );
#677 = EDGE_LOOP ( 'NONE', ( #2943, #5606, #5980, #1790 ) ) ;
#678 =( NAMED_UNIT ( * ) PLANE_ANGLE_UNIT ( ) SI_UNIT ( $, .RADIAN. ) );
#679 = AXIS2_PLACEMENT_3D ( 'NONE', #686, #4767, #1351 ) ;
#680 = CARTESIAN_POINT ( 'NONE',  ( 0.2142771460047636600, 0.05444666900924229800, -1.200000000000000400 ) ) ;
#681 = EDGE_LOOP ( 'NONE', ( #3291, #4949, #5464, #4293, #4861, #76 ) ) ;
#682 = EDGE_CURVE ( 'NONE', #5921, #254, #3897, .T. ) ;
#683 = EDGE_LOOP ( 'NONE', ( #1577, #4482, #765, #593 ) ) ;
#684 = DIRECTION ( 'NONE',  ( -1.000000000000000000, -0.0000000000000000000, -0.0000000000000000000 ) ) ;
#685 = VERTEX_POINT ( 'NONE', #69 ) ;
#686 = CARTESIAN_POINT ( 'NONE',  ( -1.299999999999999800, -0.6250000000000001100, 1.300000000000000300 ) ) ;
#687 = FACE_OUTER_BOUND ( 'NONE', #474, .T. ) ;
#688 = ORIENTED_EDGE ( 'NONE', *, *, #3966, .F. ) ;
#689 = CARTESIAN_POINT ( 'NONE',  ( -0.3256584367614542800, 0.06052855208770737500, -1.200000000000000200 ) ) ;
#690 = EDGE_CURVE ( 'NONE', #1018, #710, #1139, .T. ) ;
#691 = CARTESIAN_POINT ( 'NONE',  ( 0.1243902439024392300, -0.08122665604492318400, -1.200000000000000200 ) ) ;
#692 = SURFACE_STYLE_USAGE ( .BOTH. , #699 ) ;
#693 = CARTESIAN_POINT ( 'NONE',  ( 0.2080588812050191100, 0.05834343047166420200, -1.199999999999999300 ) ) ;
#694 = VECTOR ( 'NONE', #4153, 1000.000000000000000 ) ;
#695 = FACE_OUTER_BOUND ( 'NONE', #3664, .T. ) ;
#696 = VECTOR ( 'NONE', #1850, 1000.000000000000000 ) ;
#697 = CARTESIAN_POINT ( 'NONE',  ( -0.3247332317073169900, 0.06206602688190609300, -1.179999999999999900 ) ) ;
#698 = UNCERTAINTY_MEASURE_WITH_UNIT (LENGTH_MEASURE( 1.000000000000000100E-005 ), #4313, 'distance_accuracy_value', 'NONE');
#699 = SURFACE_SIDE_STYLE ('',( #4059 ) ) ;
#700 = SURFACE_STYLE_FILL_AREA ( #86 ) ;
#701 = CARTESIAN_POINT ( 'NONE',  ( 0.2014383951116592600, 0.06151423654070325300, -1.200000000000000400 ) ) ;
#702 = ORIENTED_EDGE ( 'NONE', *, *, #2672, .F. ) ;
#703 = AXIS2_PLACEMENT_3D ( 'NONE', #4873, #3484, #3557 ) ;
#704 = CARTESIAN_POINT ( 'NONE',  ( 0.1944214288479349200, 0.06397097999648206100, -1.200000000000000200 ) ) ;
#705 = DIRECTION ( 'NONE',  ( -1.000000000000000000, 0.0000000000000000000, -0.0000000000000000000 ) ) ;
#707 = FILL_AREA_STYLE ('',( #786 ) ) ;
#706 = CARTESIAN_POINT ( 'NONE',  ( 0.2731082220089565100, -0.02094088820868451200, -1.200000000000000000 ) ) ;
#708 = FACE_OUTER_BOUND ( 'NONE', #1840, .T. ) ;
#709 = B_SPLINE_CURVE_WITH_KNOTS ( 'NONE', 3,
 ( #901, #914, #875, #865, #854, #840, #831, #828, #826, #819, #813, #812, #804, #800, #787, #773, #771, #755, #748 ),
 .UNSPECIFIED., .F., .F.,
 ( 4, 1, 1, 1, 1, 1, 1, 1, 1, 1, 1, 1, 1, 1, 1, 1, 4 ),
 ( 0.0000000000000000000, 0.06806869584499401800, 0.1334274328189550600, 0.1961460338131565100, 0.2570485924493127200, 0.3168826631591619700, 0.3761872086663214400, 0.4359603353635461100, 0.4965352368627262700, 0.5574653434807330700, 0.6176868634101467800, 0.6779436406969060500, 0.7388052848060402400, 0.8009493367665842000, 0.8648146674702265100, 0.9310247810786571600, 1.000000000000000000 ),
 .UNSPECIFIED. ) ;
#710 = VERTEX_POINT ( 'NONE', #5814 ) ;
#711 = DIRECTION ( 'NONE',  ( -1.000000000000000000, 0.0000000000000000000, 0.0000000000000000000 ) ) ;
#712 = SURFACE_STYLE_USAGE ( .BOTH. , #5646 ) ;
#713 = CLOSED_SHELL ( 'NONE', ( #2968, #5062, #5450, #4581, #5176, #155, #4137, #910, #154, #4420, #1009, #759, #1845, #2327, #398, #1123, #1397, #1868, #431, #1122, #4835, #5092, #2045, #2661, #3590, #1486, #4750, #5748, #1560, #2319, #665, #1670, #4519, #2855, #2631, #4396, #5546, #580, #1624, #1143, #1414, #187, #4599, #2356, #5761, #2979, #3536, #3080, #1660, #3844, #4193, #2446, #2415, #430, #3895, #1891, #367, #544, #1633, #5462, #4253, #4057, #1975, #5246, #2604, #1448, #3140, #6048, #1459, #2336, #2063, #124, #282, #4669, #2807, #2737, #3974, #3736, #4551, #5477, #536, #3377, #1933, #2861, #2298, #4217, #2630, #4457, #422, #4164, #5894, #992, #538, #948, #5413 ) ) ;
#714 = DIRECTION ( 'NONE',  ( -1.000000000000000000, 0.0000000000000000000, 0.0000000000000000000 ) ) ;
#715 = COLOUR_RGB ( '',0.6666666666666666300, 0.6666666666666666300, 0.6666666666666666300 ) ;
#716 = ORIENTED_EDGE ( 'NONE', *, *, #4798, .T. ) ;
#717 = CARTESIAN_POINT ( 'NONE',  ( 0.1870159502115801600, 0.06564956784293617100, -1.200000000000000000 ) ) ;
#718 = DIRECTION ( 'NONE',  ( -0.0000000000000000000, -1.000000000000000000, -0.0000000000000000000 ) ) ;
#719 = AXIS2_PLACEMENT_3D ( 'NONE', #4263, #1095, #1103 ) ;
#720 = VECTOR ( 'NONE', #1457, 1000.000000000000000 ) ;
#721 = FILL_AREA_STYLE_COLOUR ( '', #5516 ) ;
#722 = UNCERTAINTY_MEASURE_WITH_UNIT (LENGTH_MEASURE( 1.000000000000000100E-005 ), #4210, 'distance_accuracy_value', 'NONE');
#723 = EDGE_CURVE ( 'NONE', #232, #445, #429, .T. ) ;
#724 = EDGE_LOOP ( 'NONE', ( #2387, #3321, #4695, #4310 ) ) ;
#725 = CARTESIAN_POINT ( 'NONE',  ( 0.1792516546692798100, 0.06677153378002501100, -1.200000000000000000 ) ) ;
#726 = VERTEX_POINT ( 'NONE', #5823 ) ;
#727 = CIRCLE ( 'NONE', #1777, 0.2999999999999999300 ) ;
#728 = AXIS2_PLACEMENT_3D ( 'NONE', #5507, #5088, #4926 ) ;
#729 = DIRECTION ( 'NONE',  ( -0.0000000000000000000, 0.0000000000000000000, -1.000000000000000000 ) ) ;
#730 = EDGE_LOOP ( 'NONE', ( #3389, #2197, #277, #770 ) ) ;
#731 = DIRECTION ( 'NONE',  ( -0.0000000000000000000, -1.000000000000000000, -0.0000000000000000000 ) ) ;
#732 = CARTESIAN_POINT ( 'NONE',  ( -1.600000000000000100, -0.8249999999999998400, 0.1999999999999999800 ) ) ;
#733 = LINE ( 'NONE', #2093, #694 ) ;
#734 = EDGE_CURVE ( 'NONE', #5418, #5921, #3252, .T. ) ;
#735 = FILL_AREA_STYLE_COLOUR ( '', #6097 ) ;
#736 = VECTOR ( 'NONE', #1332, 1000.000000000000000 ) ;
#737 = CARTESIAN_POINT ( 'NONE',  ( 3.075000000000000200, -1.525000000000000100, 0.2000000000000000100 ) ) ;
#738 = DIRECTION ( 'NONE',  ( -1.000000000000000000, 0.0000000000000000000, 0.0000000000000000000 ) ) ;
#739 = CARTESIAN_POINT ( 'NONE',  ( 0.1712271341463416600, 0.06694407566239389500, -1.200000000000000000 ) ) ;
#740 = ORIENTED_EDGE ( 'NONE', *, *, #4870, .F. ) ;
#741 = DIRECTION ( 'NONE',  ( 0.0000000000000000000, 0.0000000000000000000, -1.000000000000000000 ) ) ;
#742 = EDGE_CURVE ( 'NONE', #5969, #4387, #4959, .T. ) ;
#743 = VECTOR ( 'NONE', #5041, 1000.000000000000000 ) ;
#744 = PLANE ( 'NONE',  #3589 ) ;
#745 = DIRECTION ( 'NONE',  ( -0.0000000000000000000, 0.0000000000000000000, -1.000000000000000000 ) ) ;
#746 = SPHERICAL_SURFACE ( 'NONE', #3085, 0.2000000000000000100 ) ;
#747 = CARTESIAN_POINT ( 'NONE',  ( -1.600000000000000100, -1.375000000000001600, 0.2000000000000000400 ) ) ;
#748 = CARTESIAN_POINT ( 'NONE',  ( -0.1153582317073169100, -0.1135437292156548900, -1.199999999999999700 ) ) ;
#749 = VERTEX_POINT ( 'NONE', #5178 ) ;
#750 = CARTESIAN_POINT ( 'NONE',  ( -3.289644660940672400, 0.2999999999999999900, -0.9146446609406726500 ) ) ;
#751 = DIRECTION ( 'NONE',  ( -1.000000000000000000, 0.0000000000000000000, 0.0000000000000000000 ) ) ;
#752 = DIRECTION ( 'NONE',  ( 0.0000000000000000000, -0.0000000000000000000, 1.000000000000000000 ) ) ;
#753 = DIRECTION ( 'NONE',  ( 1.000000000000000000, 0.0000000000000000000, -6.047221112270354800E-016 ) ) ;
#754 = EDGE_CURVE ( 'NONE', #4508, #1097, #2880, .T. ) ;
#755 = CARTESIAN_POINT ( 'NONE',  ( -0.1191863751031185100, -0.1134744681404237800, -1.200000000000000000 ) ) ;
#756 = CARTESIAN_POINT ( 'NONE',  ( 0.1262287099282065300, -0.08226216688053070200, -1.200000000000000200 ) ) ;
#757 = VERTEX_POINT ( 'NONE', #5321 ) ;
#758 = CARTESIAN_POINT ( 'NONE',  ( 0.1259822686045700100, 0.08161470383247107500, -1.200000000000000000 ) ) ;
#759 = ADVANCED_FACE ( 'NONE', ( #4407 ), #5396, .T. ) ;
#760 = DIRECTION ( 'NONE',  ( 0.0000000000000000000, 1.000000000000000000, 0.0000000000000000000 ) ) ;
#761 = ORIENTED_EDGE ( 'NONE', *, *, #4827, .T. ) ;
#762 = DIRECTION ( 'NONE',  ( 0.0000000000000000000, 0.0000000000000000000, -1.000000000000000000 ) ) ;
#763 = ORIENTED_EDGE ( 'NONE', *, *, #3635, .F. ) ;
#764 =( LENGTH_UNIT ( ) NAMED_UNIT ( * ) SI_UNIT ( .MILLI., .METRE. ) );
#765 = ORIENTED_EDGE ( 'NONE', *, *, #615, .T. ) ;
#766 = DIRECTION ( 'NONE',  ( -0.0000000000000000000, 0.0000000000000000000, 1.000000000000000000 ) ) ;
#767 = CARTESIAN_POINT ( 'NONE',  ( -2.774999999999999900, -1.525000000000000100, -1.200000000000000000 ) ) ;
#768 = ORIENTED_EDGE ( 'NONE', *, *, #5567, .F. ) ;
#769 = CARTESIAN_POINT ( 'NONE',  ( -0.02195121951219506200, -0.09159250970345976500, -1.179999999999999900 ) ) ;
#770 = ORIENTED_EDGE ( 'NONE', *, *, #2924, .F. ) ;
#771 = CARTESIAN_POINT ( 'NONE',  ( -0.1266891977983714800, -0.1133387225547930300, -1.200000000000000000 ) ) ;
#772 =( GEOMETRIC_REPRESENTATION_CONTEXT ( 3 ) GLOBAL_UNCERTAINTY_ASSIGNED_CONTEXT ( ( #1758 ) ) GLOBAL_UNIT_ASSIGNED_CONTEXT ( ( #1732, #1843, #5166 ) ) REPRESENTATION_CONTEXT ( 'NONE', 'WORKASPACE' ) );
#773 = CARTESIAN_POINT ( 'NONE',  ( -0.1376608099054488200, -0.1119430388331171100, -1.200000000000000000 ) ) ;
#774 = ORIENTED_EDGE ( 'NONE', *, *, #2597, .F. ) ;
#775 = CARTESIAN_POINT ( 'NONE',  ( 0.2537711055348796900, -0.08198523774862859200, -1.200000000000000400 ) ) ;
#776 = EDGE_CURVE ( 'NONE', #32, #6121, #3790, .T. ) ;
#777 = LINE ( 'NONE', #1063, #377 ) ;
#778 = VERTEX_POINT ( 'NONE', #1226 ) ;
#779 = CARTESIAN_POINT ( 'NONE',  ( -1.600000000000000100, -0.8249999999999998400, 0.4500000000000000100 ) ) ;
#780 = PLANE ( 'NONE',  #557 ) ;
#781 = CARTESIAN_POINT ( 'NONE',  ( 0.2731707317073172600, -0.01731659506931341300, -1.199999999999999700 ) ) ;
#782 = AXIS2_PLACEMENT_3D ( 'NONE', #2733, #4805, #616 ) ;
#783 = ORIENTED_EDGE ( 'NONE', *, *, #5938, .T. ) ;
#784 = EDGE_CURVE ( 'NONE', #710, #1874, #169, .T. ) ;
#785 = ORIENTED_EDGE ( 'NONE', *, *, #451, .F. ) ;
#786 = FILL_AREA_STYLE_COLOUR ( '', #5640 ) ;
#787 = CARTESIAN_POINT ( 'NONE',  ( -0.1481230814520069500, -0.1098200431419019300, -1.200000000000000200 ) ) ;
#788 = CARTESIAN_POINT ( 'NONE',  ( 0.2371823357865914800, 0.06664087072602140100, -1.200000000000000200 ) ) ;
#789 = COLOUR_RGB ( '',0.6666666666666666300, 0.6666666666666666300, 0.6666666666666666300 ) ;
#790 = ORIENTED_EDGE ( 'NONE', *, *, #2813, .T. ) ;
#791 = DIRECTION ( 'NONE',  ( -0.0000000000000000000, -0.0000000000000000000, 1.000000000000000000 ) ) ;
#792 = ADVANCED_FACE ( 'NONE', ( #3584 ), #6038, .T. ) ;
#793 = EDGE_CURVE ( 'NONE', #2126, #3142, #189, .T. ) ;
#794 = VERTEX_POINT ( 'NONE', #3141 ) ;
#795 = VERTEX_POINT ( 'NONE', #1798 ) ;
#796 = CARTESIAN_POINT ( 'NONE',  ( 4.000000000000000000, 0.2999999999999999900, -1.200000000000000000 ) ) ;
#797 = PRODUCT ( 'SW-SMD_L6.2-W3.7-LS8.0', 'SW-SMD_L6.2-W3.7-LS8.0', '', ( #1167 ) ) ;
#798 = DIRECTION ( 'NONE',  ( -0.7071067811865468000, 0.0000000000000000000, -0.7071067811865483500 ) ) ;
#799 = DIRECTION ( 'NONE',  ( -1.000000000000000000, 0.0000000000000000000, 0.0000000000000000000 ) ) ;
#800 = CARTESIAN_POINT ( 'NONE',  ( -0.1580284637666989900, -0.1067018925292449500, -1.199999999999999700 ) ) ;
#801 = ORIENTED_EDGE ( 'NONE', *, *, #645, .F. ) ;
#802 = LINE ( 'NONE', #1204, #6025 ) ;
#803 = CARTESIAN_POINT ( 'NONE',  ( -3.289644660940672400, -0.2999999999999999900, -0.9146446609406726500 ) ) ;
#804 = CARTESIAN_POINT ( 'NONE',  ( -0.1674198854592013900, -0.1027744550066324000, -1.200000000000000000 ) ) ;
#805 = EDGE_LOOP ( 'NONE', ( #5617, #3103, #5336, #4825 ) ) ;
#806 = SURFACE_STYLE_USAGE ( .BOTH. , #1921 ) ;
#807 = ORIENTED_EDGE ( 'NONE', *, *, #2766, .F. ) ;
#808 = MECHANICAL_DESIGN_GEOMETRIC_PRESENTATION_REPRESENTATION (  '', ( #919 ), #772 ) ;
#809 = CARTESIAN_POINT ( 'NONE',  ( 0.05853658536585373100, -0.001348607264435366800, -1.179999999999999900 ) ) ;
#810 = CARTESIAN_POINT ( 'NONE',  ( -0.1628509332098246100, -0.07988026679007810500, -1.179999999999999900 ) ) ;
#811 = EDGE_CURVE ( 'NONE', #5374, #2420, #1837, .T. ) ;
#812 = CARTESIAN_POINT ( 'NONE',  ( -0.1762809209111886600, -0.09796758987420398100, -1.200000000000000600 ) ) ;
#813 = CARTESIAN_POINT ( 'NONE',  ( -0.1845358881672223300, -0.09218222742222184600, -1.199999999999999500 ) ) ;
#814 = CARTESIAN_POINT ( 'NONE',  ( 0.1243902439024392600, 0.08096846590629636100, -1.180000000000000200 ) ) ;
#815 = VECTOR ( 'NONE', #1936, 1000.000000000000000 ) ;
#816 = PRESENTATION_LAYER_ASSIGNMENT (  '', '', ( #919 ) ) ;
#817 = CARTESIAN_POINT ( 'NONE',  ( 0.05853658536585373100, -0.02329982677663049900, -1.179999999999999900 ) ) ;
#818 = ORIENTED_EDGE ( 'NONE', *, *, #571, .F. ) ;
#819 = CARTESIAN_POINT ( 'NONE',  ( -0.1922557184808550400, -0.08567711459250157400, -1.200000000000000400 ) ) ;
#820 = EDGE_CURVE ( 'NONE', #4644, #5801, #2062, .T. ) ;
#821 = ORIENTED_EDGE ( 'NONE', *, *, #4503, .F. ) ;
#822 = CARTESIAN_POINT ( 'NONE',  ( 0.2463414634146343700, -0.01567787555711829700, -1.179999999999999900 ) ) ;
#823 = AXIS2_PLACEMENT_3D ( 'NONE', #6091, #1615, #1748 ) ;
#824 = ORIENTED_EDGE ( 'NONE', *, *, #1809, .T. ) ;
#825 = CARTESIAN_POINT ( 'NONE',  ( 0.2462722005187454000, -0.01258865736855462400, -1.199999999999999500 ) ) ;
#826 = CARTESIAN_POINT ( 'NONE',  ( -0.1992361283945291700, -0.07840880313888376500, -1.200000000000000000 ) ) ;
#827 = ORIENTED_EDGE ( 'NONE', *, *, #388, .F. ) ;
#828 = CARTESIAN_POINT ( 'NONE',  ( -0.2053082384823554700, -0.07048349811935096500, -1.199999999999999700 ) ) ;
#829 = CARTESIAN_POINT ( 'NONE',  ( 0.2462722005187454000, -0.01258865736855462400, -1.179999999999999700 ) ) ;
#830 = CARTESIAN_POINT ( 'NONE',  ( 1.100000000000000100, -0.4250000000000001600, 0.6500000000000000200 ) ) ;
#831 = CARTESIAN_POINT ( 'NONE',  ( -0.2105136504150879600, -0.06200978271469219400, -1.200000000000000200 ) ) ;
#832 = EDGE_LOOP ( 'NONE', ( #5599, #2900, #2000, #3499, #5716, #4168, #4681, #807, #4332, #1630 ) ) ;
#833 = ORIENTED_EDGE ( 'NONE', *, *, #723, .T. ) ;
#834 = CARTESIAN_POINT ( 'NONE',  ( -1.099999999999999600, 0.4250000000000000400, 1.300000000000000300 ) ) ;
#835 = ORIENTED_EDGE ( 'NONE', *, *, #946, .F. ) ;
#836 = CARTESIAN_POINT ( 'NONE',  ( 3.075000000000000200, 1.525000000000000100, -1.200000000000000000 ) ) ;
#837 = CARTESIAN_POINT ( 'NONE',  ( 0.2478134352078894300, -0.08903125916084422800, -1.180000000000000200 ) ) ;
#838 = VECTOR ( 'NONE', #3857, 1000.000000000000000 ) ;
#839 = ORIENTED_EDGE ( 'NONE', *, *, #2916, .F. ) ;
#840 = CARTESIAN_POINT ( 'NONE',  ( -0.2147120676371367400, -0.05292304764480201800, -1.200000000000000000 ) ) ;
#841 = EDGE_CURVE ( 'NONE', #562, #457, #2155, .T. ) ;
#842 = CARTESIAN_POINT ( 'NONE',  ( 0.1833373355326561900, -0.09383531736523874300, -1.180000000000000200 ) ) ;
#843 = CARTESIAN_POINT ( 'NONE',  ( 0.1343627100127046900, 0.08449587074710011900, -1.180000000000000200 ) ) ;
#844 = ORIENTED_EDGE ( 'NONE', *, *, #5526, .F. ) ;
#845 = LINE ( 'NONE', #5593, #993 ) ;
#846 = DIRECTION ( 'NONE',  ( -1.000000000000000000, 0.0000000000000000000, 0.0000000000000000000 ) ) ;
#847 = AXIS2_PLACEMENT_3D ( 'NONE', #1626, #1612, #1589 ) ;
#848 =( GEOMETRIC_REPRESENTATION_CONTEXT ( 3 ) GLOBAL_UNCERTAINTY_ASSIGNED_CONTEXT ( ( #4473 ) ) GLOBAL_UNIT_ASSIGNED_CONTEXT ( ( #5724, #4569, #3652 ) ) REPRESENTATION_CONTEXT ( 'NONE', 'WORKASPACE' ) );
#849 = DIRECTION ( 'NONE',  ( 0.0000000000000000000, 0.0000000000000000000, 1.000000000000000000 ) ) ;
#850 = VECTOR ( 'NONE', #3682, 1000.000000000000000 ) ;
#851 = ORIENTED_EDGE ( 'NONE', *, *, #5567, .T. ) ;
#852 = CARTESIAN_POINT ( 'NONE',  ( 0.2461373223585840700, -0.006572910260919473000, -1.200000000000000000 ) ) ;
#853 = DIRECTION ( 'NONE',  ( 0.0000000000000000000, 0.0000000000000000000, 1.000000000000000000 ) ) ;
#854 = CARTESIAN_POINT ( 'NONE',  ( -0.2179548200091542800, -0.04325649067704729500, -1.199999999999999700 ) ) ;
#855 = CARTESIAN_POINT ( 'NONE',  ( -0.1282949444741032800, 0.08621379265152251400, -1.179999999999999700 ) ) ;
#856 = B_SPLINE_SURFACE_WITH_KNOTS ( 'NONE', 3, 1, ( 
 ( #2202, #3159 ),
 ( #159, #2078 ),
 ( #1642, #5466 ),
 ( #5044, #4626 ),
 ( #4495, #3968 ),
 ( #2121, #2009 ),
 ( #1014, #157 ),
 ( #112, #5380 ),
 ( #570, #5775 ),
 ( #5368, #4933 ),
 ( #4522, #3530 ),
 ( #2996, #2494 ),
 ( #2021, #2001 ),
 ( #2521, #1519 ),
 ( #1055, #81 ),
 ( #5106, #5509 ),
 ( #5320, #1509 ),
 ( #5848, #706 ),
 ( #3543, #5007 ) ),
 .UNSPECIFIED., .F., .F., .F.,
 ( 4, 1, 1, 1, 1, 1, 1, 1, 1, 1, 1, 1, 1, 1, 1, 1, 4 ),
 ( 2, 2 ),
 ( 0.0000000000000000000, 0.06783324845577359800, 0.1326555365079041500, 0.1950508840508278800, 0.2555829330687772200, 0.3147998341472900100, 0.3736004728263746000, 0.4325455953267435800, 0.4924306292835655100, 0.5526712559629695100, 0.6125130441881163600, 0.6726102503570063900, 0.7338383693139459700, 0.7965942385677737800, 0.8614497992905731900, 0.9291989423509053900, 1.000000000000000000 ),
 ( 0.0000000000000000000, 1.000000000000000000 ),
 .UNSPECIFIED. ) ;
#857 = ORIENTED_EDGE ( 'NONE', *, *, #5184, .T. ) ;
#858 = EDGE_CURVE ( 'NONE', #4703, #32, #419, .T. ) ;
#859 =( NAMED_UNIT ( * ) PLANE_ANGLE_UNIT ( ) SI_UNIT ( $, .RADIAN. ) );
#860 = ORIENTED_EDGE ( 'NONE', *, *, #6115, .T. ) ;
#861 = CARTESIAN_POINT ( 'NONE',  ( 1.300000000000000300, -0.6250000000000001100, 0.6500000000000000200 ) ) ;
#862 = COLOUR_RGB ( '',0.6666666666666666300, 0.6666666666666666300, 0.6666666666666666300 ) ;
#863 = CARTESIAN_POINT ( 'NONE',  ( 0.2461373223585840700, -0.006572910260919473000, -1.180000000000000200 ) ) ;
#864 = VERTEX_POINT ( 'NONE', #2775 ) ;
#865 = CARTESIAN_POINT ( 'NONE',  ( -0.2202649592258531000, -0.03301708408859355100, -1.200000000000000200 ) ) ;
#866 =( NAMED_UNIT ( * ) PLANE_ANGLE_UNIT ( ) SI_UNIT ( $, .RADIAN. ) );
#867 = CARTESIAN_POINT ( 'NONE',  ( -3.075000000000000200, 0.2999999999999999300, -0.9000000000000000200 ) ) ;
#868 = EDGE_CURVE ( 'NONE', #1964, #5089, #1737, .T. ) ;
#869 = VECTOR ( 'NONE', #2548, 1000.000000000000000 ) ;
#870 = CARTESIAN_POINT ( 'NONE',  ( 3.678553390593272800, -0.2999999999999999900, -0.9999999999999997800 ) ) ;
#871 = ORIENTED_EDGE ( 'NONE', *, *, #5162, .F. ) ;
#872 = B_SPLINE_CURVE_WITH_KNOTS ( 'NONE', 3,
 ( #4868, #1334, #6037, #5474, #1355, #31, #5987, #5148, #5134, #427, #5098, #5206, #3460, #2192, #2826, #288, #842, #5641, #5874 ),
 .UNSPECIFIED., .F., .F.,
 ( 4, 1, 1, 1, 1, 1, 1, 1, 1, 1, 1, 1, 1, 1, 1, 1, 4 ),
 ( 0.0000000000000000000, 0.07377411937406359900, 0.1440791147260413700, 0.2113485183089114600, 0.2760768857398837600, 0.3385209158196765300, 0.3998851166931335400, 0.4602540674652129700, 0.5205889643912478000, 0.5802076845630440600, 0.6386329085525457300, 0.6963645494905238400, 0.7540017746600123900, 0.8128056813744978200, 0.8727544255255602600, 0.9351819969782669800, 1.000000000000000000 ),
 .UNSPECIFIED. ) ;
#873 = CARTESIAN_POINT ( 'NONE',  ( 0.2451872258220930700, 0.002214378422911184300, -1.199999999999999700 ) ) ;
#874 = CARTESIAN_POINT ( 'NONE',  ( 3.075000000000000200, 0.2999999999999999900, -0.6999999999999999600 ) ) ;
#875 = CARTESIAN_POINT ( 'NONE',  ( -0.2217121149522585700, -0.02221064507284789900, -1.199999999999999700 ) ) ;
#876 = COLOUR_RGB ( '',0.2980392156862745100, 0.2980392156862745100, 0.2980392156862745100 ) ;
#877 = VECTOR ( 'NONE', #1963, 1000.000000000000000 ) ;
#878 = DIRECTION ( 'NONE',  ( 1.000000000000000000, 0.0000000000000000000, 0.0000000000000000000 ) ) ;
#879 = EDGE_LOOP ( 'NONE', ( #1113, #5844, #4871, #2140, #3261, #344, #4484, #5101 ) ) ;
#880 = VERTEX_POINT ( 'NONE', #3260 ) ;
#881 = CARTESIAN_POINT ( 'NONE',  ( 0.2451872258220930700, 0.002214378422911184300, -1.179999999999999900 ) ) ;
#882 = VERTEX_POINT ( 'NONE', #2816 ) ;
#883 = CARTESIAN_POINT ( 'NONE',  ( 0.2435473930161928800, 0.01051410135612265400, -1.199999999999999300 ) ) ;
#884 = CYLINDRICAL_SURFACE ( 'NONE', #5292, 0.2000000000000000900 ) ;
#885 = ORIENTED_EDGE ( 'NONE', *, *, #2687, .T. ) ;
#886 = DIRECTION ( 'NONE',  ( -0.3536223923290756100, 0.9353882635801357100, 0.0000000000000000000 ) ) ;
#887 = ORIENTED_EDGE ( 'NONE', *, *, #5576, .T. ) ;
#888 = CARTESIAN_POINT ( 'NONE',  ( 0.1645906879885635500, 0.08884608427453127800, -1.180000000000000200 ) ) ;
#889 = VERTEX_POINT ( 'NONE', #2904 ) ;
#890 = MECHANICAL_DESIGN_GEOMETRIC_PRESENTATION_REPRESENTATION (  '', ( #945 ), #848 ) ;
#891 = VECTOR ( 'NONE', #904, 1000.000000000000000 ) ;
#892 = CARTESIAN_POINT ( 'NONE',  ( 0.2435473930161928800, 0.01051410135612265400, -1.179999999999999500 ) ) ;
#893 = EDGE_LOOP ( 'NONE', ( #4667, #4361, #3956, #1322 ) ) ;
#894 = CARTESIAN_POINT ( 'NONE',  ( 0.2412754931673186400, 0.01834156612995010300, -1.200000000000000200 ) ) ;
#895 = CARTESIAN_POINT ( 'NONE',  ( 0.3658536585365854100, -0.09159250970345976500, -1.200000000000000000 ) ) ;
#896 = EDGE_CURVE ( 'NONE', #1656, #578, #1180, .T. ) ;
#897 = CIRCLE ( 'NONE', #3433, 0.1999999999999999800 ) ;
#898 = B_SPLINE_SURFACE_WITH_KNOTS ( 'NONE', 3, 1, ( 
 ( #4215, #4145 ),
 ( #4138, #4118 ),
 ( #4099, #4080 ),
 ( #4001, #3989 ),
 ( #3970, #3957 ),
 ( #3937, #3910 ),
 ( #3847, #3806 ),
 ( #3695, #3688 ),
 ( #3645, #3639 ),
 ( #3625, #3607 ),
 ( #3570, #3534 ),
 ( #3486, #3449 ),
 ( #3443, #3369 ),
 ( #3326, #3318 ),
 ( #3314, #3296 ),
 ( #3279, #3270 ),
 ( #3428, #3258 ),
 ( #3247, #3193 ),
 ( #3176, #3165 ) ),
 .UNSPECIFIED., .F., .F., .F.,
 ( 4, 1, 1, 1, 1, 1, 1, 1, 1, 1, 1, 1, 1, 1, 1, 1, 4 ),
 ( 2, 2 ),
 ( 0.0000000000000000000, 0.06863117867660124800, 0.1345664660386773100, 0.1983281540108812200, 0.2607897666408450800, 0.3219991514841585300, 0.3827217465030197100, 0.4435374740357288500, 0.5051334294849250100, 0.5662138747646717800, 0.6261058646175455800, 0.6853493221605165800, 0.7449958703477973500, 0.8054158418145627200, 0.8676362663459531400, 0.9323077823023292500, 1.000000000000000000 ),
 ( 0.0000000000000000000, 1.000000000000000000 ),
 .UNSPECIFIED. ) ;
#899 = CARTESIAN_POINT ( 'NONE',  ( 4.000000000000000000, -0.2999999999999999900, -0.9999999999999997800 ) ) ;
#900 = ORIENTED_EDGE ( 'NONE', *, *, #2437, .F. ) ;
#901 = CARTESIAN_POINT ( 'NONE',  ( -0.2219512195121949900, -0.01102848531321586100, -1.200000000000000000 ) ) ;
#902 = CARTESIAN_POINT ( 'NONE',  ( 2.774999999999999900, -1.825000000000000000, -1.200000000000000000 ) ) ;
#903 = PRESENTATION_LAYER_ASSIGNMENT (  '', '', ( #945 ) ) ;
#904 = DIRECTION ( 'NONE',  ( -0.0000000000000000000, -1.000000000000000000, -0.0000000000000000000 ) ) ;
#905 = LINE ( 'NONE', #2183, #4450 ) ;
#906 = CARTESIAN_POINT ( 'NONE',  ( 3.289644660940672400, 0.2999999999999999900, -0.9146446609406726500 ) ) ;
#907 = PRESENTATION_STYLE_ASSIGNMENT (( #3361 ) ) ;
#908 = CARTESIAN_POINT ( 'NONE',  ( -0.01219512195121944100, -0.001348607264435366800, -1.200000000000000000 ) ) ;
#909 = ORIENTED_EDGE ( 'NONE', *, *, #2897, .F. ) ;
#910 = ADVANCED_FACE ( 'NONE', ( #2399 ), #2938, .T. ) ;
#911 = VECTOR ( 'NONE', #2667, 1000.000000000000000 ) ;
#912 = ORIENTED_EDGE ( 'NONE', *, *, #2550, .T. ) ;
#913 = EDGE_LOOP ( 'NONE', ( #1886, #3680, #3631, #3556 ) ) ;
#914 = CARTESIAN_POINT ( 'NONE',  ( -0.2218704460716660100, -0.01480600221448577500, -1.200000000000000000 ) ) ;
#915 = SURFACE_STYLE_FILL_AREA ( #3624 ) ;
#916 = SURFACE_STYLE_USAGE ( .BOTH. , #5269 ) ;
#917 = ORIENTED_EDGE ( 'NONE', *, *, #5800, .F. ) ;
#918 = B_SPLINE_SURFACE_WITH_KNOTS ( 'NONE', 3, 1, ( 
 ( #1288, #781 ),
 ( #4664, #3311 ),
 ( #4942, #4430 ),
 ( #1483, #1978 ),
 ( #1386, #2323 ),
 ( #5658, #3474 ),
 ( #3792, #1929 ),
 ( #5643, #1956 ),
 ( #5679, #4492 ),
 ( #4448, #444 ),
 ( #3811, #788 ),
 ( #3982, #622 ),
 ( #3717, #5237 ),
 ( #5944, #3358 ),
 ( #1681, #2101 ),
 ( #5431, #5442 ),
 ( #2061, #5753 ),
 ( #2650, #2658 ),
 ( #2590, #2568 ) ),
 .UNSPECIFIED., .F., .F., .F.,
 ( 4, 1, 1, 1, 1, 1, 1, 1, 1, 1, 1, 1, 1, 1, 1, 1, 4 ),
 ( 2, 2 ),
 ( 0.0000000000000000000, 0.07064371857535414700, 0.1382567155089047000, 0.2033641242175802100, 0.2663240938030568300, 0.3279047615429894800, 0.3887377151730923000, 0.4494235281093024700, 0.5108610114593156200, 0.5720793960475146800, 0.6317344287314453600, 0.6911172105788379000, 0.7503600294901706700, 0.8100329005312620900, 0.8713624508287362000, 0.9344271412311534500, 1.000000000000000000 ),
 ( 0.0000000000000000000, 1.000000000000000000 ),
 .UNSPECIFIED. ) ;
#919 = STYLED_ITEM ( 'NONE', ( #4191 ), #1910 ) ;
#920 = ORIENTED_EDGE ( 'NONE', *, *, #5560, .T. ) ;
#921 = CARTESIAN_POINT ( 'NONE',  ( 0.2412754931673186400, 0.01834156612995010300, -1.180000000000000400 ) ) ;
#922 = DIRECTION ( 'NONE',  ( 1.000000000000000000, 0.0000000000000000000, 0.0000000000000000000 ) ) ;
#923 = EDGE_CURVE ( 'NONE', #2734, #4271, #3622, .T. ) ;
#924 = CARTESIAN_POINT ( 'NONE',  ( 0.1712271341463416600, 0.06694407566239389500, -1.179999999999999900 ) ) ;
#925 = FACE_OUTER_BOUND ( 'NONE', #5600, .T. ) ;
#926 = ORIENTED_EDGE ( 'NONE', *, *, #5538, .F. ) ;
#927 = CARTESIAN_POINT ( 'NONE',  ( 0.1691304205581628000, 0.08887862628746733000, -1.179999999999999700 ) ) ;
#928 = ORIENTED_EDGE ( 'NONE', *, *, #1550, .T. ) ;
#929 = CARTESIAN_POINT ( 'NONE',  ( 0.2383418975825458700, 0.02568609217659681400, -1.199999999999999500 ) ) ;
#930 = CARTESIAN_POINT ( 'NONE',  ( 0.2383418975825458700, 0.02568609217659681400, -1.179999999999999700 ) ) ;
#932 = DIRECTION ( 'NONE',  ( -0.0000000000000000000, 0.0000000000000000000, 1.000000000000000000 ) ) ;
#931 = AXIS2_PLACEMENT_3D ( 'NONE', #2606, #3756, #555 ) ;
#933 = LINE ( 'NONE', #817, #5192 ) ;
#934 = CARTESIAN_POINT ( 'NONE',  ( 0.1587407471333427400, 0.06620085613459153500, -1.200000000000000000 ) ) ;
#935 = CIRCLE ( 'NONE', #5557, 0.2499999999999997800 ) ;
#936 = CARTESIAN_POINT ( 'NONE',  ( -0.1161966463414632600, -0.09159250970345976500, -1.179999999999999900 ) ) ;
#937 = CARTESIAN_POINT ( 'NONE',  ( -0.1388597733113296500, 0.08499400160293355000, -1.200000000000000200 ) ) ;
#938 = EDGE_CURVE ( 'NONE', #1498, #1433, #3267, .T. ) ;
#939 = CARTESIAN_POINT ( 'NONE',  ( -2.774999999999999900, 1.525000000000000100, -1.200000000000000000 ) ) ;
#940 = CARTESIAN_POINT ( 'NONE',  ( 0.2346785575383543200, 0.03249132819415338100, -1.199999999999999500 ) ) ;
#941 = PLANE ( 'NONE',  #5223 ) ;
#942 = ORIENTED_EDGE ( 'NONE', *, *, #1019, .F. ) ;
#943 = CARTESIAN_POINT ( 'NONE',  ( 0.3926829268292683600, 0.08645627078434514600, -1.179999999999999900 ) ) ;
#944 = B_SPLINE_CURVE_WITH_KNOTS ( 'NONE', 3,
 ( #2960, #2925, #2878, #2824, #2817, #2794, #2774 ),
 .UNSPECIFIED., .F., .F.,
 ( 4, 1, 1, 1, 4 ),
 ( 0.0000000000000000000, 0.1744817153170505100, 0.3982857591281122000, 0.6738978473986664300, 1.000000000000000000 ),
 .UNSPECIFIED. ) ;
#945 = STYLED_ITEM ( 'NONE', ( #5481 ), #4146 ) ;
#946 = EDGE_CURVE ( 'NONE', #4271, #254, #4225, .T. ) ;
#947 = FACE_OUTER_BOUND ( 'NONE', #2601, .T. ) ;
#948 = ADVANCED_FACE ( 'NONE', ( #2651 ), #5858, .T. ) ;
#949 = CARTESIAN_POINT ( 'NONE',  ( 0.2346785575383543200, 0.03249132819415338100, -1.179999999999999700 ) ) ;
#950 = ORIENTED_EDGE ( 'NONE', *, *, #896, .T. ) ;
#951 = ORIENTED_EDGE ( 'NONE', *, *, #3995, .T. ) ;
#952 = PLANE ( 'NONE',  #600 ) ;
#953 = CIRCLE ( 'NONE', #3471, 0.5500000000000014900 ) ;
#954 = VECTOR ( 'NONE', #1699, 1000.000000000000000 ) ;
#955 = CARTESIAN_POINT ( 'NONE',  ( 0.2304539914712645800, 0.03887667032820230100, -1.180000000000000200 ) ) ;
#956 = CARTESIAN_POINT ( 'NONE',  ( 0.3658536585365854100, 0.08645627078434514600, -1.179999999999999900 ) ) ;
#957 = CARTESIAN_POINT ( 'NONE',  ( 0.2255322735160940900, 0.04466929108351162100, -1.199999999999999300 ) ) ;
#958 = CARTESIAN_POINT ( 'NONE',  ( 0.1739370065192437400, 0.06688580844519838300, -1.200000000000000000 ) ) ;
#959 = VERTEX_POINT ( 'NONE', #5978 ) ;
#960 = DIRECTION ( 'NONE',  ( 0.0000000000000000000, 0.0000000000000000000, -1.000000000000000000 ) ) ;
#961 = CARTESIAN_POINT ( 'NONE',  ( 1.758578643762690900, -0.8249999999999998400, 0.5914213562373097400 ) ) ;
#962 = CARTESIAN_POINT ( 'NONE',  ( 0.1645906879885635500, 0.08884608427453127800, -1.200000000000000200 ) ) ;
#963 = EDGE_CURVE ( 'NONE', #6051, #2186, #6103, .T. ) ;
#964 = CARTESIAN_POINT ( 'NONE',  ( 0.2255322735160940900, 0.04466929108351162100, -1.179999999999999500 ) ) ;
#965 = UNCERTAINTY_MEASURE_WITH_UNIT (LENGTH_MEASURE( 1.000000000000000100E-005 ), #4465, 'distance_accuracy_value', 'NONE');
#966 = B_SPLINE_CURVE_WITH_KNOTS ( 'NONE', 3,
 ( #739, #958, #725, #717, #704, #701, #693, #680, #671, #662, #661, #653, #652, #644, #636, #635, #627, #620, #613 ),
 .UNSPECIFIED., .F., .F.,
 ( 4, 1, 1, 1, 1, 1, 1, 1, 1, 1, 1, 1, 1, 1, 1, 1, 4 ),
 ( 0.0000000000000000000, 0.06460397028839211200, 0.1267024139629471500, 0.1867568140356181700, 0.2455056873654373200, 0.3036520244499753000, 0.3615030739706253100, 0.4202402229284674700, 0.4800333407766961800, 0.5406781347755159600, 0.6011918063807817300, 0.6623335024774423800, 0.7247395102972318300, 0.7894677361728866800, 0.8565048600438307500, 0.9263120958391902700, 1.000000000000000000 ),
 .UNSPECIFIED. ) ;
#967 = CARTESIAN_POINT ( 'NONE',  ( 0.2201313782161748400, 0.04990749853433278800, -1.199999999999999700 ) ) ;
#968 = ORIENTED_EDGE ( 'NONE', *, *, #5915, .F. ) ;
#969 = CARTESIAN_POINT ( 'NONE',  ( 3.678553390593272800, 0.2999999999999999900, -1.200000000000000000 ) ) ;
#970 =( GEOMETRIC_REPRESENTATION_CONTEXT ( 3 ) GLOBAL_UNCERTAINTY_ASSIGNED_CONTEXT ( ( #2603 ) ) GLOBAL_UNIT_ASSIGNED_CONTEXT ( ( #1664, #1617, #1646 ) ) REPRESENTATION_CONTEXT ( 'NONE', 'WORKASPACE' ) );
#971 = VECTOR ( 'NONE', #4067, 1000.000000000000000 ) ;
#972 = EDGE_CURVE ( 'NONE', #623, #1857, #4234, .T. ) ;
#973 = CONICAL_SURFACE ( 'NONE', #5353, 0.1000000000000000500, 0.7853981633974500600 ) ;
#974 = CARTESIAN_POINT ( 'NONE',  ( 0.2201313782161748400, 0.04990749853433278800, -1.179999999999999900 ) ) ;
#975 = CARTESIAN_POINT ( 'NONE',  ( -0.3878048780487804400, -0.1135437292156548900, -1.200000000000000000 ) ) ;
#976 = MECHANICAL_DESIGN_GEOMETRIC_PRESENTATION_REPRESENTATION (  '', ( #1068 ), #970 ) ;
#977 = EDGE_LOOP ( 'NONE', ( #392, #5180, #761, #269 ) ) ;
#978 = CARTESIAN_POINT ( 'NONE',  ( -0.06097560975609740000, 0.08645627078434514600, -1.200000000000000000 ) ) ;
#979 = EDGE_CURVE ( 'NONE', #3420, #2452, #6098, .T. ) ;
#980 = CARTESIAN_POINT ( 'NONE',  ( 0.2142771460047636600, 0.05444666900924229800, -1.200000000000000200 ) ) ;
#981 = CARTESIAN_POINT ( 'NONE',  ( 1.300000000000000300, -0.4250000000000001600, 1.100000000000000100 ) ) ;
#982 = CARTESIAN_POINT ( 'NONE',  ( 0.0000000000000000000, 0.0000000000000000000, -1.179999999999999900 ) ) ;
#983 = CARTESIAN_POINT ( 'NONE',  ( 3.289644660940672400, -0.2999999999999999900, -0.9146446609406726500 ) ) ;
#984 = EDGE_LOOP ( 'NONE', ( #4048, #3427, #5691, #1470 ) ) ;
#985 = CARTESIAN_POINT ( 'NONE',  ( 0.2080588812050191100, 0.05834343047166420200, -1.199999999999999100 ) ) ;
#986 = CARTESIAN_POINT ( 'NONE',  ( 0.2080588812050191100, 0.05834343047166420200, -1.179999999999999300 ) ) ;
#987 = CARTESIAN_POINT ( 'NONE',  ( -0.01707317073170725900, 0.08645627078434514600, -1.200000000000000000 ) ) ;
#988 = EDGE_CURVE ( 'NONE', #4748, #889, #6089, .T. ) ;
#989 = CARTESIAN_POINT ( 'NONE',  ( 0.3658536585365854100, -0.09159250970345976500, -1.200000000000000000 ) ) ;
#990 = ORIENTED_EDGE ( 'NONE', *, *, #2180, .T. ) ;
#991 = ADVANCED_FACE ( 'NONE', ( #6072 ), #6040, .T. ) ;
#992 = ADVANCED_FACE ( 'NONE', ( #5001 ), #6026, .T. ) ;
#993 = VECTOR ( 'NONE', #1842, 1000.000000000000000 ) ;
#994 =( NAMED_UNIT ( * ) SI_UNIT ( $, .STERADIAN. ) SOLID_ANGLE_UNIT ( ) );
#995 = DIRECTION ( 'NONE',  ( 0.7071067811865468000, 0.0000000000000000000, -0.7071067811865483500 ) ) ;
#996 = ORIENTED_EDGE ( 'NONE', *, *, #1606, .F. ) ;
#997 = DIRECTION ( 'NONE',  ( -0.0000000000000000000, -0.0000000000000000000, -1.000000000000000000 ) ) ;
#998 = VERTEX_POINT ( 'NONE', #6101 ) ;
#999 =( GEOMETRIC_REPRESENTATION_CONTEXT ( 3 ) GLOBAL_UNCERTAINTY_ASSIGNED_CONTEXT ( ( #1043 ) ) GLOBAL_UNIT_ASSIGNED_CONTEXT ( ( #2456, #4915, #4976 ) ) REPRESENTATION_CONTEXT ( 'NONE', 'WORKASPACE' ) );
#1000 = ORIENTED_EDGE ( 'NONE', *, *, #6118, .F. ) ;
#1001 = EDGE_CURVE ( 'NONE', #959, #2441, #5974, .T. ) ;
#1002 = CARTESIAN_POINT ( 'NONE',  ( 0.2014383951116592600, 0.06151423654070325300, -1.200000000000000200 ) ) ;
#1003 = UNCERTAINTY_MEASURE_WITH_UNIT (LENGTH_MEASURE( 1.000000000000000100E-005 ), #4931, 'distance_accuracy_value', 'NONE');
#1004 = DIRECTION ( 'NONE',  ( 0.0000000000000000000, -1.000000000000000000, 0.0000000000000000000 ) ) ;
#1005 = DIRECTION ( 'NONE',  ( 0.0000000000000000000, -0.0000000000000000000, 1.000000000000000000 ) ) ;
#1006 = ORIENTED_EDGE ( 'NONE', *, *, #2619, .T. ) ;
#1007 = CARTESIAN_POINT ( 'NONE',  ( 0.2014383951116592600, 0.06151423654070325300, -1.180000000000000400 ) ) ;
#1008 = VECTOR ( 'NONE', #5861, 1000.000000000000000 ) ;
#1009 = ADVANCED_FACE ( 'NONE', ( #5982 ), #582, .F. ) ;
#1010 = ORIENTED_EDGE ( 'NONE', *, *, #5400, .T. ) ;
#1011 = CARTESIAN_POINT ( 'NONE',  ( 0.1944214288479349200, 0.06397097999648206100, -1.200000000000000000 ) ) ;
#1012 = DIRECTION ( 'NONE',  ( 0.0000000000000000000, 0.0000000000000000000, -1.000000000000000000 ) ) ;
#1013 = ORIENTED_EDGE ( 'NONE', *, *, #2118, .T. ) ;
#1014 = CARTESIAN_POINT ( 'NONE',  ( 0.2261657761789653300, -0.1055904525223739500, -1.179999999999999500 ) ) ;
#1015 = VERTEX_POINT ( 'NONE', #510 ) ;
#1016 = PRESENTATION_LAYER_ASSIGNMENT (  '', '', ( #1068 ) ) ;
#1017 = CARTESIAN_POINT ( 'NONE',  ( 0.1944214288479349200, 0.06397097999648206100, -1.180000000000000200 ) ) ;
#1018 = VERTEX_POINT ( 'NONE', #525 ) ;
#1019 = EDGE_CURVE ( 'NONE', #1342, #2567, #1044, .T. ) ;
#1020 = DIRECTION ( 'NONE',  ( 1.000000000000000000, 0.0000000000000000000, 0.0000000000000000000 ) ) ;
#1021 = DIRECTION ( 'NONE',  ( 0.0000000000000000000, 0.0000000000000000000, -1.000000000000000000 ) ) ;
#1022 = PRESENTATION_STYLE_ASSIGNMENT (( #1598 ) ) ;
#1023 = CARTESIAN_POINT ( 'NONE',  ( -0.02195121951219506200, -0.09159250970345976500, -1.179999999999999900 ) ) ;
#1024 = ORIENTED_EDGE ( 'NONE', *, *, #5204, .T. ) ;
#1025 = CARTESIAN_POINT ( 'NONE',  ( 0.1870159502115801600, 0.06564956784293617100, -1.199999999999999700 ) ) ;
#1026 = CARTESIAN_POINT ( 'NONE',  ( 0.2589859215994913500, -0.07436390078511656600, -1.179999999999999700 ) ) ;
#1028 = CARTESIAN_POINT ( 'NONE',  ( 1.617157287525381500, 0.8249999999999997300, 0.4500000000000000100 ) ) ;
#1027 = MECHANICAL_DESIGN_GEOMETRIC_PRESENTATION_REPRESENTATION (  '', ( #1069 ), #999 ) ;
#1029 = LINE ( 'NONE', #1532, #1707 ) ;
#1030 = FACE_OUTER_BOUND ( 'NONE', #631, .T. ) ;
#1031 = CARTESIAN_POINT ( 'NONE',  ( -2.774999999999999900, 1.525000000000000100, 0.2000000000000000100 ) ) ;
#1032 =( NAMED_UNIT ( * ) SI_UNIT ( $, .STERADIAN. ) SOLID_ANGLE_UNIT ( ) );
#1033 =( NAMED_UNIT ( * ) PLANE_ANGLE_UNIT ( ) SI_UNIT ( $, .RADIAN. ) );
#1034 = FACE_OUTER_BOUND ( 'NONE', #4875, .T. ) ;
#1035 = CARTESIAN_POINT ( 'NONE',  ( -1.299999999999999800, 0.6249999999999998900, 1.100000000000000100 ) ) ;
#1036 = VERTEX_POINT ( 'NONE', #747 ) ;
#1037 = AXIS2_PLACEMENT_3D ( 'NONE', #4515, #2740, #5812 ) ;
#1038 = CARTESIAN_POINT ( 'NONE',  ( -1.099999999999999600, -0.4250000000000001600, 0.6500000000000000200 ) ) ;
#1039 = DIRECTION ( 'NONE',  ( -1.000000000000000000, 0.0000000000000000000, 0.0000000000000000000 ) ) ;
#1040 = DIRECTION ( 'NONE',  ( 0.0000000000000000000, -1.000000000000000000, 0.0000000000000000000 ) ) ;
#1041 = CARTESIAN_POINT ( 'NONE',  ( 0.2411364396095448700, -0.09532875736740502300, -1.179999999999999900 ) ) ;
#1042 = SURFACE_STYLE_FILL_AREA ( #4916 ) ;
#1043 = UNCERTAINTY_MEASURE_WITH_UNIT (LENGTH_MEASURE( 1.000000000000000100E-005 ), #2456, 'distance_accuracy_value', 'NONE');
#1044 = LINE ( 'NONE', #6111, #291 ) ;
#1045 =( LENGTH_UNIT ( ) NAMED_UNIT ( * ) SI_UNIT ( .MILLI., .METRE. ) );
#1046 = CARTESIAN_POINT ( 'NONE',  ( -0.2658536585365853200, -0.1135437292156548900, -1.179999999999999900 ) ) ;
#1047 = EDGE_LOOP ( 'NONE', ( #3988, #4199, #4534, #5468 ) ) ;
#1048 = CARTESIAN_POINT ( 'NONE',  ( 0.1292279707458269800, 0.08293220589003291700, -1.179999999999999900 ) ) ;
#1049 = VECTOR ( 'NONE', #2797, 1000.000000000000000 ) ;
#1050 = CARTESIAN_POINT ( 'NONE',  ( 0.2633976313149060100, -0.06619095325964795300, -1.180000000000000200 ) ) ;
#1051 = LINE ( 'NONE', #4984, #389 ) ;
#1052 = DIRECTION ( 'NONE',  ( -0.0000000000000000000, -0.0000000000000000000, -1.000000000000000000 ) ) ;
#1053 = SURFACE_STYLE_USAGE ( .BOTH. , #1060 ) ;
#1054 = DIRECTION ( 'NONE',  ( 0.0000000000000000000, -1.000000000000000000, 0.0000000000000000000 ) ) ;
#1055 = CARTESIAN_POINT ( 'NONE',  ( 0.2697671622985958200, -0.04819448520369004600, -1.179999999999999700 ) ) ;
#1056 = ORIENTED_EDGE ( 'NONE', *, *, #3055, .T. ) ;
#1057 = CARTESIAN_POINT ( 'NONE',  ( -0.3675685975609755400, -0.05744616824004512800, -1.179999999999999900 ) ) ;
#1058 = CARTESIAN_POINT ( 'NONE',  ( 0.2669774356148279000, -0.05746190832218713000, -1.179999999999999900 ) ) ;
#1059 = AXIS2_PLACEMENT_3D ( 'NONE', #1250, #1238, #1444 ) ;
#1060 = SURFACE_SIDE_STYLE ('',( #2297 ) ) ;
#1061 = ORIENTED_EDGE ( 'NONE', *, *, #1176, .T. ) ;
#1062 = EDGE_CURVE ( 'NONE', #5235, #3138, #5881, .T. ) ;
#1063 = CARTESIAN_POINT ( 'NONE',  ( -1.758578643762690500, 0.8249999999999997300, 0.5914213562373098500 ) ) ;
#1064 = DIRECTION ( 'NONE',  ( -0.0000000000000000000, -0.0000000000000000000, 1.000000000000000000 ) ) ;
#1065 = FILL_AREA_STYLE ('',( #1078 ) ) ;
#1066 = DIRECTION ( 'NONE',  ( -0.0000000000000000000, -0.0000000000000000000, -1.000000000000000000 ) ) ;
#1067 = UNCERTAINTY_MEASURE_WITH_UNIT (LENGTH_MEASURE( 1.000000000000000100E-005 ), #3200, 'distance_accuracy_value', 'NONE');
#1068 = STYLED_ITEM ( 'NONE', ( #1878 ), #1868 ) ;
#1069 = STYLED_ITEM ( 'NONE', ( #3424 ), #4137 ) ;
#1070 = SURFACE_STYLE_USAGE ( .BOTH. , #48 ) ;
#1071 = EDGE_CURVE ( 'NONE', #6085, #3305, #4000, .T. ) ;
#1072 = VERTEX_POINT ( 'NONE', #870 ) ;
#1073 = CARTESIAN_POINT ( 'NONE',  ( 0.05853658536585373100, 0.06450505127215000500, -1.179999999999999900 ) ) ;
#1074 = VERTEX_POINT ( 'NONE', #899 ) ;
#1075 =( LENGTH_UNIT ( ) NAMED_UNIT ( * ) SI_UNIT ( .MILLI., .METRE. ) );
#1076 = SURFACE_STYLE_FILL_AREA ( #5791 ) ;
#1077 = LINE ( 'NONE', #4924, #530 ) ;
#1078 = FILL_AREA_STYLE_COLOUR ( '', #789 ) ;
#1079 = EDGE_CURVE ( 'NONE', #24, #2245, #2961, .T. ) ;
#1080 = LINE ( 'NONE', #3560, #1008 ) ;
#1081 =( NAMED_UNIT ( * ) SI_UNIT ( $, .STERADIAN. ) SOLID_ANGLE_UNIT ( ) );
#1082 = VERTEX_POINT ( 'NONE', #908 ) ;
#1083 = EDGE_LOOP ( 'NONE', ( #5697, #5248, #3548, #4020 ) ) ;
#1084 = CARTESIAN_POINT ( 'NONE',  ( 0.1243902439024392300, -0.08122665604492318400, -1.200000000000000000 ) ) ;
#1085 = SURFACE_STYLE_USAGE ( .BOTH. , #1093 ) ;
#1086 = LINE ( 'NONE', #4562, #971 ) ;
#1087 = ORIENTED_EDGE ( 'NONE', *, *, #2909, .T. ) ;
#1088 = EDGE_CURVE ( 'NONE', #2777, #2126, #2906, .T. ) ;
#1089 = DIRECTION ( 'NONE',  ( -0.0000000000000000000, -0.0000000000000000000, -1.000000000000000000 ) ) ;
#1090 = DIRECTION ( 'NONE',  ( 0.0000000000000000000, 0.0000000000000000000, -1.000000000000000000 ) ) ;
#1091 = LINE ( 'NONE', #3824, #1308 ) ;
#1092 = ORIENTED_EDGE ( 'NONE', *, *, #487, .F. ) ;
#1093 = SURFACE_SIDE_STYLE ('',( #394 ) ) ;
#1094 = CARTESIAN_POINT ( 'NONE',  ( -1.600000000000000100, 0.9249999999999997100, 0.6500000000000000200 ) ) ;
#1095 = DIRECTION ( 'NONE',  ( 0.0000000000000000000, -0.0000000000000000000, 1.000000000000000000 ) ) ;
#1096 = CARTESIAN_POINT ( 'NONE',  ( 3.289644660940672400, -0.2999999999999999900, -0.9146446609406726500 ) ) ;
#1097 = VERTEX_POINT ( 'NONE', #4401 ) ;
#1098 = CARTESIAN_POINT ( 'NONE',  ( 0.1714557926829270400, 0.08889529517458903700, -1.179999999999999900 ) ) ;
#1099 = CARTESIAN_POINT ( 'NONE',  ( 0.1292279707458269800, 0.08293220589003291700, -1.200000000000000000 ) ) ;
#1100 = UNCERTAINTY_MEASURE_WITH_UNIT (LENGTH_MEASURE( 1.000000000000000100E-005 ), #4833, 'distance_accuracy_value', 'NONE');
#1101 = PLANE ( 'NONE',  #3459 ) ;
#1102 = COLOUR_RGB ( '',0.5019607843137254800, 0.0000000000000000000, 0.0000000000000000000 ) ;
#1103 = DIRECTION ( 'NONE',  ( 1.000000000000000000, 0.0000000000000000000, 0.0000000000000000000 ) ) ;
#1104 = CARTESIAN_POINT ( 'NONE',  ( 0.1750680280768698300, 0.08881125017189839300, -1.179999999999999900 ) ) ;
#1105 = EDGE_CURVE ( 'NONE', #2441, #757, #2870, .T. ) ;
#1106 = ORIENTED_EDGE ( 'NONE', *, *, #1274, .T. ) ;
#1107 = LINE ( 'NONE', #326, #3339 ) ;
#1108 =( NAMED_UNIT ( * ) PLANE_ANGLE_UNIT ( ) SI_UNIT ( $, .RADIAN. ) );
#1109 = PRESENTATION_STYLE_ASSIGNMENT (( #3884 ) ) ;
#1110 = CARTESIAN_POINT ( 'NONE',  ( 0.1739370065192437400, 0.06688580844519838300, -1.199999999999999700 ) ) ;
#1112 = CARTESIAN_POINT ( 'NONE',  ( 0.1821543305018489800, 0.08864637489622481700, -1.180000000000000400 ) ) ;
#1111 = PRESENTATION_LAYER_ASSIGNMENT (  '', '', ( #1069 ) ) ;
#1113 = ORIENTED_EDGE ( 'NONE', *, *, #4349, .T. ) ;
#1114 = DIRECTION ( 'NONE',  ( 1.000000000000000000, 0.0000000000000000000, 0.0000000000000000000 ) ) ;
#1115 = EDGE_CURVE ( 'NONE', #5196, #3138, #36, .T. ) ;
#1116 = CARTESIAN_POINT ( 'NONE',  ( 0.1792516546692798100, 0.06677153378002501100, -1.179999999999999900 ) ) ;
#1117 = FACE_BOUND ( 'NONE', #489, .T. ) ;
#1118 = CARTESIAN_POINT ( 'NONE',  ( 0.1925421901267217700, 0.08723678921796392000, -1.179999999999999500 ) ) ;
#1119 = ORIENTED_EDGE ( 'NONE', *, *, #754, .F. ) ;
#1120 = CARTESIAN_POINT ( 'NONE',  ( 0.2024326128829184400, 0.08496200892043075100, -1.180000000000000400 ) ) ;
#1121 = SURFACE_SIDE_STYLE ('',( #5318 ) ) ;
#1122 = ADVANCED_FACE ( 'NONE', ( #5520 ), #4068, .F. ) ;
#1123 = ADVANCED_FACE ( 'NONE', ( #5766 ), #5659, .T. ) ;
#1124 =( GEOMETRIC_REPRESENTATION_CONTEXT ( 3 ) GLOBAL_UNCERTAINTY_ASSIGNED_CONTEXT ( ( #1100 ) ) GLOBAL_UNIT_ASSIGNED_CONTEXT ( ( #4833, #5061, #4717 ) ) REPRESENTATION_CONTEXT ( 'NONE', 'WORKASPACE' ) );
#1125 = EDGE_LOOP ( 'NONE', ( #5004, #5769, #1367, #3947 ) ) ;
#1126 = CARTESIAN_POINT ( 'NONE',  ( -0.3675685975609755400, -0.05744616824004512800, -1.179999999999999900 ) ) ;
#1127 = CARTESIAN_POINT ( 'NONE',  ( 0.2118596611498688200, 0.08179455634748651600, -1.179999999999999500 ) ) ;
#1128 = CIRCLE ( 'NONE', #5322, 0.04999999999999969700 ) ;
#1129 = CARTESIAN_POINT ( 'NONE',  ( -0.1923308443557262000, -0.03755236700206935500, -1.200000000000000000 ) ) ;
#1130 =( NAMED_UNIT ( * ) SI_UNIT ( $, .STERADIAN. ) SOLID_ANGLE_UNIT ( ) );
#1131 = ORIENTED_EDGE ( 'NONE', *, *, #2180, .F. ) ;
#1132 = APPLICATION_PROTOCOL_DEFINITION ( 'draft international standard', 'automotive_design', 1998, #1162 ) ;
#1133 = ORIENTED_EDGE ( 'NONE', *, *, #5945, .F. ) ;
#1134 = CARTESIAN_POINT ( 'NONE',  ( -1.600000000000000100, 0.8249999999999997300, 0.6500000000000000200 ) ) ;
#1135 = CARTESIAN_POINT ( 'NONE',  ( 0.2339522418752299500, -0.1009236664434705100, -1.180000000000000400 ) ) ;
#1136 = CARTESIAN_POINT ( 'NONE',  ( 0.2731707317073172600, -0.01731659506931341300, -1.179999999999999900 ) ) ;
#1137 =( GEOMETRIC_REPRESENTATION_CONTEXT ( 3 ) GLOBAL_UNCERTAINTY_ASSIGNED_CONTEXT ( ( #2393 ) ) GLOBAL_UNIT_ASSIGNED_CONTEXT ( ( #1511, #1474, #1800 ) ) REPRESENTATION_CONTEXT ( 'NONE', 'WORKASPACE' ) );
#1138 = CARTESIAN_POINT ( 'NONE',  ( 0.2207792283696413700, 0.07764510506547064900, -1.180000000000000200 ) ) ;
#1139 = CIRCLE ( 'NONE', #4411, 0.2999999999999999300 ) ;
#1140 = SURFACE_STYLE_USAGE ( .BOTH. , #1490 ) ;
#1141 = EDGE_CURVE ( 'NONE', #4715, #3310, #5690, .T. ) ;
#1142 = UNCERTAINTY_MEASURE_WITH_UNIT (LENGTH_MEASURE( 1.000000000000000100E-005 ), #3987, 'distance_accuracy_value', 'NONE');
#1143 = ADVANCED_FACE ( 'NONE', ( #5734 ), #2788, .T. ) ;
#1144 = DIRECTION ( 'NONE',  ( -0.0000000000000000000, -0.0000000000000000000, -1.000000000000000000 ) ) ;
#1145 = CARTESIAN_POINT ( 'NONE',  ( 0.2292241043512730800, 0.07260495528754064300, -1.179999999999999900 ) ) ;
#1146 = DIRECTION ( 'NONE',  ( -1.000000000000000000, 0.0000000000000000000, 0.0000000000000000000 ) ) ;
#1147 = EDGE_LOOP ( 'NONE', ( #5792, #3642, #331, #1665 ) ) ;
#1148 = MECHANICAL_DESIGN_GEOMETRIC_PRESENTATION_REPRESENTATION (  '', ( #1181 ), #1137 ) ;
#1149 = MECHANICAL_DESIGN_GEOMETRIC_PRESENTATION_REPRESENTATION (  '', ( #1249 ), #1124 ) ;
#1150 = EDGE_CURVE ( 'NONE', #3726, #5857, #128, .T. ) ;
#1151 = ORIENTED_EDGE ( 'NONE', *, *, #5130, .T. ) ;
#1152 = VERTEX_POINT ( 'NONE', #3985 ) ;
#1153 = CARTESIAN_POINT ( 'NONE',  ( 0.2371823357865914800, 0.06664087072602140100, -1.180000000000000400 ) ) ;
#1154 = UNCERTAINTY_MEASURE_WITH_UNIT (LENGTH_MEASURE( 1.000000000000000100E-005 ), #2533, 'distance_accuracy_value', 'NONE');
#1155 = ORIENTED_EDGE ( 'NONE', *, *, #3845, .T. ) ;
#1156 = CARTESIAN_POINT ( 'NONE',  ( -3.431066017177982100, 0.2999999999999999900, -0.7732233047033633100 ) ) ;
#1157 = CARTESIAN_POINT ( 'NONE',  ( 0.2445579267311098200, 0.05980616942577434600, -1.179999999999999300 ) ) ;
#1158 = PRESENTATION_LAYER_ASSIGNMENT (  '', '', ( #1249 ) ) ;
#1159 = CARTESIAN_POINT ( 'NONE',  ( 0.2512966416292410400, 0.05226580422170969800, -1.180000000000000400 ) ) ;
#1160 = EDGE_CURVE ( 'NONE', #4526, #1548, #5636, .T. ) ;
#1161 = ORIENTED_EDGE ( 'NONE', *, *, #5915, .T. ) ;
#1162 = APPLICATION_CONTEXT ( 'automotive_design' ) ;
#1163 = CARTESIAN_POINT ( 'NONE',  ( -0.1869002926901580400, 0.02846283506620592500, -1.200000000000000000 ) ) ;
#1164 = CARTESIAN_POINT ( 'NONE',  ( 0.2571755018642342700, 0.04405754226425279800, -1.179999999999999700 ) ) ;
#1165 = CARTESIAN_POINT ( 'NONE',  ( -0.3878048780487804400, -0.1135437292156548900, -1.200000000000000000 ) ) ;
#1166 = VERTEX_POINT ( 'NONE', #3647 ) ;
#1167 = PRODUCT_CONTEXT ( 'NONE', #1357, 'mechanical' ) ;
#1168 =( NAMED_UNIT ( * ) SI_UNIT ( $, .STERADIAN. ) SOLID_ANGLE_UNIT ( ) );
#1169 = CARTESIAN_POINT ( 'NONE',  ( 0.2621008848268769900, 0.03523717468546756100, -1.179999999999999900 ) ) ;
#1170 = CARTESIAN_POINT ( 'NONE',  ( -3.678553390593272800, 0.2999999999999999900, -0.9499999999999998400 ) ) ;
#1171 = VERTEX_POINT ( 'NONE', #3655 ) ;
#1172 = PRESENTATION_LAYER_ASSIGNMENT (  '', '', ( #1181 ) ) ;
#1173 = DIRECTION ( 'NONE',  ( -0.0000000000000000000, -0.0000000000000000000, -1.000000000000000000 ) ) ;
#1174 = MECHANICAL_DESIGN_GEOMETRIC_PRESENTATION_REPRESENTATION (  '', ( #50 ), #2811 ) ;
#1175 = DIRECTION ( 'NONE',  ( -0.7071067811865469100, 0.0000000000000000000, -0.7071067811865482400 ) ) ;
#1176 = EDGE_CURVE ( 'NONE', #104, #3164, #6117, .T. ) ;
#1177 = CARTESIAN_POINT ( 'NONE',  ( 0.2661528228705887800, 0.02585014676871782600, -1.180000000000000200 ) ) ;
#1178 = CARTESIAN_POINT ( 'NONE',  ( 0.2693347597384503400, 0.01588396823282908800, -1.179999999999999900 ) ) ;
#1179 = PRESENTATION_STYLE_ASSIGNMENT (( #2304 ) ) ;
#1180 = LINE ( 'NONE', #3228, #2217 ) ;
#1181 = STYLED_ITEM ( 'NONE', ( #5815 ), #1845 ) ;
#1182 = AXIS2_PLACEMENT_3D ( 'NONE', #5191, #2493, #1649 ) ;
#1183 = CARTESIAN_POINT ( 'NONE',  ( 0.1243902439024392300, -0.08122665604492318400, -1.179999999999999900 ) ) ;
#1184 = FACE_OUTER_BOUND ( 'NONE', #5416, .T. ) ;
#1185 = LINE ( 'NONE', #2964, #2798 ) ;
#1186 = CARTESIAN_POINT ( 'NONE',  ( 2.774999999999999900, 1.825000000000000000, 0.0000000000000000000 ) ) ;
#1187 = CARTESIAN_POINT ( 'NONE',  ( 0.2715581314191414200, 0.005325169141790062600, -1.179999999999999500 ) ) ;
#1188 = EDGE_CURVE ( 'NONE', #5595, #6116, #4150, .T. ) ;
#1189 = VERTEX_POINT ( 'NONE', #3626 ) ;
#1190 = ADVANCED_FACE ( 'NONE', ( #5647 ), #5581, .T. ) ;
#1191 = SURFACE_STYLE_FILL_AREA ( #2047 ) ;
#1192 = CARTESIAN_POINT ( 'NONE',  ( -1.099999999999999600, -0.4250000000000001600, 1.100000000000000100 ) ) ;
#1193 = CARTESIAN_POINT ( 'NONE',  ( 0.2729131545563061600, -0.005810222533636486900, -1.179999999999999900 ) ) ;
#1194 = CARTESIAN_POINT ( 'NONE',  ( 3.289644660940672400, 0.2999999999999999900, -0.9146446609406726500 ) ) ;
#1195 = VERTEX_POINT ( 'NONE', #3808 ) ;
#1196 = DIRECTION ( 'NONE',  ( -0.0000000000000000000, 1.000000000000000000, -0.0000000000000000000 ) ) ;
#1197 = CIRCLE ( 'NONE', #5083, 0.05000000000000002400 ) ;
#1198 = DIRECTION ( 'NONE',  ( 0.0000000000000000000, 0.0000000000000000000, 1.000000000000000000 ) ) ;
#1199 = CARTESIAN_POINT ( 'NONE',  ( 0.2731707317073172600, -0.01731659506931341300, -1.179999999999999900 ) ) ;
#1200 = PRESENTATION_STYLE_ASSIGNMENT (( #5335 ) ) ;
#1201 =( LENGTH_UNIT ( ) NAMED_UNIT ( * ) SI_UNIT ( .MILLI., .METRE. ) );
#1202 = FACE_OUTER_BOUND ( 'NONE', #2348, .T. ) ;
#1203 = CARTESIAN_POINT ( 'NONE',  ( -0.2105136504150879600, -0.06200978271469219400, -1.180000000000000200 ) ) ;
#1204 = CARTESIAN_POINT ( 'NONE',  ( 3.075000000000000200, -1.825000000000000000, 0.2000000000000000100 ) ) ;
#1205 = ORIENTED_EDGE ( 'NONE', *, *, #1690, .T. ) ;
#1206 = ORIENTED_EDGE ( 'NONE', *, *, #561, .F. ) ;
#1207 = DIRECTION ( 'NONE',  ( 1.000000000000000000, 0.0000000000000000000, 0.0000000000000000000 ) ) ;
#1208 = CARTESIAN_POINT ( 'NONE',  ( 0.2730836270162847500, -0.01342549284735400200, -1.179999999999999700 ) ) ;
#1209 = FACE_BOUND ( 'NONE', #2980, .T. ) ;
#1210 = CARTESIAN_POINT ( 'NONE',  ( -0.2147120676371367400, -0.05292304764480201800, -1.199999999999999700 ) ) ;
#1211 = VERTEX_POINT ( 'NONE', #3444 ) ;
#1212 = AXIS2_PLACEMENT_3D ( 'NONE', #4327, #1873, #738 ) ;
#1213 = CARTESIAN_POINT ( 'NONE',  ( -3.643198051533945500, 0.2999999999999999900, -0.9853553390593271500 ) ) ;
#1214 = VECTOR ( 'NONE', #1994, 1000.000000000000000 ) ;
#1215 = COLOUR_RGB ( '',0.6666666666666666300, 0.6666666666666666300, 0.6666666666666666300 ) ;
#1216 = LINE ( 'NONE', #5613, #2656 ) ;
#1217 = EDGE_CURVE ( 'NONE', #3464, #1696, #4419, .T. ) ;
#1218 = ORIENTED_EDGE ( 'NONE', *, *, #5498, .T. ) ;
#1219 = CARTESIAN_POINT ( 'NONE',  ( 1.100000000000000100, -0.4250000000000001600, 1.100000000000000100 ) ) ;
#1220 = VECTOR ( 'NONE', #2616, 1000.000000000000000 ) ;
#1221 = AXIS2_PLACEMENT_3D ( 'NONE', #1262, #464, #313 ) ;
#1222 = ORIENTED_EDGE ( 'NONE', *, *, #5670, .F. ) ;
#1223 = EDGE_CURVE ( 'NONE', #2263, #3091, #5200, .T. ) ;
#1224 = ORIENTED_EDGE ( 'NONE', *, *, #363, .F. ) ;
#1225 = PLANE ( 'NONE',  #651 ) ;
#1226 = CARTESIAN_POINT ( 'NONE',  ( 1.100000000000000100, -0.4250000000000001600, 1.300000000000000300 ) ) ;
#1227 = DIRECTION ( 'NONE',  ( -0.7071067811865482400, 0.0000000000000000000, -0.7071067811865469100 ) ) ;
#1228 = LINE ( 'NONE', #641, #1242 ) ;
#1229 = UNCERTAINTY_MEASURE_WITH_UNIT (LENGTH_MEASURE( 1.000000000000000100E-005 ), #560, 'distance_accuracy_value', 'NONE');
#1230 = ORIENTED_EDGE ( 'NONE', *, *, #4698, .T. ) ;
#1231 = DIRECTION ( 'NONE',  ( -1.000000000000000000, -0.0000000000000000000, 0.0000000000000000000 ) ) ;
#1232 = B_SPLINE_CURVE_WITH_KNOTS ( 'NONE', 3,
 ( #2580, #2421, #3823, #3229, #1685, #4206, #5532, #5298, #2311, #756, #3636 ),
 .UNSPECIFIED., .F., .F.,
 ( 4, 1, 1, 1, 1, 1, 1, 1, 4 ),
 ( 0.0000000000000000000, 0.1352946047634291400, 0.2667656579247482700, 0.3948160188358723600, 0.5200516544342461700, 0.6421757029708217200, 0.7626518205584234000, 0.8818340043805021900, 1.000000000000000000 ),
 .UNSPECIFIED. ) ;
#1233 = CARTESIAN_POINT ( 'NONE',  ( -3.075000000000000200, 1.825000000000000000, 0.2000000000000000100 ) ) ;
#1234 = CARTESIAN_POINT ( 'NONE',  ( -0.02195121951219506200, -0.1135437292156548900, -1.200000000000000000 ) ) ;
#1235 = DIRECTION ( 'NONE',  ( -0.0000000000000000000, -1.000000000000000000, -0.0000000000000000000 ) ) ;
#1236 = LINE ( 'NONE', #3581, #911 ) ;
#1237 = DIRECTION ( 'NONE',  ( 0.0000000000000000000, 0.0000000000000000000, 1.000000000000000000 ) ) ;
#1238 = DIRECTION ( 'NONE',  ( 0.0000000000000000000, -0.0000000000000000000, 1.000000000000000000 ) ) ;
#1239 = DIRECTION ( 'NONE',  ( -0.0000000000000000000, 0.0000000000000000000, -1.000000000000000000 ) ) ;
#1240 = UNCERTAINTY_MEASURE_WITH_UNIT (LENGTH_MEASURE( 1.000000000000000100E-005 ), #5356, 'distance_accuracy_value', 'NONE');
#1241 = AXIS2_PLACEMENT_3D ( 'NONE', #1916, #1310, #1198 ) ;
#1242 = VECTOR ( 'NONE', #3226, 1000.000000000000000 ) ;
#1243 = EDGE_CURVE ( 'NONE', #5542, #1082, #4728, .T. ) ;
#1244 = ORIENTED_EDGE ( 'NONE', *, *, #1579, .T. ) ;
#1245 = DIRECTION ( 'NONE',  ( 0.9315776194850602400, -0.3635424856527065800, 0.0000000000000000000 ) ) ;
#1246 = VECTOR ( 'NONE', #4423, 1000.000000000000000 ) ;
#1247 = CARTESIAN_POINT ( 'NONE',  ( 0.2669774356148279000, -0.05746190832218713000, -1.200000000000000000 ) ) ;
#1248 = AXIS2_PLACEMENT_3D ( 'NONE', #2116, #2114, #2095 ) ;
#1249 = STYLED_ITEM ( 'NONE', ( #576 ), #4069 ) ;
#1250 = CARTESIAN_POINT ( 'NONE',  ( -3.678553390593272800, 0.2999999999999999900, -0.9999999999999997800 ) ) ;
#1251 = ORIENTED_EDGE ( 'NONE', *, *, #407, .F. ) ;
#1252 = CARTESIAN_POINT ( 'NONE',  ( 0.0000000000000000000, 0.0000000000000000000, 0.0000000000000000000 ) ) ;
#1253 = ORIENTED_EDGE ( 'NONE', *, *, #2766, .T. ) ;
#1254 = DIRECTION ( 'NONE',  ( -1.000000000000000000, 0.0000000000000000000, 0.0000000000000000000 ) ) ;
#1255 = DIRECTION ( 'NONE',  ( 1.000000000000000000, 0.0000000000000000000, -0.0000000000000000000 ) ) ;
#1256 = EDGE_CURVE ( 'NONE', #4453, #4204, #4003, .T. ) ;
#1257 = LINE ( 'NONE', #1057, #2754 ) ;
#1258 = DIRECTION ( 'NONE',  ( 0.3536223923290756100, -0.9353882635801357100, 0.0000000000000000000 ) ) ;
#1259 = PRESENTATION_STYLE_ASSIGNMENT (( #5212 ) ) ;
#1260 = SURFACE_SIDE_STYLE ('',( #1042 ) ) ;
#1261 = ORIENTED_EDGE ( 'NONE', *, *, #3845, .F. ) ;
#1262 = CARTESIAN_POINT ( 'NONE',  ( -1.099999999999999600, 0.0000000000000000000, 1.100000000000000100 ) ) ;
#1263 = DIRECTION ( 'NONE',  ( 0.0000000000000000000, 0.0000000000000000000, -1.000000000000000000 ) ) ;
#1264 = CARTESIAN_POINT ( 'NONE',  ( 1.617157287525381500, 0.8249999999999997300, 0.6500000000000000200 ) ) ;
#1265 =( GEOMETRIC_REPRESENTATION_CONTEXT ( 3 ) GLOBAL_UNCERTAINTY_ASSIGNED_CONTEXT ( ( #3759 ) ) GLOBAL_UNIT_ASSIGNED_CONTEXT ( ( #3199, #33, #994 ) ) REPRESENTATION_CONTEXT ( 'NONE', 'WORKASPACE' ) );
#1266 = EDGE_CURVE ( 'NONE', #2621, #5422, #3490, .T. ) ;
#1267 = ORIENTED_EDGE ( 'NONE', *, *, #6009, .F. ) ;
#1268 = CARTESIAN_POINT ( 'NONE',  ( 3.501776695296635800, 0.2999999999999999900, -1.126776695296636300 ) ) ;
#1269 = CARTESIAN_POINT ( 'NONE',  ( -0.1992361283945291700, -0.07840880313888376500, -1.179999999999999900 ) ) ;
#1270 = CARTESIAN_POINT ( 'NONE',  ( -0.2053082384823554700, -0.07048349811935096500, -1.199999999999999500 ) ) ;
#1271 = PLANE ( 'NONE',  #5397 ) ;
#1272 =( NAMED_UNIT ( * ) SI_UNIT ( $, .STERADIAN. ) SOLID_ANGLE_UNIT ( ) );
#1273 = CARTESIAN_POINT ( 'NONE',  ( -0.4170731707317072400, -0.1135437292156548900, -1.179999999999999900 ) ) ;
#1274 = EDGE_CURVE ( 'NONE', #1319, #778, #28, .T. ) ;
#1275 = DIRECTION ( 'NONE',  ( 0.0000000000000000000, -1.000000000000000000, 0.0000000000000000000 ) ) ;
#1276 = ORIENTED_EDGE ( 'NONE', *, *, #5171, .F. ) ;
#1277 = UNCERTAINTY_MEASURE_WITH_UNIT (LENGTH_MEASURE( 1.000000000000000100E-005 ), #1045, 'distance_accuracy_value', 'NONE');
#1278 = AXIS2_PLACEMENT_3D ( 'NONE', #1192, #5913, #1986 ) ;
#1279 =( NAMED_UNIT ( * ) PLANE_ANGLE_UNIT ( ) SI_UNIT ( $, .RADIAN. ) );
#1280 = ORIENTED_EDGE ( 'NONE', *, *, #5049, .T. ) ;
#1281 = EDGE_CURVE ( 'NONE', #2567, #3814, #3967, .T. ) ;
#1282 = ORIENTED_EDGE ( 'NONE', *, *, #66, .T. ) ;
#1283 = CARTESIAN_POINT ( 'NONE',  ( 0.0000000000000000000, 0.0000000000000000000, -1.179999999999999900 ) ) ;
#1284 = EDGE_LOOP ( 'NONE', ( #5958, #390, #3128, #4773 ) ) ;
#1285 = CARTESIAN_POINT ( 'NONE',  ( 0.1243902439024392300, -0.08122665604492318400, -1.179999999999999900 ) ) ;
#1286 = DIRECTION ( 'NONE',  ( -1.000000000000000000, 0.0000000000000000000, 0.0000000000000000000 ) ) ;
#1287 = LINE ( 'NONE', #4007, #2410 ) ;
#1288 = CARTESIAN_POINT ( 'NONE',  ( 0.2731707317073172600, -0.01731659506931341300, -1.179999999999999900 ) ) ;
#1289 = EDGE_CURVE ( 'NONE', #5112, #2990, #2369, .T. ) ;
#1290 = EDGE_LOOP ( 'NONE', ( #3483, #4853, #4211, #1668 ) ) ;
#1291 = FILL_AREA_STYLE_COLOUR ( '', #5502 ) ;
#1292 =( LENGTH_UNIT ( ) NAMED_UNIT ( * ) SI_UNIT ( .MILLI., .METRE. ) );
#1293 = ORIENTED_EDGE ( 'NONE', *, *, #6017, .F. ) ;
#1294 = UNCERTAINTY_MEASURE_WITH_UNIT (LENGTH_MEASURE( 1.000000000000000100E-005 ), #3240, 'distance_accuracy_value', 'NONE');
#1295 = MECHANICAL_DESIGN_GEOMETRIC_PRESENTATION_REPRESENTATION (  '', ( #1387 ), #1265 ) ;
#1296 = EDGE_LOOP ( 'NONE', ( #763, #5230, #5890, #405 ) ) ;
#1297 = DIRECTION ( 'NONE',  ( -1.000000000000000000, 0.0000000000000000000, 0.0000000000000000000 ) ) ;
#1298 = ORIENTED_EDGE ( 'NONE', *, *, #1274, .F. ) ;
#1299 = CARTESIAN_POINT ( 'NONE',  ( 3.289644660940672400, 0.2999999999999999900, -0.9146446609406726500 ) ) ;
#1300 = ORIENTED_EDGE ( 'NONE', *, *, #5878, .F. ) ;
#1301 = PLANE ( 'NONE',  #4683 ) ;
#1302 = DIRECTION ( 'NONE',  ( -0.0000000000000000000, -0.0000000000000000000, 1.000000000000000000 ) ) ;
#1303 = VECTOR ( 'NONE', #4002, 1000.000000000000000 ) ;
#1304 = EDGE_CURVE ( 'NONE', #3726, #2112, #5572, .T. ) ;
#1305 = VERTEX_POINT ( 'NONE', #697 ) ;
#1306 = CARTESIAN_POINT ( 'NONE',  ( 2.774999999999999900, 1.825000000000000000, -1.200000000000000000 ) ) ;
#1307 = EDGE_LOOP ( 'NONE', ( #5548, #4511, #2585, #5783 ) ) ;
#1308 = VECTOR ( 'NONE', #68, 1000.000000000000000 ) ;
#1309 = SURFACE_STYLE_USAGE ( .BOTH. , #1317 ) ;
#1310 = DIRECTION ( 'NONE',  ( -1.000000000000000000, 0.0000000000000000000, 0.0000000000000000000 ) ) ;
#1311 = COLOUR_RGB ( '',0.2980392156862745100, 0.2980392156862745100, 0.2980392156862745100 ) ;
#1312 = CARTESIAN_POINT ( 'NONE',  ( 2.774999999999999900, -1.525000000000000100, 0.2000000000000000100 ) ) ;
#1313 = CARTESIAN_POINT ( 'NONE',  ( -3.678553390593272800, 0.2999999999999999900, -1.199999999999999700 ) ) ;
#1314 = VERTEX_POINT ( 'NONE', #1360 ) ;
#1315 = CARTESIAN_POINT ( 'NONE',  ( -0.2219512195121949900, -0.01102848531321586100, -1.179999999999999900 ) ) ;
#1316 = DIRECTION ( 'NONE',  ( -1.000000000000000000, 0.0000000000000000000, 0.0000000000000000000 ) ) ;
#1317 = SURFACE_SIDE_STYLE ('',( #3734 ) ) ;
#1318 =( NAMED_UNIT ( * ) PLANE_ANGLE_UNIT ( ) SI_UNIT ( $, .RADIAN. ) );
#1319 = VERTEX_POINT ( 'NONE', #3415 ) ;
#1320 = EDGE_CURVE ( 'NONE', #2986, #2806, #5497, .T. ) ;
#1321 = FACE_OUTER_BOUND ( 'NONE', #267, .T. ) ;
#1322 = ORIENTED_EDGE ( 'NONE', *, *, #4107, .T. ) ;
#1323 = LINE ( 'NONE', #1913, #1359 ) ;
#1324 = DIRECTION ( 'NONE',  ( -1.000000000000000000, 0.0000000000000000000, 0.0000000000000000000 ) ) ;
#1325 = AXIS2_PLACEMENT_3D ( 'NONE', #3753, #1859, #3064 ) ;
#1326 = CARTESIAN_POINT ( 'NONE',  ( 1.100000000000000100, 0.4249999999999999300, 1.100000000000000100 ) ) ;
#1327 = EDGE_LOOP ( 'NONE', ( #4264, #3475, #4466, #4523 ) ) ;
#1328 = VECTOR ( 'NONE', #5251, 1000.000000000000000 ) ;
#1329 = DIRECTION ( 'NONE',  ( 1.000000000000000000, 0.0000000000000000000, -0.0000000000000000000 ) ) ;
#1330 = FILL_AREA_STYLE ('',( #1551 ) ) ;
#1331 = CARTESIAN_POINT ( 'NONE',  ( -0.1191863751031185100, -0.1134744681404237800, -1.199999999999999700 ) ) ;
#1332 = DIRECTION ( 'NONE',  ( -0.0000000000000000000, -1.000000000000000000, -0.0000000000000000000 ) ) ;
#1333 = ORIENTED_EDGE ( 'NONE', *, *, #3395, .F. ) ;
#1334 = CARTESIAN_POINT ( 'NONE',  ( 0.2462858994446090200, -0.01860211669627254100, -1.179999999999999700 ) ) ;
#1335 = ADVANCED_FACE ( 'NONE', ( #5832 ), #1634, .F. ) ;
#1336 =( GEOMETRIC_REPRESENTATION_CONTEXT ( 3 ) GLOBAL_UNCERTAINTY_ASSIGNED_CONTEXT ( ( #2200 ) ) GLOBAL_UNIT_ASSIGNED_CONTEXT ( ( #2138, #2136, #2129 ) ) REPRESENTATION_CONTEXT ( 'NONE', 'WORKASPACE' ) );
#1337 = CARTESIAN_POINT ( 'NONE',  ( 0.1712271341463416600, 0.06694407566239389500, -1.179999999999999900 ) ) ;
#1338 = VECTOR ( 'NONE', #3745, 1000.000000000000000 ) ;
#1339 = ORIENTED_EDGE ( 'NONE', *, *, #496, .F. ) ;
#1340 = EDGE_CURVE ( 'NONE', #1433, #1987, #5448, .T. ) ;
#1341 = DIRECTION ( 'NONE',  ( -0.9353882635801357100, -0.3536223923290756100, 0.0000000000000000000 ) ) ;
#1342 = VERTEX_POINT ( 'NONE', #1686 ) ;
#1343 = CARTESIAN_POINT ( 'NONE',  ( -0.1792255673425968100, -0.06509980466140129200, -1.200000000000000000 ) ) ;
#1344 = DIRECTION ( 'NONE',  ( -0.7071067811865489100, 0.0000000000000000000, 0.7071067811865462400 ) ) ;
#1345 = CIRCLE ( 'NONE', #4128, 0.2999999999999999300 ) ;
#1346 = ORIENTED_EDGE ( 'NONE', *, *, #1105, .F. ) ;
#1347 = MECHANICAL_DESIGN_GEOMETRIC_PRESENTATION_REPRESENTATION (  '', ( #1377 ), #1336 ) ;
#1349 = CARTESIAN_POINT ( 'NONE',  ( 1.100000000000000100, -0.6250000000000001100, 1.300000000000000300 ) ) ;
#1348 = PRESENTATION_LAYER_ASSIGNMENT (  '', '', ( #1387 ) ) ;
#1350 = EDGE_CURVE ( 'NONE', #749, #1314, #2803, .T. ) ;
#1351 = DIRECTION ( 'NONE',  ( 0.0000000000000000000, -0.0000000000000000000, 1.000000000000000000 ) ) ;
#1352 =( NAMED_UNIT ( * ) SI_UNIT ( $, .STERADIAN. ) SOLID_ANGLE_UNIT ( ) );
#1353 = DIRECTION ( 'NONE',  ( -1.000000000000000000, -0.0000000000000000000, 0.0000000000000000000 ) ) ;
#1354 = DIRECTION ( 'NONE',  ( 0.7071067811865489100, 0.0000000000000000000, -0.7071067811865462400 ) ) ;
#1355 = CARTESIAN_POINT ( 'NONE',  ( 0.2437348181486488900, -0.04052997060851867100, -1.180000000000000400 ) ) ;
#1356 = UNCERTAINTY_MEASURE_WITH_UNIT (LENGTH_MEASURE( 1.000000000000000100E-005 ), #1554, 'distance_accuracy_value', 'NONE');
#1357 = APPLICATION_CONTEXT ( 'automotive_design' ) ;
#1358 = CARTESIAN_POINT ( 'NONE',  ( -0.1191863751031185100, -0.1134744681404237800, -1.179999999999999900 ) ) ;
#1359 = VECTOR ( 'NONE', #2460, 1000.000000000000000 ) ;
#1360 = CARTESIAN_POINT ( 'NONE',  ( -0.2916920731707316500, -0.03549494872785000800, -1.179999999999999900 ) ) ;
#1361 = ORIENTED_EDGE ( 'NONE', *, *, #4314, .T. ) ;
#1362 = CARTESIAN_POINT ( 'NONE',  ( -0.1674198854592013900, -0.1027744550066324000, -1.179999999999999900 ) ) ;
#1363 = FACE_OUTER_BOUND ( 'NONE', #3036, .T. ) ;
#1364 = EDGE_CURVE ( 'NONE', #5499, #1715, #4943, .T. ) ;
#1365 = LINE ( 'NONE', #1268, #891 ) ;
#1366 = CARTESIAN_POINT ( 'NONE',  ( -0.1376608099054488200, -0.1119430388331171100, -1.179999999999999900 ) ) ;
#1367 = ORIENTED_EDGE ( 'NONE', *, *, #4765, .T. ) ;
#1368 = CARTESIAN_POINT ( 'NONE',  ( -0.1481230814520069500, -0.1098200431419019300, -1.200000000000000000 ) ) ;
#1369 = DIRECTION ( 'NONE',  ( 0.7071067811865462400, 0.0000000000000000000, 0.7071067811865489100 ) ) ;
#1370 = AXIS2_PLACEMENT_3D ( 'NONE', #2107, #2227, #2194 ) ;
#1371 = SURFACE_STYLE_FILL_AREA ( #3859 ) ;
#1372 = LINE ( 'NONE', #3791, #1338 ) ;
#1373 = ORIENTED_EDGE ( 'NONE', *, *, #2608, .F. ) ;
#1374 = CARTESIAN_POINT ( 'NONE',  ( -0.3247332317073169900, 0.06206602688190609300, -1.200000000000000000 ) ) ;
#1375 = CARTESIAN_POINT ( 'NONE',  ( 1.700000000000000400, -0.8249999999999998400, 0.6500000000000000200 ) ) ;
#1376 = FILL_AREA_STYLE_COLOUR ( '', #2869 ) ;
#1377 = STYLED_ITEM ( 'NONE', ( #1109 ), #1671 ) ;
#1378 = ORIENTED_EDGE ( 'NONE', *, *, #1289, .F. ) ;
#1379 = CARTESIAN_POINT ( 'NONE',  ( -0.1481230814520069500, -0.1098200431419019300, -1.180000000000000200 ) ) ;
#1380 = EDGE_CURVE ( 'NONE', #6116, #2971, #5424, .T. ) ;
#1381 = LINE ( 'NONE', #2908, #3297 ) ;
#1382 = LINE ( 'NONE', #4561, #5100 ) ;
#1383 = DIRECTION ( 'NONE',  ( 1.000000000000000000, 0.0000000000000000000, 0.0000000000000000000 ) ) ;
#1384 = PLANE ( 'NONE',  #5461 ) ;
#1385 = ORIENTED_EDGE ( 'NONE', *, *, #2030, .F. ) ;
#1386 = CARTESIAN_POINT ( 'NONE',  ( 0.2693347597384503400, 0.01588396823282908800, -1.179999999999999900 ) ) ;
#1387 = STYLED_ITEM ( 'NONE', ( #75 ), #4010 ) ;
#1388 = CARTESIAN_POINT ( 'NONE',  ( -0.1580284637666989900, -0.1067018925292449500, -1.199999999999999500 ) ) ;
#1389 = UNCERTAINTY_MEASURE_WITH_UNIT (LENGTH_MEASURE( 1.000000000000000100E-005 ), #3953, 'distance_accuracy_value', 'NONE');
#1390 = CARTESIAN_POINT ( 'NONE',  ( -0.1580284637666989900, -0.1067018925292449500, -1.179999999999999700 ) ) ;
#1391 = CARTESIAN_POINT ( 'NONE',  ( -3.678553390593272800, 0.2999999999999999900, -0.9999999999999997800 ) ) ;
#1392 = FILL_AREA_STYLE ('',( #589 ) ) ;
#1393 =( NAMED_UNIT ( * ) SI_UNIT ( $, .STERADIAN. ) SOLID_ANGLE_UNIT ( ) );
#1394 = EDGE_CURVE ( 'NONE', #3091, #2734, #4329, .T. ) ;
#1395 = ORIENTED_EDGE ( 'NONE', *, *, #88, .T. ) ;
#1396 = CARTESIAN_POINT ( 'NONE',  ( 0.1510278526202540300, -0.1132082203166378800, -1.179999999999999900 ) ) ;
#1397 = ADVANCED_FACE ( 'NONE', ( #5405 ), #2669, .T. ) ;
#1398 = CARTESIAN_POINT ( 'NONE',  ( -0.1674198854592013900, -0.1027744550066324000, -1.199999999999999700 ) ) ;
#1399 =( NAMED_UNIT ( * ) PLANE_ANGLE_UNIT ( ) SI_UNIT ( $, .RADIAN. ) );
#1400 = ORIENTED_EDGE ( 'NONE', *, *, #858, .F. ) ;
#1401 = VECTOR ( 'NONE', #1932, 1000.000000000000000 ) ;
#1402 = DIRECTION ( 'NONE',  ( 0.0000000000000000000, 0.0000000000000000000, 1.000000000000000000 ) ) ;
#1403 = EDGE_CURVE ( 'NONE', #880, #493, #2982, .T. ) ;
#1404 = CARTESIAN_POINT ( 'NONE',  ( -0.1153582317073169100, -0.1135437292156548900, -1.199999999999999700 ) ) ;
#1405 = VECTOR ( 'NONE', #4103, 1000.000000000000000 ) ;
#1406 = UNCERTAINTY_MEASURE_WITH_UNIT (LENGTH_MEASURE( 1.000000000000000100E-005 ), #2165, 'distance_accuracy_value', 'NONE');
#1407 = DIRECTION ( 'NONE',  ( -0.0000000000000000000, -0.0000000000000000000, -1.000000000000000000 ) ) ;
#1408 =( LENGTH_UNIT ( ) NAMED_UNIT ( * ) SI_UNIT ( .MILLI., .METRE. ) );
#1409 = SURFACE_STYLE_USAGE ( .BOTH. , #1420 ) ;
#1410 = CARTESIAN_POINT ( 'NONE',  ( -0.2365853658536584700, -0.1135437292156548900, -1.179999999999999900 ) ) ;
#1411 = ORIENTED_EDGE ( 'NONE', *, *, #820, .T. ) ;
#1412 = CARTESIAN_POINT ( 'NONE',  ( -0.1376608099054488200, -0.1119430388331171100, -1.179999999999999900 ) ) ;
#1414 = ADVANCED_FACE ( 'NONE', ( #1514 ), #4026, .T. ) ;
#1413 = SURFACE_STYLE_FILL_AREA ( #2752 ) ;
#1415 = CARTESIAN_POINT ( 'NONE',  ( 0.1714319716451942200, -0.1158890588963806000, -1.179999999999999900 ) ) ;
#1416 = EDGE_LOOP ( 'NONE', ( #5637, #1010, #611, #1905, #37, #175, #119, #5565 ) ) ;
#1417 = PRESENTATION_LAYER_ASSIGNMENT (  '', '', ( #1377 ) ) ;
#1418 = CARTESIAN_POINT ( 'NONE',  ( -0.1762809209111886600, -0.09796758987420398100, -1.180000000000000600 ) ) ;
#1419 = PRODUCT_RELATED_PRODUCT_CATEGORY ( 'part', '', ( #797 ) ) ;
#1420 = SURFACE_SIDE_STYLE ('',( #2496 ) ) ;
#1421 = CARTESIAN_POINT ( 'NONE',  ( -0.1192101600957778400, -0.09152736792010191000, -1.200000000000000000 ) ) ;
#1422 = ORIENTED_EDGE ( 'NONE', *, *, #476, .T. ) ;
#1423 = CARTESIAN_POINT ( 'NONE',  ( 0.2437348181486488900, -0.04052997060851867100, -1.200000000000000400 ) ) ;
#1424 = CARTESIAN_POINT ( 'NONE',  ( -0.1845358881672223300, -0.09218222742222184600, -1.199999999999999300 ) ) ;
#1425 =( GEOMETRIC_REPRESENTATION_CONTEXT ( 3 ) GLOBAL_UNCERTAINTY_ASSIGNED_CONTEXT ( ( #647 ) ) GLOBAL_UNIT_ASSIGNED_CONTEXT ( ( #2219, #2206, #2204 ) ) REPRESENTATION_CONTEXT ( 'NONE', 'WORKASPACE' ) );
#1427 = FILL_AREA_STYLE ('',( #1439 ) ) ;
#1426 = AXIS2_PLACEMENT_3D ( 'NONE', #1643, #1611, #1596 ) ;
#1428 = CARTESIAN_POINT ( 'NONE',  ( 0.1526736900652979100, 0.06523753399202869600, -1.180000000000000200 ) ) ;
#1429 = PLANE ( 'NONE',  #5438 ) ;
#1430 = CARTESIAN_POINT ( 'NONE',  ( -0.1845358881672223300, -0.09218222742222184600, -1.179999999999999500 ) ) ;
#1431 = CARTESIAN_POINT ( 'NONE',  ( -0.1922557184808550400, -0.08567711459250157400, -1.180000000000000400 ) ) ;
#1432 = DIRECTION ( 'NONE',  ( -0.0000000000000000000, -0.0000000000000000000, 1.000000000000000000 ) ) ;
#1433 = VERTEX_POINT ( 'NONE', #3539 ) ;
#1434 = AXIS2_PLACEMENT_3D ( 'NONE', #2130, #2636, #2124 ) ;
#1435 = EDGE_CURVE ( 'NONE', #3017, #3464, #5286, .T. ) ;
#1436 = VECTOR ( 'NONE', #2307, 1000.000000000000000 ) ;
#1437 = APPLICATION_PROTOCOL_DEFINITION ( 'draft international standard', 'automotive_design', 1998, #1357 ) ;
#1438 = CARTESIAN_POINT ( 'NONE',  ( -0.2219512195121949900, -0.01102848531321586100, -1.179999999999999900 ) ) ;
#1439 = FILL_AREA_STYLE_COLOUR ( '', #2479 ) ;
#1440 = ORIENTED_EDGE ( 'NONE', *, *, #1281, .T. ) ;
#1441 = CARTESIAN_POINT ( 'NONE',  ( -0.1563050106243020200, -0.08349138648533764600, -1.199999999999999700 ) ) ;
#1442 = DIRECTION ( 'NONE',  ( -1.000000000000000000, 0.0000000000000000000, -0.0000000000000000000 ) ) ;
#1443 = LINE ( 'NONE', #5693, #5487 ) ;
#1444 = DIRECTION ( 'NONE',  ( 1.000000000000000000, 0.0000000000000000000, 0.0000000000000000000 ) ) ;
#1445 =( LENGTH_UNIT ( ) NAMED_UNIT ( * ) SI_UNIT ( .MILLI., .METRE. ) );
#1446 = CARTESIAN_POINT ( 'NONE',  ( -0.1376608099054488200, -0.1119430388331171100, -1.199999999999999700 ) ) ;
#1447 = ORIENTED_EDGE ( 'NONE', *, *, #328, .T. ) ;
#1448 = ADVANCED_FACE ( 'NONE', ( #4707 ), #4241, .T. ) ;
#1449 = PRESENTATION_STYLE_ASSIGNMENT (( #5788 ) ) ;
#1450 = CARTESIAN_POINT ( 'NONE',  ( -0.1922557184808550400, -0.08567711459250157400, -1.200000000000000200 ) ) ;
#1451 = CARTESIAN_POINT ( 'NONE',  ( -0.1153582317073169100, -0.1135437292156548900, -1.179999999999999900 ) ) ;
#1452 = PRESENTATION_STYLE_ASSIGNMENT (( #3445 ) ) ;
#1453 = CARTESIAN_POINT ( 'NONE',  ( 3.075000000000000200, -0.2999999999999999900, -0.9000000000000000200 ) ) ;
#1454 = ORIENTED_EDGE ( 'NONE', *, *, #4503, .T. ) ;
#1455 = MECHANICAL_DESIGN_GEOMETRIC_PRESENTATION_REPRESENTATION (  '', ( #1547 ), #1425 ) ;
#1456 = PRODUCT_DEFINITION_FORMATION_WITH_SPECIFIED_SOURCE ( '任何', '', #797, .NOT_KNOWN. ) ;
#1457 = DIRECTION ( 'NONE',  ( 0.0000000000000000000, 1.000000000000000000, 0.0000000000000000000 ) ) ;
#1458 = FACE_OUTER_BOUND ( 'NONE', #1814, .T. ) ;
#1459 = ADVANCED_FACE ( 'NONE', ( #5260 ), #4850, .T. ) ;
#1460 = EDGE_CURVE ( 'NONE', #3927, #258, #5307, .T. ) ;
#1461 = CARTESIAN_POINT ( 'NONE',  ( 2.774999999999999900, 1.525000000000000100, 0.2000000000000000100 ) ) ;
#1462 = EDGE_LOOP ( 'NONE', ( #121, #3826, #564, #3472 ) ) ;
#1463 = CARTESIAN_POINT ( 'NONE',  ( -0.1992361283945291700, -0.07840880313888376500, -1.199999999999999700 ) ) ;
#1464 = FACE_OUTER_BOUND ( 'NONE', #5922, .T. ) ;
#1465 = LINE ( 'NONE', #2944, #6090 ) ;
#1466 = FILL_AREA_STYLE_COLOUR ( '', #3540 ) ;
#1467 = PRESENTATION_LAYER_ASSIGNMENT (  '', '', ( #1547 ) ) ;
#1468 = AXIS2_PLACEMENT_3D ( 'NONE', #3482, #4288, #4122 ) ;
#1469 = CARTESIAN_POINT ( 'NONE',  ( 0.1343627100127046900, 0.08449587074710011900, -1.180000000000000200 ) ) ;
#1470 = ORIENTED_EDGE ( 'NONE', *, *, #3979, .F. ) ;
#1471 = PRODUCT_DEFINITION ( '未知', '', #1456, #6104 ) ;
#1472 = EDGE_CURVE ( 'NONE', #5811, #5662, #5239, .T. ) ;
#1473 = COLOUR_RGB ( '',0.6666666666666666300, 0.6666666666666666300, 0.6666666666666666300 ) ;
#1474 =( NAMED_UNIT ( * ) PLANE_ANGLE_UNIT ( ) SI_UNIT ( $, .RADIAN. ) );
#1475 = CARTESIAN_POINT ( 'NONE',  ( 3.431066017177982100, 0.2999999999999999900, -0.7732233047033633100 ) ) ;
#1476 = DIRECTION ( 'NONE',  ( 0.3635424856527065300, 0.9315776194850601300, 0.0000000000000000000 ) ) ;
#1477 = CARTESIAN_POINT ( 'NONE',  ( -3.075000000000000200, 1.525000000000000100, 0.0000000000000000000 ) ) ;
#1478 = EDGE_LOOP ( 'NONE', ( #3400, #4528, #5898, #2512 ) ) ;
#1479 = SURFACE_STYLE_USAGE ( .BOTH. , #1496 ) ;
#1480 = DIRECTION ( 'NONE',  ( -1.000000000000000000, 0.0000000000000000000, -0.0000000000000000000 ) ) ;
#1481 = EDGE_CURVE ( 'NONE', #778, #882, #3109, .T. ) ;
#1482 = ORIENTED_EDGE ( 'NONE', *, *, #5598, .F. ) ;
#1483 = CARTESIAN_POINT ( 'NONE',  ( 0.2715581314191414200, 0.005325169141790062600, -1.179999999999999500 ) ) ;
#1484 = VERTEX_POINT ( 'NONE', #2902 ) ;
#1485 = COLOUR_RGB ( '',0.6666666666666666300, 0.6666666666666666300, 0.6666666666666666300 ) ;
#1486 = ADVANCED_FACE ( 'NONE', ( #5221 ), #3125, .T. ) ;
#1487 = CARTESIAN_POINT ( 'NONE',  ( 0.05853658536585373100, -0.001348607264435366800, -1.179999999999999900 ) ) ;
#1488 = CIRCLE ( 'NONE', #5459, 0.01715728752538117600 ) ;
#1489 = DIRECTION ( 'NONE',  ( 0.0000000000000000000, 0.0000000000000000000, -1.000000000000000000 ) ) ;
#1490 = SURFACE_SIDE_STYLE ('',( #2987 ) ) ;
#1491 = EDGE_LOOP ( 'NONE', ( #4408, #2577, #4831, #127 ) ) ;
#1492 = SURFACE_SIDE_STYLE ('',( #1817 ) ) ;
#1493 = VERTEX_POINT ( 'NONE', #3250 ) ;
#1494 = LINE ( 'NONE', #2634, #1889 ) ;
#1495 = ORIENTED_EDGE ( 'NONE', *, *, #5447, .T. ) ;
#1496 = SURFACE_SIDE_STYLE ('',( #4392 ) ) ;
#1497 = CARTESIAN_POINT ( 'NONE',  ( 3.678553390593272800, 0.2999999999999999900, -1.200000000000000000 ) ) ;
#1498 = VERTEX_POINT ( 'NONE', #3328 ) ;
#1499 = DIRECTION ( 'NONE',  ( 0.0000000000000000000, 0.0000000000000000000, 1.000000000000000000 ) ) ;
#1500 = DIRECTION ( 'NONE',  ( -1.000000000000000000, 0.0000000000000000000, 0.0000000000000000000 ) ) ;
#1501 = LINE ( 'NONE', #643, #4372 ) ;
#1502 = AXIS2_PLACEMENT_3D ( 'NONE', #1252, #1237, #1207 ) ;
#1503 = ORIENTED_EDGE ( 'NONE', *, *, #4580, .F. ) ;
#1504 = PLANE ( 'NONE',  #1059 ) ;
#1505 =( NAMED_UNIT ( * ) SI_UNIT ( $, .STERADIAN. ) SOLID_ANGLE_UNIT ( ) );
#1506 = VECTOR ( 'NONE', #3211, 1000.000000000000200 ) ;
#1507 = EDGE_LOOP ( 'NONE', ( #801, #5749, #4623, #3278, #4677, #2762, #4366, #2927 ) ) ;
#1508 = AXIS2_PLACEMENT_3D ( 'NONE', #2287, #2272, #2264 ) ;
#1509 = CARTESIAN_POINT ( 'NONE',  ( 0.2729858971236830400, -0.02803324754007206400, -1.200000000000000200 ) ) ;
#1510 =( NAMED_UNIT ( * ) PLANE_ANGLE_UNIT ( ) SI_UNIT ( $, .RADIAN. ) );
#1511 =( LENGTH_UNIT ( ) NAMED_UNIT ( * ) SI_UNIT ( .MILLI., .METRE. ) );
#1512 = EDGE_CURVE ( 'NONE', #397, #5401, #5136, .T. ) ;
#1513 = ADVANCED_FACE ( 'NONE', ( #5131 ), #5036, .T. ) ;
#1514 = FACE_OUTER_BOUND ( 'NONE', #6056, .T. ) ;
#1515 = CARTESIAN_POINT ( 'NONE',  ( -0.1951219512195120400, -0.01160013165467927600, -1.200000000000000000 ) ) ;
#1516 = ORIENTED_EDGE ( 'NONE', *, *, #4272, .F. ) ;
#1517 = CARTESIAN_POINT ( 'NONE',  ( -0.2147120676371367400, -0.05292304764480201800, -1.179999999999999900 ) ) ;
#1518 = CARTESIAN_POINT ( 'NONE',  ( 0.2089838106797312100, -0.1123536829246697300, -1.200000000000000200 ) ) ;
#1519 = CARTESIAN_POINT ( 'NONE',  ( 0.2669774356148279000, -0.05746190832218713000, -1.200000000000000000 ) ) ;
#1520 = VECTOR ( 'NONE', #1648, 1000.000000000000000 ) ;
#1521 = UNCERTAINTY_MEASURE_WITH_UNIT (LENGTH_MEASURE( 1.000000000000000100E-005 ), #1201, 'distance_accuracy_value', 'NONE');
#1522 = EDGE_CURVE ( 'NONE', #5622, #4326, #4998, .T. ) ;
#1523 = DIRECTION ( 'NONE',  ( 0.0000000000000000000, 1.000000000000000000, 0.0000000000000000000 ) ) ;
#1524 = CARTESIAN_POINT ( 'NONE',  ( -0.2179548200091542800, -0.04325649067704729500, -1.199999999999999500 ) ) ;
#1525 = ORIENTED_EDGE ( 'NONE', *, *, #3788, .T. ) ;
#1526 = CARTESIAN_POINT ( 'NONE',  ( -0.2202649592258531000, -0.03301708408859355100, -1.180000000000000200 ) ) ;
#1527 =( LENGTH_UNIT ( ) NAMED_UNIT ( * ) SI_UNIT ( .MILLI., .METRE. ) );
#1528 = VECTOR ( 'NONE', #5146, 1000.000000000000100 ) ;
#1529 = CARTESIAN_POINT ( 'NONE',  ( -0.1677345941291268300, 0.07630056298621640300, -1.180000000000000200 ) ) ;
#1530 = ORIENTED_EDGE ( 'NONE', *, *, #1550, .F. ) ;
#1531 = ORIENTED_EDGE ( 'NONE', *, *, #1481, .T. ) ;
#1532 = CARTESIAN_POINT ( 'NONE',  ( -0.2365853658536584700, -0.1135437292156548900, -1.179999999999999900 ) ) ;
#1533 = FILL_AREA_STYLE_COLOUR ( '', #4694 ) ;
#1534 = FACE_BOUND ( 'NONE', #1507, .T. ) ;
#1535 = CARTESIAN_POINT ( 'NONE',  ( -3.075000000000000200, 0.2999999999999999900, -0.6999999999999999600 ) ) ;
#1536 = FACE_OUTER_BOUND ( 'NONE', #2280, .T. ) ;
#1537 = VECTOR ( 'NONE', #711, 1000.000000000000000 ) ;
#1538 = CARTESIAN_POINT ( 'NONE',  ( -0.2217121149522585700, -0.02221064507284789900, -1.179999999999999700 ) ) ;
#1539 =( NAMED_UNIT ( * ) SI_UNIT ( $, .STERADIAN. ) SOLID_ANGLE_UNIT ( ) );
#1540 = ORIENTED_EDGE ( 'NONE', *, *, #3040, .F. ) ;
#1541 = CARTESIAN_POINT ( 'NONE',  ( -0.1585601673193921300, 0.07998956789524848400, -1.180000000000000200 ) ) ;
#1542 = CARTESIAN_POINT ( 'NONE',  ( 0.3926829268292683600, -0.1135437292156548900, -1.200000000000000000 ) ) ;
#1543 = LINE ( 'NONE', #895, #1537 ) ;
#1544 = CARTESIAN_POINT ( 'NONE',  ( -0.2202649592258531000, -0.03301708408859355100, -1.200000000000000000 ) ) ;
#1545 = PRESENTATION_STYLE_ASSIGNMENT (( #1562 ) ) ;
#1546 =( NAMED_UNIT ( * ) PLANE_ANGLE_UNIT ( ) SI_UNIT ( $, .RADIAN. ) );
#1547 = STYLED_ITEM ( 'NONE', ( #1259 ), #1670 ) ;
#1548 = VERTEX_POINT ( 'NONE', #2946 ) ;
#1549 = LINE ( 'NONE', #1391, #1520 ) ;
#1550 = EDGE_CURVE ( 'NONE', #1018, #5522, #5616, .T. ) ;
#1551 = FILL_AREA_STYLE_COLOUR ( '', #3742 ) ;
#1552 = CARTESIAN_POINT ( 'NONE',  ( 0.2142771460047636600, 0.05444666900924229800, -1.180000000000000400 ) ) ;
#1553 = B_SPLINE_SURFACE_WITH_KNOTS ( 'NONE', 3, 1, ( 
 ( #1337, #5242 ),
 ( #5785, #1110 ),
 ( #1116, #1927 ),
 ( #1893, #1025 ),
 ( #1017, #1011 ),
 ( #1007, #1002 ),
 ( #986, #985 ),
 ( #1552, #980 ),
 ( #974, #967 ),
 ( #964, #957 ),
 ( #955, #4157 ),
 ( #949, #940 ),
 ( #930, #929 ),
 ( #921, #894 ),
 ( #892, #883 ),
 ( #881, #873 ),
 ( #863, #852 ),
 ( #829, #825 ),
 ( #822, #5225 ) ),
 .UNSPECIFIED., .F., .F., .F.,
 ( 4, 1, 1, 1, 1, 1, 1, 1, 1, 1, 1, 1, 1, 1, 1, 1, 4 ),
 ( 2, 2 ),
 ( 0.0000000000000000000, 0.06460397028839211200, 0.1267024139629471500, 0.1867568140356181700, 0.2455056873654373200, 0.3036520244499753000, 0.3615030739706253100, 0.4202402229284674700, 0.4800333407766961800, 0.5406781347755159600, 0.6011918063807817300, 0.6623335024774423800, 0.7247395102972318300, 0.7894677361728866800, 0.8565048600438307500, 0.9263120958391902700, 1.000000000000000000 ),
 ( 0.0000000000000000000, 1.000000000000000000 ),
 .UNSPECIFIED. ) ;
#1554 =( LENGTH_UNIT ( ) NAMED_UNIT ( * ) SI_UNIT ( .MILLI., .METRE. ) );
#1555 = LINE ( 'NONE', #3344, #2501 ) ;
#1556 = CARTESIAN_POINT ( 'NONE',  ( -0.1950529280154327000, -0.01467663995547786000, -1.200000000000000200 ) ) ;
#1557 =( GEOMETRIC_REPRESENTATION_CONTEXT ( 3 ) GLOBAL_UNCERTAINTY_ASSIGNED_CONTEXT ( ( #184 ) ) GLOBAL_UNIT_ASSIGNED_CONTEXT ( ( #1292, #1279, #1272 ) ) REPRESENTATION_CONTEXT ( 'NONE', 'WORKASPACE' ) );
#1558 = EDGE_LOOP ( 'NONE', ( #3512, #2108, #844, #5056, #774 ) ) ;
#1559 = DIRECTION ( 'NONE',  ( -0.0000000000000000000, -0.0000000000000000000, -1.000000000000000000 ) ) ;
#1560 = ADVANCED_FACE ( 'NONE', ( #4971 ), #3266, .F. ) ;
#1561 = CARTESIAN_POINT ( 'NONE',  ( -0.2218704460716660100, -0.01480600221448577500, -1.179999999999999900 ) ) ;
#1562 = SURFACE_STYLE_USAGE ( .BOTH. , #1564 ) ;
#1563 = CARTESIAN_POINT ( 'NONE',  ( -0.1489389419132966200, 0.08287726764117130100, -1.180000000000000200 ) ) ;
#1564 = SURFACE_SIDE_STYLE ('',( #1851 ) ) ;
#1565 = CARTESIAN_POINT ( 'NONE',  ( -0.1388597733113296500, 0.08499400160293355000, -1.180000000000000200 ) ) ;
#1566 = LINE ( 'NONE', #4953, #1949 ) ;
#1567 = B_SPLINE_SURFACE_WITH_KNOTS ( 'NONE', 3, 1, ( 
 ( #2545, #3043 ),
 ( #5059, #2371 ),
 ( #4655, #1757 ),
 ( #2560, #3716 ),
 ( #2066, #1973 ),
 ( #2068, #2701 ),
 ( #2675, #2768 ),
 ( #2244, #3579 ),
 ( #5094, #1581 ),
 ( #3649, #3045 ),
 ( #1605, #3527 ) ),
 .UNSPECIFIED., .F., .F., .F.,
 ( 4, 1, 1, 1, 1, 1, 1, 1, 4 ),
 ( 2, 2 ),
 ( 0.0000000000000000000, 0.1352946047634291400, 0.2667656579247482700, 0.3948160188358723600, 0.5200516544342461700, 0.6421757029708217200, 0.7626518205584234000, 0.8818340043805021900, 1.000000000000000000 ),
 ( 0.0000000000000000000, 1.000000000000000000 ),
 .UNSPECIFIED. ) ;
#1568 = CARTESIAN_POINT ( 'NONE',  ( 0.2902439024390244800, -0.09159250970345976500, -1.179999999999999900 ) ) ;
#1569 = CARTESIAN_POINT ( 'NONE',  ( -0.2218704460716660100, -0.01480600221448577500, -1.199999999999999700 ) ) ;
#1570 = FILL_AREA_STYLE ('',( #3123 ) ) ;
#1571 = AXIS2_PLACEMENT_3D ( 'NONE', #1947, #1724, #1674 ) ;
#1572 = EDGE_CURVE ( 'NONE', #2452, #4439, #1555, .T. ) ;
#1573 = CARTESIAN_POINT ( 'NONE',  ( -0.1922361949945656200, 0.06010969326461129000, -1.179999999999999500 ) ) ;
#1574 = CARTESIAN_POINT ( 'NONE',  ( 0.1757240853658538500, -0.09403153409370368400, -1.179999999999999900 ) ) ;
#1575 = LINE ( 'NONE', #5719, #5133 ) ;
#1576 = ORIENTED_EDGE ( 'NONE', *, *, #2587, .F. ) ;
#1577 = ORIENTED_EDGE ( 'NONE', *, *, #5130, .F. ) ;
#1578 = CARTESIAN_POINT ( 'NONE',  ( -0.1845785725010177200, 0.06628616692138657200, -1.179999999999999700 ) ) ;
#1579 = EDGE_CURVE ( 'NONE', #1857, #4559, #4885, .T. ) ;
#1580 = CARTESIAN_POINT ( 'NONE',  ( -1.299999999999999800, 0.4250000000000000400, 0.6500000000000000200 ) ) ;
#1581 = CARTESIAN_POINT ( 'NONE',  ( 0.1299214521751906300, -0.08434209360001505800, -1.200000000000000000 ) ) ;
#1582 = ORIENTED_EDGE ( 'NONE', *, *, #1394, .F. ) ;
#1583 = CARTESIAN_POINT ( 'NONE',  ( -0.1763757916900893200, 0.07167922464116799300, -1.180000000000000200 ) ) ;
#1584 = UNCERTAINTY_MEASURE_WITH_UNIT (LENGTH_MEASURE( 1.000000000000000100E-005 ), #1938, 'distance_accuracy_value', 'NONE');
#1585 = CARTESIAN_POINT ( 'NONE',  ( -0.3215320121951219000, 0.04804163663800364900, -1.179999999999999900 ) ) ;
#1586 = LINE ( 'NONE', #4977, #3131 ) ;
#1587 = CARTESIAN_POINT ( 'NONE',  ( -0.2219512195121949900, -0.01102848531321586100, -1.199999999999999700 ) ) ;
#1588 = MECHANICAL_DESIGN_GEOMETRIC_PRESENTATION_REPRESENTATION (  '', ( #1687 ), #1557 ) ;
#1589 = DIRECTION ( 'NONE',  ( 1.000000000000000000, 0.0000000000000000000, 6.047221112270354800E-016 ) ) ;
#1590 = EDGE_CURVE ( 'NONE', #4703, #596, #2228, .T. ) ;
#1591 = CARTESIAN_POINT ( 'NONE',  ( 0.1757240853658538500, -0.09403153409370368400, -1.179999999999999900 ) ) ;
#1592 = CARTESIAN_POINT ( 'NONE',  ( 3.075000000000000200, -1.525000000000000100, -1.200000000000000000 ) ) ;
#1593 = ORIENTED_EDGE ( 'NONE', *, *, #1590, .T. ) ;
#1594 = VECTOR ( 'NONE', #4480, 1000.000000000000000 ) ;
#1595 = UNCERTAINTY_MEASURE_WITH_UNIT (LENGTH_MEASURE( 1.000000000000000100E-005 ), #3555, 'distance_accuracy_value', 'NONE');
#1596 = DIRECTION ( 'NONE',  ( 1.000000000000000000, 0.0000000000000000000, 0.0000000000000000000 ) ) ;
#1597 = AXIS2_PLACEMENT_3D ( 'NONE', #2624, #2586, #2583 ) ;
#1598 = SURFACE_STYLE_USAGE ( .BOTH. , #2080 ) ;
#1599 = DIRECTION ( 'NONE',  ( -1.000000000000000000, 0.0000000000000000000, 0.0000000000000000000 ) ) ;
#1600 = DIRECTION ( 'NONE',  ( -0.0000000000000000000, -0.0000000000000000000, -1.000000000000000000 ) ) ;
#1601 = ORIENTED_EDGE ( 'NONE', *, *, #1827, .F. ) ;
#1602 = CARTESIAN_POINT ( 'NONE',  ( -1.099999999999999600, 0.4250000000000000400, 1.100000000000000100 ) ) ;
#1603 = AXIS2_PLACEMENT_3D ( 'NONE', #3672, #3597, #4183 ) ;
#1604 = DIRECTION ( 'NONE',  ( -0.0000000000000000000, 0.0000000000000000000, -1.000000000000000000 ) ) ;
#1605 = CARTESIAN_POINT ( 'NONE',  ( 0.1243902439024392300, -0.08122665604492318400, -1.179999999999999900 ) ) ;
#1606 = EDGE_CURVE ( 'NONE', #1342, #4331, #1676, .T. ) ;
#1607 = DIRECTION ( 'NONE',  ( -1.000000000000000000, 0.0000000000000000000, 0.0000000000000000000 ) ) ;
#1608 = SURFACE_STYLE_FILL_AREA ( #185 ) ;
#1609 = ADVANCED_FACE ( 'NONE', ( #4591 ), #2710, .F. ) ;
#1610 = PRESENTATION_STYLE_ASSIGNMENT (( #3533 ) ) ;
#1611 = DIRECTION ( 'NONE',  ( 0.0000000000000000000, 0.0000000000000000000, 1.000000000000000000 ) ) ;
#1612 = DIRECTION ( 'NONE',  ( -6.047221112270354800E-016, 0.0000000000000000000, 1.000000000000000000 ) ) ;
#1613 = AXIS2_PLACEMENT_3D ( 'NONE', #4265, #2663, #2693 ) ;
#1614 = EDGE_LOOP ( 'NONE', ( #670, #4192, #6010, #1206, #5906, #425, #1792, #4557, #1869, #5325, #1688, #783 ) ) ;
#1615 = DIRECTION ( 'NONE',  ( -0.0000000000000000000, -0.0000000000000000000, -1.000000000000000000 ) ) ;
#1616 = EDGE_CURVE ( 'NONE', #1964, #5542, #4762, .T. ) ;
#1617 =( NAMED_UNIT ( * ) PLANE_ANGLE_UNIT ( ) SI_UNIT ( $, .RADIAN. ) );
#1618 = DIRECTION ( 'NONE',  ( 0.0000000000000000000, 0.0000000000000000000, 1.000000000000000000 ) ) ;
#1619 = LINE ( 'NONE', #4046, #1303 ) ;
#1620 = COLOUR_RGB ( '',0.5019607843137254800, 0.0000000000000000000, 0.0000000000000000000 ) ;
#1621 = PLANE ( 'NONE',  #3107 ) ;
#1622 = CIRCLE ( 'NONE', #2187, 0.5500000000000017100 ) ;
#1623 = ORIENTED_EDGE ( 'NONE', *, *, #682, .T. ) ;
#1624 = ADVANCED_FACE ( 'NONE', ( #4792 ), #2593, .T. ) ;
#1625 = CARTESIAN_POINT ( 'NONE',  ( -0.1951219512195120400, -0.01160013165467927600, -1.179999999999999900 ) ) ;
#1626 = CARTESIAN_POINT ( 'NONE',  ( -3.075000000000000200, 0.2999999999999999900, -0.9000000000000000200 ) ) ;
#1627 = DIRECTION ( 'NONE',  ( 1.000000000000000000, 0.0000000000000000000, -0.0000000000000000000 ) ) ;
#1628 = EDGE_CURVE ( 'NONE', #3310, #685, #4738, .T. ) ;
#1629 = DIRECTION ( 'NONE',  ( 1.000000000000000000, -0.0000000000000000000, -0.0000000000000000000 ) ) ;
#1630 = ORIENTED_EDGE ( 'NONE', *, *, #4279, .F. ) ;
#1631 = CARTESIAN_POINT ( 'NONE',  ( -1.600000000000000100, 0.9249999999999997100, 0.6500000000000000200 ) ) ;
#1632 = CARTESIAN_POINT ( 'NONE',  ( -0.3256584367614542800, 0.06052855208770737500, -1.180000000000000200 ) ) ;
#1633 = ADVANCED_FACE ( 'NONE', ( #4742 ), #3574, .T. ) ;
#1634 = PLANE ( 'NONE',  #2555 ) ;
#1635 = ORIENTED_EDGE ( 'NONE', *, *, #5899, .T. ) ;
#1636 = SURFACE_STYLE_USAGE ( .BOTH. , #1673 ) ;
#1637 = CARTESIAN_POINT ( 'NONE',  ( -1.299999999999999800, -0.6250000000000001100, 0.6500000000000000200 ) ) ;
#1638 = DIRECTION ( 'NONE',  ( -0.0000000000000000000, -0.0000000000000000000, -1.000000000000000000 ) ) ;
#1639 = ORIENTED_EDGE ( 'NONE', *, *, #5031, .T. ) ;
#1640 = PRESENTATION_LAYER_ASSIGNMENT (  '', '', ( #1687 ) ) ;
#1641 = EDGE_CURVE ( 'NONE', #2186, #397, #4729, .T. ) ;
#1642 = CARTESIAN_POINT ( 'NONE',  ( 0.1896820629506213700, -0.1157538963558070200, -1.179999999999999700 ) ) ;
#1643 = CARTESIAN_POINT ( 'NONE',  ( -1.099999999999999600, -0.4250000000000001600, 1.100000000000000100 ) ) ;
#1644 = DIRECTION ( 'NONE',  ( 0.0000000000000000000, 0.0000000000000000000, 1.000000000000000000 ) ) ;
#1645 = CARTESIAN_POINT ( 'NONE',  ( -3.678553390593272800, -0.2999999999999999900, -0.9999999999999997800 ) ) ;
#1646 =( NAMED_UNIT ( * ) SI_UNIT ( $, .STERADIAN. ) SOLID_ANGLE_UNIT ( ) );
#1647 = CIRCLE ( 'NONE', #395, 0.2999999999999999300 ) ;
#1648 = DIRECTION ( 'NONE',  ( -0.0000000000000000000, -1.000000000000000000, -0.0000000000000000000 ) ) ;
#1649 = DIRECTION ( 'NONE',  ( -0.0000000000000000000, 0.0000000000000000000, -1.000000000000000000 ) ) ;
#1650 = VECTOR ( 'NONE', #3545, 1000.000000000000000 ) ;
#1651 = AXIS2_PLACEMENT_3D ( 'NONE', #2570, #2592, #2341 ) ;
#1652 = CARTESIAN_POINT ( 'NONE',  ( -0.1949188134384826100, -0.02065440663189428700, -1.199999999999999700 ) ) ;
#1653 = EDGE_CURVE ( 'NONE', #1987, #5089, #5186, .T. ) ;
#1654 = VECTOR ( 'NONE', #218, 1000.000000000000000 ) ;
#1655 = CARTESIAN_POINT ( 'NONE',  ( 0.1243902439024392600, -0.1031778755571183300, -1.180000000000000200 ) ) ;
#1656 = VERTEX_POINT ( 'NONE', #5712 ) ;
#1657 = FILL_AREA_STYLE ('',( #1666 ) ) ;
#1658 = EDGE_LOOP ( 'NONE', ( #581, #4339, #4376, #4136 ) ) ;
#1659 = DIRECTION ( 'NONE',  ( 0.0000000000000000000, -0.0000000000000000000, -1.000000000000000000 ) ) ;
#1660 = ADVANCED_FACE ( 'NONE', ( #4722 ), #2296, .T. ) ;
#1661 = COLOUR_RGB ( '',0.6666666666666666300, 0.6666666666666666300, 0.6666666666666666300 ) ;
#1662 = CARTESIAN_POINT ( 'NONE',  ( 0.1243902439024392300, -0.08122665604492318400, -1.179999999999999900 ) ) ;
#1663 = CARTESIAN_POINT ( 'NONE',  ( -0.3261701750163196700, 0.05769164815661946600, -1.200000000000000000 ) ) ;
#1664 =( LENGTH_UNIT ( ) NAMED_UNIT ( * ) SI_UNIT ( .MILLI., .METRE. ) );
#1665 = ORIENTED_EDGE ( 'NONE', *, *, #4330, .T. ) ;
#1666 = FILL_AREA_STYLE_COLOUR ( '', #4283 ) ;
#1667 = DIRECTION ( 'NONE',  ( -0.7071067811865468000, 0.0000000000000000000, -0.7071067811865483500 ) ) ;
#1668 = ORIENTED_EDGE ( 'NONE', *, *, #3966, .T. ) ;
#1669 =( NAMED_UNIT ( * ) SI_UNIT ( $, .STERADIAN. ) SOLID_ANGLE_UNIT ( ) );
#1670 = ADVANCED_FACE ( 'NONE', ( #4712 ), #3066, .F. ) ;
#1671 = ADVANCED_FACE ( 'NONE', ( #4573 ), #2174, .T. ) ;
#1672 = ORIENTED_EDGE ( 'NONE', *, *, #2258, .F. ) ;
#1673 = SURFACE_SIDE_STYLE ('',( #4308 ) ) ;
#1674 = DIRECTION ( 'NONE',  ( 0.0000000000000000000, -0.0000000000000000000, -1.000000000000000000 ) ) ;
#1675 =( NAMED_UNIT ( * ) SI_UNIT ( $, .STERADIAN. ) SOLID_ANGLE_UNIT ( ) );
#1676 = LINE ( 'NONE', #3051, #4830 ) ;
#1677 = CARTESIAN_POINT ( 'NONE',  ( -0.1950529280154327000, -0.01467663995547786000, -1.180000000000000200 ) ) ;
#1678 = FACE_OUTER_BOUND ( 'NONE', #2305, .T. ) ;
#1679 = FILL_AREA_STYLE ('',( #1291 ) ) ;
#1680 = CARTESIAN_POINT ( 'NONE',  ( -3.678553390593272800, 0.2999999999999999900, -0.9499999999999998400 ) ) ;
#1681 = CARTESIAN_POINT ( 'NONE',  ( 0.2024326128829184400, 0.08496200892043075100, -1.180000000000000400 ) ) ;
#1682 = VECTOR ( 'NONE', #103, 1000.000000000000000 ) ;
#1683 = LINE ( 'NONE', #4147, #378 ) ;
#1684 = AXIS2_PLACEMENT_3D ( 'NONE', #2647, #2645, #2633 ) ;
#1685 = CARTESIAN_POINT ( 'NONE',  ( 0.1547226634293182900, -0.09233006701319419800, -1.200000000000000000 ) ) ;
#1686 = CARTESIAN_POINT ( 'NONE',  ( -3.075000000000000200, 1.525000000000000100, 0.2000000000000000100 ) ) ;
#1687 = STYLED_ITEM ( 'NONE', ( #3722 ), #2401 ) ;
#1688 = ORIENTED_EDGE ( 'NONE', *, *, #2897, .T. ) ;
#1689 = DIRECTION ( 'NONE',  ( -0.0000000000000000000, -1.000000000000000000, -5.421010862427520200E-016 ) ) ;
#1690 = EDGE_CURVE ( 'NONE', #4867, #1964, #201, .T. ) ;
#1691 = CARTESIAN_POINT ( 'NONE',  ( -0.1763757916900893200, 0.07167922464116799300, -1.200000000000000200 ) ) ;
#1692 = AXIS2_PLACEMENT_3D ( 'NONE', #4412, #3914, #1659 ) ;
#1694 = PLANE ( 'NONE',  #847 ) ;
#1693 = CARTESIAN_POINT ( 'NONE',  ( -1.600000000000000100, -0.8249999999999998400, 0.6500000000000000200 ) ) ;
#1695 = FILL_AREA_STYLE ('',( #1717 ) ) ;
#1696 = VERTEX_POINT ( 'NONE', #2065 ) ;
#1697 = CARTESIAN_POINT ( 'NONE',  ( 2.774999999999999900, 1.825000000000000000, -1.200000000000000000 ) ) ;
#1698 = ORIENTED_EDGE ( 'NONE', *, *, #1937, .F. ) ;
#1699 = DIRECTION ( 'NONE',  ( -0.0000000000000000000, -1.000000000000000000, 0.0000000000000000000 ) ) ;
#1700 = DIRECTION ( 'NONE',  ( -1.000000000000000000, 0.0000000000000000000, -0.0000000000000000000 ) ) ;
#1701 = PLANE ( 'NONE',  #679 ) ;
#1702 = SURFACE_SIDE_STYLE ('',( #4203 ) ) ;
#1703 = DIRECTION ( 'NONE',  ( 0.0000000000000000000, 1.000000000000000000, 0.0000000000000000000 ) ) ;
#1704 = COLOUR_RGB ( '',0.6666666666666666300, 0.6666666666666666300, 0.6666666666666666300 ) ;
#1705 = CARTESIAN_POINT ( 'NONE',  ( -1.099999999999999600, -0.4250000000000001600, 1.100000000000000100 ) ) ;
#1706 = VECTOR ( 'NONE', #2614, 1000.000000000000000 ) ;
#1707 = VECTOR ( 'NONE', #2917, 1000.000000000000000 ) ;
#1708 = CARTESIAN_POINT ( 'NONE',  ( -0.1266891977983714800, -0.1133387225547930300, -1.179999999999999900 ) ) ;
#1709 = SURFACE_SIDE_STYLE ('',( #5518 ) ) ;
#1710 = VERTEX_POINT ( 'NONE', #1952 ) ;
#1711 = CARTESIAN_POINT ( 'NONE',  ( -3.075000000000000200, -1.525000000000000100, -1.200000000000000000 ) ) ;
#1712 = EDGE_CURVE ( 'NONE', #2639, #880, #905, .T. ) ;
#1713 = CARTESIAN_POINT ( 'NONE',  ( 3.678553390593272800, -0.2999999999999999900, -0.9499999999999998400 ) ) ;
#1714 = CARTESIAN_POINT ( 'NONE',  ( 0.2715581314191414200, 0.005325169141790062600, -1.199999999999999500 ) ) ;
#1715 = VERTEX_POINT ( 'NONE', #2048 ) ;
#1716 = DIRECTION ( 'NONE',  ( -1.000000000000000000, 0.0000000000000000000, 0.0000000000000000000 ) ) ;
#1717 = FILL_AREA_STYLE_COLOUR ( '', #3181 ) ;
#1718 = AXIS2_PLACEMENT_3D ( 'NONE', #2031, #1864, #1855 ) ;
#1719 = LINE ( 'NONE', #3576, #3257 ) ;
#1720 = FILL_AREA_STYLE ('',( #1376 ) ) ;
#1721 = CARTESIAN_POINT ( 'NONE',  ( -1.099999999999999600, -0.6250000000000001100, 1.300000000000000300 ) ) ;
#1722 = ORIENTED_EDGE ( 'NONE', *, *, #5612, .F. ) ;
#1723 = CARTESIAN_POINT ( 'NONE',  ( -3.075000000000000200, -1.525000000000000100, -1.200000000000000000 ) ) ;
#1724 = DIRECTION ( 'NONE',  ( 0.0000000000000000000, -1.000000000000000000, 0.0000000000000000000 ) ) ;
#1725 =( GEOMETRIC_REPRESENTATION_CONTEXT ( 3 ) GLOBAL_UNCERTAINTY_ASSIGNED_CONTEXT ( ( #479 ) ) GLOBAL_UNIT_ASSIGNED_CONTEXT ( ( #2671, #2662, #2654 ) ) REPRESENTATION_CONTEXT ( 'NONE', 'WORKASPACE' ) );
#1726 = CARTESIAN_POINT ( 'NONE',  ( -0.3253810975609755500, 0.06206602688190609300, -1.200000000000000000 ) ) ;
#1727 = PRESENTATION_STYLE_ASSIGNMENT (( #2184 ) ) ;
#1728 =( GEOMETRIC_REPRESENTATION_CONTEXT ( 3 ) GLOBAL_UNCERTAINTY_ASSIGNED_CONTEXT ( ( #93 ) ) GLOBAL_UNIT_ASSIGNED_CONTEXT ( ( #1527, #1510, #1505 ) ) REPRESENTATION_CONTEXT ( 'NONE', 'WORKASPACE' ) );
#1729 = ORIENTED_EDGE ( 'NONE', *, *, #4863, .F. ) ;
#1730 = EDGE_CURVE ( 'NONE', #596, #1171, #3525, .T. ) ;
#1731 = ORIENTED_EDGE ( 'NONE', *, *, #4154, .F. ) ;
#1732 =( LENGTH_UNIT ( ) NAMED_UNIT ( * ) SI_UNIT ( .MILLI., .METRE. ) );
#1733 = FILL_AREA_STYLE_COLOUR ( '', #3487 ) ;
#1734 = SURFACE_STYLE_FILL_AREA ( #4575 ) ;
#1735 = ORIENTED_EDGE ( 'NONE', *, *, #3395, .T. ) ;
#1736 = AXIS2_PLACEMENT_3D ( 'NONE', #1680, #2673, #1744 ) ;
#1737 = LINE ( 'NONE', #1487, #2700 ) ;
#1738 = ORIENTED_EDGE ( 'NONE', *, *, #923, .T. ) ;
#1739 = CARTESIAN_POINT ( 'NONE',  ( -0.3261701750163196700, 0.05769164815661946600, -1.179999999999999900 ) ) ;
#1740 = DIRECTION ( 'NONE',  ( 0.0000000000000000000, 0.0000000000000000000, 1.000000000000000000 ) ) ;
#1741 = FILL_AREA_STYLE ('',( #1533 ) ) ;
#1742 = CIRCLE ( 'NONE', #4275, 0.5500000000000017100 ) ;
#1743 = ORIENTED_EDGE ( 'NONE', *, *, #963, .T. ) ;
#1744 = DIRECTION ( 'NONE',  ( 0.0000000000000000000, 0.0000000000000000000, -1.000000000000000000 ) ) ;
#1745 = CARTESIAN_POINT ( 'NONE',  ( 0.2697671622985958200, -0.04819448520369004600, -1.179999999999999700 ) ) ;
#1746 = CARTESIAN_POINT ( 'NONE',  ( -0.01219512195121944100, -0.02329982677663049900, -1.179999999999999900 ) ) ;
#1747 = CARTESIAN_POINT ( 'NONE',  ( 2.774999999999999900, -1.525000000000000100, -1.200000000000000000 ) ) ;
#1748 = DIRECTION ( 'NONE',  ( 1.000000000000000000, 0.0000000000000000000, 0.0000000000000000000 ) ) ;
#1749 = VERTEX_POINT ( 'NONE', #1723 ) ;
#1750 = EDGE_CURVE ( 'NONE', #3352, #4439, #4437, .T. ) ;
#1751 = VECTOR ( 'NONE', #4355, 1000.000000000000000 ) ;
#1752 = CARTESIAN_POINT ( 'NONE',  ( -1.600000000000000100, 0.8421572875253808800, 0.6500000000000000200 ) ) ;
#1753 = FACE_OUTER_BOUND ( 'NONE', #2999, .T. ) ;
#1754 = ORIENTED_EDGE ( 'NONE', *, *, #868, .T. ) ;
#1755 = SURFACE_STYLE_USAGE ( .BOTH. , #1702 ) ;
#1756 = DIRECTION ( 'NONE',  ( 0.0000000000000000000, -1.000000000000000000, 0.0000000000000000000 ) ) ;
#1757 = CARTESIAN_POINT ( 'NONE',  ( 0.1685470855538840400, -0.09393730586597196000, -1.200000000000000400 ) ) ;
#1758 = UNCERTAINTY_MEASURE_WITH_UNIT (LENGTH_MEASURE( 1.000000000000000100E-005 ), #1732, 'distance_accuracy_value', 'NONE');
#1759 = ORIENTED_EDGE ( 'NONE', *, *, #4643, .F. ) ;
#1760 = FACE_OUTER_BOUND ( 'NONE', #3754, .T. ) ;
#1761 = EDGE_LOOP ( 'NONE', ( #5937, #1133, #3093, #4429 ) ) ;
#1762 = CARTESIAN_POINT ( 'NONE',  ( 2.774999999999999900, -1.825000000000000000, 0.0000000000000000000 ) ) ;
#1763 = SURFACE_STYLE_USAGE ( .BOTH. , #1709 ) ;
#1764 = ORIENTED_EDGE ( 'NONE', *, *, #634, .F. ) ;
#1765 = CARTESIAN_POINT ( 'NONE',  ( -0.1845785725010177200, 0.06628616692138657200, -1.199999999999999700 ) ) ;
#1766 = CARTESIAN_POINT ( 'NONE',  ( -1.617157287525381200, 0.8249999999999997300, 0.6500000000000000200 ) ) ;
#1767 = MECHANICAL_DESIGN_GEOMETRIC_PRESENTATION_REPRESENTATION (  '', ( #1815 ), #1725 ) ;
#1768 = CARTESIAN_POINT ( 'NONE',  ( 0.08536585365853666100, -0.1135437292156548900, -1.179999999999999900 ) ) ;
#1769 = CARTESIAN_POINT ( 'NONE',  ( 2.774999999999999900, -1.825000000000000000, -0.0000000000000000000 ) ) ;
#1770 =( GEOMETRIC_REPRESENTATION_CONTEXT ( 3 ) GLOBAL_UNCERTAINTY_ASSIGNED_CONTEXT ( ( #1584 ) ) GLOBAL_UNIT_ASSIGNED_CONTEXT ( ( #1938, #1925, #1909 ) ) REPRESENTATION_CONTEXT ( 'NONE', 'WORKASPACE' ) );
#1771 = DIRECTION ( 'NONE',  ( -0.0000000000000000000, -1.000000000000000000, -0.0000000000000000000 ) ) ;
#1772 = EDGE_CURVE ( 'NONE', #4290, #4935, #4463, .T. ) ;
#1773 = VERTEX_POINT ( 'NONE', #1971 ) ;
#1774 = ORIENTED_EDGE ( 'NONE', *, *, #5184, .F. ) ;
#1775 = LINE ( 'NONE', #5198, #602 ) ;
#1776 = PRESENTATION_LAYER_ASSIGNMENT (  '', '', ( #1815 ) ) ;
#1777 = AXIS2_PLACEMENT_3D ( 'NONE', #4160, #3751, #4235 ) ;
#1778 = CARTESIAN_POINT ( 'NONE',  ( 0.2537711055348796900, -0.08198523774862859200, -1.180000000000000400 ) ) ;
#1779 = ORIENTED_EDGE ( 'NONE', *, *, #2909, .F. ) ;
#1780 = CARTESIAN_POINT ( 'NONE',  ( -1.600000000000000100, 0.8249999999999997300, 0.6500000000000000200 ) ) ;
#1781 = EDGE_CURVE ( 'NONE', #2335, #5921, #4444, .T. ) ;
#1782 = COLOUR_RGB ( '',0.6666666666666666300, 0.6666666666666666300, 0.6666666666666666300 ) ;
#1783 = SURFACE_STYLE_FILL_AREA ( #5121 ) ;
#1784 = CARTESIAN_POINT ( 'NONE',  ( 0.08536585365853666100, 0.08645627078434514600, -1.200000000000000000 ) ) ;
#1785 = VECTOR ( 'NONE', #2602, 1000.000000000000000 ) ;
#1786 = CIRCLE ( 'NONE', #4697, 0.2999999999999999300 ) ;
#1787 = CARTESIAN_POINT ( 'NONE',  ( -3.431066017177982100, -0.2999999999999999900, -0.7732233047033633100 ) ) ;
#1788 =( GEOMETRIC_REPRESENTATION_CONTEXT ( 3 ) GLOBAL_UNCERTAINTY_ASSIGNED_CONTEXT ( ( #2540 ) ) GLOBAL_UNIT_ASSIGNED_CONTEXT ( ( #3915, #5720, #5077 ) ) REPRESENTATION_CONTEXT ( 'NONE', 'WORKASPACE' ) );
#1789 = EDGE_CURVE ( 'NONE', #2777, #2769, #4303, .T. ) ;
#1790 = ORIENTED_EDGE ( 'NONE', *, *, #4905, .T. ) ;
#1791 = CARTESIAN_POINT ( 'NONE',  ( -2.774999999999999900, 1.525000000000000100, 0.2000000000000000100 ) ) ;
#1792 = ORIENTED_EDGE ( 'NONE', *, *, #4765, .F. ) ;
#1793 = CARTESIAN_POINT ( 'NONE',  ( -1.600000000000000100, -0.8421572875253812200, 0.6500000000000000200 ) ) ;
#1794 = VECTOR ( 'NONE', #3997, 1000.000000000000000 ) ;
#1795 = CARTESIAN_POINT ( 'NONE',  ( -1.299999999999999800, -0.4250000000000001600, 0.6500000000000000200 ) ) ;
#1796 = CARTESIAN_POINT ( 'NONE',  ( -0.2658536585365853200, -0.1135437292156548900, -1.200000000000000000 ) ) ;
#1797 = COLOUR_RGB ( '',0.2980392156862745100, 0.2980392156862745100, 0.2980392156862745100 ) ;
#1798 = CARTESIAN_POINT ( 'NONE',  ( 3.254289321881345100, -0.2999999999999999900, -0.7000000000000000700 ) ) ;
#1799 = B_SPLINE_CURVE_WITH_KNOTS ( 'NONE', 3,
 ( #3376, #4651, #5118, #5840, #1423, #3143, #5399, #5305, #2863, #5744, #5249, #2363, #4782, #3263, #4213, #4015, #5348, #508, #5500 ),
 .UNSPECIFIED., .F., .F.,
 ( 4, 1, 1, 1, 1, 1, 1, 1, 1, 1, 1, 1, 1, 1, 1, 1, 4 ),
 ( 0.0000000000000000000, 0.07377411937406359900, 0.1440791147260413700, 0.2113485183089114600, 0.2760768857398837600, 0.3385209158196765300, 0.3998851166931335400, 0.4602540674652129700, 0.5205889643912478000, 0.5802076845630440600, 0.6386329085525457300, 0.6963645494905238400, 0.7540017746600123900, 0.8128056813744978200, 0.8727544255255602600, 0.9351819969782669800, 1.000000000000000000 ),
 .UNSPECIFIED. ) ;
#1800 =( NAMED_UNIT ( * ) SI_UNIT ( $, .STERADIAN. ) SOLID_ANGLE_UNIT ( ) );
#1801 = CARTESIAN_POINT ( 'NONE',  ( 3.678553390593272800, 0.2999999999999999900, -1.199999999999999700 ) ) ;
#1802 = VECTOR ( 'NONE', #5563, 1000.000000000000000 ) ;
#1803 = CARTESIAN_POINT ( 'NONE',  ( -0.1153582317073169100, -0.1135437292156548900, -1.179999999999999900 ) ) ;
#1804 = CARTESIAN_POINT ( 'NONE',  ( 0.1794207317073172900, -0.1159827536058988000, -1.200000000000000000 ) ) ;
#1805 = AXIS2_PLACEMENT_3D ( 'NONE', #2526, #2559, #2578 ) ;
#1806 = VECTOR ( 'NONE', #4496, 1000.000000000000000 ) ;
#1807 = ORIENTED_EDGE ( 'NONE', *, *, #2283, .F. ) ;
#1808 = CARTESIAN_POINT ( 'NONE',  ( 3.254289321881345100, 0.2999999999999999900, -0.9000000000000001300 ) ) ;
#1809 = EDGE_CURVE ( 'NONE', #3378, #82, #4986, .T. ) ;
#1810 = FACE_OUTER_BOUND ( 'NONE', #4576, .T. ) ;
#1811 = SURFACE_STYLE_USAGE ( .BOTH. , #5096 ) ;
#1812 = ORIENTED_EDGE ( 'NONE', *, *, #2608, .T. ) ;
#1813 = DIRECTION ( 'NONE',  ( 0.0000000000000000000, 0.0000000000000000000, -1.000000000000000000 ) ) ;
#1814 = EDGE_LOOP ( 'NONE', ( #5026, #5927, #1013, #3901 ) ) ;
#1815 = STYLED_ITEM ( 'NONE', ( #4834 ), #1609 ) ;
#1816 = MECHANICAL_DESIGN_GEOMETRIC_PRESENTATION_REPRESENTATION (  '', ( #1895 ), #1788 ) ;
#1817 = SURFACE_STYLE_FILL_AREA ( #5854 ) ;
#1818 = MECHANICAL_DESIGN_GEOMETRIC_PRESENTATION_REPRESENTATION (  '', ( #1896 ), #1770 ) ;
#1819 =( NAMED_UNIT ( * ) PLANE_ANGLE_UNIT ( ) SI_UNIT ( $, .RADIAN. ) );
#1820 = EDGE_CURVE ( 'NONE', #29, #757, #4406, .T. ) ;
#1821 = CYLINDRICAL_SURFACE ( 'NONE', #5707, 0.1999999999999999800 ) ;
#1822 = LINE ( 'NONE', #3779, #639 ) ;
#1823 = CARTESIAN_POINT ( 'NONE',  ( -0.3269021318057974700, 0.05380491776077728900, -1.200000000000000000 ) ) ;
#1824 = CARTESIAN_POINT ( 'NONE',  ( -3.075000000000000200, -1.825000000000000000, 0.0000000000000000000 ) ) ;
#1825 = ORIENTED_EDGE ( 'NONE', *, *, #723, .F. ) ;
#1826 = EDGE_LOOP ( 'NONE', ( #1440, #1161, #996, #5280 ) ) ;
#1827 = EDGE_CURVE ( 'NONE', #4387, #3477, #5758, .T. ) ;
#1828 = CARTESIAN_POINT ( 'NONE',  ( -1.299999999999999800, 0.6249999999999998900, 0.6500000000000000200 ) ) ;
#1829 = CARTESIAN_POINT ( 'NONE',  ( -0.3121951219512194600, 0.08645627078434514600, -1.200000000000000000 ) ) ;
#1830 = CARTESIAN_POINT ( 'NONE',  ( -0.3233157522260817200, 0.05418166143558336700, -1.180000000000000200 ) ) ;
#1831 = ORIENTED_EDGE ( 'NONE', *, *, #5560, .F. ) ;
#1832 = CARTESIAN_POINT ( 'NONE',  ( -0.1951219512195120400, -0.01160013165467927600, -1.200000000000000000 ) ) ;
#1833 = COLOUR_RGB ( '',0.6666666666666666300, 0.6666666666666666300, 0.6666666666666666300 ) ;
#1834 = ORIENTED_EDGE ( 'NONE', *, *, #3559, .F. ) ;
#1835 = CARTESIAN_POINT ( 'NONE',  ( 0.1262669220574370600, -0.1042137254910968900, -1.180000000000000200 ) ) ;
#1836 = EDGE_CURVE ( 'NONE', #5445, #4514, #4414, .T. ) ;
#1837 = B_SPLINE_CURVE_WITH_KNOTS ( 'NONE', 3,
 ( #2868, #3132, #5954, #3185, #3218, #3186, #3078, #3308, #2992, #2951, #5446, #5389, #5510, #5414, #5329, #1412, #5674, #5682, #5701 ),
 .UNSPECIFIED., .F., .F.,
 ( 4, 1, 1, 1, 1, 1, 1, 1, 1, 1, 1, 1, 1, 1, 1, 1, 4 ),
 ( 0.0000000000000000000, 0.06806869584499401800, 0.1334274328189550600, 0.1961460338131565100, 0.2570485924493127200, 0.3168826631591619700, 0.3761872086663214400, 0.4359603353635461100, 0.4965352368627262700, 0.5574653434807330700, 0.6176868634101467800, 0.6779436406969060500, 0.7388052848060402400, 0.8009493367665842000, 0.8648146674702265100, 0.9310247810786571600, 1.000000000000000000 ),
 .UNSPECIFIED. ) ;
#1838 = DIRECTION ( 'NONE',  ( 0.0000000000000000000, -0.0000000000000000000, -1.000000000000000000 ) ) ;
#1839 = SURFACE_STYLE_FILL_AREA ( #4541 ) ;
#1840 = EDGE_LOOP ( 'NONE', ( #1639, #5304, #1400 ) ) ;
#1841 = PRESENTATION_LAYER_ASSIGNMENT (  '', '', ( #1896 ) ) ;
#1842 = DIRECTION ( 'NONE',  ( -0.0000000000000000000, -0.0000000000000000000, -1.000000000000000000 ) ) ;
#1843 =( NAMED_UNIT ( * ) PLANE_ANGLE_UNIT ( ) SI_UNIT ( $, .RADIAN. ) );
#1844 = CARTESIAN_POINT ( 'NONE',  ( -0.1950529280154327000, -0.01467663995547786000, -1.200000000000000200 ) ) ;
#1845 = ADVANCED_FACE ( 'NONE', ( #4384 ), #1504, .T. ) ;
#1846 = CARTESIAN_POINT ( 'NONE',  ( 0.2463414634146343700, -0.01567787555711829700, -1.179999999999999900 ) ) ;
#1847 = AXIS2_PLACEMENT_3D ( 'NONE', #2482, #760, #752 ) ;
#1848 = CARTESIAN_POINT ( 'NONE',  ( -0.1762809209111886600, -0.09796758987420398100, -1.200000000000000400 ) ) ;
#1849 = DIRECTION ( 'NONE',  ( 0.0000000000000000000, 0.0000000000000000000, 1.000000000000000000 ) ) ;
#1850 = DIRECTION ( 'NONE',  ( 0.0000000000000000000, -1.000000000000000000, 0.0000000000000000000 ) ) ;
#1851 = SURFACE_STYLE_FILL_AREA ( #1570 ) ;
#1852 = PRESENTATION_STYLE_ASSIGNMENT (( #916 ) ) ;
#1853 = AXIS2_PLACEMENT_3D ( 'NONE', #2914, #2993, #4618 ) ;
#1854 = CARTESIAN_POINT ( 'NONE',  ( -3.075000000000000200, 1.825000000000000000, 0.2000000000000000100 ) ) ;
#1855 = DIRECTION ( 'NONE',  ( -1.000000000000000000, 0.0000000000000000000, 0.0000000000000000000 ) ) ;
#1856 = DIRECTION ( 'NONE',  ( 0.0000000000000000000, -1.000000000000000000, 0.0000000000000000000 ) ) ;
#1857 = VERTEX_POINT ( 'NONE', #1126 ) ;
#1858 = DIRECTION ( 'NONE',  ( 0.0000000000000000000, 0.0000000000000000000, -1.000000000000000000 ) ) ;
#1859 = DIRECTION ( 'NONE',  ( 0.0000000000000000000, 1.000000000000000000, 0.0000000000000000000 ) ) ;
#1860 = EDGE_CURVE ( 'NONE', #5314, #4387, #4018, .T. ) ;
#1861 = SURFACE_STYLE_FILL_AREA ( #2525 ) ;
#1862 = VECTOR ( 'NONE', #718, 1000.000000000000000 ) ;
#1863 = PRESENTATION_STYLE_ASSIGNMENT (( #5173 ) ) ;
#1864 = DIRECTION ( 'NONE',  ( -0.0000000000000000000, -0.0000000000000000000, -1.000000000000000000 ) ) ;
#1865 = CARTESIAN_POINT ( 'NONE',  ( 0.3926829268292683600, -0.1135437292156548900, -1.179999999999999900 ) ) ;
#1866 =( GEOMETRIC_REPRESENTATION_CONTEXT ( 3 ) GLOBAL_UNCERTAINTY_ASSIGNED_CONTEXT ( ( #4809 ) ) GLOBAL_UNIT_ASSIGNED_CONTEXT ( ( #2453, #2389, #2378 ) ) REPRESENTATION_CONTEXT ( 'NONE', 'WORKASPACE' ) );
#1867 = FILL_AREA_STYLE ('',( #1943 ) ) ;
#1868 = ADVANCED_FACE ( 'NONE', ( #3836 ), #1694, .F. ) ;
#1869 = ORIENTED_EDGE ( 'NONE', *, *, #1150, .T. ) ;
#1870 = CIRCLE ( 'NONE', #5028, 0.2499999999999997800 ) ;
#1871 = FILL_AREA_STYLE_COLOUR ( '', #2697 ) ;
#1872 = CARTESIAN_POINT ( 'NONE',  ( -0.1949188134384826100, -0.02065440663189428700, -1.199999999999999700 ) ) ;
#1873 = DIRECTION ( 'NONE',  ( 0.0000000000000000000, 0.0000000000000000000, -1.000000000000000000 ) ) ;
#1874 = VERTEX_POINT ( 'NONE', #1697 ) ;
#1875 = DIRECTION ( 'NONE',  ( 1.000000000000000000, 0.0000000000000000000, 0.0000000000000000000 ) ) ;
#1876 = DIRECTION ( 'NONE',  ( -1.000000000000000000, 0.0000000000000000000, 0.0000000000000000000 ) ) ;
#1877 = PLANE ( 'NONE',  #1571 ) ;
#1878 = PRESENTATION_STYLE_ASSIGNMENT (( #1636 ) ) ;
#1879 = PRESENTATION_STYLE_ASSIGNMENT (( #5924 ) ) ;
#1880 = CARTESIAN_POINT ( 'NONE',  ( 3.075000000000000200, -1.525000000000000100, 0.2000000000000000100 ) ) ;
#1881 = CARTESIAN_POINT ( 'NONE',  ( 0.2411364396095448700, -0.09532875736740502300, -1.200000000000000000 ) ) ;
#1882 = CARTESIAN_POINT ( 'NONE',  ( 0.1794207317073172900, -0.1159827536058988000, -1.179999999999999900 ) ) ;
#1883 =( GEOMETRIC_REPRESENTATION_CONTEXT ( 3 ) GLOBAL_UNCERTAINTY_ASSIGNED_CONTEXT ( ( #3509 ) ) GLOBAL_UNIT_ASSIGNED_CONTEXT ( ( #3315, #3101, #3028 ) ) REPRESENTATION_CONTEXT ( 'NONE', 'WORKASPACE' ) );
#1884 = CARTESIAN_POINT ( 'NONE',  ( -3.678553390593272800, 0.2999999999999999900, -0.9999999999999997800 ) ) ;
#1885 = COLOUR_RGB ( '',0.6666666666666666300, 0.6666666666666666300, 0.6666666666666666300 ) ;
#1886 = ORIENTED_EDGE ( 'NONE', *, *, #5302, .F. ) ;
#1887 = CARTESIAN_POINT ( 'NONE',  ( -1.600000000000000100, 0.8421572875253808800, 0.6500000000000000200 ) ) ;
#1888 = FACE_OUTER_BOUND ( 'NONE', #4400, .T. ) ;
#1889 = VECTOR ( 'NONE', #404, 1000.000000000000000 ) ;
#1890 = VECTOR ( 'NONE', #4061, 1000.000000000000000 ) ;
#1891 = ADVANCED_FACE ( 'NONE', ( #4640 ), #5652, .T. ) ;
#1892 = UNCERTAINTY_MEASURE_WITH_UNIT (LENGTH_MEASURE( 1.000000000000000100E-005 ), #2815, 'distance_accuracy_value', 'NONE');
#1893 = CARTESIAN_POINT ( 'NONE',  ( 0.1870159502115801600, 0.06564956784293617100, -1.179999999999999900 ) ) ;
#1894 = MECHANICAL_DESIGN_GEOMETRIC_PRESENTATION_REPRESENTATION (  '', ( #1970 ), #1883 ) ;
#1895 = STYLED_ITEM ( 'NONE', ( #3235 ), #2327 ) ;
#1896 = STYLED_ITEM ( 'NONE', ( #4354 ), #6053 ) ;
#1897 = ORIENTED_EDGE ( 'NONE', *, *, #3413, .F. ) ;
#1898 = VECTOR ( 'NONE', #4907, 1000.000000000000000 ) ;
#1899 = DIRECTION ( 'NONE',  ( 1.000000000000000000, 0.0000000000000000000, -0.0000000000000000000 ) ) ;
#1900 = CARTESIAN_POINT ( 'NONE',  ( -2.774999999999999900, -1.825000000000000000, 0.2000000000000000100 ) ) ;
#1901 = EDGE_LOOP ( 'NONE', ( #607, #5354, #3834, #5350 ) ) ;
#1902 = CARTESIAN_POINT ( 'NONE',  ( -1.299999999999999800, -0.6250000000000001100, 1.300000000000000300 ) ) ;
#1903 = DIRECTION ( 'NONE',  ( 1.000000000000000000, 0.0000000000000000000, -6.047221112270354800E-016 ) ) ;
#1904 = LINE ( 'NONE', #969, #2564 ) ;
#1905 = ORIENTED_EDGE ( 'NONE', *, *, #5171, .T. ) ;
#1906 = PRESENTATION_LAYER_ASSIGNMENT (  '', '', ( #1895 ) ) ;
#1907 = CARTESIAN_POINT ( 'NONE',  ( 0.1767263329805988400, -0.1159511528438202000, -1.199999999999999700 ) ) ;
#1908 = EDGE_CURVE ( 'NONE', #685, #1656, #4630, .T. ) ;
#1909 =( NAMED_UNIT ( * ) SI_UNIT ( $, .STERADIAN. ) SOLID_ANGLE_UNIT ( ) );
#1910 = ADVANCED_FACE ( 'NONE', ( #4185 ), #1701, .F. ) ;
#1911 = PRESENTATION_STYLE_ASSIGNMENT (( #5650 ) ) ;
#1912 = CARTESIAN_POINT ( 'NONE',  ( -0.01707317073170725900, 0.06450505127215000500, -1.200000000000000000 ) ) ;
#1913 = CARTESIAN_POINT ( 'NONE',  ( -0.2849466463414633300, -0.05744616824004512800, -1.179999999999999900 ) ) ;
#1914 = VECTOR ( 'NONE', #2753, 1000.000000000000000 ) ;
#1915 = CARTESIAN_POINT ( 'NONE',  ( 0.1767263329805988400, -0.1159511528438202000, -1.179999999999999700 ) ) ;
#1916 = CARTESIAN_POINT ( 'NONE',  ( -1.600000000000000100, 0.8421572875253808800, 0.4500000000000000100 ) ) ;
#1917 = PLANE ( 'NONE',  #4250 ) ;
#1918 = PRESENTATION_LAYER_ASSIGNMENT (  '', '', ( #1970 ) ) ;
#1919 = SURFACE_STYLE_USAGE ( .BOTH. , #1940 ) ;
#1920 = PRESENTATION_STYLE_ASSIGNMENT (( #3122 ) ) ;
#1921 = SURFACE_SIDE_STYLE ('',( #3348 ) ) ;
#1922 = EDGE_CURVE ( 'NONE', #302, #32, #5533, .T. ) ;
#1923 = EDGE_LOOP ( 'NONE', ( #1582, #4081, #835, #3998 ) ) ;
#1924 = CARTESIAN_POINT ( 'NONE',  ( -1.299999999999999800, -0.6250000000000001100, 0.6500000000000000200 ) ) ;
#1925 =( NAMED_UNIT ( * ) PLANE_ANGLE_UNIT ( ) SI_UNIT ( $, .RADIAN. ) );
#1926 = LINE ( 'NONE', #1711, #1914 ) ;
#1927 = CARTESIAN_POINT ( 'NONE',  ( 0.1792516546692798100, 0.06677153378002501100, -1.199999999999999700 ) ) ;
#1928 = COLOUR_RGB ( '',0.5019607843137254800, 0.0000000000000000000, 0.0000000000000000000 ) ;
#1929 = CARTESIAN_POINT ( 'NONE',  ( 0.2621008848268769900, 0.03523717468546756100, -1.199999999999999700 ) ) ;
#1930 = AXIS2_PLACEMENT_3D ( 'NONE', #2931, #1052, #2953 ) ;
#1931 = EDGE_LOOP ( 'NONE', ( #3554, #6107, #1298 ) ) ;
#1932 = DIRECTION ( 'NONE',  ( -1.000000000000000000, 0.0000000000000000000, -6.047221112270354800E-016 ) ) ;
#1933 = ADVANCED_FACE ( 'NONE', ( #4078 ), #1553, .T. ) ;
#1934 = AXIS2_PLACEMENT_3D ( 'NONE', #2366, #2351, #2320 ) ;
#1935 = FACE_OUTER_BOUND ( 'NONE', #1826, .T. ) ;
#1936 = DIRECTION ( 'NONE',  ( -0.0000000000000000000, -1.000000000000000000, -0.0000000000000000000 ) ) ;
#1937 = EDGE_CURVE ( 'NONE', #462, #3927, #4936, .T. ) ;
#1938 =( LENGTH_UNIT ( ) NAMED_UNIT ( * ) SI_UNIT ( .MILLI., .METRE. ) );
#1939 = CARTESIAN_POINT ( 'NONE',  ( -2.774999999999999900, 1.825000000000000000, 0.0000000000000000000 ) ) ;
#1940 = SURFACE_SIDE_STYLE ('',( #5167 ) ) ;
#1941 = DIRECTION ( 'NONE',  ( -0.0000000000000000000, -0.0000000000000000000, -1.000000000000000000 ) ) ;
#1942 = LINE ( 'NONE', #4224, #646 ) ;
#1943 = FILL_AREA_STYLE_COLOUR ( '', #3838 ) ;
#1944 = SURFACE_STYLE_FILL_AREA ( #5687 ) ;
#1945 = CARTESIAN_POINT ( 'NONE',  ( -0.3269021318057974700, 0.05380491776077728900, -1.179999999999999900 ) ) ;
#1946 = CARTESIAN_POINT ( 'NONE',  ( -2.774999999999999900, 1.825000000000000000, 0.2000000000000000100 ) ) ;
#1947 = CARTESIAN_POINT ( 'NONE',  ( -0.3121951219512194600, 0.08645627078434514600, -1.179999999999999900 ) ) ;
#1948 = EDGE_CURVE ( 'NONE', #3715, #70, #933, .T. ) ;
#1949 = VECTOR ( 'NONE', #4947, 1000.000000000000000 ) ;
#1950 = CARTESIAN_POINT ( 'NONE',  ( 0.2463414634146343700, -0.01567787555711829700, -1.179999999999999900 ) ) ;
#1951 = CARTESIAN_POINT ( 'NONE',  ( 0.1714319716451942200, -0.1158890588963806000, -1.200000000000000000 ) ) ;
#1952 = CARTESIAN_POINT ( 'NONE',  ( -0.3253810975609755500, 0.06206602688190609300, -1.200000000000000000 ) ) ;
#1953 = ORIENTED_EDGE ( 'NONE', *, *, #820, .F. ) ;
#1954 = CARTESIAN_POINT ( 'NONE',  ( 0.2902439024390244800, -0.1135437292156548900, -1.200000000000000000 ) ) ;
#1955 = ORIENTED_EDGE ( 'NONE', *, *, #4603, .F. ) ;
#1956 = CARTESIAN_POINT ( 'NONE',  ( 0.2571755018642342700, 0.04405754226425279800, -1.199999999999999500 ) ) ;
#1957 = LINE ( 'NONE', #170, #3388 ) ;
#1958 = EDGE_CURVE ( 'NONE', #5969, #1749, #5069, .T. ) ;
#1959 = CARTESIAN_POINT ( 'NONE',  ( 0.2717180696636441500, -0.03838034191718281400, -1.180000000000000200 ) ) ;
#1960 = ORIENTED_EDGE ( 'NONE', *, *, #2437, .T. ) ;
#1961 = CARTESIAN_POINT ( 'NONE',  ( 0.2729858971236830400, -0.02803324754007206400, -1.180000000000000200 ) ) ;
#1962 = DIRECTION ( 'NONE',  ( -0.0000000000000000000, -0.0000000000000000000, -1.000000000000000000 ) ) ;
#1963 = DIRECTION ( 'NONE',  ( 1.000000000000000000, 0.0000000000000000000, 0.0000000000000000000 ) ) ;
#1964 = VERTEX_POINT ( 'NONE', #809 ) ;
#1965 = CARTESIAN_POINT ( 'NONE',  ( 0.2731082220089565100, -0.02094088820868451200, -1.179999999999999900 ) ) ;
#1966 = VECTOR ( 'NONE', #4121, 1000.000000000000000 ) ;
#1967 = CARTESIAN_POINT ( 'NONE',  ( -1.617157287525381200, -0.8249999999999997300, 0.6500000000000000200 ) ) ;
#1968 = SURFACE_STYLE_FILL_AREA ( #5352 ) ;
#1969 = CARTESIAN_POINT ( 'NONE',  ( 0.1714319716451942200, -0.1158890588963806000, -1.179999999999999900 ) ) ;
#1970 = STYLED_ITEM ( 'NONE', ( #1920 ), #1560 ) ;
#1971 = CARTESIAN_POINT ( 'NONE',  ( 4.000000000000000000, 0.2999999999999999900, -0.9999999999999997800 ) ) ;
#1972 = AXIS2_PLACEMENT_3D ( 'NONE', #3087, #3069, #3057 ) ;
#1973 = CARTESIAN_POINT ( 'NONE',  ( 0.1547226634293182900, -0.09233006701319419800, -1.200000000000000000 ) ) ;
#1974 = DIRECTION ( 'NONE',  ( 0.0000000000000000000, 1.000000000000000000, 0.0000000000000000000 ) ) ;
#1975 = ADVANCED_FACE ( 'NONE', ( #4076 ), #780, .T. ) ;
#1976 = ADVANCED_FACE ( 'NONE', ( #3116 ), #3941, .T. ) ;
#1977 = EDGE_LOOP ( 'NONE', ( #2092, #2713, #1230, #1960 ) ) ;
#1978 = CARTESIAN_POINT ( 'NONE',  ( 0.2715581314191414200, 0.005325169141790062600, -1.199999999999999300 ) ) ;
#1979 = DIRECTION ( 'NONE',  ( -0.0000000000000000000, -0.0000000000000000000, -1.000000000000000000 ) ) ;
#1980 = SURFACE_STYLE_USAGE ( .BOTH. , #2011 ) ;
#1981 = VECTOR ( 'NONE', #5863, 1000.000000000000000 ) ;
#1982 = CARTESIAN_POINT ( 'NONE',  ( -3.254289321881345100, 0.2999999999999999900, -0.7000000000000000700 ) ) ;
#1983 = EDGE_CURVE ( 'NONE', #5853, #462, #4672, .T. ) ;
#1984 = CARTESIAN_POINT ( 'NONE',  ( 0.1636729178589644000, -0.1152544622940980700, -1.200000000000000000 ) ) ;
#1985 = VECTOR ( 'NONE', #4699, 1000.000000000000000 ) ;
#1986 = DIRECTION ( 'NONE',  ( 0.0000000000000000000, 0.0000000000000000000, -1.000000000000000000 ) ) ;
#1987 = VERTEX_POINT ( 'NONE', #633 ) ;
#1988 = CARTESIAN_POINT ( 'NONE',  ( 0.1515813835692221600, 0.08786126267774105300, -1.180000000000000400 ) ) ;
#1989 = VERTEX_POINT ( 'NONE', #658 ) ;
#1990 =( GEOMETRIC_REPRESENTATION_CONTEXT ( 3 ) GLOBAL_UNCERTAINTY_ASSIGNED_CONTEXT ( ( #1003 ) ) GLOBAL_UNIT_ASSIGNED_CONTEXT ( ( #4931, #2156, #3243 ) ) REPRESENTATION_CONTEXT ( 'NONE', 'WORKASPACE' ) );
#1991 = CARTESIAN_POINT ( 'NONE',  ( 0.1636729178589644000, -0.1152544622940980700, -1.179999999999999900 ) ) ;
#1992 =( LENGTH_UNIT ( ) NAMED_UNIT ( * ) SI_UNIT ( .MILLI., .METRE. ) );
#1993 = COLOUR_RGB ( '',0.6666666666666666300, 0.6666666666666666300, 0.6666666666666666300 ) ;
#1994 = DIRECTION ( 'NONE',  ( 1.000000000000000000, 0.0000000000000000000, 0.0000000000000000000 ) ) ;
#1995 = CARTESIAN_POINT ( 'NONE',  ( 3.678553390593272800, 0.2999999999999999900, -0.9999999999999997800 ) ) ;
#1996 = VECTOR ( 'NONE', #1173, 1000.000000000000000 ) ;
#1997 = CARTESIAN_POINT ( 'NONE',  ( 1.700000000000000600, -0.8249999999999998400, 0.6499999999999999100 ) ) ;
#1998 = ORIENTED_EDGE ( 'NONE', *, *, #793, .F. ) ;
#1999 = CARTESIAN_POINT ( 'NONE',  ( -0.2658536585365853200, -0.1135437292156548900, -1.179999999999999900 ) ) ;
#2000 = ORIENTED_EDGE ( 'NONE', *, *, #4060, .F. ) ;
#2001 = CARTESIAN_POINT ( 'NONE',  ( 0.2633976313149060100, -0.06619095325964795300, -1.200000000000000200 ) ) ;
#2002 = CARTESIAN_POINT ( 'NONE',  ( 0.1562486360118948100, -0.1142904216167446200, -1.199999999999999700 ) ) ;
#2003 = CARTESIAN_POINT ( 'NONE',  ( -0.1173018292682925200, 0.06450505127215000500, -1.200000000000000000 ) ) ;
#2004 =( GEOMETRIC_REPRESENTATION_CONTEXT ( 3 ) GLOBAL_UNCERTAINTY_ASSIGNED_CONTEXT ( ( #6109 ) ) GLOBAL_UNIT_ASSIGNED_CONTEXT ( ( #3070, #2972, #2978 ) ) REPRESENTATION_CONTEXT ( 'NONE', 'WORKASPACE' ) );
#2005 = DIRECTION ( 'NONE',  ( 1.000000000000000000, 0.0000000000000000000, 0.0000000000000000000 ) ) ;
#2006 = AXIS2_PLACEMENT_3D ( 'NONE', #4341, #3737, #3696 ) ;
#2007 = UNCERTAINTY_MEASURE_WITH_UNIT (LENGTH_MEASURE( 1.000000000000000100E-005 ), #2812, 'distance_accuracy_value', 'NONE');
#2008 = EDGE_CURVE ( 'NONE', #2990, #368, #1647, .T. ) ;
#2009 = CARTESIAN_POINT ( 'NONE',  ( 0.2178285699271903000, -0.1093658680622828200, -1.200000000000000400 ) ) ;
#2010 = CARTESIAN_POINT ( 'NONE',  ( -3.075000000000000200, -1.525000000000000100, 0.0000000000000000000 ) ) ;
#2011 = SURFACE_SIDE_STYLE ('',( #4435 ) ) ;
#2012 = DIRECTION ( 'NONE',  ( 0.0000000000000000000, -1.000000000000000000, 0.0000000000000000000 ) ) ;
#2013 = VECTOR ( 'NONE', #4771, 1000.000000000000000 ) ;
#2014 = CARTESIAN_POINT ( 'NONE',  ( 0.1455331333011071200, 0.08696193833055571000, -1.199999999999999700 ) ) ;
#2015 = ORIENTED_EDGE ( 'NONE', *, *, #5968, .T. ) ;
#2016 = MECHANICAL_DESIGN_GEOMETRIC_PRESENTATION_REPRESENTATION (  '', ( #2097 ), #2004 ) ;
#2017 = MECHANICAL_DESIGN_GEOMETRIC_PRESENTATION_REPRESENTATION (  '', ( #2079 ), #1990 ) ;
#2018 = AXIS2_PLACEMENT_3D ( 'NONE', #3571, #3566, #3544 ) ;
#2019 = FILL_AREA_STYLE ('',( #2251 ) ) ;
#2020 = CARTESIAN_POINT ( 'NONE',  ( -0.1492801332280030700, -0.08650051062716254700, -1.200000000000000400 ) ) ;
#2021 = CARTESIAN_POINT ( 'NONE',  ( 0.2633976313149060100, -0.06619095325964795300, -1.180000000000000200 ) ) ;
#2022 = CARTESIAN_POINT ( 'NONE',  ( 0.1455331333011071200, 0.08696193833055571000, -1.179999999999999700 ) ) ;
#2023 = ORIENTED_EDGE ( 'NONE', *, *, #5400, .F. ) ;
#2024 = CARTESIAN_POINT ( 'NONE',  ( 0.1562486360118948100, -0.1142904216167446200, -1.179999999999999700 ) ) ;
#2025 = DIRECTION ( 'NONE',  ( 0.0000000000000000000, -1.000000000000000000, 0.0000000000000000000 ) ) ;
#2026 = COLOUR_RGB ( '',0.2980392156862745100, 0.2980392156862745100, 0.2980392156862745100 ) ;
#2027 = DIRECTION ( 'NONE',  ( 0.0000000000000000000, -1.000000000000000000, 0.0000000000000000000 ) ) ;
#2028 = SURFACE_STYLE_FILL_AREA ( #2208 ) ;
#2029 = PRESENTATION_LAYER_ASSIGNMENT (  '', '', ( #2079 ) ) ;
#2030 = EDGE_CURVE ( 'NONE', #4744, #104, #3916, .T. ) ;
#2031 = CARTESIAN_POINT ( 'NONE',  ( 1.600000000000000500, -0.8249999999999998400, 0.4500000000000000100 ) ) ;
#2032 = CARTESIAN_POINT ( 'NONE',  ( -0.1417196307019283900, -0.08877060959229785000, -1.199999999999999700 ) ) ;
#2033 = CARTESIAN_POINT ( 'NONE',  ( 0.1491885387493000800, -0.1128671384669272800, -1.200000000000000000 ) ) ;
#2034 = CARTESIAN_POINT ( 'NONE',  ( -0.1192101600957778400, -0.09152736792010191000, -1.179999999999999900 ) ) ;
#2035 = FACE_BOUND ( 'NONE', #4803, .T. ) ;
#2036 = CIRCLE ( 'NONE', #4606, 0.04999999999999969700 ) ;
#2037 = CARTESIAN_POINT ( 'NONE',  ( 0.1515813835692221600, 0.08786126267774105300, -1.200000000000000400 ) ) ;
#2038 = COLOUR_RGB ( '',0.6666666666666666300, 0.6666666666666666300, 0.6666666666666666300 ) ;
#2039 = CARTESIAN_POINT ( 'NONE',  ( -0.1871063425472382600, -0.05238117689155032800, -1.200000000000000200 ) ) ;
#2040 = FACE_BOUND ( 'NONE', #3864, .T. ) ;
#2041 = ORIENTED_EDGE ( 'NONE', *, *, #2258, .T. ) ;
#2042 = FACE_OUTER_BOUND ( 'NONE', #2739, .T. ) ;
#2043 = CARTESIAN_POINT ( 'NONE',  ( -1.099999999999999600, -0.6250000000000001100, 1.100000000000000100 ) ) ;
#2044 = DIRECTION ( 'NONE',  ( -1.000000000000000000, 0.0000000000000000000, 0.0000000000000000000 ) ) ;
#2045 = ADVANCED_FACE ( 'NONE', ( #499 ), #549, .F. ) ;
#2046 = PRESENTATION_LAYER_ASSIGNMENT (  '', '', ( #2097 ) ) ;
#2047 = FILL_AREA_STYLE ('',( #52 ) ) ;
#2048 = CARTESIAN_POINT ( 'NONE',  ( -0.1951219512195120400, -0.01160013165467927600, -1.179999999999999900 ) ) ;
#2049 = FACE_BOUND ( 'NONE', #5052, .T. ) ;
#2050 = LINE ( 'NONE', #4190, #1405 ) ;
#2051 = ORIENTED_EDGE ( 'NONE', *, *, #3005, .T. ) ;
#2052 = CARTESIAN_POINT ( 'NONE',  ( -0.1628509332098246100, -0.07988026679007810500, -1.200000000000000000 ) ) ;
#2053 = PRESENTATION_STYLE_ASSIGNMENT (( #3750 ) ) ;
#2054 = EDGE_LOOP ( 'NONE', ( #2435, #1623, #1729, #1361 ) ) ;
#2055 = AXIS2_PLACEMENT_3D ( 'NONE', #2145, #3271, #3422 ) ;
#2056 = SURFACE_SIDE_STYLE ('',( #1191 ) ) ;
#2057 = AXIS2_PLACEMENT_3D ( 'NONE', #4357, #1089, #4033 ) ;
#2058 = EDGE_CURVE ( 'NONE', #4935, #553, #4564, .T. ) ;
#2059 = CARTESIAN_POINT ( 'NONE',  ( -0.1835300405155219100, -0.05902503598977714600, -1.179999999999999700 ) ) ;
#2060 = FACE_OUTER_BOUND ( 'NONE', #879, .T. ) ;
#2061 = CARTESIAN_POINT ( 'NONE',  ( 0.1821543305018489800, 0.08864637489622481700, -1.180000000000000400 ) ) ;
#2062 = LINE ( 'NONE', #3156, #14 ) ;
#2063 = ADVANCED_FACE ( 'NONE', ( #3846 ), #488, .T. ) ;
#2064 = CARTESIAN_POINT ( 'NONE',  ( 4.000000000000000000, 0.2999999999999999900, -1.200000000000000000 ) ) ;
#2065 = CARTESIAN_POINT ( 'NONE',  ( -4.000000000000000000, -0.2999999999999999900, -1.200000000000000000 ) ) ;
#2066 = CARTESIAN_POINT ( 'NONE',  ( 0.1547226634293182900, -0.09233006701319419800, -1.179999999999999900 ) ) ;
#2067 =( NAMED_UNIT ( * ) PLANE_ANGLE_UNIT ( ) SI_UNIT ( $, .RADIAN. ) );
#2068 = CARTESIAN_POINT ( 'NONE',  ( 0.1481705132585949500, -0.09090872406880465300, -1.179999999999999700 ) ) ;
#2069 = CARTESIAN_POINT ( 'NONE',  ( -0.1949188134384826100, -0.02065440663189428700, -1.179999999999999700 ) ) ;
#2070 = DIRECTION ( 'NONE',  ( -1.000000000000000000, 0.0000000000000000000, 0.0000000000000000000 ) ) ;
#2071 = CARTESIAN_POINT ( 'NONE',  ( -3.678553390593272800, 0.2999999999999999900, -1.200000000000000000 ) ) ;
#2072 = ADVANCED_FACE ( 'NONE', ( #3854 ), #1821, .T. ) ;
#2073 = CARTESIAN_POINT ( 'NONE',  ( 0.05853658536585373100, 0.06450505127215000500, -1.200000000000000000 ) ) ;
#2074 = CARTESIAN_POINT ( 'NONE',  ( 0.1794207317073172900, -0.1159827536058988000, -1.200000000000000000 ) ) ;
#2075 = COLOUR_RGB ( '',0.5019607843137254800, 0.0000000000000000000, 0.0000000000000000000 ) ;
#2076 = CARTESIAN_POINT ( 'NONE',  ( -0.1417196307019283900, -0.08877060959229785000, -1.179999999999999700 ) ) ;
#2077 = ORIENTED_EDGE ( 'NONE', *, *, #3856, .T. ) ;
#2078 = CARTESIAN_POINT ( 'NONE',  ( 0.1828925440176175900, -0.1159053221889285700, -1.200000000000000000 ) ) ;
#2079 = STYLED_ITEM ( 'NONE', ( #5709 ), #2319 ) ;
#2080 = SURFACE_SIDE_STYLE ('',( #1076 ) ) ;
#2081 = CARTESIAN_POINT ( 'NONE',  ( 0.1767263329805988400, -0.1159511528438202000, -1.199999999999999700 ) ) ;
#2082 = CARTESIAN_POINT ( 'NONE',  ( 0.05853658536585373100, 0.06450505127215000500, -1.179999999999999900 ) ) ;
#2083 = FACE_OUTER_BOUND ( 'NONE', #5016, .T. ) ;
#2084 = SURFACE_SIDE_STYLE ('',( #3019 ) ) ;
#2085 = CARTESIAN_POINT ( 'NONE',  ( -0.1743466185640364400, -0.07064809080514182500, -1.200000000000000000 ) ) ;
#2086 = CARTESIAN_POINT ( 'NONE',  ( 0.2339522418752299500, -0.1009236664434705100, -1.200000000000000400 ) ) ;
#2087 = ORIENTED_EDGE ( 'NONE', *, *, #1481, .F. ) ;
#2088 = CARTESIAN_POINT ( 'NONE',  ( -0.1792255673425968100, -0.06509980466140129200, -1.200000000000000000 ) ) ;
#2089 = LINE ( 'NONE', #107, #2576 ) ;
#2090 = CARTESIAN_POINT ( 'NONE',  ( 0.1714319716451942200, -0.1158890588963806000, -1.200000000000000000 ) ) ;
#2091 = DIRECTION ( 'NONE',  ( 0.0000000000000000000, -1.000000000000000000, 0.0000000000000000000 ) ) ;
#2092 = ORIENTED_EDGE ( 'NONE', *, *, #841, .F. ) ;
#2093 = CARTESIAN_POINT ( 'NONE',  ( -0.4170731707317072400, -0.1135437292156548900, -1.179999999999999900 ) ) ;
#2094 = DIRECTION ( 'NONE',  ( 0.3363908276654485300, -0.9417224702971435100, 0.0000000000000000000 ) ) ;
#2095 = DIRECTION ( 'NONE',  ( 0.7071067811865489100, 0.0000000000000000000, 0.7071067811865462400 ) ) ;
#2096 = PRODUCT_DEFINITION_SHAPE ( 'NONE', 'NONE',  #1471 ) ;
#2097 = STYLED_ITEM ( 'NONE', ( #5777 ), #1513 ) ;
#2098 = CARTESIAN_POINT ( 'NONE',  ( 0.1636729178589644000, -0.1152544622940980700, -1.200000000000000000 ) ) ;
#2099 = ORIENTED_EDGE ( 'NONE', *, *, #4478, .F. ) ;
#2100 = AXIS2_PLACEMENT_3D ( 'NONE', #3872, #3849, #3828 ) ;
#2101 = CARTESIAN_POINT ( 'NONE',  ( 0.2024326128829184400, 0.08496200892043075100, -1.200000000000000200 ) ) ;
#2102 = FACE_OUTER_BOUND ( 'NONE', #5534, .T. ) ;
#2103 = EDGE_CURVE ( 'NONE', #3331, #1710, #6068, .T. ) ;
#2104 = FACE_OUTER_BOUND ( 'NONE', #245, .T. ) ;
#2105 = CARTESIAN_POINT ( 'NONE',  ( 0.1491885387493000800, -0.1128671384669272800, -1.179999999999999900 ) ) ;
#2106 =( NAMED_UNIT ( * ) PLANE_ANGLE_UNIT ( ) SI_UNIT ( $, .RADIAN. ) );
#2107 = CARTESIAN_POINT ( 'NONE',  ( 3.678553390593272800, 0.2999999999999999900, -0.9499999999999998400 ) ) ;
#2108 = ORIENTED_EDGE ( 'NONE', *, *, #811, .F. ) ;
#2109 =( NAMED_UNIT ( * ) SI_UNIT ( $, .STERADIAN. ) SOLID_ANGLE_UNIT ( ) );
#2110 = AXIS2_PLACEMENT_3D ( 'NONE', #92, #130, #45 ) ;
#2111 = CARTESIAN_POINT ( 'NONE',  ( -0.1900678405902839800, -0.04523411902254995100, -1.199999999999999700 ) ) ;
#2112 = VERTEX_POINT ( 'NONE', #320 ) ;
#2113 = CARTESIAN_POINT ( 'NONE',  ( 0.1562486360118948100, -0.1142904216167446200, -1.199999999999999700 ) ) ;
#2114 = DIRECTION ( 'NONE',  ( -0.7071067811865462400, 0.0000000000000000000, 0.7071067811865489100 ) ) ;
#2115 = COLOUR_RGB ( '',0.6666666666666666300, 0.6666666666666666300, 0.6666666666666666300 ) ;
#2116 = CARTESIAN_POINT ( 'NONE',  ( -1.700000000000000200, -0.8249999999999998400, 0.6500000000000000200 ) ) ;
#2117 = CARTESIAN_POINT ( 'NONE',  ( -1.600000000000000100, 0.8249999999999997300, 0.1999999999999999800 ) ) ;
#2118 = EDGE_CURVE ( 'NONE', #1314, #4748, #4143, .T. ) ;
#2119 = CARTESIAN_POINT ( 'NONE',  ( 0.1491885387493000800, -0.1128671384669272800, -1.200000000000000000 ) ) ;
#2120 = EDGE_LOOP ( 'NONE', ( #6027, #4550, #3184, #2933 ) ) ;
#2121 = CARTESIAN_POINT ( 'NONE',  ( 0.2178285699271903000, -0.1093658680622828200, -1.180000000000000400 ) ) ;
#2122 = CARTESIAN_POINT ( 'NONE',  ( 0.1424552162534276900, -0.1110961685546532400, -1.200000000000000000 ) ) ;
#2123 = CARTESIAN_POINT ( 'NONE',  ( -0.3390243902439023500, 0.08645627078434514600, -1.179999999999999900 ) ) ;
#2124 = DIRECTION ( 'NONE',  ( 0.0000000000000000000, 0.0000000000000000000, -1.000000000000000000 ) ) ;
#2125 = DIRECTION ( 'NONE',  ( 0.0000000000000000000, 1.000000000000000000, 8.533768474893844000E-013 ) ) ;
#2126 = VERTEX_POINT ( 'NONE', #316 ) ;
#2127 = CARTESIAN_POINT ( 'NONE',  ( -0.1923308443557262000, -0.03755236700206935500, -1.179999999999999900 ) ) ;
#2128 = VECTOR ( 'NONE', #2764, 1000.000000000000000 ) ;
#2129 =( NAMED_UNIT ( * ) SI_UNIT ( $, .STERADIAN. ) SOLID_ANGLE_UNIT ( ) );
#2130 = CARTESIAN_POINT ( 'NONE',  ( 3.254289321881345100, 0.2999999999999999900, -0.9499999999999999600 ) ) ;
#2131 = EDGE_LOOP ( 'NONE', ( #2478, #900, #3015, #942 ) ) ;
#2132 = DIRECTION ( 'NONE',  ( 1.000000000000000000, 0.0000000000000000000, 0.0000000000000000000 ) ) ;
#2133 =( GEOMETRIC_REPRESENTATION_CONTEXT ( 3 ) GLOBAL_UNCERTAINTY_ASSIGNED_CONTEXT ( ( #1067 ) ) GLOBAL_UNIT_ASSIGNED_CONTEXT ( ( #3200, #3227, #3220 ) ) REPRESENTATION_CONTEXT ( 'NONE', 'WORKASPACE' ) );
#2134 = CARTESIAN_POINT ( 'NONE',  ( 0.1424552162534276900, -0.1110961685546532400, -1.179999999999999900 ) ) ;
#2135 = COLOUR_RGB ( '',0.6666666666666666300, 0.6666666666666666300, 0.6666666666666666300 ) ;
#2136 =( NAMED_UNIT ( * ) PLANE_ANGLE_UNIT ( ) SI_UNIT ( $, .RADIAN. ) );
#2137 =( GEOMETRIC_REPRESENTATION_CONTEXT ( 3 ) GLOBAL_UNCERTAINTY_ASSIGNED_CONTEXT ( ( #3670 ) ) GLOBAL_UNIT_ASSIGNED_CONTEXT ( ( #4102, #4097, #4082 ) ) REPRESENTATION_CONTEXT ( 'NONE', 'WORKASPACE' ) );
#2138 =( LENGTH_UNIT ( ) NAMED_UNIT ( * ) SI_UNIT ( .MILLI., .METRE. ) );
#2139 = LINE ( 'NONE', #5161, #1528 ) ;
#2140 = ORIENTED_EDGE ( 'NONE', *, *, #487, .T. ) ;
#2141 = MECHANICAL_DESIGN_GEOMETRIC_PRESENTATION_REPRESENTATION (  '', ( #2218 ), #2133 ) ;
#2142 = MECHANICAL_DESIGN_GEOMETRIC_PRESENTATION_REPRESENTATION (  '', ( #2436 ), #1866 ) ;
#2143 = CARTESIAN_POINT ( 'NONE',  ( 0.1424552162534276900, -0.1110961685546532400, -1.200000000000000000 ) ) ;
#2144 = FACE_OUTER_BOUND ( 'NONE', #1284, .T. ) ;
#2145 = CARTESIAN_POINT ( 'NONE',  ( 3.289644660940672400, 0.2999999999999999900, -0.9146446609406726500 ) ) ;
#2146 = MECHANICAL_DESIGN_GEOMETRIC_PRESENTATION_REPRESENTATION (  '', ( #2179 ), #2137 ) ;
#2147 =( NAMED_UNIT ( * ) PLANE_ANGLE_UNIT ( ) SI_UNIT ( $, .RADIAN. ) );
#2148 = EDGE_CURVE ( 'NONE', #2806, #515, #492, .T. ) ;
#2149 = FILL_AREA_STYLE ('',( #5797 ) ) ;
#2150 = ORIENTED_EDGE ( 'NONE', *, *, #3856, .F. ) ;
#2151 = CARTESIAN_POINT ( 'NONE',  ( 0.1360934296688440500, -0.1088752668325946900, -1.199999999999999500 ) ) ;
#2152 = CARTESIAN_POINT ( 'NONE',  ( 0.1360934296688440500, -0.1088752668325946900, -1.199999999999999500 ) ) ;
#2153 = ADVANCED_FACE ( 'NONE', ( #5262 ), #5337, .T. ) ;
#2154 = CARTESIAN_POINT ( 'NONE',  ( -0.1161966463414632600, -0.09159250970345976500, -1.179999999999999900 ) ) ;
#2155 = LINE ( 'NONE', #1233, #1650 ) ;
#2156 =( NAMED_UNIT ( * ) PLANE_ANGLE_UNIT ( ) SI_UNIT ( $, .RADIAN. ) );
#2157 = VECTOR ( 'NONE', #1523, 1000.000000000000000 ) ;
#2158 = VECTOR ( 'NONE', #4404, 1000.000000000000000 ) ;
#2159 = SURFACE_SIDE_STYLE ('',( #5964 ) ) ;
#2160 = ORIENTED_EDGE ( 'NONE', *, *, #5210, .T. ) ;
#2161 = SURFACE_SIDE_STYLE ('',( #5631 ) ) ;
#2162 = SURFACE_STYLE_FILL_AREA ( #5917 ) ;
#2163 = EDGE_LOOP ( 'NONE', ( #6016, #2485, #5157, #5722 ) ) ;
#2164 = CARTESIAN_POINT ( 'NONE',  ( -0.1250889463646564200, -0.09140028881817774400, -1.179999999999999700 ) ) ;
#2165 =( LENGTH_UNIT ( ) NAMED_UNIT ( * ) SI_UNIT ( .MILLI., .METRE. ) );
#2166 = CARTESIAN_POINT ( 'NONE',  ( -0.3240594498676427900, 0.05795145692702794600, -1.179999999999999900 ) ) ;
#2167 = ORIENTED_EDGE ( 'NONE', *, *, #4780, .T. ) ;
#2168 = FILL_AREA_STYLE ('',( #2250 ) ) ;
#2169 = PRESENTATION_LAYER_ASSIGNMENT (  '', '', ( #2179 ) ) ;
#2170 = UNCERTAINTY_MEASURE_WITH_UNIT (LENGTH_MEASURE( 1.000000000000000100E-005 ), #2882, 'distance_accuracy_value', 'NONE');
#2171 = ORIENTED_EDGE ( 'NONE', *, *, #4464, .F. ) ;
#2172 = CARTESIAN_POINT ( 'NONE',  ( -0.1939712998273378200, -0.02936669435778177500, -1.180000000000000400 ) ) ;
#2173 = CARTESIAN_POINT ( 'NONE',  ( 0.1360934296688440500, -0.1088752668325946900, -1.179999999999999500 ) ) ;
#2174 = PLANE ( 'NONE',  #1248 ) ;
#2175 = DIRECTION ( 'NONE',  ( 1.000000000000000000, 0.0000000000000000000, 0.0000000000000000000 ) ) ;
#2176 = PRESENTATION_LAYER_ASSIGNMENT (  '', '', ( #2218 ) ) ;
#2177 = CARTESIAN_POINT ( 'NONE',  ( -0.1922361949945656200, 0.06010969326461129000, -1.199999999999999500 ) ) ;
#2178 = LINE ( 'NONE', #4734, #743 ) ;
#2179 = STYLED_ITEM ( 'NONE', ( #5208 ), #5870 ) ;
#2180 = EDGE_CURVE ( 'NONE', #2407, #2395, #3617, .T. ) ;
#2181 = VECTOR ( 'NONE', #2094, 1000.000000000000100 ) ;
#2182 = CARTESIAN_POINT ( 'NONE',  ( 0.1300474967719249300, -0.1063004488101562800, -1.200000000000000200 ) ) ;
#2183 = CARTESIAN_POINT ( 'NONE',  ( 0.1243902439024392300, 0.08096846590629634700, -1.200000000000000000 ) ) ;
#2184 = SURFACE_STYLE_USAGE ( .BOTH. , #2207 ) ;
#2185 = DIRECTION ( 'NONE',  ( 0.7071067811865469100, 0.0000000000000000000, -0.7071067811865482400 ) ) ;
#2186 = VERTEX_POINT ( 'NONE', #315 ) ;
#2187 = AXIS2_PLACEMENT_3D ( 'NONE', #2117, #3029, #2044 ) ;
#2188 = ADVANCED_FACE ( 'NONE', ( #4665 ), #188, .T. ) ;
#2189 = CARTESIAN_POINT ( 'NONE',  ( 0.1300474967719249300, -0.1063004488101562800, -1.180000000000000200 ) ) ;
#2190 = EDGE_CURVE ( 'NONE', #3715, #6051, #3508, .T. ) ;
#2191 = CARTESIAN_POINT ( 'NONE',  ( -0.1563050106243020200, -0.08349138648533764600, -1.179999999999999700 ) ) ;
#2192 = CARTESIAN_POINT ( 'NONE',  ( 0.2043137146224749400, -0.08887095643570193400, -1.180000000000000400 ) ) ;
#2193 = CARTESIAN_POINT ( 'NONE',  ( -0.3390243902439023500, 0.08645627078434514600, -1.179999999999999900 ) ) ;
#2194 = DIRECTION ( 'NONE',  ( 0.0000000000000000000, 0.0000000000000000000, -1.000000000000000000 ) ) ;
#2195 = SPHERICAL_SURFACE ( 'NONE', #3500, 0.2000000000000000100 ) ;
#2196 = ORIENTED_EDGE ( 'NONE', *, *, #776, .T. ) ;
#2197 = ORIENTED_EDGE ( 'NONE', *, *, #4535, .F. ) ;
#2198 = DIRECTION ( 'NONE',  ( -0.0000000000000000000, -0.0000000000000000000, 1.000000000000000000 ) ) ;
#2199 = AXIS2_PLACEMENT_3D ( 'NONE', #2596, #4751, #2508 ) ;
#2200 = UNCERTAINTY_MEASURE_WITH_UNIT (LENGTH_MEASURE( 1.000000000000000100E-005 ), #2138, 'distance_accuracy_value', 'NONE');
#2201 = CARTESIAN_POINT ( 'NONE',  ( -0.1792255673425968100, -0.06509980466140129200, -1.179999999999999900 ) ) ;
#2202 = CARTESIAN_POINT ( 'NONE',  ( 0.1794207317073172900, -0.1159827536058988000, -1.179999999999999900 ) ) ;
#2203 = ORIENTED_EDGE ( 'NONE', *, *, #6118, .T. ) ;
#2204 =( NAMED_UNIT ( * ) SI_UNIT ( $, .STERADIAN. ) SOLID_ANGLE_UNIT ( ) );
#2205 = CARTESIAN_POINT ( 'NONE',  ( 0.1300474967719249300, -0.1063004488101562800, -1.200000000000000200 ) ) ;
#2206 =( NAMED_UNIT ( * ) PLANE_ANGLE_UNIT ( ) SI_UNIT ( $, .RADIAN. ) );
#2207 = SURFACE_SIDE_STYLE ('',( #1734 ) ) ;
#2208 = FILL_AREA_STYLE ('',( #2598 ) ) ;
#2209 = PRESENTATION_STYLE_ASSIGNMENT (( #567 ) ) ;
#2210 = SURFACE_SIDE_STYLE ('',( #608 ) ) ;
#2211 = EDGE_LOOP ( 'NONE', ( #4832, #2591, #136, #2814 ) ) ;
#2212 = ADVANCED_FACE ( 'NONE', ( #4052 ), #192, .T. ) ;
#2213 = VERTEX_POINT ( 'NONE', #39 ) ;
#2214 = CARTESIAN_POINT ( 'NONE',  ( -0.2217121149522585700, -0.02221064507284789900, -1.199999999999999500 ) ) ;
#2215 =( NAMED_UNIT ( * ) SI_UNIT ( $, .STERADIAN. ) SOLID_ANGLE_UNIT ( ) );
#2216 = COLOUR_RGB ( '',0.6666666666666666300, 0.6666666666666666300, 0.6666666666666666300 ) ;
#2217 = VECTOR ( 'NONE', #3273, 1000.000000000000000 ) ;
#2218 = STYLED_ITEM ( 'NONE', ( #5142 ), #1486 ) ;
#2219 =( LENGTH_UNIT ( ) NAMED_UNIT ( * ) SI_UNIT ( .MILLI., .METRE. ) );
#2220 = AXIS2_PLACEMENT_3D ( 'NONE', #4256, #4240, #4177 ) ;
#2221 = SURFACE_SIDE_STYLE ('',( #4733 ) ) ;
#2222 = CARTESIAN_POINT ( 'NONE',  ( 0.2478134352078894300, -0.08903125916084422800, -1.200000000000000200 ) ) ;
#2223 = ORIENTED_EDGE ( 'NONE', *, *, #3120, .F. ) ;
#2224 = CARTESIAN_POINT ( 'NONE',  ( 0.1262669220574370600, -0.1042137254910968900, -1.200000000000000200 ) ) ;
#2225 = AXIS2_PLACEMENT_3D ( 'NONE', #4836, #4645, #3335 ) ;
#2226 =( GEOMETRIC_REPRESENTATION_CONTEXT ( 3 ) GLOBAL_UNCERTAINTY_ASSIGNED_CONTEXT ( ( #4433 ) ) GLOBAL_UNIT_ASSIGNED_CONTEXT ( ( #62, #57, #56 ) ) REPRESENTATION_CONTEXT ( 'NONE', 'WORKASPACE' ) );
#2227 = DIRECTION ( 'NONE',  ( -0.0000000000000000000, -1.000000000000000000, -0.0000000000000000000 ) ) ;
#2228 = LINE ( 'NONE', #3478, #4856 ) ;
#2229 =( NAMED_UNIT ( * ) PLANE_ANGLE_UNIT ( ) SI_UNIT ( $, .RADIAN. ) );
#2230 = ORIENTED_EDGE ( 'NONE', *, *, #4212, .F. ) ;
#2231 = FILL_AREA_STYLE ('',( #5891 ) ) ;
#2232 = CARTESIAN_POINT ( 'NONE',  ( 0.1262669220574370600, -0.1042137254910968900, -1.180000000000000200 ) ) ;
#2233 = COLOUR_RGB ( '',0.6666666666666666300, 0.6666666666666666300, 0.6666666666666666300 ) ;
#2234 = SURFACE_STYLE_FILL_AREA ( #1392 ) ;
#2235 = DIRECTION ( 'NONE',  ( 1.000000000000000000, 0.0000000000000000000, 0.0000000000000000000 ) ) ;
#2236 = ORIENTED_EDGE ( 'NONE', *, *, #1750, .T. ) ;
#2237 = CARTESIAN_POINT ( 'NONE',  ( -0.1835300405155219100, -0.05902503598977714600, -1.199999999999999700 ) ) ;
#2238 = UNCERTAINTY_MEASURE_WITH_UNIT (LENGTH_MEASURE( 1.000000000000000100E-005 ), #1075, 'distance_accuracy_value', 'NONE');
#2239 = MECHANICAL_DESIGN_GEOMETRIC_PRESENTATION_REPRESENTATION (  '', ( #2404 ), #2226 ) ;
#2240 = CYLINDRICAL_SURFACE ( 'NONE', #4602, 0.2499999999999997800 ) ;
#2241 = FILL_AREA_STYLE_COLOUR ( '', #4680 ) ;
#2242 = CYLINDRICAL_SURFACE ( 'NONE', #5253, 0.1999999999999999800 ) ;
#2243 = DIRECTION ( 'NONE',  ( 1.000000000000000000, 0.0000000000000000000, 0.0000000000000000000 ) ) ;
#2244 = CARTESIAN_POINT ( 'NONE',  ( 0.1357843638661675500, -0.08689471127733124100, -1.179999999999999900 ) ) ;
#2245 = VERTEX_POINT ( 'NONE', #40 ) ;
#2246 = DIRECTION ( 'NONE',  ( 0.0000000000000000000, 1.000000000000000000, 0.0000000000000000000 ) ) ;
#2247 = FACE_OUTER_BOUND ( 'NONE', #5240, .T. ) ;
#2248 = LINE ( 'NONE', #987, #2285 ) ;
#2249 = CARTESIAN_POINT ( 'NONE',  ( 0.1243902439024392600, -0.1031778755571183300, -1.180000000000000200 ) ) ;
#2250 = FILL_AREA_STYLE_COLOUR ( '', #4579 ) ;
#2251 = FILL_AREA_STYLE_COLOUR ( '', #2233 ) ;
#2252 = SURFACE_STYLE_FILL_AREA ( #2741 ) ;
#2253 = FACE_OUTER_BOUND ( 'NONE', #140, .T. ) ;
#2254 = ORIENTED_EDGE ( 'NONE', *, *, #2058, .F. ) ;
#2255 = AXIS2_PLACEMENT_3D ( 'NONE', #5099, #5113, #5109 ) ;
#2256 = CARTESIAN_POINT ( 'NONE',  ( 0.1243902439024392600, -0.1031778755571183300, -1.200000000000000200 ) ) ;
#2257 = AXIS2_PLACEMENT_3D ( 'NONE', #5050, #3334, #5029 ) ;
#2258 = EDGE_CURVE ( 'NONE', #149, #795, #3406, .T. ) ;
#2259 = CARTESIAN_POINT ( 'NONE',  ( -0.1939712998273378200, -0.02936669435778177500, -1.200000000000000400 ) ) ;
#2260 =( LENGTH_UNIT ( ) NAMED_UNIT ( * ) SI_UNIT ( .MILLI., .METRE. ) );
#2261 = CARTESIAN_POINT ( 'NONE',  ( -1.600000000000000100, -0.8421572875253812200, 0.4499999999999999000 ) ) ;
#2262 =( NAMED_UNIT ( * ) SI_UNIT ( $, .STERADIAN. ) SOLID_ANGLE_UNIT ( ) );
#2263 = VERTEX_POINT ( 'NONE', #27 ) ;
#2264 = DIRECTION ( 'NONE',  ( 0.0000000000000000000, -0.0000000000000000000, 1.000000000000000000 ) ) ;
#2265 = CARTESIAN_POINT ( 'NONE',  ( 3.075000000000000200, 0.2999999999999999900, -0.9000000000000000200 ) ) ;
#2266 = AXIS2_PLACEMENT_3D ( 'NONE', #4232, #4706, #4793 ) ;
#2267 = VECTOR ( 'NONE', #657, 1000.000000000000000 ) ;
#2268 = AXIS2_PLACEMENT_3D ( 'NONE', #4929, #4849, #4814 ) ;
#2269 = CARTESIAN_POINT ( 'NONE',  ( -3.075000000000000200, 0.2999999999999999900, -0.6999999999999999600 ) ) ;
#2270 = EDGE_CURVE ( 'NONE', #5979, #1166, #3546, .T. ) ;
#2271 =( NAMED_UNIT ( * ) PLANE_ANGLE_UNIT ( ) SI_UNIT ( $, .RADIAN. ) );
#2272 = DIRECTION ( 'NONE',  ( 0.0000000000000000000, 1.000000000000000000, 0.0000000000000000000 ) ) ;
#2273 = SURFACE_STYLE_FILL_AREA ( #3583 ) ;
#2274 = ORIENTED_EDGE ( 'NONE', *, *, #1522, .F. ) ;
#2275 = DIRECTION ( 'NONE',  ( -0.0000000000000000000, -0.0000000000000000000, -1.000000000000000000 ) ) ;
#2276 = DIRECTION ( 'NONE',  ( -0.0000000000000000000, -1.000000000000000000, -0.0000000000000000000 ) ) ;
#2277 = EDGE_CURVE ( 'NONE', #5418, #5009, #1622, .T. ) ;
#2278 = CARTESIAN_POINT ( 'NONE',  ( 0.1262669220574370600, -0.1042137254910968900, -1.200000000000000200 ) ) ;
#2279 = CARTESIAN_POINT ( 'NONE',  ( -0.1338389877774934000, 0.06344125015096573100, -1.200000000000000000 ) ) ;
#2280 = EDGE_LOOP ( 'NONE', ( #4973, #3912, #4356, #4966 ) ) ;
#2281 = FILL_AREA_STYLE ('',( #2241 ) ) ;
#2282 = SURFACE_STYLE_USAGE ( .BOTH. , #3195 ) ;
#2283 = EDGE_CURVE ( 'NONE', #1319, #5196, #5163, .T. ) ;
#2284 = CARTESIAN_POINT ( 'NONE',  ( -4.000000000000000000, 0.2999999999999999900, -0.9999999999999997800 ) ) ;
#2285 = VECTOR ( 'NONE', #1004, 1000.000000000000000 ) ;
#2286 = VERTEX_POINT ( 'NONE', #1 ) ;
#2287 = CARTESIAN_POINT ( 'NONE',  ( -0.3253810975609755500, 0.06206602688190609300, -1.179999999999999900 ) ) ;
#2288 = CARTESIAN_POINT ( 'NONE',  ( -0.2916920731707316500, -0.03549494872785000800, -1.179999999999999900 ) ) ;
#2289 = FILL_AREA_STYLE ('',( #1871 ) ) ;
#2290 = FACE_OUTER_BOUND ( 'NONE', #5871, .T. ) ;
#2291 = CARTESIAN_POINT ( 'NONE',  ( -0.1835300405155219100, -0.05902503598977714600, -1.179999999999999700 ) ) ;
#2292 = VECTOR ( 'NONE', #3337, 1000.000000000000000 ) ;
#2293 = CARTESIAN_POINT ( 'NONE',  ( 2.774999999999999900, -1.525000000000000100, 0.0000000000000000000 ) ) ;
#2294 = CARTESIAN_POINT ( 'NONE',  ( 0.05853658536585373100, 0.06450505127215000500, -1.179999999999999900 ) ) ;
#2295 = AXIS2_PLACEMENT_3D ( 'NONE', #5285, #5143, #5108 ) ;
#2296 = PLANE ( 'NONE',  #1508 ) ;
#2297 = SURFACE_STYLE_FILL_AREA ( #1065 ) ;
#2298 = ADVANCED_FACE ( 'NONE', ( #3411 ), #1567, .T. ) ;
#2299 = DIRECTION ( 'NONE',  ( -1.000000000000000000, 0.0000000000000000000, 0.0000000000000000000 ) ) ;
#2300 = CARTESIAN_POINT ( 'NONE',  ( -0.1688729395935032700, -0.07558310294756488700, -1.180000000000000200 ) ) ;
#2301 = VERTEX_POINT ( 'NONE', #5084 ) ;
#2302 = ORIENTED_EDGE ( 'NONE', *, *, #2364, .F. ) ;
#2303 = EDGE_CURVE ( 'NONE', #4204, #494, #3687, .T. ) ;
#2304 = SURFACE_STYLE_USAGE ( .BOTH. , #2056 ) ;
#2305 = EDGE_LOOP ( 'NONE', ( #230, #6022, #209, #2330 ) ) ;
#2306 = VECTOR ( 'NONE', #1432, 1000.000000000000000 ) ;
#2307 = DIRECTION ( 'NONE',  ( 0.0000000000000000000, -1.000000000000000000, 0.0000000000000000000 ) ) ;
#2308 = CARTESIAN_POINT ( 'NONE',  ( 0.1300474967719249300, -0.1063004488101562800, -1.180000000000000200 ) ) ;
#2309 = PRESENTATION_LAYER_ASSIGNMENT (  '', '', ( #2404 ) ) ;
#2310 = ORIENTED_EDGE ( 'NONE', *, *, #1115, .T. ) ;
#2311 = CARTESIAN_POINT ( 'NONE',  ( 0.1299214521751906300, -0.08434209360001505800, -1.200000000000000000 ) ) ;
#2312 = CARTESIAN_POINT ( 'NONE',  ( 0.1357843638661675500, -0.08689471127733124100, -1.179999999999999900 ) ) ;
#2313 = CIRCLE ( 'NONE', #1613, 0.1999999999999999800 ) ;
#2314 = FILL_AREA_STYLE ('',( #2947 ) ) ;
#2315 = ORIENTED_EDGE ( 'NONE', *, *, #74, .F. ) ;
#2316 =( NAMED_UNIT ( * ) PLANE_ANGLE_UNIT ( ) SI_UNIT ( $, .RADIAN. ) );
#2317 = LINE ( 'NONE', #1213, #5456 ) ;
#2318 = CARTESIAN_POINT ( 'NONE',  ( -0.1173018292682925200, 0.06450505127215000500, -1.179999999999999900 ) ) ;
#2319 = ADVANCED_FACE ( 'NONE', ( #3355 ), #3223, .T. ) ;
#2320 = DIRECTION ( 'NONE',  ( -1.000000000000000000, 0.0000000000000000000, 0.0000000000000000000 ) ) ;
#2321 = CARTESIAN_POINT ( 'NONE',  ( -0.1201496845095805000, 0.06444645243833113700, -1.200000000000000200 ) ) ;
#2322 = LINE ( 'NONE', #5119, #1328 ) ;
#2323 = CARTESIAN_POINT ( 'NONE',  ( 0.2693347597384503400, 0.01588396823282908800, -1.199999999999999700 ) ) ;
#2324 = LINE ( 'NONE', #1306, #2643 ) ;
#2325 = CARTESIAN_POINT ( 'NONE',  ( 0.1243902439024392600, -0.1031778755571183300, -1.200000000000000200 ) ) ;
#2326 = AXIS2_PLACEMENT_3D ( 'NONE', #2849, #3298, #4165 ) ;
#2327 = ADVANCED_FACE ( 'NONE', ( #3241 ), #3145, .F. ) ;
#2328 = CARTESIAN_POINT ( 'NONE',  ( -0.1161966463414632600, -0.09159250970345976500, -1.179999999999999900 ) ) ;
#2329 = CARTESIAN_POINT ( 'NONE',  ( -0.1201496845095805000, 0.06444645243833113700, -1.180000000000000200 ) ) ;
#2330 = ORIENTED_EDGE ( 'NONE', *, *, #517, .T. ) ;
#2331 = CARTESIAN_POINT ( 'NONE',  ( -0.2658536585365853200, -0.1135437292156548900, -1.179999999999999900 ) ) ;
#2332 = EDGE_CURVE ( 'NONE', #1710, #5656, #3153, .T. ) ;
#2333 = VERTEX_POINT ( 'NONE', #2730 ) ;
#2334 = CARTESIAN_POINT ( 'NONE',  ( -0.1792255673425968100, -0.06509980466140129200, -1.179999999999999900 ) ) ;
#2335 = VERTEX_POINT ( 'NONE', #1887 ) ;
#2336 = ADVANCED_FACE ( 'NONE', ( #23 ), #3202, .T. ) ;
#2337 = AXIS2_PLACEMENT_3D ( 'NONE', #147, #138, #131 ) ;
#2338 =( LENGTH_UNIT ( ) NAMED_UNIT ( * ) SI_UNIT ( .MILLI., .METRE. ) );
#2339 = EDGE_CURVE ( 'NONE', #2567, #1211, #727, .T. ) ;
#2340 = LINE ( 'NONE', #1313, #736 ) ;
#2341 = DIRECTION ( 'NONE',  ( -1.000000000000000000, 0.0000000000000000000, 0.0000000000000000000 ) ) ;
#2342 = CARTESIAN_POINT ( 'NONE',  ( -0.1257069196104235200, 0.06433210410648983200, -1.200000000000000000 ) ) ;
#2343 = CARTESIAN_POINT ( 'NONE',  ( -0.1257069196104235200, 0.06433210410648983200, -1.179999999999999900 ) ) ;
#2344 = DIRECTION ( 'NONE',  ( 0.0000000000000000000, 0.0000000000000000000, 1.000000000000000000 ) ) ;
#2345 = ORIENTED_EDGE ( 'NONE', *, *, #5331, .F. ) ;
#2346 = VECTOR ( 'NONE', #268, 1000.000000000000000 ) ;
#2347 =( LENGTH_UNIT ( ) NAMED_UNIT ( * ) SI_UNIT ( .MILLI., .METRE. ) );
#2348 = EDGE_LOOP ( 'NONE', ( #4983, #4299, #96, #2472, #4997, #1738, #951, #4410 ) ) ;
#2349 = PRESENTATION_LAYER_ASSIGNMENT (  '', '', ( #2436 ) ) ;
#2350 = EDGE_CURVE ( 'NONE', #471, #1710, #4815, .T. ) ;
#2351 = DIRECTION ( 'NONE',  ( 0.0000000000000000000, 0.0000000000000000000, 1.000000000000000000 ) ) ;
#2352 = CARTESIAN_POINT ( 'NONE',  ( -0.1338389877774934000, 0.06344125015096573100, -1.179999999999999900 ) ) ;
#2353 = DIRECTION ( 'NONE',  ( 0.0000000000000000000, 1.000000000000000000, 0.0000000000000000000 ) ) ;
#2354 = CARTESIAN_POINT ( 'NONE',  ( 0.2201313782161748400, 0.04990749853433278800, -1.179999999999999900 ) ) ;
#2355 = VECTOR ( 'NONE', #2175, 1000.000000000000000 ) ;
#2356 = ADVANCED_FACE ( 'NONE', ( #3287 ), #1877, .T. ) ;
#2357 = PRESENTATION_STYLE_ASSIGNMENT (( #4838 ) ) ;
#2358 =( NAMED_UNIT ( * ) PLANE_ANGLE_UNIT ( ) SI_UNIT ( $, .RADIAN. ) );
#2359 = CARTESIAN_POINT ( 'NONE',  ( -0.1415452625973436200, 0.06197772996354809800, -1.200000000000000000 ) ) ;
#2360 = UNCERTAINTY_MEASURE_WITH_UNIT (LENGTH_MEASURE( 1.000000000000000100E-005 ), #403, 'distance_accuracy_value', 'NONE');
#2361 = PLANE ( 'NONE',  #1325 ) ;
#2362 = VECTOR ( 'NONE', #5423, 1000.000000000000000 ) ;
#2363 = CARTESIAN_POINT ( 'NONE',  ( 0.2164120947852220300, -0.08223731089326599700, -1.200000000000000600 ) ) ;
#2364 = EDGE_CURVE ( 'NONE', #5182, #5595, #4036, .T. ) ;
#2365 = CARTESIAN_POINT ( 'NONE',  ( -0.1415452625973436200, 0.06197772996354809800, -1.179999999999999900 ) ) ;
#2366 = CARTESIAN_POINT ( 'NONE',  ( -1.099999999999999600, 0.4250000000000000400, 0.6500000000000000200 ) ) ;
#2367 = B_SPLINE_CURVE_WITH_KNOTS ( 'NONE', 3,
 ( #4855, #5293, #19, #1714, #5893, #5311, #4962, #4807, #4653, #4574, #4532, #4296, #4216, #4202, #4129, #4087, #4049, #3807, #4039 ),
 .UNSPECIFIED., .F., .F.,
 ( 4, 1, 1, 1, 1, 1, 1, 1, 1, 1, 1, 1, 1, 1, 1, 1, 4 ),
 ( 0.0000000000000000000, 0.07064371857535414700, 0.1382567155089047000, 0.2033641242175802100, 0.2663240938030568300, 0.3279047615429894800, 0.3887377151730923000, 0.4494235281093024700, 0.5108610114593156200, 0.5720793960475146800, 0.6317344287314453600, 0.6911172105788379000, 0.7503600294901706700, 0.8100329005312620900, 0.8713624508287362000, 0.9344271412311534500, 1.000000000000000000 ),
 .UNSPECIFIED. ) ;
#2368 = CARTESIAN_POINT ( 'NONE',  ( -0.1743466185640364400, -0.07064809080514182500, -1.179999999999999900 ) ) ;
#2369 = LINE ( 'NONE', #1939, #2444 ) ;
#2370 = DIRECTION ( 'NONE',  ( -0.0000000000000000000, -1.000000000000000000, -0.0000000000000000000 ) ) ;
#2371 = CARTESIAN_POINT ( 'NONE',  ( 0.1733090012527025400, -0.09399982598421959000, -1.200000000000000200 ) ) ;
#2372 = AXIS2_PLACEMENT_3D ( 'NONE', #3363, #3401, #3451 ) ;
#2373 = VERTEX_POINT ( 'NONE', #1829 ) ;
#2374 =( GEOMETRIC_REPRESENTATION_CONTEXT ( 3 ) GLOBAL_UNCERTAINTY_ASSIGNED_CONTEXT ( ( #1240 ) ) GLOBAL_UNIT_ASSIGNED_CONTEXT ( ( #5356, #5340, #3113 ) ) REPRESENTATION_CONTEXT ( 'NONE', 'WORKASPACE' ) );
#2375 = CARTESIAN_POINT ( 'NONE',  ( 0.2412754931673186400, 0.01834156612995010300, -1.180000000000000400 ) ) ;
#2376 = ORIENTED_EDGE ( 'NONE', *, *, #5302, .T. ) ;
#2377 = EDGE_CURVE ( 'NONE', #2806, #4209, #2313, .T. ) ;
#2378 =( NAMED_UNIT ( * ) SI_UNIT ( $, .STERADIAN. ) SOLID_ANGLE_UNIT ( ) );
#2379 = FACE_OUTER_BOUND ( 'NONE', #2499, .T. ) ;
#2380 = CARTESIAN_POINT ( 'NONE',  ( -0.1488426371532152500, 0.05986921925024838600, -1.200000000000000000 ) ) ;
#2381 = LINE ( 'NONE', #4094, #1890 ) ;
#2382 = SURFACE_STYLE_USAGE ( .BOTH. , #2405 ) ;
#2383 = FACE_OUTER_BOUND ( 'NONE', #984, .T. ) ;
#2384 = MECHANICAL_DESIGN_GEOMETRIC_PRESENTATION_REPRESENTATION (  '', ( #2500 ), #2374 ) ;
#2385 = CARTESIAN_POINT ( 'NONE',  ( -0.1488426371532152500, 0.05986921925024838600, -1.179999999999999900 ) ) ;
#2386 = CARTESIAN_POINT ( 'NONE',  ( -0.1557087235299224300, 0.05716703404309954300, -1.180000000000000200 ) ) ;
#2387 = ORIENTED_EDGE ( 'NONE', *, *, #4863, .T. ) ;
#2388 = CARTESIAN_POINT ( 'NONE',  ( -2.774999999999999900, -1.525000000000000100, 0.2000000000000000100 ) ) ;
#2389 =( NAMED_UNIT ( * ) PLANE_ANGLE_UNIT ( ) SI_UNIT ( $, .RADIAN. ) );
#2390 = AXIS2_PLACEMENT_3D ( 'NONE', #2706, #2689, #2644 ) ;
#2391 = CARTESIAN_POINT ( 'NONE',  ( -0.1621667594353078400, 0.05387870597293960300, -1.199999999999999300 ) ) ;
#2392 = CARTESIAN_POINT ( 'NONE',  ( -0.1621667594353078400, 0.05387870597293960300, -1.179999999999999300 ) ) ;
#2393 = UNCERTAINTY_MEASURE_WITH_UNIT (LENGTH_MEASURE( 1.000000000000000100E-005 ), #1511, 'distance_accuracy_value', 'NONE');
#2394 = CARTESIAN_POINT ( 'NONE',  ( 1.100000000000000100, 0.4249999999999999300, 1.100000000000000100 ) ) ;
#2395 = VERTEX_POINT ( 'NONE', #2858 ) ;
#2396 = FACE_OUTER_BOUND ( 'NONE', #5042, .T. ) ;
#2397 = CARTESIAN_POINT ( 'NONE',  ( -0.1336562576735571000, -0.09039112849559040300, -1.180000000000000200 ) ) ;
#2398 = LINE ( 'NONE', #4171, #4783 ) ;
#2399 = FACE_OUTER_BOUND ( 'NONE', #5786, .T. ) ;
#2400 = CARTESIAN_POINT ( 'NONE',  ( -0.1681661583256999200, 0.04996235194264950200, -1.200000000000000200 ) ) ;
#2401 = ADVANCED_BREP_SHAPE_REPRESENTATION ( 'SW-SMD_L6.2-W3.7-LS8.0', ( #4322, #5478, #1502 ), #1728 ) ;
#2402 = CARTESIAN_POINT ( 'NONE',  ( -1.600000000000000100, -0.8249999999999998400, 0.5914213562373098500 ) ) ;
#2403 = CARTESIAN_POINT ( 'NONE',  ( 0.1944214288479349200, 0.06397097999648206100, -1.180000000000000200 ) ) ;
#2404 = STYLED_ITEM ( 'NONE', ( #3137 ), #2212 ) ;
#2405 = SURFACE_SIDE_STYLE ('',( #5090 ) ) ;
#2406 = CARTESIAN_POINT ( 'NONE',  ( -4.000000000000000000, 0.2999999999999999900, -1.200000000000000000 ) ) ;
#2407 = VERTEX_POINT ( 'NONE', #1808 ) ;
#2408 = CARTESIAN_POINT ( 'NONE',  ( -0.1681661583256999200, 0.04996235194264950200, -1.180000000000000200 ) ) ;
#2409 = CARTESIAN_POINT ( 'NONE',  ( -0.1737589632940249000, 0.04551219858461069700, -1.199999999999999700 ) ) ;
#2410 = VECTOR ( 'NONE', #3163, 1000.000000000000000 ) ;
#2411 = ORIENTED_EDGE ( 'NONE', *, *, #1789, .F. ) ;
#2412 = CARTESIAN_POINT ( 'NONE',  ( -0.1737589632940249000, 0.04551219858461069700, -1.179999999999999700 ) ) ;
#2413 = CARTESIAN_POINT ( 'NONE',  ( -0.1788076729792854600, 0.04045028410505905500, -1.199999999999999700 ) ) ;
#2414 = CARTESIAN_POINT ( 'NONE',  ( -0.06097560975609740000, -0.1135437292156548900, -1.179999999999999900 ) ) ;
#2415 = ADVANCED_FACE ( 'NONE', ( #3033 ), #2981, .T. ) ;
#2416 = CARTESIAN_POINT ( 'NONE',  ( -0.1788076729792854600, 0.04045028410505905500, -1.179999999999999700 ) ) ;
#2417 = PRESENTATION_LAYER_ASSIGNMENT (  '', '', ( #2500 ) ) ;
#2418 = VERTEX_POINT ( 'NONE', #4029 ) ;
#2419 = CARTESIAN_POINT ( 'NONE',  ( 0.1243902439024392600, 0.08096846590629636100, -1.180000000000000200 ) ) ;
#2420 = VERTEX_POINT ( 'NONE', #4883 ) ;
#2421 = CARTESIAN_POINT ( 'NONE',  ( 0.1733090012527025400, -0.09399982598421959000, -1.200000000000000200 ) ) ;
#2422 = SURFACE_STYLE_FILL_AREA ( #563 ) ;
#2423 = DIRECTION ( 'NONE',  ( 1.000000000000000000, 0.0000000000000000000, 0.0000000000000000000 ) ) ;
#2424 = VERTEX_POINT ( 'NONE', #3097 ) ;
#2425 = CARTESIAN_POINT ( 'NONE',  ( -0.1831883263901186200, 0.03474534075202492800, -1.200000000000000000 ) ) ;
#2426 =( NAMED_UNIT ( * ) SI_UNIT ( $, .STERADIAN. ) SOLID_ANGLE_UNIT ( ) );
#2427 = DIRECTION ( 'NONE',  ( -0.0000000000000000000, -1.000000000000000000, -0.0000000000000000000 ) ) ;
#2428 = CARTESIAN_POINT ( 'NONE',  ( -0.1250889463646564200, -0.09140028881817774400, -1.199999999999999700 ) ) ;
#2429 = ORIENTED_EDGE ( 'NONE', *, *, #1062, .T. ) ;
#2430 = EDGE_CURVE ( 'NONE', #5527, #3993, #3027, .T. ) ;
#2431 = CARTESIAN_POINT ( 'NONE',  ( -0.1831883263901186200, 0.03474534075202492800, -1.179999999999999900 ) ) ;
#2432 = LINE ( 'NONE', #5601, #2831 ) ;
#2433 = CARTESIAN_POINT ( 'NONE',  ( -0.1871063425472382600, -0.05238117689155032800, -1.180000000000000200 ) ) ;
#2434 = CARTESIAN_POINT ( 'NONE',  ( 0.1714557926829270400, 0.08889529517458903700, -1.179999999999999900 ) ) ;
#2435 = ORIENTED_EDGE ( 'NONE', *, *, #734, .T. ) ;
#2436 = STYLED_ITEM ( 'NONE', ( #420 ), #3961 ) ;
#2437 = EDGE_CURVE ( 'NONE', #1211, #457, #2988, .T. ) ;
#2438 = CARTESIAN_POINT ( 'NONE',  ( -0.1869002926901580400, 0.02846283506620592500, -1.179999999999999900 ) ) ;
#2439 = CARTESIAN_POINT ( 'NONE',  ( -0.3247332317073169900, 0.06206602688190609300, -1.179999999999999900 ) ) ;
#2440 = UNCERTAINTY_MEASURE_WITH_UNIT (LENGTH_MEASURE( 1.000000000000000100E-005 ), #5271, 'distance_accuracy_value', 'NONE');
#2441 = VERTEX_POINT ( 'NONE', #4661 ) ;
#2442 = CARTESIAN_POINT ( 'NONE',  ( -0.1899147987621731300, 0.02157196707669248000, -1.200000000000000200 ) ) ;
#2443 = DIRECTION ( 'NONE',  ( -0.0000000000000000000, 0.0000000000000000000, 1.000000000000000000 ) ) ;
#2444 = VECTOR ( 'NONE', #2423, 1000.000000000000000 ) ;
#2445 = CARTESIAN_POINT ( 'NONE',  ( -0.2849466463414633300, -0.05744616824004512800, -1.179999999999999900 ) ) ;
#2446 = ADVANCED_FACE ( 'NONE', ( #2955 ), #2361, .T. ) ;
#2447 = CARTESIAN_POINT ( 'NONE',  ( -0.1899147987621731300, 0.02157196707669248000, -1.180000000000000200 ) ) ;
#2448 =( GEOMETRIC_REPRESENTATION_CONTEXT ( 3 ) GLOBAL_UNCERTAINTY_ASSIGNED_CONTEXT ( ( #1294 ) ) GLOBAL_UNIT_ASSIGNED_CONTEXT ( ( #3240, #3288, #3300 ) ) REPRESENTATION_CONTEXT ( 'NONE', 'WORKASPACE' ) );
#2449 = AXIS2_PLACEMENT_3D ( 'NONE', #5856, #132, #5993 ) ;
#2450 = CARTESIAN_POINT ( 'NONE',  ( -0.1900678405902839800, -0.04523411902254995100, -1.179999999999999700 ) ) ;
#2451 = EDGE_CURVE ( 'NONE', #3310, #3347, #2398, .T. ) ;
#2452 = VERTEX_POINT ( 'NONE', #3170 ) ;
#2453 =( LENGTH_UNIT ( ) NAMED_UNIT ( * ) SI_UNIT ( .MILLI., .METRE. ) );
#2454 = DIRECTION ( 'NONE',  ( 0.0000000000000000000, 0.0000000000000000000, 1.000000000000000000 ) ) ;
#2455 =( NAMED_UNIT ( * ) PLANE_ANGLE_UNIT ( ) SI_UNIT ( $, .RADIAN. ) );
#2456 =( LENGTH_UNIT ( ) NAMED_UNIT ( * ) SI_UNIT ( .MILLI., .METRE. ) );
#2457 = UNCERTAINTY_MEASURE_WITH_UNIT (LENGTH_MEASURE( 1.000000000000000100E-005 ), #5773, 'distance_accuracy_value', 'NONE');
#2458 = DIRECTION ( 'NONE',  ( 0.0000000000000000000, -1.000000000000000000, 0.0000000000000000000 ) ) ;
#2459 = MECHANICAL_DESIGN_GEOMETRIC_PRESENTATION_REPRESENTATION (  '', ( #2544 ), #2448 ) ;
#2460 = DIRECTION ( 'NONE',  ( -0.0000000000000000000, -0.0000000000000000000, -1.000000000000000000 ) ) ;
#2461 = EDGE_LOOP ( 'NONE', ( #3360, #2230, #1300, #1722 ) ) ;
#2462 = FILL_AREA_STYLE ('',( #2529 ) ) ;
#2463 = AXIS2_PLACEMENT_3D ( 'NONE', #5836, #5725, #5512 ) ;
#2464 = CARTESIAN_POINT ( 'NONE',  ( -0.1174161585365852000, 0.08645627078434514600, -1.179999999999999900 ) ) ;
#2465 = SURFACE_STYLE_FILL_AREA ( #2691 ) ;
#2466 = CARTESIAN_POINT ( 'NONE',  ( 0.05853658536585373100, -0.09159250970345976500, -1.179999999999999900 ) ) ;
#2467 = CARTESIAN_POINT ( 'NONE',  ( -2.150000000000001700, -0.8249999999999998400, 0.2000000000000000400 ) ) ;
#2468 = CARTESIAN_POINT ( 'NONE',  ( -3.431066017177982100, 0.2999999999999999900, -0.7732233047033633100 ) ) ;
#2469 = DIRECTION ( 'NONE',  ( -0.0000000000000000000, -0.0000000000000000000, -1.000000000000000000 ) ) ;
#2470 = DIRECTION ( 'NONE',  ( 0.0000000000000000000, 0.0000000000000000000, -1.000000000000000000 ) ) ;
#2471 = UNCERTAINTY_MEASURE_WITH_UNIT (LENGTH_MEASURE( 1.000000000000000100E-005 ), #2707, 'distance_accuracy_value', 'NONE');
#2472 = ORIENTED_EDGE ( 'NONE', *, *, #276, .T. ) ;
#2473 = PRESENTATION_STYLE_ASSIGNMENT (( #1409 ) ) ;
#2474 = SURFACE_STYLE_USAGE ( .BOTH. , #2480 ) ;
#2475 = CARTESIAN_POINT ( 'NONE',  ( -0.1922765608969350900, 0.01411221771489681500, -1.199999999999999700 ) ) ;
#2476 = CARTESIAN_POINT ( 'NONE',  ( -0.1922765608969350900, 0.01411221771489681500, -1.179999999999999700 ) ) ;
#2477 = EDGE_CURVE ( 'NONE', #134, #4526, #3362, .T. ) ;
#2478 = ORIENTED_EDGE ( 'NONE', *, *, #4896, .F. ) ;
#2479 = COLOUR_RGB ( '',0.6666666666666666300, 0.6666666666666666300, 0.6666666666666666300 ) ;
#2480 = SURFACE_SIDE_STYLE ('',( #1861 ) ) ;
#2481 = DIRECTION ( 'NONE',  ( 0.0000000000000000000, 0.0000000000000000000, -1.000000000000000000 ) ) ;
#2482 = CARTESIAN_POINT ( 'NONE',  ( -0.01707317073170725900, 0.06450505127215000500, -1.179999999999999900 ) ) ;
#2483 = CARTESIAN_POINT ( 'NONE',  ( -0.1173018292682925200, 0.06450505127215000500, -1.179999999999999900 ) ) ;
#2484 = PRESENTATION_STYLE_ASSIGNMENT (( #3850 ) ) ;
#2485 = ORIENTED_EDGE ( 'NONE', *, *, #1750, .F. ) ;
#2486 = VECTOR ( 'NONE', #3341, 1000.000000000000000 ) ;
#2487 = DIRECTION ( 'NONE',  ( -1.000000000000000000, -3.388131789017200700E-017, 0.0000000000000000000 ) ) ;
#2488 = FACE_OUTER_BOUND ( 'NONE', #299, .T. ) ;
#2489 = EDGE_CURVE ( 'NONE', #2407, #2777, #4757, .T. ) ;
#2490 = EDGE_LOOP ( 'NONE', ( #5589, #1955, #1205, #1754 ) ) ;
#2491 = CARTESIAN_POINT ( 'NONE',  ( -0.1900678405902839800, -0.04523411902254995100, -1.179999999999999700 ) ) ;
#2492 = CARTESIAN_POINT ( 'NONE',  ( -0.1681661583256999200, 0.04996235194264950200, -1.200000000000000200 ) ) ;
#2493 = DIRECTION ( 'NONE',  ( 1.000000000000000000, 0.0000000000000000000, -0.0000000000000000000 ) ) ;
#2494 = CARTESIAN_POINT ( 'NONE',  ( 0.2589859215994913500, -0.07436390078511656600, -1.199999999999999700 ) ) ;
#2495 = SURFACE_STYLE_USAGE ( .BOTH. , #2899 ) ;
#2496 = SURFACE_STYLE_FILL_AREA ( #1427 ) ;
#2497 = ORIENTED_EDGE ( 'NONE', *, *, #177, .T. ) ;
#2498 = CARTESIAN_POINT ( 'NONE',  ( -0.1939377579061583000, 0.006054822687732421000, -1.200000000000000400 ) ) ;
#2499 = EDGE_LOOP ( 'NONE', ( #5319, #1764, #90, #1280 ) ) ;
#2500 = STYLED_ITEM ( 'NONE', ( #3890 ), #5748 ) ;
#2501 = VECTOR ( 'NONE', #3481, 1000.000000000000200 ) ;
#2502 = DIRECTION ( 'NONE',  ( -1.000000000000000000, 0.0000000000000000000, 0.0000000000000000000 ) ) ;
#2503 = ADVANCED_FACE ( 'NONE', ( #3553 ), #4005, .F. ) ;
#2504 = VERTEX_POINT ( 'NONE', #3283 ) ;
#2505 = PRESENTATION_LAYER_ASSIGNMENT (  '', '', ( #2544 ) ) ;
#2506 = CARTESIAN_POINT ( 'NONE',  ( -0.1939377579061583000, 0.006054822687732421000, -1.180000000000000400 ) ) ;
#2507 =( GEOMETRIC_REPRESENTATION_CONTEXT ( 3 ) GLOBAL_UNCERTAINTY_ASSIGNED_CONTEXT ( ( #5946 ) ) GLOBAL_UNIT_ASSIGNED_CONTEXT ( ( #1445, #6039, #6019 ) ) REPRESENTATION_CONTEXT ( 'NONE', 'WORKASPACE' ) );
#2508 = DIRECTION ( 'NONE',  ( 1.000000000000000000, 0.0000000000000000000, 0.0000000000000000000 ) ) ;
#2509 = EDGE_CURVE ( 'NONE', #4781, #6121, #2825, .T. ) ;
#2510 =( LENGTH_UNIT ( ) NAMED_UNIT ( * ) SI_UNIT ( .MILLI., .METRE. ) );
#2511 = LINE ( 'NONE', #1475, #2535 ) ;
#2512 = ORIENTED_EDGE ( 'NONE', *, *, #2477, .T. ) ;
#2513 = CARTESIAN_POINT ( 'NONE',  ( 2.774999999999999900, -1.525000000000000100, -1.200000000000000000 ) ) ;
#2514 = ORIENTED_EDGE ( 'NONE', *, *, #1088, .T. ) ;
#2515 = PLANE ( 'NONE',  #1847 ) ;
#2516 = CARTESIAN_POINT ( 'NONE',  ( -0.1949290007464356000, -0.002581378885704397000, -1.199999999999999700 ) ) ;
#2517 =( GEOMETRIC_REPRESENTATION_CONTEXT ( 3 ) GLOBAL_UNCERTAINTY_ASSIGNED_CONTEXT ( ( #1892 ) ) GLOBAL_UNIT_ASSIGNED_CONTEXT ( ( #2815, #2771, #2756 ) ) REPRESENTATION_CONTEXT ( 'NONE', 'WORKASPACE' ) );
#2518 = PRESENTATION_STYLE_ASSIGNMENT (( #4554 ) ) ;
#2519 = EDGE_LOOP ( 'NONE', ( #4188, #2429, #2664, #1807 ) ) ;
#2520 = DIRECTION ( 'NONE',  ( -1.000000000000000000, 0.0000000000000000000, 0.0000000000000000000 ) ) ;
#2521 = CARTESIAN_POINT ( 'NONE',  ( 0.2669774356148279000, -0.05746190832218713000, -1.179999999999999900 ) ) ;
#2522 = CARTESIAN_POINT ( 'NONE',  ( -1.600000000000000100, -0.9835786437626904400, 0.5914213562373097400 ) ) ;
#2523 = EDGE_CURVE ( 'NONE', #757, #60, #5685, .T. ) ;
#2524 = CARTESIAN_POINT ( 'NONE',  ( 3.678553390593272800, -0.2999999999999999900, -1.199999999999999700 ) ) ;
#2525 = FILL_AREA_STYLE ('',( #2551 ) ) ;
#2526 = CARTESIAN_POINT ( 'NONE',  ( 3.075000000000000200, 0.2999999999999999900, -0.6999999999999999600 ) ) ;
#2527 = CARTESIAN_POINT ( 'NONE',  ( -0.1949290007464356000, -0.002581378885704397000, -1.179999999999999700 ) ) ;
#2528 = LINE ( 'NONE', #1453, #2486 ) ;
#2529 = FILL_AREA_STYLE_COLOUR ( '', #5950 ) ;
#2530 = MECHANICAL_DESIGN_GEOMETRIC_PRESENTATION_REPRESENTATION (  '', ( #2648 ), #2517 ) ;
#2531 = CARTESIAN_POINT ( 'NONE',  ( -0.1950563951030298000, -0.008535954627172673300, -1.200000000000000000 ) ) ;
#2532 = LINE ( 'NONE', #3703, #1794 ) ;
#2533 =( LENGTH_UNIT ( ) NAMED_UNIT ( * ) SI_UNIT ( .MILLI., .METRE. ) );
#2534 = FILL_AREA_STYLE_COLOUR ( '', #876 ) ;
#2535 = VECTOR ( 'NONE', #3656, 1000.000000000000000 ) ;
#2536 = DIRECTION ( 'NONE',  ( 0.0000000000000000000, 1.000000000000000000, 0.0000000000000000000 ) ) ;
#2537 = CARTESIAN_POINT ( 'NONE',  ( -0.1950563951030298000, -0.008535954627172673300, -1.179999999999999900 ) ) ;
#2538 = ORIENTED_EDGE ( 'NONE', *, *, #2696, .T. ) ;
#2539 = DIRECTION ( 'NONE',  ( -1.000000000000000000, -0.0000000000000000000, -0.0000000000000000000 ) ) ;
#2540 = UNCERTAINTY_MEASURE_WITH_UNIT (LENGTH_MEASURE( 1.000000000000000100E-005 ), #3915, 'distance_accuracy_value', 'NONE');
#2541 = CIRCLE ( 'NONE', #4347, 0.2499999999999998900 ) ;
#2542 = DIRECTION ( 'NONE',  ( -1.000000000000000000, 0.0000000000000000000, 0.0000000000000000000 ) ) ;
#2543 = EDGE_LOOP ( 'NONE', ( #839, #1131, #46, #5213 ) ) ;
#2544 = STYLED_ITEM ( 'NONE', ( #5392 ), #1397 ) ;
#2545 = CARTESIAN_POINT ( 'NONE',  ( 0.1757240853658538500, -0.09403153409370368400, -1.179999999999999900 ) ) ;
#2546 = CARTESIAN_POINT ( 'NONE',  ( 1.600000000000000500, 1.375000000000001300, 0.2000000000000000400 ) ) ;
#2547 = MECHANICAL_DESIGN_GEOMETRIC_PRESENTATION_REPRESENTATION (  '', ( #2594 ), #2507 ) ;
#2548 = DIRECTION ( 'NONE',  ( 0.0000000000000000000, 0.0000000000000000000, -1.000000000000000000 ) ) ;
#2549 = SURFACE_STYLE_USAGE ( .BOTH. , #3129 ) ;
#2550 = EDGE_CURVE ( 'NONE', #3164, #2628, #4940, .T. ) ;
#2551 = FILL_AREA_STYLE_COLOUR ( '', #186 ) ;
#2552 = ORIENTED_EDGE ( 'NONE', *, *, #3276, .F. ) ;
#2553 = CARTESIAN_POINT ( 'NONE',  ( 0.3658536585365854100, -0.09159250970345976500, -1.179999999999999900 ) ) ;
#2554 = CARTESIAN_POINT ( 'NONE',  ( -0.1192101600957778400, -0.09152736792010191000, -1.179999999999999900 ) ) ;
#2555 = AXIS2_PLACEMENT_3D ( 'NONE', #1854, #1856, #1838 ) ;
#2556 = PRESENTATION_LAYER_ASSIGNMENT (  '', '', ( #2648 ) ) ;
#2557 = ORIENTED_EDGE ( 'NONE', *, *, #5210, .F. ) ;
#2558 = DIRECTION ( 'NONE',  ( 1.000000000000000000, 0.0000000000000000000, 0.0000000000000000000 ) ) ;
#2559 = DIRECTION ( 'NONE',  ( -6.047221112270354800E-016, 0.0000000000000000000, -1.000000000000000000 ) ) ;
#2560 = CARTESIAN_POINT ( 'NONE',  ( 0.1615247091856815400, -0.09329571087619981100, -1.179999999999999500 ) ) ;
#2561 = CARTESIAN_POINT ( 'NONE',  ( -0.3675685975609755400, -0.05744616824004512800, -1.200000000000000000 ) ) ;
#2562 = ORIENTED_EDGE ( 'NONE', *, *, #5851, .T. ) ;
#2563 = CARTESIAN_POINT ( 'NONE',  ( -0.02195121951219506200, -0.09159250970345976500, -1.179999999999999900 ) ) ;
#2564 = VECTOR ( 'NONE', #5873, 1000.000000000000000 ) ;
#2565 = CARTESIAN_POINT ( 'NONE',  ( -0.1951219512195120400, -0.01160013165467927600, -1.200000000000000000 ) ) ;
#2566 = EDGE_CURVE ( 'NONE', #4475, #2286, #2819, .T. ) ;
#2567 = VERTEX_POINT ( 'NONE', #5057 ) ;
#2568 = CARTESIAN_POINT ( 'NONE',  ( 0.1714557926829270400, 0.08889529517458903700, -1.199999999999999700 ) ) ;
#2569 = CARTESIAN_POINT ( 'NONE',  ( 2.774999999999999900, 1.525000000000000100, 0.2000000000000000100 ) ) ;
#2570 = CARTESIAN_POINT ( 'NONE',  ( -1.600000000000000100, 0.8249999999999997300, 0.6500000000000000200 ) ) ;
#2571 = PLANE ( 'NONE',  #3671 ) ;
#2572 = PLANE ( 'NONE',  #4285 ) ;
#2573 = ORIENTED_EDGE ( 'NONE', *, *, #1948, .T. ) ;
#2574 = CYLINDRICAL_SURFACE ( 'NONE', #4788, 0.05000000000000002400 ) ;
#2575 = EDGE_CURVE ( 'NONE', #4244, #553, #2841, .T. ) ;
#2576 = VECTOR ( 'NONE', #151, 1000.000000000000000 ) ;
#2577 = ORIENTED_EDGE ( 'NONE', *, *, #4231, .F. ) ;
#2578 = DIRECTION ( 'NONE',  ( -1.000000000000000000, 0.0000000000000000000, 6.047221112270354800E-016 ) ) ;
#2579 = EDGE_LOOP ( 'NONE', ( #5638, #4391, #2254, #5683 ) ) ;
#2580 = CARTESIAN_POINT ( 'NONE',  ( 0.1757240853658538500, -0.09403153409370368400, -1.200000000000000000 ) ) ;
#2581 = AXIS2_PLACEMENT_3D ( 'NONE', #2856, #2884, #2945 ) ;
#2582 = CARTESIAN_POINT ( 'NONE',  ( -0.02195121951219506200, -0.1135437292156548900, -1.179999999999999900 ) ) ;
#2583 = DIRECTION ( 'NONE',  ( -0.3393303772748777500, -0.9406672605435404400, 0.0000000000000000000 ) ) ;
#2584 = PRESENTATION_LAYER_ASSIGNMENT (  '', '', ( #2594 ) ) ;
#2585 = ORIENTED_EDGE ( 'NONE', *, *, #776, .F. ) ;
#2586 = DIRECTION ( 'NONE',  ( -0.9406672605435405500, 0.3393303772748778000, 0.0000000000000000000 ) ) ;
#2587 = EDGE_CURVE ( 'NONE', #3871, #5801, #1185, .T. ) ;
#2588 = CARTESIAN_POINT ( 'NONE',  ( -0.1951219512195120400, -0.01160013165467927600, -1.200000000000000000 ) ) ;
#2589 = PRESENTATION_STYLE_ASSIGNMENT (( #3693 ) ) ;
#2590 = CARTESIAN_POINT ( 'NONE',  ( 0.1714557926829270400, 0.08889529517458903700, -1.179999999999999900 ) ) ;
#2591 = ORIENTED_EDGE ( 'NONE', *, *, #177, .F. ) ;
#2592 = DIRECTION ( 'NONE',  ( -0.0000000000000000000, -0.0000000000000000000, -1.000000000000000000 ) ) ;
#2593 = PLANE ( 'NONE',  #1597 ) ;
#2594 = STYLED_ITEM ( 'NONE', ( #5821 ), #5735 ) ;
#2595 = CARTESIAN_POINT ( 'NONE',  ( -0.01707317073170725900, 0.08645627078434514600, -1.179999999999999900 ) ) ;
#2596 = CARTESIAN_POINT ( 'NONE',  ( 1.100000000000000100, -0.4250000000000001600, 1.100000000000000100 ) ) ;
#2597 = EDGE_CURVE ( 'NONE', #4475, #959, #2810, .T. ) ;
#2598 = FILL_AREA_STYLE_COLOUR ( '', #1620 ) ;
#2599 = FACE_OUTER_BOUND ( 'NONE', #730, .T. ) ;
#2600 = CARTESIAN_POINT ( 'NONE',  ( -0.3224877241082534900, 0.05092369919090919400, -1.179999999999999500 ) ) ;
#2601 = EDGE_LOOP ( 'NONE', ( #165, #5217, #3204, #6099 ) ) ;
#2602 = DIRECTION ( 'NONE',  ( 0.0000000000000000000, -1.000000000000000000, -0.0000000000000000000 ) ) ;
#2603 = UNCERTAINTY_MEASURE_WITH_UNIT (LENGTH_MEASURE( 1.000000000000000100E-005 ), #1664, 'distance_accuracy_value', 'NONE');
#2604 = ADVANCED_FACE ( 'NONE', ( #2721 ), #3931, .T. ) ;
#2605 = DIRECTION ( 'NONE',  ( -1.000000000000000000, 0.0000000000000000000, 0.0000000000000000000 ) ) ;
#2606 = CARTESIAN_POINT ( 'NONE',  ( -3.075000000000000200, -1.525000000000000100, -1.200000000000000000 ) ) ;
#2607 = ORIENTED_EDGE ( 'NONE', *, *, #1223, .T. ) ;
#2608 = EDGE_CURVE ( 'NONE', #2907, #2407, #2791, .T. ) ;
#2609 =( NAMED_UNIT ( * ) SI_UNIT ( $, .STERADIAN. ) SOLID_ANGLE_UNIT ( ) );
#2610 = CARTESIAN_POINT ( 'NONE',  ( 0.05853658536585373100, -0.001348607264435366800, -1.179999999999999900 ) ) ;
#2611 = LINE ( 'NONE', #3728, #4829 ) ;
#2612 = CARTESIAN_POINT ( 'NONE',  ( 0.1409324567554771100, 0.06202270054184282100, -1.180000000000000200 ) ) ;
#2613 = ORIENTED_EDGE ( 'NONE', *, *, #2575, .T. ) ;
#2614 = DIRECTION ( 'NONE',  ( -0.0000000000000000000, -0.0000000000000000000, -1.000000000000000000 ) ) ;
#2615 = CARTESIAN_POINT ( 'NONE',  ( -0.01707317073170725900, 0.06450505127215000500, -1.179999999999999900 ) ) ;
#2616 = DIRECTION ( 'NONE',  ( -0.0000000000000000000, -0.0000000000000000000, -1.000000000000000000 ) ) ;
#2617 = LINE ( 'NONE', #2975, #1594 ) ;
#2618 = CARTESIAN_POINT ( 'NONE',  ( 1.300000000000000300, -0.4250000000000001600, 0.6500000000000000200 ) ) ;
#2619 = EDGE_CURVE ( 'NONE', #3378, #5182, #1719, .T. ) ;
#2620 = FACE_OUTER_BOUND ( 'NONE', #3434, .T. ) ;
#2621 = VERTEX_POINT ( 'NONE', #1746 ) ;
#2622 = EDGE_LOOP ( 'NONE', ( #716, #702, #4736, #2041 ) ) ;
#2623 = DIRECTION ( 'NONE',  ( -0.0000000000000000000, -0.0000000000000000000, 1.000000000000000000 ) ) ;
#2624 = CARTESIAN_POINT ( 'NONE',  ( -0.3878048780487804400, -0.1135437292156548900, -1.179999999999999900 ) ) ;
#2625 =( GEOMETRIC_REPRESENTATION_CONTEXT ( 3 ) GLOBAL_UNCERTAINTY_ASSIGNED_CONTEXT ( ( #3462 ) ) GLOBAL_UNIT_ASSIGNED_CONTEXT ( ( #3613, #859, #1352 ) ) REPRESENTATION_CONTEXT ( 'NONE', 'WORKASPACE' ) );
#2626 = DIRECTION ( 'NONE',  ( 0.0000000000000000000, -1.000000000000000000, 0.0000000000000000000 ) ) ;
#2627 = DIRECTION ( 'NONE',  ( -0.0000000000000000000, -1.000000000000000000, -0.0000000000000000000 ) ) ;
#2628 = VERTEX_POINT ( 'NONE', #3789 ) ;
#2629 = AXIS2_PLACEMENT_3D ( 'NONE', #548, #448, #301 ) ;
#2630 = ADVANCED_FACE ( 'NONE', ( #5122 ), #3940, .T. ) ;
#2631 = ADVANCED_FACE ( 'NONE', ( #2715 ), #2723, .T. ) ;
#2632 = CARTESIAN_POINT ( 'NONE',  ( -0.1923308443557262000, -0.03755236700206935500, -1.179999999999999900 ) ) ;
#2633 = DIRECTION ( 'NONE',  ( 0.0000000000000000000, 0.0000000000000000000, 1.000000000000000000 ) ) ;
#2634 = CARTESIAN_POINT ( 'NONE',  ( 1.300000000000000300, 0.4250000000000000400, 1.300000000000000300 ) ) ;
#2635 =( NAMED_UNIT ( * ) SI_UNIT ( $, .STERADIAN. ) SOLID_ANGLE_UNIT ( ) );
#2636 = DIRECTION ( 'NONE',  ( -0.0000000000000000000, 1.000000000000000000, -0.0000000000000000000 ) ) ;
#2637 = VECTOR ( 'NONE', #3439, 1000.000000000000000 ) ;
#2638 = CARTESIAN_POINT ( 'NONE',  ( -0.3245000152128256800, 0.06064184842426192200, -1.179999999999999700 ) ) ;
#2639 = VERTEX_POINT ( 'NONE', #4149 ) ;
#2640 = CARTESIAN_POINT ( 'NONE',  ( -0.1173018292682925200, 0.06450505127215000500, -1.179999999999999900 ) ) ;
#2641 = CARTESIAN_POINT ( 'NONE',  ( -3.678553390593272800, -0.2999999999999999900, -0.9999999999999997800 ) ) ;
#2642 = PLANE ( 'NONE',  #2670 ) ;
#2643 = VECTOR ( 'NONE', #1302, 1000.000000000000000 ) ;
#2644 = DIRECTION ( 'NONE',  ( 0.0000000000000000000, -0.0000000000000000000, 1.000000000000000000 ) ) ;
#2645 = DIRECTION ( 'NONE',  ( -1.000000000000000000, 0.0000000000000000000, 0.0000000000000000000 ) ) ;
#2646 = ORIENTED_EDGE ( 'NONE', *, *, #1958, .F. ) ;
#2647 = CARTESIAN_POINT ( 'NONE',  ( 3.075000000000000200, -1.825000000000000000, 0.2000000000000000100 ) ) ;
#2648 = STYLED_ITEM ( 'NONE', ( #452 ), #3926 ) ;
#2649 = VECTOR ( 'NONE', #997, 1000.000000000000000 ) ;
#2650 = CARTESIAN_POINT ( 'NONE',  ( 0.1750680280768698300, 0.08881125017189839300, -1.179999999999999900 ) ) ;
#2651 = FACE_OUTER_BOUND ( 'NONE', #681, .T. ) ;
#2652 = VERTEX_POINT ( 'NONE', #3289 ) ;
#2653 = CARTESIAN_POINT ( 'NONE',  ( -3.075000000000000200, 0.2999999999999999900, -0.9000000000000000200 ) ) ;
#2654 =( NAMED_UNIT ( * ) SI_UNIT ( $, .STERADIAN. ) SOLID_ANGLE_UNIT ( ) );
#2655 =( NAMED_UNIT ( * ) PLANE_ANGLE_UNIT ( ) SI_UNIT ( $, .RADIAN. ) );
#2656 = VECTOR ( 'NONE', #5543, 1000.000000000000000 ) ;
#2657 = ORIENTED_EDGE ( 'NONE', *, *, #2916, .T. ) ;
#2658 = CARTESIAN_POINT ( 'NONE',  ( 0.1750680280768698300, 0.08881125017189839300, -1.199999999999999700 ) ) ;
#2659 = CARTESIAN_POINT ( 'NONE',  ( -0.3276486933996470800, 0.05066110584600610300, -1.200000000000000200 ) ) ;
#2660 = CARTESIAN_POINT ( 'NONE',  ( -3.075000000000000200, -1.525000000000000100, -1.200000000000000000 ) ) ;
#2661 = ADVANCED_FACE ( 'NONE', ( #5584 ), #3602, .T. ) ;
#2662 =( NAMED_UNIT ( * ) PLANE_ANGLE_UNIT ( ) SI_UNIT ( $, .RADIAN. ) );
#2663 = DIRECTION ( 'NONE',  ( 0.0000000000000000000, -1.000000000000000000, 0.0000000000000000000 ) ) ;
#2664 = ORIENTED_EDGE ( 'NONE', *, *, #1115, .F. ) ;
#2665 = MECHANICAL_DESIGN_GEOMETRIC_PRESENTATION_REPRESENTATION (  '', ( #2763 ), #2625 ) ;
#2666 = CARTESIAN_POINT ( 'NONE',  ( -0.1900678405902839800, -0.04523411902254995100, -1.199999999999999700 ) ) ;
#2667 = DIRECTION ( 'NONE',  ( -0.0000000000000000000, -0.0000000000000000000, 1.000000000000000000 ) ) ;
#2668 = VECTOR ( 'NONE', #2235, 1000.000000000000000 ) ;
#2669 = PLANE ( 'NONE',  #2372 ) ;
#2670 = AXIS2_PLACEMENT_3D ( 'NONE', #6071, #1245, #1476 ) ;
#2671 =( LENGTH_UNIT ( ) NAMED_UNIT ( * ) SI_UNIT ( .MILLI., .METRE. ) );
#2672 = EDGE_CURVE ( 'NONE', #324, #3871, #2511, .T. ) ;
#2673 = DIRECTION ( 'NONE',  ( -0.0000000000000000000, -1.000000000000000000, -0.0000000000000000000 ) ) ;
#2674 = ORIENTED_EDGE ( 'NONE', *, *, #4212, .T. ) ;
#2675 = CARTESIAN_POINT ( 'NONE',  ( 0.1418457944630610900, -0.08912952349880565200, -1.179999999999999900 ) ) ;
#2676 = CARTESIAN_POINT ( 'NONE',  ( -0.01707317073170725900, 0.08645627078434514600, -1.179999999999999900 ) ) ;
#2677 = ORIENTED_EDGE ( 'NONE', *, *, #6076, .T. ) ;
#2678 = FACE_OUTER_BOUND ( 'NONE', #3705, .T. ) ;
#2679 = PRESENTATION_LAYER_ASSIGNMENT (  '', '', ( #2763 ) ) ;
#2680 = SURFACE_STYLE_USAGE ( .BOTH. , #2684 ) ;
#2681 = FACE_OUTER_BOUND ( 'NONE', #5673, .T. ) ;
#2682 = CARTESIAN_POINT ( 'NONE',  ( 2.774999999999999900, -1.825000000000000000, -1.200000000000000000 ) ) ;
#2683 = ORIENTED_EDGE ( 'NONE', *, *, #561, .T. ) ;
#2684 = SURFACE_SIDE_STYLE ('',( #2465 ) ) ;
#2685 = AXIS2_PLACEMENT_3D ( 'NONE', #1780, #1740, #1297 ) ;
#2686 = FILL_AREA_STYLE_COLOUR ( '', #3704 ) ;
#2687 = EDGE_CURVE ( 'NONE', #998, #2333, #2528, .T. ) ;
#2688 = UNCERTAINTY_MEASURE_WITH_UNIT (LENGTH_MEASURE( 1.000000000000000100E-005 ), #3738, 'distance_accuracy_value', 'NONE');
#2689 = DIRECTION ( 'NONE',  ( 0.0000000000000000000, 1.000000000000000000, 0.0000000000000000000 ) ) ;
#2690 = DIRECTION ( 'NONE',  ( 1.000000000000000000, 0.0000000000000000000, 0.0000000000000000000 ) ) ;
#2691 = FILL_AREA_STYLE ('',( #2699 ) ) ;
#2692 = COLOUR_RGB ( '',0.5019607843137254800, 0.0000000000000000000, 0.0000000000000000000 ) ;
#2693 = DIRECTION ( 'NONE',  ( 0.0000000000000000000, 0.0000000000000000000, -1.000000000000000000 ) ) ;
#2694 = CARTESIAN_POINT ( 'NONE',  ( 0.08536585365853666100, 0.08645627078434514600, -1.179999999999999900 ) ) ;
#2695 = ADVANCED_FACE ( 'NONE', ( #2488 ), #1429, .T. ) ;
#2696 = EDGE_CURVE ( 'NONE', #1874, #2990, #2324, .T. ) ;
#2697 = COLOUR_RGB ( '',0.6666666666666666300, 0.6666666666666666300, 0.6666666666666666300 ) ;
#2698 = CARTESIAN_POINT ( 'NONE',  ( -0.1951219512195120400, -0.01160013165467927600, -1.179999999999999900 ) ) ;
#2699 = FILL_AREA_STYLE_COLOUR ( '', #4824 ) ;
#2700 = VECTOR ( 'NONE', #2969, 1000.000000000000000 ) ;
#2701 = CARTESIAN_POINT ( 'NONE',  ( 0.1481705132585949500, -0.09090872406880465300, -1.199999999999999700 ) ) ;
#2702 = CARTESIAN_POINT ( 'NONE',  ( -0.1949290007464356000, -0.002581378885704397000, -1.199999999999999700 ) ) ;
#2703 = SURFACE_STYLE_FILL_AREA ( #4689 ) ;
#2704 = CARTESIAN_POINT ( 'NONE',  ( 0.1397863994049394800, 0.08589138645217961300, -1.179999999999999900 ) ) ;
#2705 = PRESENTATION_STYLE_ASSIGNMENT (( #3641 ) ) ;
#2706 = CARTESIAN_POINT ( 'NONE',  ( -3.075000000000000200, -1.825000000000000000, 0.2000000000000000100 ) ) ;
#2707 =( LENGTH_UNIT ( ) NAMED_UNIT ( * ) SI_UNIT ( .MILLI., .METRE. ) );
#2708 = VECTOR ( 'NONE', #5842, 999.9999999999998900 ) ;
#2709 = B_SPLINE_CURVE_WITH_KNOTS ( 'NONE', 3,
 ( #4852, #1835, #2308, #3430, #334, #3531, #198, #5495, #1415, #2805, #4890 ),
 .UNSPECIFIED., .F., .F.,
 ( 4, 1, 1, 1, 1, 1, 1, 1, 4 ),
 ( 0.0000000000000000000, 0.1124483899088006700, 0.2265276752126778900, 0.3444019493260281900, 0.4658649724874587300, 0.5916594493521169000, 0.7221684870248876700, 0.8586063875549264600, 1.000000000000000000 ),
 .UNSPECIFIED. ) ;
#2710 = PLANE ( 'NONE',  #1684 ) ;
#2711 = FACE_OUTER_BOUND ( 'NONE', #3862, .T. ) ;
#2712 = CARTESIAN_POINT ( 'NONE',  ( -3.075000000000000200, -0.2999999999999999900, -0.6999999999999999600 ) ) ;
#2713 = ORIENTED_EDGE ( 'NONE', *, *, #2924, .T. ) ;
#2714 = AXIS2_PLACEMENT_3D ( 'NONE', #1031, #3572, #3396 ) ;
#2715 = FACE_OUTER_BOUND ( 'NONE', #5561, .T. ) ;
#2716 =( GEOMETRIC_REPRESENTATION_CONTEXT ( 3 ) GLOBAL_UNCERTAINTY_ASSIGNED_CONTEXT ( ( #2238 ) ) GLOBAL_UNIT_ASSIGNED_CONTEXT ( ( #1075, #1108, #1130 ) ) REPRESENTATION_CONTEXT ( 'NONE', 'WORKASPACE' ) );
#2717 = EDGE_CURVE ( 'NONE', #5235, #1319, #3796, .T. ) ;
#2718 = ORIENTED_EDGE ( 'NONE', *, *, #3206, .T. ) ;
#2719 = DIRECTION ( 'NONE',  ( 0.0000000000000000000, 1.000000000000000000, 0.0000000000000000000 ) ) ;
#2720 = ORIENTED_EDGE ( 'NONE', *, *, #1188, .F. ) ;
#2721 = FACE_OUTER_BOUND ( 'NONE', #1901, .T. ) ;
#2722 = CONICAL_SURFACE ( 'NONE', #823, 0.1000000000000000500, 0.7853981633974500600 ) ;
#2723 = PLANE ( 'NONE',  #5774 ) ;
#2724 = AXIS2_PLACEMENT_3D ( 'NONE', #1219, #1231, #1263 ) ;
#2725 = CARTESIAN_POINT ( 'NONE',  ( -0.1939377579061583000, 0.006054822687732421000, -1.200000000000000400 ) ) ;
#2726 = MECHANICAL_DESIGN_GEOMETRIC_PRESENTATION_REPRESENTATION (  '', ( #2802 ), #2716 ) ;
#2727 = EDGE_CURVE ( 'NONE', #400, #258, #2340, .T. ) ;
#2728 = FILL_AREA_STYLE_COLOUR ( '', #1704 ) ;
#2729 = DIRECTION ( 'NONE',  ( 1.000000000000000000, 3.388131789017200700E-017, 0.0000000000000000000 ) ) ;
#2730 = CARTESIAN_POINT ( 'NONE',  ( 3.075000000000000200, -0.2999999999999999300, -0.6999999999999999600 ) ) ;
#2731 = ORIENTED_EDGE ( 'NONE', *, *, #5885, .F. ) ;
#2732 = AXIS2_PLACEMENT_3D ( 'NONE', #4300, #4294, #4280 ) ;
#2733 = CARTESIAN_POINT ( 'NONE',  ( 0.3926829268292683600, 0.08645627078434514600, -1.179999999999999900 ) ) ;
#2734 = VERTEX_POINT ( 'NONE', #1264 ) ;
#2735 = LINE ( 'NONE', #3833, #3519 ) ;
#2736 = SURFACE_STYLE_FILL_AREA ( #418 ) ;
#2737 = ADVANCED_FACE ( 'NONE', ( #535 ), #1271, .T. ) ;
#2738 = CARTESIAN_POINT ( 'NONE',  ( 0.1243902439024392300, 0.05413919761361341000, -1.200000000000000000 ) ) ;
#2739 = EDGE_LOOP ( 'NONE', ( #3173, #519, #3098, #851 ) ) ;
#2740 = DIRECTION ( 'NONE',  ( 0.0000000000000000000, 0.0000000000000000000, -1.000000000000000000 ) ) ;
#2741 = FILL_AREA_STYLE ('',( #2728 ) ) ;
#2742 = VECTOR ( 'NONE', #2954, 1000.000000000000000 ) ;
#2743 = ORIENTED_EDGE ( 'NONE', *, *, #4629, .F. ) ;
#2744 = SURFACE_SIDE_STYLE ('',( #2252 ) ) ;
#2745 = ORIENTED_EDGE ( 'NONE', *, *, #1380, .T. ) ;
#2746 = AXIS2_PLACEMENT_3D ( 'NONE', #3620, #3582, #3495 ) ;
#2747 = EDGE_CURVE ( 'NONE', #82, #5595, #2317, .T. ) ;
#2748 = VECTOR ( 'NONE', #1703, 1000.000000000000000 ) ;
#2749 = ORIENTED_EDGE ( 'NONE', *, *, #4086, .T. ) ;
#2750 = FILL_AREA_STYLE ('',( #3166 ) ) ;
#2751 = CARTESIAN_POINT ( 'NONE',  ( 0.1243902439024392600, 0.08096846590629636100, -1.180000000000000200 ) ) ;
#2752 = FILL_AREA_STYLE ('',( #3265 ) ) ;
#2753 = DIRECTION ( 'NONE',  ( -0.0000000000000000000, -0.0000000000000000000, 1.000000000000000000 ) ) ;
#2754 = VECTOR ( 'NONE', #878, 1000.000000000000000 ) ;
#2755 = CARTESIAN_POINT ( 'NONE',  ( -0.1743466185640364400, -0.07064809080514182500, -1.179999999999999900 ) ) ;
#2756 =( NAMED_UNIT ( * ) SI_UNIT ( $, .STERADIAN. ) SOLID_ANGLE_UNIT ( ) );
#2757 = DIRECTION ( 'NONE',  ( -0.0000000000000000000, -1.000000000000000000, -0.0000000000000000000 ) ) ;
#2758 = SURFACE_SIDE_STYLE ('',( #1413 ) ) ;
#2759 = PRESENTATION_STYLE_ASSIGNMENT (( #1085 ) ) ;
#2760 = FILL_AREA_STYLE ('',( #4911 ) ) ;
#2761 = PRESENTATION_STYLE_ASSIGNMENT (( #2549 ) ) ;
#2762 = ORIENTED_EDGE ( 'NONE', *, *, #3294, .F. ) ;
#2763 = STYLED_ITEM ( 'NONE', ( #204 ), #1335 ) ;
#2764 = DIRECTION ( 'NONE',  ( 0.0000000000000000000, 1.000000000000000000, 0.0000000000000000000 ) ) ;
#2765 = PRESENTATION_LAYER_ASSIGNMENT (  '', '', ( #2802 ) ) ;
#2766 = EDGE_CURVE ( 'NONE', #4204, #5219, #3822, .T. ) ;
#2767 = DIRECTION ( 'NONE',  ( -0.7071067811865469100, 0.0000000000000000000, -0.7071067811865482400 ) ) ;
#2768 = CARTESIAN_POINT ( 'NONE',  ( 0.1418457944630610900, -0.08912952349880565200, -1.200000000000000000 ) ) ;
#2769 = VERTEX_POINT ( 'NONE', #1096 ) ;
#2770 = ORIENTED_EDGE ( 'NONE', *, *, #3921, .T. ) ;
#2771 =( NAMED_UNIT ( * ) PLANE_ANGLE_UNIT ( ) SI_UNIT ( $, .RADIAN. ) );
#2772 = AXIS2_PLACEMENT_3D ( 'NONE', #1461, #1064, #1039 ) ;
#2773 = CARTESIAN_POINT ( 'NONE',  ( 0.1828925440176175900, -0.1159053221889285700, -1.179999999999999900 ) ) ;
#2774 = CARTESIAN_POINT ( 'NONE',  ( -0.3253810975609755500, 0.06206602688190609300, -1.179999999999999900 ) ) ;
#2775 = CARTESIAN_POINT ( 'NONE',  ( 3.075000000000000200, 0.2999999999999999300, -0.6999999999999999600 ) ) ;
#2776 = CARTESIAN_POINT ( 'NONE',  ( 3.678553390593272800, 0.2999999999999999900, -1.199999999999999700 ) ) ;
#2777 = VERTEX_POINT ( 'NONE', #1194 ) ;
#2778 = ADVANCED_FACE ( 'NONE', ( #2290 ), #2242, .T. ) ;
#2779 = ORIENTED_EDGE ( 'NONE', *, *, #3612, .F. ) ;
#2780 = VECTOR ( 'NONE', #995, 999.9999999999998900 ) ;
#2781 = CARTESIAN_POINT ( 'NONE',  ( -0.1949290007464356000, -0.002581378885704397000, -1.179999999999999700 ) ) ;
#2782 = ORIENTED_EDGE ( 'NONE', *, *, #3935, .F. ) ;
#2783 = AXIS2_PLACEMENT_3D ( 'NONE', #2569, #3293, #2299 ) ;
#2784 = CARTESIAN_POINT ( 'NONE',  ( -0.1922765608969350900, 0.01411221771489681500, -1.199999999999999700 ) ) ;
#2785 = EDGE_CURVE ( 'NONE', #1097, #1433, #2248, .T. ) ;
#2786 = PLANE ( 'NONE',  #5723 ) ;
#2787 = VECTOR ( 'NONE', #1144, 1000.000000000000000 ) ;
#2788 = PLANE ( 'NONE',  #2885 ) ;
#2789 = EDGE_LOOP ( 'NONE', ( #5841, #4472, #4787, #4111 ) ) ;
#2790 = CARTESIAN_POINT ( 'NONE',  ( -2.774999999999999900, -1.825000000000000000, 0.0000000000000000000 ) ) ;
#2791 = LINE ( 'NONE', #2265, #2742 ) ;
#2792 = LINE ( 'NONE', #2434, #1751 ) ;
#2793 = VECTOR ( 'NONE', #3505, 1000.000000000000000 ) ;
#2794 = CARTESIAN_POINT ( 'NONE',  ( -0.3256584367614542800, 0.06052855208770737500, -1.180000000000000200 ) ) ;
#2795 = CARTESIAN_POINT ( 'NONE',  ( -0.01219512195121944100, -0.001348607264435366800, -1.179999999999999900 ) ) ;
#2796 = ORIENTED_EDGE ( 'NONE', *, *, #74, .T. ) ;
#2797 = DIRECTION ( 'NONE',  ( -0.0000000000000000000, -1.000000000000000000, -0.0000000000000000000 ) ) ;
#2798 = VECTOR ( 'NONE', #2185, 1000.000000000000000 ) ;
#2799 = DIRECTION ( 'NONE',  ( 0.7071067811865489100, 0.0000000000000000000, 0.7071067811865462400 ) ) ;
#2800 =( GEOMETRIC_REPRESENTATION_CONTEXT ( 3 ) GLOBAL_UNCERTAINTY_ASSIGNED_CONTEXT ( ( #1595 ) ) GLOBAL_UNIT_ASSIGNED_CONTEXT ( ( #3555, #4269, #1168 ) ) REPRESENTATION_CONTEXT ( 'NONE', 'WORKASPACE' ) );
#2801 = EDGE_LOOP ( 'NONE', ( #4708, #871, #4730, #2160 ) ) ;
#2802 = STYLED_ITEM ( 'NONE', ( #2759 ), #5478 ) ;
#2803 = LINE ( 'NONE', #5923, #2181 ) ;
#2804 = LINE ( 'NONE', #4243, #4704 ) ;
#2805 = CARTESIAN_POINT ( 'NONE',  ( 0.1767263329805988400, -0.1159511528438202000, -1.179999999999999700 ) ) ;
#2806 = VERTEX_POINT ( 'NONE', #961 ) ;
#2807 = ADVANCED_FACE ( 'NONE', ( #2396 ), #941, .F. ) ;
#2808 = MECHANICAL_DESIGN_GEOMETRIC_PRESENTATION_REPRESENTATION (  '', ( #2877 ), #2800 ) ;
#2809 = AXIS2_PLACEMENT_3D ( 'NONE', #1693, #1644, #1599 ) ;
#2810 = LINE ( 'NONE', #2414, #2748 ) ;
#2811 =( GEOMETRIC_REPRESENTATION_CONTEXT ( 3 ) GLOBAL_UNCERTAINTY_ASSIGNED_CONTEXT ( ( #5771 ) ) GLOBAL_UNIT_ASSIGNED_CONTEXT ( ( #3701, #3691, #3630 ) ) REPRESENTATION_CONTEXT ( 'NONE', 'WORKASPACE' ) );
#2812 =( LENGTH_UNIT ( ) NAMED_UNIT ( * ) SI_UNIT ( .MILLI., .METRE. ) );
#2813 = EDGE_CURVE ( 'NONE', #60, #2652, #709, .T. ) ;
#2814 = ORIENTED_EDGE ( 'NONE', *, *, #5945, .T. ) ;
#2815 =( LENGTH_UNIT ( ) NAMED_UNIT ( * ) SI_UNIT ( .MILLI., .METRE. ) );
#2816 = CARTESIAN_POINT ( 'NONE',  ( 1.100000000000000100, 0.4249999999999999300, 1.300000000000000300 ) ) ;
#2817 = CARTESIAN_POINT ( 'NONE',  ( -0.3261701750163196700, 0.05769164815661946600, -1.179999999999999900 ) ) ;
#2818 = FACE_OUTER_BOUND ( 'NONE', #3441, .T. ) ;
#2819 = LINE ( 'NONE', #4205, #5886 ) ;
#2820 = VECTOR ( 'NONE', #1316, 1000.000000000000000 ) ;
#2821 = ORIENTED_EDGE ( 'NONE', *, *, #2509, .F. ) ;
#2822 = CARTESIAN_POINT ( 'NONE',  ( 0.1262287099282065300, -0.08226216688053070200, -1.180000000000000200 ) ) ;
#2823 = EDGE_CURVE ( 'NONE', #493, #4380, #966, .T. ) ;
#2824 = CARTESIAN_POINT ( 'NONE',  ( -0.3269021318057974700, 0.05380491776077728900, -1.179999999999999900 ) ) ;
#2825 = LINE ( 'NONE', #1637, #3568 ) ;
#2826 = CARTESIAN_POINT ( 'NONE',  ( 0.1977051108120037900, -0.09119592147432327400, -1.179999999999999900 ) ) ;
#2827 = ORIENTED_EDGE ( 'NONE', *, *, #3005, .F. ) ;
#2828 = ORIENTED_EDGE ( 'NONE', *, *, #1176, .F. ) ;
#2829 = LINE ( 'NONE', #527, #4607 ) ;
#2830 = DIRECTION ( 'NONE',  ( -0.0000000000000000000, -1.000000000000000000, -0.0000000000000000000 ) ) ;
#2831 = VECTOR ( 'NONE', #5726, 1000.000000000000000 ) ;
#2832 = CARTESIAN_POINT ( 'NONE',  ( -0.1788076729792854600, 0.04045028410505905500, -1.199999999999999700 ) ) ;
#2833 = CARTESIAN_POINT ( 'NONE',  ( -0.01219512195121944100, -0.02329982677663049900, -1.200000000000000000 ) ) ;
#2834 = SURFACE_STYLE_USAGE ( .BOTH. , #3083 ) ;
#2835 = ORIENTED_EDGE ( 'NONE', *, *, #2934, .T. ) ;
#2836 = EDGE_CURVE ( 'NONE', #1189, #2373, #3382, .T. ) ;
#2837 = DIRECTION ( 'NONE',  ( 1.000000000000000000, 0.0000000000000000000, 0.0000000000000000000 ) ) ;
#2838 = DIRECTION ( 'NONE',  ( 0.0000000000000000000, -0.0000000000000000000, -1.000000000000000000 ) ) ;
#2839 = MECHANICAL_DESIGN_GEOMETRIC_PRESENTATION_REPRESENTATION (  '', ( #4491 ), #591 ) ;
#2840 = CARTESIAN_POINT ( 'NONE',  ( -0.06097560975609740000, -0.1135437292156548900, -1.179999999999999900 ) ) ;
#2841 = CIRCLE ( 'NONE', #6046, 0.1585786437626904300 ) ;
#2842 = LINE ( 'NONE', #5558, #1802 ) ;
#2843 = FILL_AREA_STYLE_COLOUR ( '', #5395 ) ;
#2844 =( NAMED_UNIT ( * ) SI_UNIT ( $, .STERADIAN. ) SOLID_ANGLE_UNIT ( ) );
#2845 = PRESENTATION_LAYER_ASSIGNMENT (  '', '', ( #2877 ) ) ;
#2846 = VECTOR ( 'NONE', #5054, 1000.000000000000000 ) ;
#2847 = FILL_AREA_STYLE_COLOUR ( '', #2692 ) ;
#2848 = ORIENTED_EDGE ( 'NONE', *, *, #5939, .T. ) ;
#2849 = CARTESIAN_POINT ( 'NONE',  ( -0.2849466463414633300, -0.05744616824004512800, -1.179999999999999900 ) ) ;
#2850 = DIRECTION ( 'NONE',  ( 0.0000000000000000000, -1.000000000000000000, 0.0000000000000000000 ) ) ;
#2851 = SURFACE_STYLE_FILL_AREA ( #4529 ) ;
#2852 = SURFACE_STYLE_USAGE ( .BOTH. , #2896 ) ;
#2853 = DIRECTION ( 'NONE',  ( 1.000000000000000000, 0.0000000000000000000, 0.0000000000000000000 ) ) ;
#2854 = EDGE_LOOP ( 'NONE', ( #3324, #672, #3733, #11, #2796, #1056, #4369, #4726 ) ) ;
#2855 = ADVANCED_FACE ( 'NONE', ( #2247 ), #579, .F. ) ;
#2856 = CARTESIAN_POINT ( 'NONE',  ( 1.617157287525381700, 0.8249999999999997300, 0.4499999999999999000 ) ) ;
#2857 = CARTESIAN_POINT ( 'NONE',  ( 1.758578643762690700, 0.8249999999999996200, 0.5914213562373098500 ) ) ;
#2858 = CARTESIAN_POINT ( 'NONE',  ( 3.254289321881345100, -0.2999999999999999900, -0.9000000000000001300 ) ) ;
#2859 = CARTESIAN_POINT ( 'NONE',  ( 3.075000000000000200, -1.825000000000000000, 0.0000000000000000000 ) ) ;
#2860 = ORIENTED_EDGE ( 'NONE', *, *, #5218, .F. ) ;
#2861 = ADVANCED_FACE ( 'NONE', ( #2102 ), #3784, .T. ) ;
#2862 = VECTOR ( 'NONE', #142, 1000.000000000000000 ) ;
#2863 = CARTESIAN_POINT ( 'NONE',  ( 0.2315043360035419500, -0.06742881655735452600, -1.200000000000000000 ) ) ;
#2864 =( GEOMETRIC_REPRESENTATION_CONTEXT ( 3 ) GLOBAL_UNCERTAINTY_ASSIGNED_CONTEXT ( ( #2007 ) ) GLOBAL_UNIT_ASSIGNED_CONTEXT ( ( #2812, #2655, #2635 ) ) REPRESENTATION_CONTEXT ( 'NONE', 'WORKASPACE' ) );
#2865 = ORIENTED_EDGE ( 'NONE', *, *, #4912, .F. ) ;
#2866 = CARTESIAN_POINT ( 'NONE',  ( -1.700000000000000200, -0.8249999999999998400, 0.6500000000000000200 ) ) ;
#2867 = DIRECTION ( 'NONE',  ( 0.0000000000000000000, -1.000000000000000000, 0.0000000000000000000 ) ) ;
#2868 = CARTESIAN_POINT ( 'NONE',  ( -0.2219512195121949900, -0.01102848531321586100, -1.179999999999999900 ) ) ;
#2869 = COLOUR_RGB ( '',0.2980392156862745100, 0.2980392156862745100, 0.2980392156862745100 ) ;
#2870 = LINE ( 'NONE', #978, #5849 ) ;
#2871 = CARTESIAN_POINT ( 'NONE',  ( 0.1996005553237163200, -0.1144801859040185700, -1.179999999999999900 ) ) ;
#2872 = DIRECTION ( 'NONE',  ( 0.0000000000000000000, 0.0000000000000000000, 1.000000000000000000 ) ) ;
#2873 = CARTESIAN_POINT ( 'NONE',  ( -0.1174161585365852000, 0.08645627078434514600, -1.200000000000000000 ) ) ;
#2874 = SURFACE_STYLE_USAGE ( .BOTH. , #2890 ) ;
#2875 = CARTESIAN_POINT ( 'NONE',  ( -3.643198051533945500, -0.2999999999999999900, -0.9853553390593271500 ) ) ;
#2876 = DIRECTION ( 'NONE',  ( 0.0000000000000000000, -5.421010862427519200E-016, 1.000000000000000000 ) ) ;
#2877 = STYLED_ITEM ( 'NONE', ( #5627 ), #1190 ) ;
#2878 = CARTESIAN_POINT ( 'NONE',  ( -0.3276486933996470800, 0.05066110584600610300, -1.180000000000000200 ) ) ;
#2879 =( NAMED_UNIT ( * ) PLANE_ANGLE_UNIT ( ) SI_UNIT ( $, .RADIAN. ) );
#2880 = LINE ( 'NONE', #4333, #3072 ) ;
#2881 = FACE_OUTER_BOUND ( 'NONE', #5642, .T. ) ;
#2882 =( LENGTH_UNIT ( ) NAMED_UNIT ( * ) SI_UNIT ( .MILLI., .METRE. ) );
#2883 = ORIENTED_EDGE ( 'NONE', *, *, #6115, .F. ) ;
#2884 = DIRECTION ( 'NONE',  ( -7.666467083416884000E-016, -1.000000000000000000, 0.0000000000000000000 ) ) ;
#2885 = AXIS2_PLACEMENT_3D ( 'NONE', #5655, #3371, #3883 ) ;
#2887 = CARTESIAN_POINT ( 'NONE',  ( -0.2105094863558215900, 0.03767734671385177000, -1.199999999999999700 ) ) ;
#2886 = MECHANICAL_DESIGN_GEOMETRIC_PRESENTATION_REPRESENTATION (  '', ( #2984 ), #2864 ) ;
#2888 = CARTESIAN_POINT ( 'NONE',  ( -0.1899147987621731300, 0.02157196707669248000, -1.200000000000000200 ) ) ;
#2889 = CARTESIAN_POINT ( 'NONE',  ( -0.2053002742880884200, 0.04573112763444067700, -1.200000000000000200 ) ) ;
#2890 = SURFACE_SIDE_STYLE ('',( #3383 ) ) ;
#2891 = EDGE_LOOP ( 'NONE', ( #6035, #3879, #348, #3088 ) ) ;
#2892 = FILL_AREA_STYLE ('',( #2847 ) ) ;
#2893 = ORIENTED_EDGE ( 'NONE', *, *, #5482, .T. ) ;
#2894 = B_SPLINE_CURVE_WITH_KNOTS ( 'NONE', 3,
 ( #5515, #565, #855, #1565, #1563, #1541, #1529, #1583, #1578, #1573, #164, #179, #7, #5860, #5897, #6024, #5834, #5817, #1315 ),
 .UNSPECIFIED., .F., .F.,
 ( 4, 1, 1, 1, 1, 1, 1, 1, 1, 1, 1, 1, 1, 1, 1, 1, 4 ),
 ( 0.0000000000000000000, 0.06863117867660124800, 0.1345664660386773100, 0.1983281540108812200, 0.2607897666408450800, 0.3219991514841585300, 0.3827217465030197100, 0.4435374740357288500, 0.5051334294849250100, 0.5662138747646717800, 0.6261058646175455800, 0.6853493221605165800, 0.7449958703477973500, 0.8054158418145627200, 0.8676362663459531400, 0.9323077823023292500, 1.000000000000000000 ),
 .UNSPECIFIED. ) ;
#2895 = PRESENTATION_LAYER_ASSIGNMENT (  '', '', ( #2984 ) ) ;
#2896 = SURFACE_SIDE_STYLE ('',( #281 ) ) ;
#2897 = EDGE_CURVE ( 'NONE', #2418, #5805, #1957, .T. ) ;
#2898 = LINE ( 'NONE', #674, #869 ) ;
#2899 = SURFACE_SIDE_STYLE ('',( #5681 ) ) ;
#2900 = ORIENTED_EDGE ( 'NONE', *, *, #3405, .F. ) ;
#2901 = CARTESIAN_POINT ( 'NONE',  ( -0.1161966463414632600, -0.09159250970345976500, -1.179999999999999900 ) ) ;
#2902 = CARTESIAN_POINT ( 'NONE',  ( 2.774999999999999900, 1.825000000000000000, 0.0000000000000000000 ) ) ;
#2903 = CIRCLE ( 'NONE', #3875, 0.2999999999999999300 ) ;
#2904 = CARTESIAN_POINT ( 'NONE',  ( -0.3284679878048779600, 0.04804163663800363500, -1.179999999999999900 ) ) ;
#2905 = DIRECTION ( 'NONE',  ( -0.0000000000000000000, -0.0000000000000000000, -1.000000000000000000 ) ) ;
#2906 = LINE ( 'NONE', #906, #2780 ) ;
#2907 = VERTEX_POINT ( 'NONE', #500 ) ;
#2908 = CARTESIAN_POINT ( 'NONE',  ( 1.600000000000000500, -0.8421572875253812200, 0.6500000000000000200 ) ) ;
#2909 = EDGE_CURVE ( 'NONE', #2971, #1696, #5372, .T. ) ;
#2910 = CARTESIAN_POINT ( 'NONE',  ( -1.099999999999999600, -0.4250000000000001600, 1.100000000000000100 ) ) ;
#2911 = DIRECTION ( 'NONE',  ( -0.7071067811865489100, 0.0000000000000000000, 0.7071067811865462400 ) ) ;
#2912 = ORIENTED_EDGE ( 'NONE', *, *, #3212, .T. ) ;
#2913 = AXIS2_PLACEMENT_3D ( 'NONE', #4808, #4088, #3253 ) ;
#2914 = CARTESIAN_POINT ( 'NONE',  ( 3.254289321881345100, 0.2999999999999999900, -0.9499999999999999600 ) ) ;
#2915 = CARTESIAN_POINT ( 'NONE',  ( 0.1792516546692798100, 0.06677153378002501100, -1.179999999999999900 ) ) ;
#2916 = EDGE_CURVE ( 'NONE', #2395, #2769, #5876, .T. ) ;
#2917 = DIRECTION ( 'NONE',  ( -0.3536223923290756100, 0.9353882635801357100, 0.0000000000000000000 ) ) ;
#2918 = SURFACE_STYLE_FILL_AREA ( #4047 ) ;
#2919 = SURFACE_STYLE_USAGE ( .BOTH. , #2923 ) ;
#2920 = VECTOR ( 'NONE', #5818, 1000.000000000000000 ) ;
#2921 = CARTESIAN_POINT ( 'NONE',  ( -0.01219512195121944100, -0.02329982677663049900, -1.200000000000000000 ) ) ;
#2922 = AXIS2_PLACEMENT_3D ( 'NONE', #3183, #1700, #766 ) ;
#2923 = SURFACE_SIDE_STYLE ('',( #5140 ) ) ;
#2924 = EDGE_CURVE ( 'NONE', #562, #1484, #2089, .T. ) ;
#2925 = CARTESIAN_POINT ( 'NONE',  ( -0.3282184067801998100, 0.04883960352862572900, -1.180000000000000200 ) ) ;
#2926 = FILL_AREA_STYLE ('',( #3322 ) ) ;
#2927 = ORIENTED_EDGE ( 'NONE', *, *, #3160, .F. ) ;
#2928 = ORIENTED_EDGE ( 'NONE', *, *, #4629, .T. ) ;
#2929 = PRESENTATION_STYLE_ASSIGNMENT (( #4938 ) ) ;
#2930 = FILL_AREA_STYLE ('',( #3034 ) ) ;
#2931 = CARTESIAN_POINT ( 'NONE',  ( -1.600000000000000100, 0.8249999999999997300, 0.4500000000000000100 ) ) ;
#2932 = DIRECTION ( 'NONE',  ( 1.000000000000000000, 0.0000000000000000000, 0.0000000000000000000 ) ) ;
#2933 = ORIENTED_EDGE ( 'NONE', *, *, #1590, .F. ) ;
#2934 = EDGE_CURVE ( 'NONE', #4781, #1171, #5045, .T. ) ;
#2935 = SURFACE_STYLE_FILL_AREA ( #4658 ) ;
#2936 =( NAMED_UNIT ( * ) PLANE_ANGLE_UNIT ( ) SI_UNIT ( $, .RADIAN. ) );
#2937 = B_SPLINE_CURVE_WITH_KNOTS ( 'NONE', 3,
 ( #3816, #3866, #3529, #4619, #1518, #145, #5419, #2086, #1881, #2222, #775, #5547, #5141, #1247, #6105, #4427, #4403, #3904, #3390 ),
 .UNSPECIFIED., .F., .F.,
 ( 4, 1, 1, 1, 1, 1, 1, 1, 1, 1, 1, 1, 1, 1, 1, 1, 4 ),
 ( 0.0000000000000000000, 0.06783324845577359800, 0.1326555365079041500, 0.1950508840508278800, 0.2555829330687772200, 0.3147998341472900100, 0.3736004728263746000, 0.4325455953267435800, 0.4924306292835655100, 0.5526712559629695100, 0.6125130441881163600, 0.6726102503570063900, 0.7338383693139459700, 0.7965942385677737800, 0.8614497992905731900, 0.9291989423509053900, 1.000000000000000000 ),
 .UNSPECIFIED. ) ;
#2938 = CYLINDRICAL_SURFACE ( 'NONE', #3827, 0.2999999999999999300 ) ;
#2939 = CARTESIAN_POINT ( 'NONE',  ( -2.774999999999999900, -1.825000000000000000, 0.2000000000000000100 ) ) ;
#2940 = VECTOR ( 'NONE', #3179, 1000.000000000000000 ) ;
#2941 = B_SPLINE_SURFACE_WITH_KNOTS ( 'NONE', 3, 1, ( 
 ( #5996, #5604 ),
 ( #5590, #4490 ),
 ( #4474, #3781 ),
 ( #534, #30 ),
 ( #2612, #5931 ),
 ( #5985, #4090 ),
 ( #1428, #6064 ),
 ( #6004, #934 ),
 ( #330, #248 ),
 ( #227, #5030 ),
 ( #5850, #4590 ) ),
 .UNSPECIFIED., .F., .F., .F.,
 ( 4, 1, 1, 1, 1, 1, 1, 1, 4 ),
 ( 2, 2 ),
 ( 0.0000000000000000000, 0.1252796967356259700, 0.2494199707420513000, 0.3733567994928193600, 0.4966812787822861300, 0.6202029157439825600, 0.7450863201614560400, 0.8712691950190978300, 1.000000000000000000 ),
 ( 0.0000000000000000000, 1.000000000000000000 ),
 .UNSPECIFIED. ) ;
#2942 = DIRECTION ( 'NONE',  ( 0.0000000000000000000, 1.000000000000000000, 0.0000000000000000000 ) ) ;
#2943 = ORIENTED_EDGE ( 'NONE', *, *, #2550, .F. ) ;
#2944 = CARTESIAN_POINT ( 'NONE',  ( 3.075000000000000200, 0.2999999999999999900, -0.9000000000000000200 ) ) ;
#2945 = DIRECTION ( 'NONE',  ( 1.000000000000000000, -5.421010862427519200E-016, 0.0000000000000000000 ) ) ;
#2946 = CARTESIAN_POINT ( 'NONE',  ( -0.08780487804878030200, -0.09159250970345993200, -1.200000000000000000 ) ) ;
#2947 = FILL_AREA_STYLE_COLOUR ( '', #3251 ) ;
#2948 = CIRCLE ( 'NONE', #3547, 0.2999999999999999300 ) ;
#2949 = CARTESIAN_POINT ( 'NONE',  ( 0.2142771460047636600, 0.05444666900924229800, -1.180000000000000400 ) ) ;
#2950 = PLANE ( 'NONE',  #2390 ) ;
#2951 = CARTESIAN_POINT ( 'NONE',  ( -0.1922557184808550400, -0.08567711459250157400, -1.180000000000000400 ) ) ;
#2952 = ORIENTED_EDGE ( 'NONE', *, *, #3040, .T. ) ;
#2953 = DIRECTION ( 'NONE',  ( -1.000000000000000000, 0.0000000000000000000, 0.0000000000000000000 ) ) ;
#2954 = DIRECTION ( 'NONE',  ( 1.000000000000000000, 0.0000000000000000000, -6.047221112270354800E-016 ) ) ;
#2955 = FACE_OUTER_BOUND ( 'NONE', #1761, .T. ) ;
#2956 = ORIENTED_EDGE ( 'NONE', *, *, #6013, .F. ) ;
#2957 = CARTESIAN_POINT ( 'NONE',  ( 2.150000000000001700, -0.8249999999999998400, 0.2000000000000000400 ) ) ;
#2958 = AXIS2_PLACEMENT_3D ( 'NONE', #3585, #5195, #3575 ) ;
#2959 = CIRCLE ( 'NONE', #4415, 0.2499999999999997800 ) ;
#2960 = CARTESIAN_POINT ( 'NONE',  ( -0.3284679878048779600, 0.04804163663800363500, -1.179999999999999900 ) ) ;
#2961 = LINE ( 'NONE', #1865, #850 ) ;
#2962 = AXIS2_PLACEMENT_3D ( 'NONE', #1312, #143, #133 ) ;
#2963 = VERTEX_POINT ( 'NONE', #54 ) ;
#2964 = CARTESIAN_POINT ( 'NONE',  ( 3.431066017177982100, -0.2999999999999999900, -0.7732233047033633100 ) ) ;
#2965 = EDGE_CURVE ( 'NONE', #4032, #5182, #1870, .T. ) ;
#2966 = DIRECTION ( 'NONE',  ( 1.000000000000000000, 0.0000000000000000000, 0.0000000000000000000 ) ) ;
#2967 = ORIENTED_EDGE ( 'NONE', *, *, #496, .T. ) ;
#2968 = ADVANCED_FACE ( 'NONE', ( #5770, #2060, #5020, #2049, #2040, #2035 ), #42, .T. ) ;
#2969 = DIRECTION ( 'NONE',  ( -0.0000000000000000000, -0.0000000000000000000, -1.000000000000000000 ) ) ;
#2970 = VECTOR ( 'NONE', #2198, 1000.000000000000000 ) ;
#2971 = VERTEX_POINT ( 'NONE', #59 ) ;
#2972 =( NAMED_UNIT ( * ) PLANE_ANGLE_UNIT ( ) SI_UNIT ( $, .RADIAN. ) );
#2974 = CARTESIAN_POINT ( 'NONE',  ( -0.2219512195121949900, -0.01102848531321586100, -1.200000000000000000 ) ) ;
#2973 = AXIS2_PLACEMENT_3D ( 'NONE', #5193, #4079, #3818 ) ;
#2975 = CARTESIAN_POINT ( 'NONE',  ( 0.3926829268292683600, 0.08645627078434514600, -1.179999999999999900 ) ) ;
#2976 = DIRECTION ( 'NONE',  ( 0.0000000000000000000, -0.0000000000000000000, 1.000000000000000000 ) ) ;
#2977 = SURFACE_STYLE_FILL_AREA ( #3898 ) ;
#2978 =( NAMED_UNIT ( * ) SI_UNIT ( $, .STERADIAN. ) SOLID_ANGLE_UNIT ( ) );
#2979 = ADVANCED_FACE ( 'NONE', ( #1458 ), #3274, .T. ) ;
#2980 = EDGE_LOOP ( 'NONE', ( #1293, #2677, #2150, #2928, #601, #5315, #2779, #5552 ) ) ;
#2981 = PLANE ( 'NONE',  #1468 ) ;
#2982 = B_SPLINE_CURVE_WITH_KNOTS ( 'NONE', 3,
 ( #2738, #3610, #3743, #3795, #3873, #566, #5695, #3983, #5312, #5265, #5383 ),
 .UNSPECIFIED., .F., .F.,
 ( 4, 1, 1, 1, 1, 1, 1, 1, 4 ),
 ( 0.0000000000000000000, 0.1252796967356259700, 0.2494199707420513000, 0.3733567994928193600, 0.4966812787822861300, 0.6202029157439825600, 0.7450863201614560400, 0.8712691950190978300, 1.000000000000000000 ),
 .UNSPECIFIED. ) ;
#2983 = VECTOR ( 'NONE', #3775, 1000.000000000000000 ) ;
#2984 = STYLED_ITEM ( 'NONE', ( #516 ), #3708 ) ;
#2985 = CARTESIAN_POINT ( 'NONE',  ( -2.774999999999999900, -1.825000000000000000, -1.200000000000000000 ) ) ;
#2986 = VERTEX_POINT ( 'NONE', #3714 ) ;
#2987 = SURFACE_STYLE_FILL_AREA ( #4886 ) ;
#2988 = LINE ( 'NONE', #1946, #2970 ) ;
#2989 = FILL_AREA_STYLE ('',( #638 ) ) ;
#2990 = VERTEX_POINT ( 'NONE', #1186 ) ;
#2991 = CARTESIAN_POINT ( 'NONE',  ( -0.2365853658536584700, -0.1135437292156548900, -1.179999999999999900 ) ) ;
#2992 = CARTESIAN_POINT ( 'NONE',  ( -0.1992361283945291700, -0.07840880313888376500, -1.179999999999999900 ) ) ;
#2993 = DIRECTION ( 'NONE',  ( -0.0000000000000000000, -1.000000000000000000, -0.0000000000000000000 ) ) ;
#2994 = CARTESIAN_POINT ( 'NONE',  ( -0.3284679878048782900, 0.04804163663800356500, -1.200000000000000000 ) ) ;
#2995 = CARTESIAN_POINT ( 'NONE',  ( -3.075000000000000200, -0.2999999999999999900, -0.6999999999999999600 ) ) ;
#2996 = CARTESIAN_POINT ( 'NONE',  ( 0.2589859215994913500, -0.07436390078511656600, -1.179999999999999700 ) ) ;
#2997 = FILL_AREA_STYLE_COLOUR ( '', #1928 ) ;
#2998 = CARTESIAN_POINT ( 'NONE',  ( -3.075000000000000200, 1.525000000000000100, -1.200000000000000000 ) ) ;
#2999 = EDGE_LOOP ( 'NONE', ( #1251, #4995, #3454, #6069 ) ) ;
#3000 = B_SPLINE_CURVE_WITH_KNOTS ( 'NONE', 3,
 ( #4930, #5107, #2781, #4901, #4919, #4913, #4918, #4903, #4908, #4895, #4897, #4881, #4889, #4876, #4879, #4874, #3489, #4859, #4843 ),
 .UNSPECIFIED., .F., .F.,
 ( 4, 1, 1, 1, 1, 1, 1, 1, 1, 1, 1, 1, 1, 1, 1, 1, 4 ),
 ( 0.0000000000000000000, 0.07430379644281595600, 0.1443936103644178900, 0.2104994961032796700, 0.2735426065034680100, 0.3338247445790734600, 0.3925296724085026700, 0.4500874545995855500, 0.5078206115557881700, 0.5654649127768467400, 0.6231487223336197300, 0.6812971927909354800, 0.7409134981565808100, 0.8018557521958579200, 0.8652412377209430800, 0.9309416570467440300, 1.000000000000000000 ),
 .UNSPECIFIED. ) ;
#3001 = B_SPLINE_SURFACE_WITH_KNOTS ( 'NONE', 3, 1, ( 
 ( #4512, #3869 ),
 ( #3465, #3561 ),
 ( #3217, #2659 ),
 ( #1945, #1823 ),
 ( #1739, #1663 ),
 ( #1632, #689 ),
 ( #3095, #5403 ) ),
 .UNSPECIFIED., .F., .F., .F.,
 ( 4, 1, 1, 1, 4 ),
 ( 2, 2 ),
 ( 0.0000000000000000000, 0.1744817153170505100, 0.3982857591281122000, 0.6738978473986664300, 1.000000000000000000 ),
 ( 0.0000000000000000000, 1.000000000000000000 ),
 .UNSPECIFIED. ) ;
#3002 =( GEOMETRIC_REPRESENTATION_CONTEXT ( 3 ) GLOBAL_UNCERTAINTY_ASSIGNED_CONTEXT ( ( #4613 ) ) GLOBAL_UNIT_ASSIGNED_CONTEXT ( ( #4822, #5347, #6007 ) ) REPRESENTATION_CONTEXT ( 'NONE', 'WORKASPACE' ) );
#3003 = CARTESIAN_POINT ( 'NONE',  ( 3.678553390593272800, 0.2999999999999999900, -0.9999999999999997800 ) ) ;
#3004 = DIRECTION ( 'NONE',  ( -0.0000000000000000000, -0.0000000000000000000, -1.000000000000000000 ) ) ;
#3005 = EDGE_CURVE ( 'NONE', #1749, #3477, #1926, .T. ) ;
#3006 = SURFACE_STYLE_FILL_AREA ( #3870 ) ;
#3007 = CARTESIAN_POINT ( 'NONE',  ( 3.075000000000000200, 1.525000000000000100, 0.0000000000000000000 ) ) ;
#3008 =( NAMED_UNIT ( * ) SI_UNIT ( $, .STERADIAN. ) SOLID_ANGLE_UNIT ( ) );
#3009 = DIRECTION ( 'NONE',  ( 0.0000000000000000000, 1.000000000000000000, 0.0000000000000000000 ) ) ;
#3010 = LINE ( 'NONE', #4368, #4524 ) ;
#3011 = DIRECTION ( 'NONE',  ( -0.0000000000000000000, -0.0000000000000000000, -1.000000000000000000 ) ) ;
#3012 = MECHANICAL_DESIGN_GEOMETRIC_PRESENTATION_REPRESENTATION (  '', ( #3104 ), #3002 ) ;
#3013 = CARTESIAN_POINT ( 'NONE',  ( -0.1869002926901580400, 0.02846283506620592500, -1.200000000000000000 ) ) ;
#3014 =( GEOMETRIC_REPRESENTATION_CONTEXT ( 3 ) GLOBAL_UNCERTAINTY_ASSIGNED_CONTEXT ( ( #698 ) ) GLOBAL_UNIT_ASSIGNED_CONTEXT ( ( #4313, #4292, #4230 ) ) REPRESENTATION_CONTEXT ( 'NONE', 'WORKASPACE' ) );
#3015 = ORIENTED_EDGE ( 'NONE', *, *, #2339, .F. ) ;
#3016 =( LENGTH_UNIT ( ) NAMED_UNIT ( * ) SI_UNIT ( .MILLI., .METRE. ) );
#3017 = VERTEX_POINT ( 'NONE', #5960 ) ;
#3018 =( GEOMETRIC_REPRESENTATION_CONTEXT ( 3 ) GLOBAL_UNCERTAINTY_ASSIGNED_CONTEXT ( ( #376 ) ) GLOBAL_UNIT_ASSIGNED_CONTEXT ( ( #3550, #2936, #2844 ) ) REPRESENTATION_CONTEXT ( 'NONE', 'WORKASPACE' ) );
#3019 = SURFACE_STYLE_FILL_AREA ( #3643 ) ;
#3020 = DIRECTION ( 'NONE',  ( -0.0000000000000000000, -0.0000000000000000000, -1.000000000000000000 ) ) ;
#3021 = CARTESIAN_POINT ( 'NONE',  ( -0.3675685975609755400, -0.05744616824004512800, -1.179999999999999900 ) ) ;
#3022 = CARTESIAN_POINT ( 'NONE',  ( 0.1794207317073172900, -0.1159827536058988000, -1.179999999999999900 ) ) ;
#3023 = SURFACE_STYLE_FILL_AREA ( #5373 ) ;
#3024 = DIRECTION ( 'NONE',  ( -0.0000000000000000000, -0.0000000000000000000, 1.000000000000000000 ) ) ;
#3025 = VECTOR ( 'NONE', #4273, 1000.000000000000000 ) ;
#3026 = CARTESIAN_POINT ( 'NONE',  ( -0.01219512195121944100, -0.02329982677663049900, -1.179999999999999900 ) ) ;
#3027 = LINE ( 'NONE', #2331, #5609 ) ;
#3028 =( NAMED_UNIT ( * ) SI_UNIT ( $, .STERADIAN. ) SOLID_ANGLE_UNIT ( ) );
#3029 = DIRECTION ( 'NONE',  ( 0.0000000000000000000, 0.0000000000000000000, 1.000000000000000000 ) ) ;
#3030 = MECHANICAL_DESIGN_GEOMETRIC_PRESENTATION_REPRESENTATION (  '', ( #3118 ), #3014 ) ;
#3031 = EDGE_LOOP ( 'NONE', ( #4353, #2883, #244, #5341 ) ) ;
#3032 = SURFACE_STYLE_USAGE ( .BOTH. , #3108 ) ;
#3033 = FACE_OUTER_BOUND ( 'NONE', #2891, .T. ) ;
#3034 = FILL_AREA_STYLE_COLOUR ( '', #1782 ) ;
#3035 = CARTESIAN_POINT ( 'NONE',  ( -2.774999999999999900, 1.525000000000000100, -1.200000000000000000 ) ) ;
#3036 = EDGE_LOOP ( 'NONE', ( #1593, #2770, #1531, #55 ) ) ;
#3037 = PRESENTATION_STYLE_ASSIGNMENT (( #3604 ) ) ;
#3038 = DIRECTION ( 'NONE',  ( 0.0000000000000000000, 0.0000000000000000000, -1.000000000000000000 ) ) ;
#3039 = UNCERTAINTY_MEASURE_WITH_UNIT (LENGTH_MEASURE( 1.000000000000000100E-005 ), #3016, 'distance_accuracy_value', 'NONE');
#3040 = EDGE_CURVE ( 'NONE', #3142, #6085, #1904, .T. ) ;
#3041 = CARTESIAN_POINT ( 'NONE',  ( -0.08780487804878033000, 0.06450505127215000500, -1.179999999999999900 ) ) ;
#3042 = DIRECTION ( 'NONE',  ( 0.0000000000000000000, -1.000000000000000000, 0.0000000000000000000 ) ) ;
#3043 = CARTESIAN_POINT ( 'NONE',  ( 0.1757240853658538500, -0.09403153409370368400, -1.200000000000000000 ) ) ;
#3044 = DIRECTION ( 'NONE',  ( 0.0000000000000000000, 0.0000000000000000000, 1.000000000000000000 ) ) ;
#3045 = CARTESIAN_POINT ( 'NONE',  ( 0.1262287099282065300, -0.08226216688053070200, -1.200000000000000200 ) ) ;
#3046 = DIRECTION ( 'NONE',  ( -0.0000000000000000000, -0.0000000000000000000, 1.000000000000000000 ) ) ;
#3047 = PRESENTATION_LAYER_ASSIGNMENT (  '', '', ( #3104 ) ) ;
#3048 = DIRECTION ( 'NONE',  ( 0.0000000000000000000, -0.0000000000000000000, -1.000000000000000000 ) ) ;
#3049 = LINE ( 'NONE', #5549, #3614 ) ;
#3050 = DIRECTION ( 'NONE',  ( 0.0000000000000000000, -1.000000000000000000, -0.0000000000000000000 ) ) ;
#3051 = CARTESIAN_POINT ( 'NONE',  ( -3.075000000000000200, -1.825000000000000000, 0.2000000000000000100 ) ) ;
#3052 = MECHANICAL_DESIGN_GEOMETRIC_PRESENTATION_REPRESENTATION (  '', ( #3146 ), #3018 ) ;
#3053 = ADVANCED_FACE ( 'NONE', ( #1935 ), #6087, .F. ) ;
#3054 = DIRECTION ( 'NONE',  ( 0.0000000000000000000, 0.0000000000000000000, -1.000000000000000000 ) ) ;
#3055 = EDGE_CURVE ( 'NONE', #794, #3993, #2139, .T. ) ;
#3056 =( NAMED_UNIT ( * ) SI_UNIT ( $, .STERADIAN. ) SOLID_ANGLE_UNIT ( ) );
#3057 = DIRECTION ( 'NONE',  ( 0.0000000000000000000, 0.0000000000000000000, 1.000000000000000000 ) ) ;
#3058 = PLANE ( 'NONE',  #5868 ) ;
#3059 = ORIENTED_EDGE ( 'NONE', *, *, #5800, .T. ) ;
#3060 = AXIS2_PLACEMENT_3D ( 'NONE', #4865, #4857, #4743 ) ;
#3061 = DIRECTION ( 'NONE',  ( -0.0000000000000000000, -0.0000000000000000000, -1.000000000000000000 ) ) ;
#3062 = FILL_AREA_STYLE ('',( #2843 ) ) ;
#3063 = PRESENTATION_LAYER_ASSIGNMENT (  '', '', ( #3146 ) ) ;
#3064 = DIRECTION ( 'NONE',  ( 0.0000000000000000000, -0.0000000000000000000, 1.000000000000000000 ) ) ;
#3065 = EDGE_CURVE ( 'NONE', #5522, #5112, #1786, .T. ) ;
#3066 = CYLINDRICAL_SURFACE ( 'NONE', #1370, 0.04999999999999991300 ) ;
#3067 = VECTOR ( 'NONE', #1090, 1000.000000000000000 ) ;
#3068 = CYLINDRICAL_SURFACE ( 'NONE', #1037, 0.2999999999999999300 ) ;
#3069 = DIRECTION ( 'NONE',  ( 0.0000000000000000000, 1.000000000000000000, 0.0000000000000000000 ) ) ;
#3070 =( LENGTH_UNIT ( ) NAMED_UNIT ( * ) SI_UNIT ( .MILLI., .METRE. ) );
#3071 = PRESENTATION_LAYER_ASSIGNMENT (  '', '', ( #3118 ) ) ;
#3072 = VECTOR ( 'NONE', #5327, 1000.000000000000000 ) ;
#3073 =( NAMED_UNIT ( * ) SI_UNIT ( $, .STERADIAN. ) SOLID_ANGLE_UNIT ( ) );
#3074 =( NAMED_UNIT ( * ) PLANE_ANGLE_UNIT ( ) SI_UNIT ( $, .RADIAN. ) );
#3075 = EDGE_CURVE ( 'NONE', #1152, #5196, #1775, .T. ) ;
#3076 = CARTESIAN_POINT ( 'NONE',  ( 0.1547226634293182900, -0.09233006701319419800, -1.179999999999999900 ) ) ;
#3077 = ORIENTED_EDGE ( 'NONE', *, *, #1217, .F. ) ;
#3078 = CARTESIAN_POINT ( 'NONE',  ( -0.2105136504150879600, -0.06200978271469219400, -1.180000000000000200 ) ) ;
#3079 = VERTEX_POINT ( 'NONE', #4628 ) ;
#3080 = ADVANCED_FACE ( 'NONE', ( #1753 ), #5038, .T. ) ;
#3081 = DIRECTION ( 'NONE',  ( -0.0000000000000000000, -1.000000000000000000, -0.0000000000000000000 ) ) ;
#3082 = CARTESIAN_POINT ( 'NONE',  ( 1.758578643762690700, -0.8249999999999997300, 0.5914213562373098500 ) ) ;
#3083 = SURFACE_SIDE_STYLE ('',( #509 ) ) ;
#3084 = LINE ( 'NONE', #4921, #5043 ) ;
#3085 = AXIS2_PLACEMENT_3D ( 'NONE', #3757, #5615, #5449 ) ;
#3086 = COLOUR_RGB ( '',0.5019607843137254800, 0.0000000000000000000, 0.0000000000000000000 ) ;
#3087 = CARTESIAN_POINT ( 'NONE',  ( -3.678553390593272800, 0.2999999999999999900, -0.9499999999999998400 ) ) ;
#3088 = ORIENTED_EDGE ( 'NONE', *, *, #1001, .T. ) ;
#3089 = SURFACE_SIDE_STYLE ('',( #5415 ) ) ;
#3090 = CARTESIAN_POINT ( 'NONE',  ( -0.2179565289039059600, 0.01979686665899326900, -1.199999999999999500 ) ) ;
#3091 = VERTEX_POINT ( 'NONE', #2857 ) ;
#3092 = CARTESIAN_POINT ( 'NONE',  ( -0.3284679878048779600, 0.04804163663800364900, -1.179999999999999900 ) ) ;
#3093 = ORIENTED_EDGE ( 'NONE', *, *, #5003, .T. ) ;
#3094 = CARTESIAN_POINT ( 'NONE',  ( -0.1336562576735571000, -0.09039112849559040300, -1.200000000000000200 ) ) ;
#3095 = CARTESIAN_POINT ( 'NONE',  ( -0.3253810975609755500, 0.06206602688190609300, -1.179999999999999900 ) ) ;
#3096 = SURFACE_SIDE_STYLE ('',( #5024 ) ) ;
#3097 = CARTESIAN_POINT ( 'NONE',  ( 0.3658536585365854100, 0.08645627078434514600, -1.200000000000000000 ) ) ;
#3098 = ORIENTED_EDGE ( 'NONE', *, *, #4756, .T. ) ;
#3099 = CARTESIAN_POINT ( 'NONE',  ( 3.075000000000000200, 1.525000000000000100, -1.200000000000000000 ) ) ;
#3100 = FACE_OUTER_BOUND ( 'NONE', #5117, .T. ) ;
#3101 =( NAMED_UNIT ( * ) PLANE_ANGLE_UNIT ( ) SI_UNIT ( $, .RADIAN. ) );
#3102 = FILL_AREA_STYLE ('',( #3114 ) ) ;
#3103 = ORIENTED_EDGE ( 'NONE', *, *, #2148, .T. ) ;
#3104 = STYLED_ITEM ( 'NONE', ( #4543 ), #1123 ) ;
#3105 = CARTESIAN_POINT ( 'NONE',  ( 3.678553390593272800, 0.2999999999999999900, -0.9499999999999998400 ) ) ;
#3106 = CARTESIAN_POINT ( 'NONE',  ( -0.1153582317073169100, -0.1135437292156548900, -1.179999999999999900 ) ) ;
#3107 = AXIS2_PLACEMENT_3D ( 'NONE', #3817, #3191, #1442 ) ;
#3108 = SURFACE_SIDE_STYLE ('',( #1608 ) ) ;
#3109 = LINE ( 'NONE', #5002, #5228 ) ;
#3110 = EDGE_CURVE ( 'NONE', #3142, #3494, #4869, .T. ) ;
#3111 = DIRECTION ( 'NONE',  ( 0.0000000000000000000, 1.000000000000000000, 0.0000000000000000000 ) ) ;
#3112 = ORIENTED_EDGE ( 'NONE', *, *, #634, .T. ) ;
#3113 =( NAMED_UNIT ( * ) SI_UNIT ( $, .STERADIAN. ) SOLID_ANGLE_UNIT ( ) );
#3114 = FILL_AREA_STYLE_COLOUR ( '', #4951 ) ;
#3115 = ORIENTED_EDGE ( 'NONE', *, *, #4517, .F. ) ;
#3116 = FACE_OUTER_BOUND ( 'NONE', #3858, .T. ) ;
#3118 = STYLED_ITEM ( 'NONE', ( #642 ), #3700 ) ;
#3117 = B_SPLINE_SURFACE_WITH_KNOTS ( 'NONE', 3, 1, ( 
 ( #2901, #4501 ),
 ( #2554, #3456 ),
 ( #240, #2428 ),
 ( #2397, #5066 ),
 ( #2076, #2032 ),
 ( #249, #5241 ),
 ( #385, #5326 ),
 ( #5034, #2052 ),
 ( #3264, #3302 ),
 ( #2755, #2085 ),
 ( #2201, #2088 ),
 ( #2059, #2237 ),
 ( #5790, #2039 ),
 ( #2450, #2111 ),
 ( #2127, #1129 ),
 ( #2172, #2259 ),
 ( #2069, #1652 ),
 ( #1677, #1556 ),
 ( #628, #1515 ) ),
 .UNSPECIFIED., .F., .F., .F.,
 ( 4, 1, 1, 1, 1, 1, 1, 1, 1, 1, 1, 1, 1, 1, 1, 1, 4 ),
 ( 2, 2 ),
 ( 0.0000000000000000000, 0.07082657255516258700, 0.1381690332797996000, 0.2024753315338422800, 0.2639737544135192200, 0.3233803205980372300, 0.3817976227131852900, 0.4393900745193888300, 0.4969027245459971500, 0.5546621696093698700, 0.6127418784921970800, 0.6715388363911721800, 0.7316557220901979100, 0.7942978116139529600, 0.8594822049793583400, 0.9276813254527898100, 1.000000000000000000 ),
 ( 0.0000000000000000000, 1.000000000000000000 ),
 .UNSPECIFIED. ) ;
#3119 = EDGE_LOOP ( 'NONE', ( #3518, #4251, #818, #3158 ) ) ;
#3120 = EDGE_CURVE ( 'NONE', #1152, #882, #595, .T. ) ;
#3121 = CARTESIAN_POINT ( 'NONE',  ( 3.075000000000000200, 0.2999999999999999900, -0.9000000000000000200 ) ) ;
#3122 = SURFACE_STYLE_USAGE ( .BOTH. , #3096 ) ;
#3123 = FILL_AREA_STYLE_COLOUR ( '', #715 ) ;
#3124 = VECTOR ( 'NONE', #1962, 1000.000000000000000 ) ;
#3125 = PLANE ( 'NONE',  #2055 ) ;
#3126 =( GEOMETRIC_REPRESENTATION_CONTEXT ( 3 ) GLOBAL_UNCERTAINTY_ASSIGNED_CONTEXT ( ( #3746 ) ) GLOBAL_UNIT_ASSIGNED_CONTEXT ( ( #2338, #5869, #5846 ) ) REPRESENTATION_CONTEXT ( 'NONE', 'WORKASPACE' ) );
#3127 = DIRECTION ( 'NONE',  ( 0.3222024856061125900, -0.9466707760722534700, 0.0000000000000000000 ) ) ;
#3128 = ORIENTED_EDGE ( 'NONE', *, *, #784, .F. ) ;
#3129 = SURFACE_SIDE_STYLE ('',( #426 ) ) ;
#3130 = CARTESIAN_POINT ( 'NONE',  ( 0.0000000000000000000, -0.4250000000000001600, 1.300000000000000300 ) ) ;
#3131 = VECTOR ( 'NONE', #4741, 1000.000000000000000 ) ;
#3132 = CARTESIAN_POINT ( 'NONE',  ( -0.2218704460716660100, -0.01480600221448577500, -1.179999999999999900 ) ) ;
#3133 = CARTESIAN_POINT ( 'NONE',  ( -0.3215320121951219000, 0.04804163663800364900, -1.200000000000000000 ) ) ;
#3134 = CARTESIAN_POINT ( 'NONE',  ( 0.2435473930161928800, 0.01051410135612265400, -1.179999999999999500 ) ) ;
#3135 = ORIENTED_EDGE ( 'NONE', *, *, #5816, .T. ) ;
#3136 = LINE ( 'NONE', #943, #3448 ) ;
#3137 = PRESENTATION_STYLE_ASSIGNMENT (( #77 ) ) ;
#3138 = VERTEX_POINT ( 'NONE', #2618 ) ;
#3139 = ADVANCED_FACE ( 'NONE', ( #5349 ), #2572, .F. ) ;
#3140 = ADVANCED_FACE ( 'NONE', ( #2681 ), #1917, .T. ) ;
#3141 = CARTESIAN_POINT ( 'NONE',  ( -0.2849466463414633300, -0.05744616824004512800, -1.200000000000000000 ) ) ;
#3142 = VERTEX_POINT ( 'NONE', #1801 ) ;
#3143 = CARTESIAN_POINT ( 'NONE',  ( 0.2416123498091062000, -0.04795017684443696200, -1.200000000000000000 ) ) ;
#3144 = DIRECTION ( 'NONE',  ( -0.0000000000000000000, -1.000000000000000000, -0.0000000000000000000 ) ) ;
#3145 = CYLINDRICAL_SURFACE ( 'NONE', #1736, 0.04999999999999991300 ) ;
#3146 = STYLED_ITEM ( 'NONE', ( #650 ), #5450 ) ;
#3147 = ORIENTED_EDGE ( 'NONE', *, *, #220, .T. ) ;
#3148 = CARTESIAN_POINT ( 'NONE',  ( 3.678553390593272800, 0.2999999999999999900, -0.9499999999999998400 ) ) ;
#3149 = EDGE_CURVE ( 'NONE', #280, #6116, #1549, .T. ) ;
#3150 =( LENGTH_UNIT ( ) NAMED_UNIT ( * ) SI_UNIT ( .MILLI., .METRE. ) );
#3151 = DIRECTION ( 'NONE',  ( -0.0000000000000000000, 1.000000000000000000, -0.0000000000000000000 ) ) ;
#3152 = CARTESIAN_POINT ( 'NONE',  ( -0.2916920731707316500, -0.03549494872785000800, -1.179999999999999900 ) ) ;
#3153 = LINE ( 'NONE', #1726, #2355 ) ;
#3154 =( GEOMETRIC_REPRESENTATION_CONTEXT ( 3 ) GLOBAL_UNCERTAINTY_ASSIGNED_CONTEXT ( ( #2688 ) ) GLOBAL_UNIT_ASSIGNED_CONTEXT ( ( #3738, #3735, #3729 ) ) REPRESENTATION_CONTEXT ( 'NONE', 'WORKASPACE' ) );
#3155 = MECHANICAL_DESIGN_GEOMETRIC_PRESENTATION_REPRESENTATION (  '', ( #3327 ), #3126 ) ;
#3156 = CARTESIAN_POINT ( 'NONE',  ( 3.643198051533945500, 0.2999999999999999900, -0.9853553390593271500 ) ) ;
#3157 = DIRECTION ( 'NONE',  ( 0.0000000000000000000, 0.0000000000000000000, 1.000000000000000000 ) ) ;
#3158 = ORIENTED_EDGE ( 'NONE', *, *, #3276, .T. ) ;
#3159 = CARTESIAN_POINT ( 'NONE',  ( 0.1794207317073172900, -0.1159827536058988000, -1.200000000000000000 ) ) ;
#3160 = EDGE_CURVE ( 'NONE', #290, #1036, #1742, .T. ) ;
#3161 = LINE ( 'NONE', #3082, #954 ) ;
#3162 = CIRCLE ( 'NONE', #2732, 0.1999999999999999800 ) ;
#3163 = DIRECTION ( 'NONE',  ( 0.0000000000000000000, -0.7071067811865489100, 0.7071067811865462400 ) ) ;
#3164 = VERTEX_POINT ( 'NONE', #1234 ) ;
#3165 = CARTESIAN_POINT ( 'NONE',  ( -0.2219512195121949900, -0.01102848531321586100, -1.199999999999999500 ) ) ;
#3166 = FILL_AREA_STYLE_COLOUR ( '', #5234 ) ;
#3167 = FILL_AREA_STYLE_COLOUR ( '', #1102 ) ;
#3168 = SURFACE_STYLE_FILL_AREA ( #3887 ) ;
#3169 = UNCERTAINTY_MEASURE_WITH_UNIT (LENGTH_MEASURE( 1.000000000000000100E-005 ), #5402, 'distance_accuracy_value', 'NONE');
#3170 = CARTESIAN_POINT ( 'NONE',  ( -0.3390243902439021300, 0.08645627078434520200, -1.200000000000000000 ) ) ;
#3171 = DIRECTION ( 'NONE',  ( 0.0000000000000000000, -0.0000000000000000000, 1.000000000000000000 ) ) ;
#3172 = CIRCLE ( 'NONE', #4113, 0.5500000000000014900 ) ;
#3173 = ORIENTED_EDGE ( 'NONE', *, *, #3323, .F. ) ;
#3174 = EDGE_CURVE ( 'NONE', #864, #149, #4746, .T. ) ;
#3175 = CARTESIAN_POINT ( 'NONE',  ( 0.1757240853658538500, -0.09403153409370368400, -1.179999999999999900 ) ) ;
#3176 = CARTESIAN_POINT ( 'NONE',  ( -0.2219512195121949900, -0.01102848531321586100, -1.179999999999999900 ) ) ;
#3177 = DIRECTION ( 'NONE',  ( -0.0000000000000000000, -1.000000000000000000, -0.0000000000000000000 ) ) ;
#3178 = LINE ( 'NONE', #861, #5940 ) ;
#3179 = DIRECTION ( 'NONE',  ( -0.0000000000000000000, -0.0000000000000000000, -1.000000000000000000 ) ) ;
#3180 = CARTESIAN_POINT ( 'NONE',  ( -0.1831883263901186200, 0.03474534075202492800, -1.200000000000000000 ) ) ;
#3181 = COLOUR_RGB ( '',0.6666666666666666300, 0.6666666666666666300, 0.6666666666666666300 ) ;
#3182 = UNCERTAINTY_MEASURE_WITH_UNIT (LENGTH_MEASURE( 1.000000000000000100E-005 ), #5573, 'distance_accuracy_value', 'NONE');
#3183 = CARTESIAN_POINT ( 'NONE',  ( 3.075000000000000200, 1.525000000000000100, -1.200000000000000000 ) ) ;
#3184 = ORIENTED_EDGE ( 'NONE', *, *, #1730, .F. ) ;
#3185 = CARTESIAN_POINT ( 'NONE',  ( -0.2202649592258531000, -0.03301708408859355100, -1.180000000000000200 ) ) ;
#3186 = CARTESIAN_POINT ( 'NONE',  ( -0.2147120676371367400, -0.05292304764480201800, -1.179999999999999900 ) ) ;
#3187 = EDGE_CURVE ( 'NONE', #3347, #1656, #1543, .T. ) ;
#3188 = SURFACE_STYLE_USAGE ( .BOTH. , #5672 ) ;
#3189 = B_SPLINE_SURFACE_WITH_KNOTS ( 'NONE', 3, 1, ( 
 ( #5492, #5343 ),
 ( #927, #5207 ),
 ( #888, #962 ),
 ( #4538, #5151 ),
 ( #1988, #2037 ),
 ( #2022, #2014 ),
 ( #4819, #3882 ),
 ( #1469, #4063 ),
 ( #1048, #1099 ),
 ( #120, #758 ),
 ( #814, #5387 ) ),
 .UNSPECIFIED., .F., .F., .F.,
 ( 4, 1, 1, 1, 1, 1, 1, 1, 4 ),
 ( 2, 2 ),
 ( 0.0000000000000000000, 0.1451868664724697600, 0.2834426109197297200, 0.4165243659288286900, 0.5431811235350827400, 0.6651530826377137800, 0.7813602063127154100, 0.8927566556418090600, 1.000000000000000000 ),
 ( 0.0000000000000000000, 1.000000000000000000 ),
 .UNSPECIFIED. ) ;
#3190 = ORIENTED_EDGE ( 'NONE', *, *, #399, .T. ) ;
#3191 = DIRECTION ( 'NONE',  ( 0.0000000000000000000, 0.0000000000000000000, -1.000000000000000000 ) ) ;
#3192 = DIRECTION ( 'NONE',  ( 1.000000000000000000, 0.0000000000000000000, 0.0000000000000000000 ) ) ;
#3193 = CARTESIAN_POINT ( 'NONE',  ( -0.2218713859334401100, -0.007403091999019023400, -1.199999999999999300 ) ) ;
#3194 = SURFACE_SIDE_STYLE ('',( #5215 ) ) ;
#3195 = SURFACE_SIDE_STYLE ('',( #3230 ) ) ;
#3196 =( GEOMETRIC_REPRESENTATION_CONTEXT ( 3 ) GLOBAL_UNCERTAINTY_ASSIGNED_CONTEXT ( ( #3949 ) ) GLOBAL_UNIT_ASSIGNED_CONTEXT ( ( #2347, #1819, #1675 ) ) REPRESENTATION_CONTEXT ( 'NONE', 'WORKASPACE' ) );
#3197 = ORIENTED_EDGE ( 'NONE', *, *, #4643, .T. ) ;
#3198 = CARTESIAN_POINT ( 'NONE',  ( 0.2255322735160940900, 0.04466929108351162100, -1.179999999999999500 ) ) ;
#3199 =( LENGTH_UNIT ( ) NAMED_UNIT ( * ) SI_UNIT ( .MILLI., .METRE. ) );
#3200 =( LENGTH_UNIT ( ) NAMED_UNIT ( * ) SI_UNIT ( .MILLI., .METRE. ) );
#3201 = MECHANICAL_DESIGN_GEOMETRIC_PRESENTATION_REPRESENTATION (  '', ( #3248 ), #3154 ) ;
#3202 = PLANE ( 'NONE',  #1692 ) ;
#3203 = CARTESIAN_POINT ( 'NONE',  ( -0.1201496845095805000, 0.06444645243833113700, -1.200000000000000200 ) ) ;
#3204 = ORIENTED_EDGE ( 'NONE', *, *, #793, .T. ) ;
#3205 = MECHANICAL_DESIGN_GEOMETRIC_PRESENTATION_REPRESENTATION (  '', ( #3292 ), #3196 ) ;
#3206 = EDGE_CURVE ( 'NONE', #515, #4244, #1501, .T. ) ;
#3207 = SURFACE_STYLE_USAGE ( .BOTH. , #3194 ) ;
#3208 = EDGE_LOOP ( 'NONE', ( #2749, #3077, #1224, #467 ) ) ;
#3209 = CARTESIAN_POINT ( 'NONE',  ( -0.3215320121951219000, 0.04804163663800364900, -1.179999999999999900 ) ) ;
#3210 = PRESENTATION_LAYER_ASSIGNMENT (  '', '', ( #3327 ) ) ;
#3211 = DIRECTION ( 'NONE',  ( -0.3635424856527065300, -0.9315776194850601300, 0.0000000000000000000 ) ) ;
#3212 = EDGE_CURVE ( 'NONE', #726, #1152, #1494, .T. ) ;
#3213 = ADVANCED_FACE ( 'NONE', ( #1464 ), #551, .T. ) ;
#3214 = SURFACE_STYLE_USAGE ( .BOTH. , #3089 ) ;
#3215 = ORIENTED_EDGE ( 'NONE', *, *, #1071, .F. ) ;
#3216 =( NAMED_UNIT ( * ) SI_UNIT ( $, .STERADIAN. ) SOLID_ANGLE_UNIT ( ) );
#3217 = CARTESIAN_POINT ( 'NONE',  ( -0.3276486933996470800, 0.05066110584600610300, -1.180000000000000200 ) ) ;
#3218 = CARTESIAN_POINT ( 'NONE',  ( -0.2179548200091542800, -0.04325649067704729500, -1.179999999999999700 ) ) ;
#3219 = LINE ( 'NONE', #4755, #2362 ) ;
#3220 =( NAMED_UNIT ( * ) SI_UNIT ( $, .STERADIAN. ) SOLID_ANGLE_UNIT ( ) );
#3221 = AXIS2_PLACEMENT_3D ( 'NONE', #4117, #5496, #2481 ) ;
#3222 = SURFACE_STYLE_FILL_AREA ( #2231 ) ;
#3223 = CYLINDRICAL_SURFACE ( 'NONE', #1853, 0.2499999999999998900 ) ;
#3224 = FILL_AREA_STYLE_COLOUR ( '', #3381 ) ;
#3225 = VECTOR ( 'NONE', #5345, 1000.000000000000100 ) ;
#3226 = DIRECTION ( 'NONE',  ( -1.000000000000000000, 0.0000000000000000000, -6.047221112270354800E-016 ) ) ;
#3227 =( NAMED_UNIT ( * ) PLANE_ANGLE_UNIT ( ) SI_UNIT ( $, .RADIAN. ) );
#3228 = CARTESIAN_POINT ( 'NONE',  ( 0.2902439024390244800, -0.09159250970345976500, -1.200000000000000000 ) ) ;
#3229 = CARTESIAN_POINT ( 'NONE',  ( 0.1615247091856815400, -0.09329571087619981100, -1.199999999999999500 ) ) ;
#3230 = SURFACE_STYLE_FILL_AREA ( #2314 ) ;
#3231 = EDGE_LOOP ( 'NONE', ( #5839, #1731, #6043, #3112 ) ) ;
#3232 = ORIENTED_EDGE ( 'NONE', *, *, #3921, .F. ) ;
#3233 = LINE ( 'NONE', #3835, #4956 ) ;
#3234 = CARTESIAN_POINT ( 'NONE',  ( -3.075000000000000200, -1.825000000000000000, 0.2000000000000000100 ) ) ;
#3235 = PRESENTATION_STYLE_ASSIGNMENT (( #2282 ) ) ;
#3236 = PRESENTATION_LAYER_ASSIGNMENT (  '', '', ( #3248 ) ) ;
#3237 = CARTESIAN_POINT ( 'NONE',  ( -0.01219512195121944100, -0.001348607264435366800, -1.200000000000000000 ) ) ;
#3238 = CARTESIAN_POINT ( 'NONE',  ( -0.01707317073170725900, 0.06450505127215000500, -1.179999999999999900 ) ) ;
#3239 = PRESENTATION_LAYER_ASSIGNMENT (  '', '', ( #3292 ) ) ;
#3240 =( LENGTH_UNIT ( ) NAMED_UNIT ( * ) SI_UNIT ( .MILLI., .METRE. ) );
#3241 = FACE_OUTER_BOUND ( 'NONE', #5781, .T. ) ;
#3242 = VECTOR ( 'NONE', #5802, 1000.000000000000000 ) ;
#3243 =( NAMED_UNIT ( * ) SI_UNIT ( $, .STERADIAN. ) SOLID_ANGLE_UNIT ( ) );
#3244 = UNCERTAINTY_MEASURE_WITH_UNIT (LENGTH_MEASURE( 1.000000000000000100E-005 ), #2260, 'distance_accuracy_value', 'NONE');
#3245 = DIRECTION ( 'NONE',  ( -0.0000000000000000000, -0.0000000000000000000, -1.000000000000000000 ) ) ;
#3246 = ORIENTED_EDGE ( 'NONE', *, *, #5939, .F. ) ;
#3247 = CARTESIAN_POINT ( 'NONE',  ( -0.2218713859334401100, -0.007403091999019023400, -1.179999999999999700 ) ) ;
#3248 = STYLED_ITEM ( 'NONE', ( #2053 ), #1122 ) ;
#3249 = AXIS2_PLACEMENT_3D ( 'NONE', #1038, #414, #386 ) ;
#3250 = CARTESIAN_POINT ( 'NONE',  ( 0.1714557926829270400, 0.08889529517458903700, -1.200000000000000000 ) ) ;
#3251 = COLOUR_RGB ( '',0.6666666666666666300, 0.6666666666666666300, 0.6666666666666666300 ) ;
#3252 = LINE ( 'NONE', #1094, #2708 ) ;
#3253 = DIRECTION ( 'NONE',  ( 0.0000000000000000000, 0.0000000000000000000, -1.000000000000000000 ) ) ;
#3254 = CARTESIAN_POINT ( 'NONE',  ( -0.3218342969810834000, 0.04895321223935608600, -1.200000000000000200 ) ) ;
#3255 = EDGE_CURVE ( 'NONE', #4682, #4031, #1382, .T. ) ;
#3256 = DIRECTION ( 'NONE',  ( 0.0000000000000000000, 0.0000000000000000000, 1.000000000000000000 ) ) ;
#3257 = VECTOR ( 'NONE', #3615, 1000.000000000000000 ) ;
#3258 = CARTESIAN_POINT ( 'NONE',  ( -0.2217152812745243100, -0.0003140851478219452500, -1.199999999999999300 ) ) ;
#3259 = DIRECTION ( 'NONE',  ( -0.0000000000000000000, -0.0000000000000000000, 1.000000000000000000 ) ) ;
#3260 = CARTESIAN_POINT ( 'NONE',  ( 0.1243902439024392300, 0.05413919761361341000, -1.200000000000000000 ) ) ;
#3261 = ORIENTED_EDGE ( 'NONE', *, *, #1958, .T. ) ;
#3262 = FACE_OUTER_BOUND ( 'NONE', #4042, .T. ) ;
#3263 = CARTESIAN_POINT ( 'NONE',  ( 0.2043137146224749400, -0.08887095643570193400, -1.200000000000000400 ) ) ;
#3264 = CARTESIAN_POINT ( 'NONE',  ( -0.1688729395935032700, -0.07558310294756488700, -1.180000000000000200 ) ) ;
#3265 = FILL_AREA_STYLE_COLOUR ( '', #574 ) ;
#3266 = PLANE ( 'NONE',  #1805 ) ;
#3267 = LINE ( 'NONE', #3238, #1981 ) ;
#3268 = CARTESIAN_POINT ( 'NONE',  ( -1.617157287525381200, 0.8249999999999997300, 0.4500000000000000100 ) ) ;
#3269 = SURFACE_STYLE_FILL_AREA ( #6047 ) ;
#3270 = CARTESIAN_POINT ( 'NONE',  ( -0.2202614917343633800, 0.01002351506956192800, -1.200000000000000000 ) ) ;
#3271 = DIRECTION ( 'NONE',  ( -0.7071067811865483500, 0.0000000000000000000, -0.7071067811865468000 ) ) ;
#3272 = CARTESIAN_POINT ( 'NONE',  ( -1.600000000000000100, 0.9835786437626900000, 0.5914213562373098500 ) ) ;
#3273 = DIRECTION ( 'NONE',  ( 0.0000000000000000000, -1.000000000000000000, 0.0000000000000000000 ) ) ;
#3274 = PLANE ( 'NONE',  #4786 ) ;
#3275 = COLOUR_RGB ( '',0.6666666666666666300, 0.6666666666666666300, 0.6666666666666666300 ) ;
#3276 = EDGE_CURVE ( 'NONE', #5973, #1072, #3295, .T. ) ;
#3277 =( LENGTH_UNIT ( ) NAMED_UNIT ( * ) SI_UNIT ( .MILLI., .METRE. ) );
#3278 = ORIENTED_EDGE ( 'NONE', *, *, #3549, .F. ) ;
#3279 = CARTESIAN_POINT ( 'NONE',  ( -0.2202614917343633800, 0.01002351506956192800, -1.180000000000000400 ) ) ;
#3280 = AXIS2_PLACEMENT_3D ( 'NONE', #2071, #345, #463 ) ;
#3281 = CARTESIAN_POINT ( 'NONE',  ( -3.075000000000000200, -1.525000000000000100, 0.2000000000000000100 ) ) ;
#3282 = AXIS2_PLACEMENT_3D ( 'NONE', #4030, #5129, #4846 ) ;
#3283 = CARTESIAN_POINT ( 'NONE',  ( 0.2902439024390244800, -0.1135437292156548900, -1.179999999999999900 ) ) ;
#3284 = EDGE_LOOP ( 'NONE', ( #1385, #381, #1743, #1218 ) ) ;
#3285 = CARTESIAN_POINT ( 'NONE',  ( -0.3585746951219511700, -0.03549494872785000800, -1.200000000000000000 ) ) ;
#3286 =( NAMED_UNIT ( * ) PLANE_ANGLE_UNIT ( ) SI_UNIT ( $, .RADIAN. ) );
#3287 = FACE_OUTER_BOUND ( 'NONE', #5575, .T. ) ;
#3288 =( NAMED_UNIT ( * ) PLANE_ANGLE_UNIT ( ) SI_UNIT ( $, .RADIAN. ) );
#3289 = CARTESIAN_POINT ( 'NONE',  ( -0.1153582317073169100, -0.1135437292156548900, -1.199999999999999700 ) ) ;
#3290 = AXIS2_PLACEMENT_3D ( 'NONE', #830, #849, #846 ) ;
#3291 = ORIENTED_EDGE ( 'NONE', *, *, #451, .T. ) ;
#3292 = STYLED_ITEM ( 'NONE', ( #1852 ), #5413 ) ;
#3293 = DIRECTION ( 'NONE',  ( 0.0000000000000000000, 0.0000000000000000000, -1.000000000000000000 ) ) ;
#3294 = EDGE_CURVE ( 'NONE', #5095, #2986, #3172, .T. ) ;
#3295 = LINE ( 'NONE', #4505, #558 ) ;
#3296 = CARTESIAN_POINT ( 'NONE',  ( -0.2179565289039059600, 0.01979686665899326900, -1.199999999999999100 ) ) ;
#3297 = VECTOR ( 'NONE', #1114, 1000.000000000000000 ) ;
#3298 = DIRECTION ( 'NONE',  ( 0.9466707760722535800, 0.3222024856061126400, -0.0000000000000000000 ) ) ;
#3299 = CARTESIAN_POINT ( 'NONE',  ( 0.1243902439024392600, 0.08096846590629636100, -1.200000000000000200 ) ) ;
#3300 =( NAMED_UNIT ( * ) SI_UNIT ( $, .STERADIAN. ) SOLID_ANGLE_UNIT ( ) );
#3301 = EDGE_LOOP ( 'NONE', ( #2315, #5483, #5384, #5168 ) ) ;
#3302 = CARTESIAN_POINT ( 'NONE',  ( -0.1688729395935032700, -0.07558310294756488700, -1.200000000000000200 ) ) ;
#3303 = CARTESIAN_POINT ( 'NONE',  ( 0.1259822686045700100, 0.08161470383247107500, -1.200000000000000000 ) ) ;
#3304 = CARTESIAN_POINT ( 'NONE',  ( -0.02195121951219506200, -0.09159250970345976500, -1.200000000000000000 ) ) ;
#3305 = VERTEX_POINT ( 'NONE', #4242 ) ;
#3306 = LINE ( 'NONE', #1073, #3764 ) ;
#3307 = ORIENTED_EDGE ( 'NONE', *, *, #5742, .F. ) ;
#3308 = CARTESIAN_POINT ( 'NONE',  ( -0.2053082384823554700, -0.07048349811935096500, -1.179999999999999700 ) ) ;
#3309 = EDGE_LOOP ( 'NONE', ( #3115, #2411, #2514, #4612 ) ) ;
#3310 = VERTEX_POINT ( 'NONE', #4167 ) ;
#3311 = CARTESIAN_POINT ( 'NONE',  ( 0.2730836270162847500, -0.01342549284735400200, -1.199999999999999500 ) ) ;
#3312 = EDGE_CURVE ( 'NONE', #5067, #494, #2937, .T. ) ;
#3313 = ORIENTED_EDGE ( 'NONE', *, *, #5911, .T. ) ;
#3314 = CARTESIAN_POINT ( 'NONE',  ( -0.2179565289039059600, 0.01979686665899326900, -1.179999999999999500 ) ) ;
#3315 =( LENGTH_UNIT ( ) NAMED_UNIT ( * ) SI_UNIT ( .MILLI., .METRE. ) );
#3316 = B_SPLINE_CURVE_WITH_KNOTS ( 'NONE', 3,
 ( #3552, #2638, #2166, #1830, #2600, #4692, #5308 ),
 .UNSPECIFIED., .F., .F.,
 ( 4, 1, 1, 1, 4 ),
 ( 0.0000000000000000000, 0.3005411131585078400, 0.5677471464835985900, 0.8000336137369795700, 1.000000000000000000 ),
 .UNSPECIFIED. ) ;
#3317 = LINE ( 'NONE', #4051, #1246 ) ;
#3318 = CARTESIAN_POINT ( 'NONE',  ( -0.2147015312140390900, 0.02901703914319027400, -1.200000000000000000 ) ) ;
#3319 = LINE ( 'NONE', #1655, #4125 ) ;
#3320 = CARTESIAN_POINT ( 'NONE',  ( 0.05853658536585373100, -0.001348607264435366800, -1.200000000000000000 ) ) ;
#3321 = ORIENTED_EDGE ( 'NONE', *, *, #3832, .T. ) ;
#3322 = FILL_AREA_STYLE_COLOUR ( '', #1833 ) ;
#3323 = EDGE_CURVE ( 'NONE', #3993, #1189, #1372, .T. ) ;
#3324 = ORIENTED_EDGE ( 'NONE', *, *, #546, .T. ) ;
#3325 =( NAMED_UNIT ( * ) SI_UNIT ( $, .STERADIAN. ) SOLID_ANGLE_UNIT ( ) );
#3326 = CARTESIAN_POINT ( 'NONE',  ( -0.2147015312140390900, 0.02901703914319027400, -1.180000000000000400 ) ) ;
#3327 = STYLED_ITEM ( 'NONE', ( #2761 ), #3653 ) ;
#3328 = CARTESIAN_POINT ( 'NONE',  ( -0.01707317073170725900, 0.06450505127215000500, -1.179999999999999900 ) ) ;
#3329 = DIRECTION ( 'NONE',  ( 0.0000000000000000000, -1.000000000000000000, 0.0000000000000000000 ) ) ;
#3330 = EDGE_CURVE ( 'NONE', #5309, #5998, #1345, .T. ) ;
#3331 = VERTEX_POINT ( 'NONE', #2994 ) ;
#3332 =( LENGTH_UNIT ( ) NAMED_UNIT ( * ) SI_UNIT ( .MILLI., .METRE. ) );
#3333 = EDGE_LOOP ( 'NONE', ( #43, #5711, #5046, #1244 ) ) ;
#3334 = DIRECTION ( 'NONE',  ( -0.0000000000000000000, 0.0000000000000000000, 1.000000000000000000 ) ) ;
#3335 = DIRECTION ( 'NONE',  ( -0.0000000000000000000, 0.0000000000000000000, -1.000000000000000000 ) ) ;
#3336 = VERTEX_POINT ( 'NONE', #5324 ) ;
#3337 = DIRECTION ( 'NONE',  ( -0.0000000000000000000, -0.0000000000000000000, -1.000000000000000000 ) ) ;
#3338 =( GEOMETRIC_REPRESENTATION_CONTEXT ( 3 ) GLOBAL_UNCERTAINTY_ASSIGNED_CONTEXT ( ( #4987 ) ) GLOBAL_UNIT_ASSIGNED_CONTEXT ( ( #5072, #3286, #3008 ) ) REPRESENTATION_CONTEXT ( 'NONE', 'WORKASPACE' ) );
#3339 = VECTOR ( 'NONE', #1500, 1000.000000000000000 ) ;
#3340 =( NAMED_UNIT ( * ) SI_UNIT ( $, .STERADIAN. ) SOLID_ANGLE_UNIT ( ) );
#3341 = DIRECTION ( 'NONE',  ( 0.0000000000000000000, 0.0000000000000000000, 1.000000000000000000 ) ) ;
#3342 = VERTEX_POINT ( 'NONE', #1793 ) ;
#3343 = COLOUR_RGB ( '',0.6666666666666666300, 0.6666666666666666300, 0.6666666666666666300 ) ;
#3344 = CARTESIAN_POINT ( 'NONE',  ( -0.3390243902439023500, 0.08645627078434514600, -1.200000000000000000 ) ) ;
#3345 = CARTESIAN_POINT ( 'NONE',  ( 0.1292279707458269800, 0.08293220589003291700, -1.200000000000000000 ) ) ;
#3346 = DIRECTION ( 'NONE',  ( 0.0000000000000000000, 1.000000000000000000, 0.0000000000000000000 ) ) ;
#3347 = VERTEX_POINT ( 'NONE', #989 ) ;
#3348 = SURFACE_STYLE_FILL_AREA ( #4797 ) ;
#3349 = SURFACE_SIDE_STYLE ('',( #4413 ) ) ;
#3350 = ORIENTED_EDGE ( 'NONE', *, *, #690, .F. ) ;
#3351 =( GEOMETRIC_REPRESENTATION_CONTEXT ( 3 ) GLOBAL_UNCERTAINTY_ASSIGNED_CONTEXT ( ( #5810 ) ) GLOBAL_UNIT_ASSIGNED_CONTEXT ( ( #229, #5983, #312 ) ) REPRESENTATION_CONTEXT ( 'NONE', 'WORKASPACE' ) );
#3352 = VERTEX_POINT ( 'NONE', #6023 ) ;
#3353 = DIRECTION ( 'NONE',  ( -1.000000000000000000, 0.0000000000000000000, 0.0000000000000000000 ) ) ;
#3354 =( GEOMETRIC_REPRESENTATION_CONTEXT ( 3 ) GLOBAL_UNCERTAINTY_ASSIGNED_CONTEXT ( ( #305 ) ) GLOBAL_UNIT_ASSIGNED_CONTEXT ( ( #2510, #2358, #3567 ) ) REPRESENTATION_CONTEXT ( 'NONE', 'WORKASPACE' ) );
#3355 = FACE_OUTER_BOUND ( 'NONE', #2622, .T. ) ;
#3356 = EDGE_CURVE ( 'NONE', #550, #794, #1323, .T. ) ;
#3357 = COLOUR_RGB ( '',0.2980392156862745100, 0.2980392156862745100, 0.2980392156862745100 ) ;
#3358 = CARTESIAN_POINT ( 'NONE',  ( 0.2118596611498688200, 0.08179455634748651600, -1.199999999999999300 ) ) ;
#3359 =( NAMED_UNIT ( * ) PLANE_ANGLE_UNIT ( ) SI_UNIT ( $, .RADIAN. ) );
#3360 = ORIENTED_EDGE ( 'NONE', *, *, #1781, .T. ) ;
#3361 = SURFACE_STYLE_USAGE ( .BOTH. , #2744 ) ;
#3362 = LINE ( 'NONE', #3423, #2940 ) ;
#3363 = CARTESIAN_POINT ( 'NONE',  ( -3.075000000000000200, 0.2999999999999999900, -0.6999999999999999600 ) ) ;
#3364 = MECHANICAL_DESIGN_GEOMETRIC_PRESENTATION_REPRESENTATION (  '', ( #3450 ), #3351 ) ;
#3365 = MECHANICAL_DESIGN_GEOMETRIC_PRESENTATION_REPRESENTATION (  '', ( #3418 ), #3338 ) ;
#3366 = LINE ( 'NONE', #5393, #5103 ) ;
#3367 = EDGE_CURVE ( 'NONE', #321, #4106, #5263, .T. ) ;
#3368 = EDGE_LOOP ( 'NONE', ( #359, #6006, #5485, #1339 ) ) ;
#3369 = CARTESIAN_POINT ( 'NONE',  ( -0.2105094863558215900, 0.03767734671385177000, -1.199999999999999300 ) ) ;
#3370 = CARTESIAN_POINT ( 'NONE',  ( 0.1794207317073172900, -0.1159827536058988000, -1.179999999999999900 ) ) ;
#3371 = DIRECTION ( 'NONE',  ( 0.0000000000000000000, 1.000000000000000000, 0.0000000000000000000 ) ) ;
#3372 = CARTESIAN_POINT ( 'NONE',  ( -0.3218342969810834000, 0.04895321223935608600, -1.180000000000000200 ) ) ;
#3373 = CARTESIAN_POINT ( 'NONE',  ( -0.2218713859334401100, -0.007403091999019023400, -1.199999999999999700 ) ) ;
#3374 = CARTESIAN_POINT ( 'NONE',  ( -0.2217152812745243100, -0.0003140851478219452500, -1.199999999999999700 ) ) ;
#3375 = LINE ( 'NONE', #1542, #2157 ) ;
#3376 = CARTESIAN_POINT ( 'NONE',  ( 0.2463414634146343700, -0.01567787555711829700, -1.200000000000000000 ) ) ;
#3377 = ADVANCED_FACE ( 'NONE', ( #2379 ), #2941, .T. ) ;
#3378 = VERTEX_POINT ( 'NONE', #2468 ) ;
#3379 = PRESENTATION_LAYER_ASSIGNMENT (  '', '', ( #3418 ) ) ;
#3380 = EDGE_CURVE ( 'NONE', #4715, #2424, #629, .T. ) ;
#3381 = COLOUR_RGB ( '',1.000000000000000000, 1.000000000000000000, 1.000000000000000000 ) ;
#3382 = LINE ( 'NONE', #597, #4587 ) ;
#3383 = SURFACE_STYLE_FILL_AREA ( #2892 ) ;
#3384 = CARTESIAN_POINT ( 'NONE',  ( -0.1210905313498551300, 0.08637437239382866900, -1.200000000000000000 ) ) ;
#3385 = ORIENTED_EDGE ( 'NONE', *, *, #938, .F. ) ;
#3386 = SURFACE_STYLE_USAGE ( .BOTH. , #3349 ) ;
#3387 = ADVANCED_FACE ( 'NONE', ( #1321 ), #5453, .F. ) ;
#3388 = VECTOR ( 'NONE', #1667, 999.9999999999998900 ) ;
#3389 = ORIENTED_EDGE ( 'NONE', *, *, #3777, .F. ) ;
#3390 = CARTESIAN_POINT ( 'NONE',  ( 0.2731707317073172600, -0.01731659506931341300, -1.200000000000000000 ) ) ;
#3391 = DIRECTION ( 'NONE',  ( -0.0000000000000000000, -0.0000000000000000000, -1.000000000000000000 ) ) ;
#3392 = CARTESIAN_POINT ( 'NONE',  ( -0.1950563951030298000, -0.008535954627172673300, -1.200000000000000000 ) ) ;
#3393 = SURFACE_SIDE_STYLE ('',( #341 ) ) ;
#3394 = DIRECTION ( 'NONE',  ( 0.0000000000000000000, 1.000000000000000000, 0.0000000000000000000 ) ) ;
#3395 = EDGE_CURVE ( 'NONE', #5998, #5314, #1236, .T. ) ;
#3396 = DIRECTION ( 'NONE',  ( -1.000000000000000000, 0.0000000000000000000, 0.0000000000000000000 ) ) ;
#3397 = VECTOR ( 'NONE', #4298, 1000.000000000000000 ) ;
#3398 = CARTESIAN_POINT ( 'NONE',  ( 0.1343627100127046900, 0.08449587074710011900, -1.200000000000000200 ) ) ;
#3399 = B_SPLINE_CURVE_WITH_KNOTS ( 'NONE', 3,
 ( #3524, #3629, #3480, #3458, #3429, #3421, #3408, #3398, #3345, #3303, #3299 ),
 .UNSPECIFIED., .F., .F.,
 ( 4, 1, 1, 1, 1, 1, 1, 1, 4 ),
 ( 0.0000000000000000000, 0.1451868664724697600, 0.2834426109197297200, 0.4165243659288286900, 0.5431811235350827400, 0.6651530826377137800, 0.7813602063127154100, 0.8927566556418090600, 1.000000000000000000 ),
 .UNSPECIFIED. ) ;
#3400 = ORIENTED_EDGE ( 'NONE', *, *, #4851, .F. ) ;
#3401 = DIRECTION ( 'NONE',  ( -6.047221112270354800E-016, 0.0000000000000000000, 1.000000000000000000 ) ) ;
#3402 = PRESENTATION_LAYER_ASSIGNMENT (  '', '', ( #3450 ) ) ;
#3403 = FACE_OUTER_BOUND ( 'NONE', #4176, .T. ) ;
#3404 = MECHANICAL_DESIGN_GEOMETRIC_PRESENTATION_REPRESENTATION (  '', ( #3503 ), #3354 ) ;
#3405 = EDGE_CURVE ( 'NONE', #3720, #5811, #3426, .T. ) ;
#3406 = LINE ( 'NONE', #20, #6095 ) ;
#3407 = EDGE_LOOP ( 'NONE', ( #3984, #3860, #4071, #5385 ) ) ;
#3408 = CARTESIAN_POINT ( 'NONE',  ( 0.1397863994049394800, 0.08589138645217961300, -1.200000000000000000 ) ) ;
#3409 = CARTESIAN_POINT ( 'NONE',  ( -0.1492801332280030700, -0.08650051062716254700, -1.180000000000000400 ) ) ;
#3410 = AXIS2_PLACEMENT_3D ( 'NONE', #6001, #6113, #6120 ) ;
#3411 = FACE_OUTER_BOUND ( 'NONE', #5244, .T. ) ;
#3412 = DIRECTION ( 'NONE',  ( 0.0000000000000000000, -1.000000000000000000, 0.0000000000000000000 ) ) ;
#3413 = EDGE_CURVE ( 'NONE', #4691, #5853, #1228, .T. ) ;
#3414 = VECTOR ( 'NONE', #5023, 1000.000000000000000 ) ;
#3415 = CARTESIAN_POINT ( 'NONE',  ( 1.100000000000000100, -0.6250000000000001100, 1.100000000000000100 ) ) ;
#3416 = COLOUR_RGB ( '',0.5019607843137254800, 0.0000000000000000000, 0.0000000000000000000 ) ;
#3417 = CARTESIAN_POINT ( 'NONE',  ( -0.1415452625973436200, 0.06197772996354809800, -1.200000000000000000 ) ) ;
#3418 = STYLED_ITEM ( 'NONE', ( #1610 ), #3590 ) ;
#3419 = DIRECTION ( 'NONE',  ( -0.0000000000000000000, -0.0000000000000000000, 1.000000000000000000 ) ) ;
#3420 = VERTEX_POINT ( 'NONE', #2123 ) ;
#3421 = CARTESIAN_POINT ( 'NONE',  ( 0.1455331333011071200, 0.08696193833055571000, -1.199999999999999700 ) ) ;
#3422 = DIRECTION ( 'NONE',  ( -0.7071067811865468000, 0.0000000000000000000, 0.7071067811865483500 ) ) ;
#3423 = CARTESIAN_POINT ( 'NONE',  ( -0.08780487804878033000, 0.06450505127215000500, -1.179999999999999900 ) ) ;
#3424 = PRESENTATION_STYLE_ASSIGNMENT (( #3973 ) ) ;
#3425 = PRESENTATION_STYLE_ASSIGNMENT (( #3188 ) ) ;
#3426 = B_SPLINE_CURVE_WITH_KNOTS ( 'NONE', 3,
 ( #3175, #3496, #228, #4758, #3076, #4443, #4972, #2312, #4497, #2822, #1662 ),
 .UNSPECIFIED., .F., .F.,
 ( 4, 1, 1, 1, 1, 1, 1, 1, 4 ),
 ( 0.0000000000000000000, 0.1352946047634291400, 0.2667656579247482700, 0.3948160188358723600, 0.5200516544342461700, 0.6421757029708217200, 0.7626518205584234000, 0.8818340043805021900, 1.000000000000000000 ),
 .UNSPECIFIED. ) ;
#3427 = ORIENTED_EDGE ( 'NONE', *, *, #3612, .T. ) ;
#3428 = CARTESIAN_POINT ( 'NONE',  ( -0.2217152812745243100, -0.0003140851478219452500, -1.179999999999999700 ) ) ;
#3429 = CARTESIAN_POINT ( 'NONE',  ( 0.1515813835692221600, 0.08786126267774105300, -1.200000000000000400 ) ) ;
#3430 = CARTESIAN_POINT ( 'NONE',  ( 0.1360934296688440500, -0.1088752668325946900, -1.179999999999999500 ) ) ;
#3431 = ADVANCED_FACE ( 'NONE', ( #1202, #1209 ), #2571, .F. ) ;
#3432 = UNCERTAINTY_MEASURE_WITH_UNIT (LENGTH_MEASURE( 1.000000000000000100E-005 ), #3332, 'distance_accuracy_value', 'NONE');
#3433 = AXIS2_PLACEMENT_3D ( 'NONE', #2261, #3773, #3673 ) ;
#3434 = EDGE_LOOP ( 'NONE', ( #1831, #4928, #1253, #857 ) ) ;
#3435 = FILL_AREA_STYLE_COLOUR ( '', #4483 ) ;
#3436 = EDGE_CURVE ( 'NONE', #3494, #3305, #1086, .T. ) ;
#3437 = CARTESIAN_POINT ( 'NONE',  ( -0.02195121951219506200, -0.1135437292156548900, -1.179999999999999900 ) ) ;
#3438 = VERTEX_POINT ( 'NONE', #3702 ) ;
#3439 = DIRECTION ( 'NONE',  ( -0.0000000000000000000, -0.0000000000000000000, 1.000000000000000000 ) ) ;
#3440 = FILL_AREA_STYLE ('',( #3435 ) ) ;
#3441 = EDGE_LOOP ( 'NONE', ( #4828, #5274, #406, #3457 ) ) ;
#3442 = PRESENTATION_STYLE_ASSIGNMENT (( #1053 ) ) ;
#3443 = CARTESIAN_POINT ( 'NONE',  ( -0.2105094863558215900, 0.03767734671385177000, -1.179999999999999700 ) ) ;
#3444 = CARTESIAN_POINT ( 'NONE',  ( -2.774999999999999900, 1.825000000000000000, 0.0000000000000000000 ) ) ;
#3445 = SURFACE_STYLE_USAGE ( .BOTH. , #2758 ) ;
#3446 = ORIENTED_EDGE ( 'NONE', *, *, #734, .F. ) ;
#3447 = CARTESIAN_POINT ( 'NONE',  ( 0.2902439024390244800, -0.1135437292156548900, -1.179999999999999900 ) ) ;
#3448 = VECTOR ( 'NONE', #4994, 1000.000000000000000 ) ;
#3449 = CARTESIAN_POINT ( 'NONE',  ( -0.2053002742880884200, 0.04573112763444067700, -1.199999999999999700 ) ) ;
#3450 = STYLED_ITEM ( 'NONE', ( #5966 ), #1009 ) ;
#3451 = DIRECTION ( 'NONE',  ( 1.000000000000000000, 0.0000000000000000000, 6.047221112270354800E-016 ) ) ;
#3452 = EDGE_LOOP ( 'NONE', ( #5736, #3877, #5154, #5346 ) ) ;
#3453 = DIRECTION ( 'NONE',  ( -0.0000000000000000000, -0.0000000000000000000, -1.000000000000000000 ) ) ;
#3454 = ORIENTED_EDGE ( 'NONE', *, *, #4286, .T. ) ;
#3455 = LINE ( 'NONE', #4766, #401 ) ;
#3456 = CARTESIAN_POINT ( 'NONE',  ( -0.1192101600957778400, -0.09152736792010191000, -1.200000000000000000 ) ) ;
#3457 = ORIENTED_EDGE ( 'NONE', *, *, #4231, .T. ) ;
#3458 = CARTESIAN_POINT ( 'NONE',  ( 0.1579308389948292900, 0.08843800442137282600, -1.199999999999999500 ) ) ;
#3459 = AXIS2_PLACEMENT_3D ( 'NONE', #1585, #5784, #5768 ) ;
#3460 = CARTESIAN_POINT ( 'NONE',  ( 0.2105399987577384600, -0.08586377625942097400, -1.179999999999999300 ) ) ;
#3461 = CARTESIAN_POINT ( 'NONE',  ( -0.4170731707317072400, -0.1135437292156548900, -1.200000000000000000 ) ) ;
#3462 = UNCERTAINTY_MEASURE_WITH_UNIT (LENGTH_MEASURE( 1.000000000000000100E-005 ), #3613, 'distance_accuracy_value', 'NONE');
#3463 = EDGE_CURVE ( 'NONE', #2286, #2441, #1091, .T. ) ;
#3464 = VERTEX_POINT ( 'NONE', #2406 ) ;
#3465 = CARTESIAN_POINT ( 'NONE',  ( -0.3282184067801998100, 0.04883960352862572900, -1.180000000000000200 ) ) ;
#3466 = CARTESIAN_POINT ( 'NONE',  ( 0.2089838106797312100, -0.1123536829246697300, -1.180000000000000200 ) ) ;
#3467 = ORIENTED_EDGE ( 'NONE', *, *, #2103, .F. ) ;
#3468 =( NAMED_UNIT ( * ) PLANE_ANGLE_UNIT ( ) SI_UNIT ( $, .RADIAN. ) );
#3469 = ORIENTED_EDGE ( 'NONE', *, *, #2350, .T. ) ;
#3470 = B_SPLINE_CURVE_WITH_KNOTS ( 'NONE', 3,
 ( #5375, #3580, #5929, #3520, #4446, #4344, #2704, #843, #5738, #598, #310 ),
 .UNSPECIFIED., .F., .F.,
 ( 4, 1, 1, 1, 1, 1, 1, 1, 4 ),
 ( 0.0000000000000000000, 0.1451868664724697600, 0.2834426109197297200, 0.4165243659288286900, 0.5431811235350827400, 0.6651530826377137800, 0.7813602063127154100, 0.8927566556418090600, 1.000000000000000000 ),
 .UNSPECIFIED. ) ;
#3471 = AXIS2_PLACEMENT_3D ( 'NONE', #4601, #4338, #4180 ) ;
#3472 = ORIENTED_EDGE ( 'NONE', *, *, #3867, .T. ) ;
#3473 = DIRECTION ( 'NONE',  ( -0.0000000000000000000, -1.000000000000000000, -0.0000000000000000000 ) ) ;
#3474 = CARTESIAN_POINT ( 'NONE',  ( 0.2661528228705887800, 0.02585014676871782600, -1.200000000000000000 ) ) ;
#3475 = ORIENTED_EDGE ( 'NONE', *, *, #3380, .F. ) ;
#3476 = DIRECTION ( 'NONE',  ( -1.000000000000000000, 0.0000000000000000000, -0.0000000000000000000 ) ) ;
#3477 = VERTEX_POINT ( 'NONE', #2010 ) ;
#3478 = CARTESIAN_POINT ( 'NONE',  ( -1.099999999999999600, 0.0000000000000000000, 1.300000000000000300 ) ) ;
#3479 = VECTOR ( 'NONE', #5852, 1000.000000000000000 ) ;
#3480 = CARTESIAN_POINT ( 'NONE',  ( 0.1645906879885635500, 0.08884608427453127800, -1.200000000000000200 ) ) ;
#3481 = DIRECTION ( 'NONE',  ( -0.3635424856527065300, -0.9315776194850601300, 0.0000000000000000000 ) ) ;
#3482 = CARTESIAN_POINT ( 'NONE',  ( -0.06097560975609740000, -0.1135437292156548900, -1.179999999999999900 ) ) ;
#3483 = ORIENTED_EDGE ( 'NONE', *, *, #1380, .F. ) ;
#3484 = DIRECTION ( 'NONE',  ( -0.9407669869669989000, 0.3390537954853693500, 0.0000000000000000000 ) ) ;
#3485 =( NAMED_UNIT ( * ) PLANE_ANGLE_UNIT ( ) SI_UNIT ( $, .RADIAN. ) );
#3486 = CARTESIAN_POINT ( 'NONE',  ( -0.2053002742880884200, 0.04573112763444067700, -1.180000000000000200 ) ) ;
#3487 = COLOUR_RGB ( '',1.000000000000000000, 1.000000000000000000, 1.000000000000000000 ) ;
#3488 = CARTESIAN_POINT ( 'NONE',  ( -0.1557087235299224300, 0.05716703404309954300, -1.200000000000000200 ) ) ;
#3489 = CARTESIAN_POINT ( 'NONE',  ( -0.1257069196104235200, 0.06433210410648983200, -1.179999999999999900 ) ) ;
#3490 = LINE ( 'NONE', #3026, #5654 ) ;
#3491 = ORIENTED_EDGE ( 'NONE', *, *, #4272, .T. ) ;
#3492 = AXIS2_PLACEMENT_3D ( 'NONE', #6084, #6086, #6096 ) ;
#3493 = PRESENTATION_LAYER_ASSIGNMENT (  '', '', ( #3503 ) ) ;
#3494 = VERTEX_POINT ( 'NONE', #2524 ) ;
#3495 = DIRECTION ( 'NONE',  ( -1.000000000000000000, 0.0000000000000000000, 0.0000000000000000000 ) ) ;
#3496 = CARTESIAN_POINT ( 'NONE',  ( 0.1733090012527025400, -0.09399982598421959000, -1.180000000000000200 ) ) ;
#3497 = CARTESIAN_POINT ( 'NONE',  ( 0.08536585365853666100, -0.1135437292156548900, -1.200000000000000000 ) ) ;
#3498 = CARTESIAN_POINT ( 'NONE',  ( -1.299999999999999800, -0.6250000000000001100, 1.100000000000000100 ) ) ;
#3499 = ORIENTED_EDGE ( 'NONE', *, *, #4509, .F. ) ;
#3500 = AXIS2_PLACEMENT_3D ( 'NONE', #1326, #3990, #3192 ) ;
#3501 = DIRECTION ( 'NONE',  ( 0.0000000000000000000, 0.0000000000000000000, -1.000000000000000000 ) ) ;
#3502 = LINE ( 'NONE', #2995, #3865 ) ;
#3503 = STYLED_ITEM ( 'NONE', ( #6049 ), #5404 ) ;
#3504 = EDGE_CURVE ( 'NONE', #4326, #5702, #1080, .T. ) ;
#3505 = DIRECTION ( 'NONE',  ( -0.0000000000000000000, -0.0000000000000000000, -1.000000000000000000 ) ) ;
#3506 = CARTESIAN_POINT ( 'NONE',  ( 2.774999999999999900, 1.525000000000000100, 0.0000000000000000000 ) ) ;
#3507 = FACE_OUTER_BOUND ( 'NONE', #590, .T. ) ;
#3508 = LINE ( 'NONE', #105, #1682 ) ;
#3509 = UNCERTAINTY_MEASURE_WITH_UNIT (LENGTH_MEASURE( 1.000000000000000100E-005 ), #3315, 'distance_accuracy_value', 'NONE');
#3510 = DIRECTION ( 'NONE',  ( 0.0000000000000000000, 0.0000000000000000000, 1.000000000000000000 ) ) ;
#3511 = CARTESIAN_POINT ( 'NONE',  ( -0.1417196307019283900, -0.08877060959229785000, -1.179999999999999700 ) ) ;
#3512 = ORIENTED_EDGE ( 'NONE', *, *, #5003, .F. ) ;
#3513 = CARTESIAN_POINT ( 'NONE',  ( 0.2463414634146343700, -0.01567787555711829700, -1.179999999999999900 ) ) ;
#3514 = COLOUR_RGB ( '',0.5019607843137254800, 0.0000000000000000000, 0.0000000000000000000 ) ;
#3515 = ADVANCED_FACE ( 'NONE', ( #1034 ), #2195, .T. ) ;
#3516 = ORIENTED_EDGE ( 'NONE', *, *, #1820, .T. ) ;
#3517 = CARTESIAN_POINT ( 'NONE',  ( -0.2849466463414633300, -0.05744616824004512800, -1.179999999999999900 ) ) ;
#3518 = ORIENTED_EDGE ( 'NONE', *, *, #4198, .T. ) ;
#3519 = VECTOR ( 'NONE', #2539, 1000.000000000000000 ) ;
#3520 = CARTESIAN_POINT ( 'NONE',  ( 0.1579308389948292900, 0.08843800442137282600, -1.179999999999999500 ) ) ;
#3521 = CARTESIAN_POINT ( 'NONE',  ( -0.1737589632940249000, 0.04551219858461069700, -1.199999999999999700 ) ) ;
#3522 =( NAMED_UNIT ( * ) SI_UNIT ( $, .STERADIAN. ) SOLID_ANGLE_UNIT ( ) );
#3523 = ORIENTED_EDGE ( 'NONE', *, *, #5294, .F. ) ;
#3524 = CARTESIAN_POINT ( 'NONE',  ( 0.1714557926829270400, 0.08889529517458903700, -1.200000000000000000 ) ) ;
#3525 = CIRCLE ( 'NONE', #1278, 0.1999999999999999800 ) ;
#3526 = CARTESIAN_POINT ( 'NONE',  ( 0.2731707317073172600, -0.01731659506931341300, -1.200000000000000000 ) ) ;
#3527 = CARTESIAN_POINT ( 'NONE',  ( 0.1243902439024392300, -0.08122665604492318400, -1.200000000000000000 ) ) ;
#3528 = CARTESIAN_POINT ( 'NONE',  ( -2.150000000000001700, 0.8249999999999997300, 0.2000000000000000100 ) ) ;
#3529 = CARTESIAN_POINT ( 'NONE',  ( 0.1896820629506213700, -0.1157538963558070200, -1.199999999999999700 ) ) ;
#3530 = CARTESIAN_POINT ( 'NONE',  ( 0.2537711055348796900, -0.08198523774862859200, -1.200000000000000400 ) ) ;
#3531 = CARTESIAN_POINT ( 'NONE',  ( 0.1491885387493000800, -0.1128671384669272800, -1.179999999999999900 ) ) ;
#3532 = ORIENTED_EDGE ( 'NONE', *, *, #5355, .T. ) ;
#3533 = SURFACE_STYLE_USAGE ( .BOTH. , #3542 ) ;
#3534 = CARTESIAN_POINT ( 'NONE',  ( -0.1992158501062585600, 0.05324206236704279200, -1.199999999999999700 ) ) ;
#3535 = DIRECTION ( 'NONE',  ( 0.0000000000000000000, 1.000000000000000000, 0.0000000000000000000 ) ) ;
#3536 = ADVANCED_FACE ( 'NONE', ( #925 ), #1101, .T. ) ;
#3537 = AXIS2_PLACEMENT_3D ( 'NONE', #584, #3573, #3171 ) ;
#3538 = VECTOR ( 'NONE', #2626, 1000.000000000000000 ) ;
#3539 = CARTESIAN_POINT ( 'NONE',  ( -0.01707317073170725900, 0.06450505127215000500, -1.200000000000000000 ) ) ;
#3540 = COLOUR_RGB ( '',0.6666666666666666300, 0.6666666666666666300, 0.6666666666666666300 ) ;
#3541 = ORIENTED_EDGE ( 'NONE', *, *, #6005, .T. ) ;
#3542 = SURFACE_SIDE_STYLE ('',( #915 ) ) ;
#3543 = CARTESIAN_POINT ( 'NONE',  ( 0.2731707317073172600, -0.01731659506931341300, -1.179999999999999900 ) ) ;
#3544 = DIRECTION ( 'NONE',  ( -1.000000000000000000, 0.0000000000000000000, 0.0000000000000000000 ) ) ;
#3545 = DIRECTION ( 'NONE',  ( -1.000000000000000000, -0.0000000000000000000, -0.0000000000000000000 ) ) ;
#3546 = LINE ( 'NONE', #125, #3538 ) ;
#3547 = AXIS2_PLACEMENT_3D ( 'NONE', #2293, #4598, #714 ) ;
#3548 = ORIENTED_EDGE ( 'NONE', *, *, #1256, .T. ) ;
#3549 = EDGE_CURVE ( 'NONE', #2263, #6045, #953, .T. ) ;
#3550 =( LENGTH_UNIT ( ) NAMED_UNIT ( * ) SI_UNIT ( .MILLI., .METRE. ) );
#3551 = ORIENTED_EDGE ( 'NONE', *, *, #3160, .T. ) ;
#3552 = CARTESIAN_POINT ( 'NONE',  ( -0.3247332317073169900, 0.06206602688190609300, -1.179999999999999900 ) ) ;
#3553 = FACE_OUTER_BOUND ( 'NONE', #5511, .T. ) ;
#3554 = ORIENTED_EDGE ( 'NONE', *, *, #2283, .T. ) ;
#3555 =( LENGTH_UNIT ( ) NAMED_UNIT ( * ) SI_UNIT ( .MILLI., .METRE. ) );
#3556 = ORIENTED_EDGE ( 'NONE', *, *, #1243, .T. ) ;
#3557 = DIRECTION ( 'NONE',  ( -0.3390537954853692900, -0.9407669869669987900, 0.0000000000000000000 ) ) ;
#3558 =( LENGTH_UNIT ( ) NAMED_UNIT ( * ) SI_UNIT ( .MILLI., .METRE. ) );
#3559 = EDGE_CURVE ( 'NONE', #4244, #3342, #897, .T. ) ;
#3560 = CARTESIAN_POINT ( 'NONE',  ( -3.075000000000000200, -1.825000000000000000, 0.0000000000000000000 ) ) ;
#3561 = CARTESIAN_POINT ( 'NONE',  ( -0.3282184067801998100, 0.04883960352862572900, -1.200000000000000200 ) ) ;
#3562 = SURFACE_STYLE_USAGE ( .BOTH. , #3565 ) ;
#3563 = PRESENTATION_STYLE_ASSIGNMENT (( #692 ) ) ;
#3564 = VECTOR ( 'NONE', #5953, 1000.000000000000000 ) ;
#3565 = SURFACE_SIDE_STYLE ('',( #5705 ) ) ;
#3566 = DIRECTION ( 'NONE',  ( -0.0000000000000000000, -1.000000000000000000, -0.0000000000000000000 ) ) ;
#3567 =( NAMED_UNIT ( * ) SI_UNIT ( $, .STERADIAN. ) SOLID_ANGLE_UNIT ( ) );
#3568 = VECTOR ( 'NONE', #3685, 1000.000000000000000 ) ;
#3569 =( GEOMETRIC_REPRESENTATION_CONTEXT ( 3 ) GLOBAL_UNCERTAINTY_ASSIGNED_CONTEXT ( ( #5334 ) ) GLOBAL_UNIT_ASSIGNED_CONTEXT ( ( #1992, #4978, #4207 ) ) REPRESENTATION_CONTEXT ( 'NONE', 'WORKASPACE' ) );
#3570 = CARTESIAN_POINT ( 'NONE',  ( -0.1992158501062585600, 0.05324206236704279200, -1.180000000000000200 ) ) ;
#3571 = CARTESIAN_POINT ( 'NONE',  ( 3.678553390593272800, 0.2999999999999999900, -0.9499999999999998400 ) ) ;
#3572 = DIRECTION ( 'NONE',  ( 0.0000000000000000000, 0.0000000000000000000, -1.000000000000000000 ) ) ;
#3573 = DIRECTION ( 'NONE',  ( 0.0000000000000000000, 1.000000000000000000, 0.0000000000000000000 ) ) ;
#3574 = B_SPLINE_SURFACE_WITH_KNOTS ( 'NONE', 3, 1, ( 
 ( #2698, #2565 ),
 ( #2537, #2531 ),
 ( #2527, #2516 ),
 ( #2506, #2498 ),
 ( #2476, #2475 ),
 ( #2447, #2442 ),
 ( #2438, #1163 ),
 ( #2431, #2425 ),
 ( #2416, #2413 ),
 ( #2412, #2409 ),
 ( #2408, #2400 ),
 ( #2392, #2391 ),
 ( #2386, #3488 ),
 ( #2385, #2380 ),
 ( #2365, #2359 ),
 ( #2352, #2279 ),
 ( #2343, #2342 ),
 ( #2329, #2321 ),
 ( #2318, #2003 ) ),
 .UNSPECIFIED., .F., .F., .F.,
 ( 4, 1, 1, 1, 1, 1, 1, 1, 1, 1, 1, 1, 1, 1, 1, 1, 4 ),
 ( 2, 2 ),
 ( 0.0000000000000000000, 0.07430379644281595600, 0.1443936103644178900, 0.2104994961032796700, 0.2735426065034680100, 0.3338247445790734600, 0.3925296724085026700, 0.4500874545995855500, 0.5078206115557881700, 0.5654649127768467400, 0.6231487223336197300, 0.6812971927909354800, 0.7409134981565808100, 0.8018557521958579200, 0.8652412377209430800, 0.9309416570467440300, 1.000000000000000000 ),
 ( 0.0000000000000000000, 1.000000000000000000 ),
 .UNSPECIFIED. ) ;
#3575 = DIRECTION ( 'NONE',  ( 1.000000000000000000, 0.0000000000000000000, 0.0000000000000000000 ) ) ;
#3576 = CARTESIAN_POINT ( 'NONE',  ( -3.431066017177982100, 0.2999999999999999900, -0.7732233047033633100 ) ) ;
#3577 = LINE ( 'NONE', #1023, #2346 ) ;
#3578 =( NAMED_UNIT ( * ) PLANE_ANGLE_UNIT ( ) SI_UNIT ( $, .RADIAN. ) );
#3579 = CARTESIAN_POINT ( 'NONE',  ( 0.1357843638661675500, -0.08689471127733124100, -1.200000000000000000 ) ) ;
#3580 = CARTESIAN_POINT ( 'NONE',  ( 0.1691304205581628000, 0.08887862628746733000, -1.179999999999999700 ) ) ;
#3581 = CARTESIAN_POINT ( 'NONE',  ( 2.774999999999999900, -1.825000000000000000, -1.200000000000000000 ) ) ;
#3582 = DIRECTION ( 'NONE',  ( -0.0000000000000000000, -0.0000000000000000000, -1.000000000000000000 ) ) ;
#3583 = FILL_AREA_STYLE ('',( #4676 ) ) ;
#3584 = FACE_OUTER_BOUND ( 'NONE', #4909, .T. ) ;
#3585 = CARTESIAN_POINT ( 'NONE',  ( -3.678553390593272800, -0.2999999999999999900, -0.9499999999999998400 ) ) ;
#3586 =( GEOMETRIC_REPRESENTATION_CONTEXT ( 3 ) GLOBAL_UNCERTAINTY_ASSIGNED_CONTEXT ( ( #617 ) ) GLOBAL_UNIT_ASSIGNED_CONTEXT ( ( #6070, #473, #6078 ) ) REPRESENTATION_CONTEXT ( 'NONE', 'WORKASPACE' ) );
#3587 = DIRECTION ( 'NONE',  ( -1.000000000000000000, 0.0000000000000000000, 0.0000000000000000000 ) ) ;
#3588 = CONICAL_SURFACE ( 'NONE', #483, 0.1000000000000000500, 0.7853981633974500600 ) ;
#3589 = AXIS2_PLACEMENT_3D ( 'NONE', #902, #2246, #1005 ) ;
#3590 = ADVANCED_FACE ( 'NONE', ( #947 ), #4659, .T. ) ;
#3591 = EDGE_CURVE ( 'NONE', #478, #3868, #3375, .T. ) ;
#3592 = LINE ( 'NONE', #5717, #3767 ) ;
#3593 = ORIENTED_EDGE ( 'NONE', *, *, #1983, .F. ) ;
#3594 = FILL_AREA_STYLE_COLOUR ( '', #3275 ) ;
#3595 = LINE ( 'NONE', #5916, #1898 ) ;
#3596 = CARTESIAN_POINT ( 'NONE',  ( -0.3224877241082534900, 0.05092369919090919400, -1.199999999999999500 ) ) ;
#3597 = DIRECTION ( 'NONE',  ( 0.0000000000000000000, 1.000000000000000000, 0.0000000000000000000 ) ) ;
#3598 = MECHANICAL_DESIGN_GEOMETRIC_PRESENTATION_REPRESENTATION (  '', ( #3665 ), #3586 ) ;
#3599 = MECHANICAL_DESIGN_GEOMETRIC_PRESENTATION_REPRESENTATION (  '', ( #3684 ), #3569 ) ;
#3600 = CARTESIAN_POINT ( 'NONE',  ( -0.01219512195121944100, -0.02329982677663049900, -1.179999999999999900 ) ) ;
#3601 = VECTOR ( 'NONE', #1175, 1000.000000000000000 ) ;
#3602 = PLANE ( 'NONE',  #5574 ) ;
#3603 =( LENGTH_UNIT ( ) NAMED_UNIT ( * ) SI_UNIT ( .MILLI., .METRE. ) );
#3604 = SURFACE_STYLE_USAGE ( .BOTH. , #3616 ) ;
#3605 = FILL_AREA_STYLE_COLOUR ( '', #5892 ) ;
#3606 = ORIENTED_EDGE ( 'NONE', *, *, #4593, .F. ) ;
#3607 = CARTESIAN_POINT ( 'NONE',  ( -0.1922361949945656200, 0.06010969326461129000, -1.199999999999999100 ) ) ;
#3608 = PRESENTATION_STYLE_ASSIGNMENT (( #806 ) ) ;
#3609 = DIRECTION ( 'NONE',  ( -1.000000000000000000, 0.0000000000000000000, 8.673617379884043400E-016 ) ) ;
#3610 = CARTESIAN_POINT ( 'NONE',  ( 0.1261663210279910000, 0.05517123221190923400, -1.200000000000000000 ) ) ;
#3611 = PRESENTATION_LAYER_ASSIGNMENT (  '', '', ( #3684 ) ) ;
#3612 = EDGE_CURVE ( 'NONE', #4781, #4514, #4399, .T. ) ;
#3613 =( LENGTH_UNIT ( ) NAMED_UNIT ( * ) SI_UNIT ( .MILLI., .METRE. ) );
#3614 = VECTOR ( 'NONE', #5562, 1000.000000000000000 ) ;
#3615 = DIRECTION ( 'NONE',  ( -0.0000000000000000000, -1.000000000000000000, -0.0000000000000000000 ) ) ;
#3616 = SURFACE_SIDE_STYLE ('',( #3168 ) ) ;
#3617 = LINE ( 'NONE', #217, #1654 ) ;
#3618 = FACE_OUTER_BOUND ( 'NONE', #677, .T. ) ;
#3619 = FILL_AREA_STYLE ('',( #3638 ) ) ;
#3620 = CARTESIAN_POINT ( 'NONE',  ( 1.600000000000000500, 0.8249999999999997300, 0.5914213562373098500 ) ) ;
#3621 = UNCERTAINTY_MEASURE_WITH_UNIT (LENGTH_MEASURE( 1.000000000000000100E-005 ), #5081, 'distance_accuracy_value', 'NONE');
#3622 = CIRCLE ( 'NONE', #3840, 0.01715728752538117600 ) ;
#3623 = PRESENTATION_LAYER_ASSIGNMENT (  '', '', ( #3665 ) ) ;
#3624 = FILL_AREA_STYLE ('',( #4732 ) ) ;
#3625 = CARTESIAN_POINT ( 'NONE',  ( -0.1922361949945656200, 0.06010969326461129000, -1.179999999999999500 ) ) ;
#3626 = CARTESIAN_POINT ( 'NONE',  ( -0.2365853658536584700, -0.1135437292156548900, -1.200000000000000000 ) ) ;
#3627 = CARTESIAN_POINT ( 'NONE',  ( -4.000000000000000000, 0.2999999999999999900, -1.200000000000000000 ) ) ;
#3628 = EDGE_CURVE ( 'NONE', #553, #1989, #777, .T. ) ;
#3629 = CARTESIAN_POINT ( 'NONE',  ( 0.1691304205581628000, 0.08887862628746733000, -1.199999999999999700 ) ) ;
#3630 =( NAMED_UNIT ( * ) SI_UNIT ( $, .STERADIAN. ) SOLID_ANGLE_UNIT ( ) );
#3631 = ORIENTED_EDGE ( 'NONE', *, *, #1616, .T. ) ;
#3632 = EDGE_LOOP ( 'NONE', ( #4650, #3385, #3541, #3654 ) ) ;
#3633 = AXIS2_PLACEMENT_3D ( 'NONE', #5959, #5965, #5970 ) ;
#3634 = FILL_AREA_STYLE ('',( #3594 ) ) ;
#3635 = EDGE_CURVE ( 'NONE', #5662, #2963, #4516, .T. ) ;
#3636 = CARTESIAN_POINT ( 'NONE',  ( 0.1243902439024392300, -0.08122665604492318400, -1.200000000000000200 ) ) ;
#3637 = EDGE_LOOP ( 'NONE', ( #917, #5762, #5793, #926 ) ) ;
#3638 = FILL_AREA_STYLE_COLOUR ( '', #5990 ) ;
#3639 = CARTESIAN_POINT ( 'NONE',  ( -0.1845785725010177200, 0.06628616692138657200, -1.199999999999999300 ) ) ;
#3640 = CARTESIAN_POINT ( 'NONE',  ( 0.2178285699271903000, -0.1093658680622828200, -1.180000000000000400 ) ) ;
#3641 = SURFACE_STYLE_USAGE ( .BOTH. , #3393 ) ;
#3642 = ORIENTED_EDGE ( 'NONE', *, *, #2727, .F. ) ;
#3643 = FILL_AREA_STYLE ('',( #3167 ) ) ;
#3644 = EDGE_CURVE ( 'NONE', #3352, #623, #733, .T. ) ;
#3645 = CARTESIAN_POINT ( 'NONE',  ( -0.1845785725010177200, 0.06628616692138657200, -1.179999999999999700 ) ) ;
#3646 = CARTESIAN_POINT ( 'NONE',  ( 1.700000000000000400, 0.8249999999999996200, 0.6500000000000000200 ) ) ;
#3647 = CARTESIAN_POINT ( 'NONE',  ( 0.1243902439024392300, 0.05413919761361341000, -1.179999999999999900 ) ) ;
#3648 = VECTOR ( 'NONE', #1344, 1000.000000000000000 ) ;
#3649 = CARTESIAN_POINT ( 'NONE',  ( 0.1262287099282065300, -0.08226216688053070200, -1.180000000000000200 ) ) ;
#3650 = ORIENTED_EDGE ( 'NONE', *, *, #6050, .T. ) ;
#3651 = DIRECTION ( 'NONE',  ( 1.000000000000000000, 0.0000000000000000000, 0.0000000000000000000 ) ) ;
#3652 =( NAMED_UNIT ( * ) SI_UNIT ( $, .STERADIAN. ) SOLID_ANGLE_UNIT ( ) );
#3653 = ADVANCED_FACE ( 'NONE', ( #708 ), #746, .T. ) ;
#3654 = ORIENTED_EDGE ( 'NONE', *, *, #4603, .T. ) ;
#3655 = CARTESIAN_POINT ( 'NONE',  ( -1.299999999999999800, -0.4250000000000001600, 1.100000000000000100 ) ) ;
#3656 = DIRECTION ( 'NONE',  ( -0.0000000000000000000, -1.000000000000000000, -0.0000000000000000000 ) ) ;
#3657 =( NAMED_UNIT ( * ) SI_UNIT ( $, .STERADIAN. ) SOLID_ANGLE_UNIT ( ) );
#3658 = CARTESIAN_POINT ( 'NONE',  ( -0.3215320121951219000, 0.04804163663800364900, -1.200000000000000000 ) ) ;
#3659 = DIRECTION ( 'NONE',  ( 0.0000000000000000000, -1.000000000000000000, 0.0000000000000000000 ) ) ;
#3660 = COLOUR_RGB ( '',0.6666666666666666300, 0.6666666666666666300, 0.6666666666666666300 ) ;
#3661 =( NAMED_UNIT ( * ) SI_UNIT ( $, .STERADIAN. ) SOLID_ANGLE_UNIT ( ) );
#3662 = DIRECTION ( 'NONE',  ( 0.0000000000000000000, -1.000000000000000000, 0.0000000000000000000 ) ) ;
#3663 = CARTESIAN_POINT ( 'NONE',  ( 1.600000000000000500, 0.9835786437626902200, 0.5914213562373097400 ) ) ;
#3664 = EDGE_LOOP ( 'NONE', ( #5767, #2613, #2099, #3551 ) ) ;
#3665 = STYLED_ITEM ( 'NONE', ( #6055 ), #991 ) ;
#3666 = DIRECTION ( 'NONE',  ( -1.000000000000000000, 0.0000000000000000000, 0.0000000000000000000 ) ) ;
#3667 =( GEOMETRIC_REPRESENTATION_CONTEXT ( 3 ) GLOBAL_UNCERTAINTY_ASSIGNED_CONTEXT ( ( #5364 ) ) GLOBAL_UNIT_ASSIGNED_CONTEXT ( ( #4375, #94, #1669 ) ) REPRESENTATION_CONTEXT ( 'NONE', 'WORKASPACE' ) );
#3668 = EDGE_CURVE ( 'NONE', #1036, #5095, #649, .T. ) ;
#3669 = VERTEX_POINT ( 'NONE', #5410 ) ;
#3670 = UNCERTAINTY_MEASURE_WITH_UNIT (LENGTH_MEASURE( 1.000000000000000100E-005 ), #4102, 'distance_accuracy_value', 'NONE');
#3671 = AXIS2_PLACEMENT_3D ( 'NONE', #1134, #745, #2070 ) ;
#3672 = CARTESIAN_POINT ( 'NONE',  ( 3.678553390593272800, -0.2999999999999999900, -0.9499999999999998400 ) ) ;
#3673 = DIRECTION ( 'NONE',  ( 0.0000000000000000000, 0.0000000000000000000, 1.000000000000000000 ) ) ;
#3674 = ORIENTED_EDGE ( 'NONE', *, *, #4075, .T. ) ;
#3675 = EDGE_CURVE ( 'NONE', #2301, #302, #656, .T. ) ;
#3676 = CYLINDRICAL_SURFACE ( 'NONE', #2783, 0.2999999999999999300 ) ;
#3677 = DIRECTION ( 'NONE',  ( -1.000000000000000000, 0.0000000000000000000, -6.047221112270354800E-016 ) ) ;
#3678 = CARTESIAN_POINT ( 'NONE',  ( 1.300000000000000300, -0.6250000000000001100, 1.300000000000000300 ) ) ;
#3679 = DIRECTION ( 'NONE',  ( -1.000000000000000000, 0.0000000000000000000, 0.0000000000000000000 ) ) ;
#3680 = ORIENTED_EDGE ( 'NONE', *, *, #868, .F. ) ;
#3681 = CARTESIAN_POINT ( 'NONE',  ( -3.075000000000000200, 0.2999999999999999900, -0.9000000000000000200 ) ) ;
#3682 = DIRECTION ( 'NONE',  ( 0.0000000000000000000, 1.000000000000000000, 0.0000000000000000000 ) ) ;
#3683 = FACE_OUTER_BOUND ( 'NONE', #1491, .T. ) ;
#3684 = STYLED_ITEM ( 'NONE', ( #1022 ), #3515 ) ;
#3685 = DIRECTION ( 'NONE',  ( 0.0000000000000000000, 1.000000000000000000, 0.0000000000000000000 ) ) ;
#3686 = CARTESIAN_POINT ( 'NONE',  ( -3.254289321881345100, 0.2999999999999999900, -0.9499999999999999600 ) ) ;
#3687 = LINE ( 'NONE', #4328, #3397 ) ;
#3688 = CARTESIAN_POINT ( 'NONE',  ( -0.1763757916900893200, 0.07167922464116799300, -1.199999999999999700 ) ) ;
#3689 = CARTESIAN_POINT ( 'NONE',  ( 3.254289321881345100, 0.2999999999999999900, -0.9499999999999999600 ) ) ;
#3690 = CARTESIAN_POINT ( 'NONE',  ( 1.100000000000000100, 0.6249999999999998900, 1.100000000000000100 ) ) ;
#3691 =( NAMED_UNIT ( * ) PLANE_ANGLE_UNIT ( ) SI_UNIT ( $, .RADIAN. ) );
#3692 = ORIENTED_EDGE ( 'NONE', *, *, #2836, .F. ) ;
#3693 = SURFACE_STYLE_USAGE ( .BOTH. , #4900 ) ;
#3694 = LINE ( 'NONE', #1846, #5358 ) ;
#3695 = CARTESIAN_POINT ( 'NONE',  ( -0.1763757916900893200, 0.07167922464116799300, -1.180000000000000200 ) ) ;
#3696 = DIRECTION ( 'NONE',  ( -0.0000000000000000000, 0.0000000000000000000, -1.000000000000000000 ) ) ;
#3697 = ORIENTED_EDGE ( 'NONE', *, *, #4542, .F. ) ;
#3698 = ORIENTED_EDGE ( 'NONE', *, *, #1827, .T. ) ;
#3699 = DIRECTION ( 'NONE',  ( 0.0000000000000000000, 0.0000000000000000000, 1.000000000000000000 ) ) ;
#3700 = ADVANCED_FACE ( 'NONE', ( #610 ), #528, .T. ) ;
#3701 =( LENGTH_UNIT ( ) NAMED_UNIT ( * ) SI_UNIT ( .MILLI., .METRE. ) );
#3702 = CARTESIAN_POINT ( 'NONE',  ( 0.1757240853658538500, -0.09403153409370368400, -1.200000000000000000 ) ) ;
#3703 = CARTESIAN_POINT ( 'NONE',  ( -0.3585746951219511700, -0.03549494872785000800, -1.179999999999999900 ) ) ;
#3704 = COLOUR_RGB ( '',0.5019607843137254800, 0.0000000000000000000, 0.0000000000000000000 ) ;
#3705 = EDGE_LOOP ( 'NONE', ( #3924, #196, #5989, #5776 ) ) ;
#3706 = VERTEX_POINT ( 'NONE', #4570 ) ;
#3707 = CARTESIAN_POINT ( 'NONE',  ( 0.2461373223585840700, -0.006572910260919473000, -1.180000000000000200 ) ) ;
#3708 = ADVANCED_FACE ( 'NONE', ( #2599 ), #3676, .T. ) ;
#3709 = ORIENTED_EDGE ( 'NONE', *, *, #1188, .T. ) ;
#3710 = DIRECTION ( 'NONE',  ( 1.000000000000000000, -0.0000000000000000000, 0.0000000000000000000 ) ) ;
#3711 =( GEOMETRIC_REPRESENTATION_CONTEXT ( 3 ) GLOBAL_UNCERTAINTY_ASSIGNED_CONTEXT ( ( #490 ) ) GLOBAL_UNIT_ASSIGNED_CONTEXT ( ( #5930, #5936, #5941 ) ) REPRESENTATION_CONTEXT ( 'NONE', 'WORKASPACE' ) );
#3712 = DIRECTION ( 'NONE',  ( 0.0000000000000000000, 0.0000000000000000000, -1.000000000000000000 ) ) ;
#3713 = MECHANICAL_DESIGN_GEOMETRIC_PRESENTATION_REPRESENTATION (  '', ( #3830 ), #3667 ) ;
#3714 = CARTESIAN_POINT ( 'NONE',  ( 2.150000000000002100, -0.8249999999999998400, 0.1999999999999999800 ) ) ;
#3715 = VERTEX_POINT ( 'NONE', #4668 ) ;
#3716 = CARTESIAN_POINT ( 'NONE',  ( 0.1615247091856815400, -0.09329571087619981100, -1.199999999999999500 ) ) ;
#3717 = CARTESIAN_POINT ( 'NONE',  ( 0.2207792283696413700, 0.07764510506547064900, -1.180000000000000200 ) ) ;
#3718 = SURFACE_STYLE_FILL_AREA ( #265 ) ;
#3719 = CARTESIAN_POINT ( 'NONE',  ( 0.2080588812050191100, 0.05834343047166420200, -1.179999999999999300 ) ) ;
#3720 = VERTEX_POINT ( 'NONE', #1574 ) ;
#3721 = CARTESIAN_POINT ( 'NONE',  ( -0.1992158501062585600, 0.05324206236704279200, -1.200000000000000200 ) ) ;
#3722 = PRESENTATION_STYLE_ASSIGNMENT (( #1309 ) ) ;
#3723 = CARTESIAN_POINT ( 'NONE',  ( 1.600000000000000500, -0.8249999999999998400, 0.1999999999999999800 ) ) ;
#3724 = DIRECTION ( 'NONE',  ( 1.000000000000000000, 0.0000000000000000000, 8.673617379884043400E-016 ) ) ;
#3725 = COLOUR_RGB ( '',0.5019607843137254800, 0.0000000000000000000, 0.0000000000000000000 ) ;
#3726 = VERTEX_POINT ( 'NONE', #867 ) ;
#3727 =( GEOMETRIC_REPRESENTATION_CONTEXT ( 3 ) GLOBAL_UNCERTAINTY_ASSIGNED_CONTEXT ( ( #965 ) ) GLOBAL_UNIT_ASSIGNED_CONTEXT ( ( #4465, #2106, #2609 ) ) REPRESENTATION_CONTEXT ( 'NONE', 'WORKASPACE' ) );
#3728 = CARTESIAN_POINT ( 'NONE',  ( 3.075000000000000200, -0.2999999999999999900, -0.9000000000000000200 ) ) ;
#3729 =( NAMED_UNIT ( * ) SI_UNIT ( $, .STERADIAN. ) SOLID_ANGLE_UNIT ( ) );
#3730 = LINE ( 'NONE', #2439, #2292 ) ;
#3731 = UNCERTAINTY_MEASURE_WITH_UNIT (LENGTH_MEASURE( 1.000000000000000100E-005 ), #4826, 'distance_accuracy_value', 'NONE');
#3732 = CARTESIAN_POINT ( 'NONE',  ( -3.254289321881345100, 0.2999999999999999900, -0.9000000000000001300 ) ) ;
#3733 = ORIENTED_EDGE ( 'NONE', *, *, #202, .T. ) ;
#3734 = SURFACE_STYLE_FILL_AREA ( #1330 ) ;
#3735 =( NAMED_UNIT ( * ) PLANE_ANGLE_UNIT ( ) SI_UNIT ( $, .RADIAN. ) );
#3736 = ADVANCED_FACE ( 'NONE', ( #440 ), #856, .T. ) ;
#3737 = DIRECTION ( 'NONE',  ( 1.000000000000000000, 0.0000000000000000000, -0.0000000000000000000 ) ) ;
#3738 =( LENGTH_UNIT ( ) NAMED_UNIT ( * ) SI_UNIT ( .MILLI., .METRE. ) );
#3739 = PRESENTATION_STYLE_ASSIGNMENT (( #1140 ) ) ;
#3740 = SURFACE_STYLE_USAGE ( .BOTH. , #3785 ) ;
#3741 = MECHANICAL_DESIGN_GEOMETRIC_PRESENTATION_REPRESENTATION (  '', ( #3786 ), #3711 ) ;
#3742 = COLOUR_RGB ( '',1.000000000000000000, 1.000000000000000000, 1.000000000000000000 ) ;
#3743 = CARTESIAN_POINT ( 'NONE',  ( 0.1297023218025265000, 0.05722591502180565700, -1.200000000000000000 ) ) ;
#3744 = EDGE_CURVE ( 'NONE', #2628, #4031, #428, .T. ) ;
#3745 = DIRECTION ( 'NONE',  ( 1.000000000000000000, 0.0000000000000000000, 0.0000000000000000000 ) ) ;
#3746 = UNCERTAINTY_MEASURE_WITH_UNIT (LENGTH_MEASURE( 1.000000000000000100E-005 ), #2338, 'distance_accuracy_value', 'NONE');
#3747 =( NAMED_UNIT ( * ) PLANE_ANGLE_UNIT ( ) SI_UNIT ( $, .RADIAN. ) );
#3748 = CARTESIAN_POINT ( 'NONE',  ( -0.4170731707317072400, -0.1135437292156548900, -1.200000000000000000 ) ) ;
#3749 = VECTOR ( 'NONE', #2911, 999.9999999999998900 ) ;
#3750 = SURFACE_STYLE_USAGE ( .BOTH. , #3774 ) ;
#3751 = DIRECTION ( 'NONE',  ( 0.0000000000000000000, 0.0000000000000000000, -1.000000000000000000 ) ) ;
#3752 = PRESENTATION_LAYER_ASSIGNMENT (  '', '', ( #3786 ) ) ;
#3753 = CARTESIAN_POINT ( 'NONE',  ( -0.1153582317073169100, -0.1135437292156548900, -1.179999999999999900 ) ) ;
#3754 = EDGE_LOOP ( 'NONE', ( #1395, #2674, #3446, #4027 ) ) ;
#3755 = PRESENTATION_LAYER_ASSIGNMENT (  '', '', ( #3830 ) ) ;
#3756 = DIRECTION ( 'NONE',  ( 1.000000000000000000, -0.0000000000000000000, 0.0000000000000000000 ) ) ;
#3757 = CARTESIAN_POINT ( 'NONE',  ( -1.099999999999999600, 0.4249999999999999300, 1.100000000000000100 ) ) ;
#3758 = VECTOR ( 'NONE', #4011, 1000.000000000000000 ) ;
#3759 = UNCERTAINTY_MEASURE_WITH_UNIT (LENGTH_MEASURE( 1.000000000000000100E-005 ), #3199, 'distance_accuracy_value', 'NONE');
#3760 = DIRECTION ( 'NONE',  ( 0.0000000000000000000, -0.0000000000000000000, 1.000000000000000000 ) ) ;
#3761 = PLANE ( 'NONE',  #2006 ) ;
#3762 = DIRECTION ( 'NONE',  ( 0.0000000000000000000, 1.000000000000000000, 0.0000000000000000000 ) ) ;
#3763 = EDGE_LOOP ( 'NONE', ( #5063, #4108, #2952, #5290 ) ) ;
#3764 = VECTOR ( 'NONE', #1066, 1000.000000000000000 ) ;
#3765 = CARTESIAN_POINT ( 'NONE',  ( -0.1250889463646564200, -0.09140028881817774400, -1.199999999999999700 ) ) ;
#3766 = EDGE_CURVE ( 'NONE', #4935, #3342, #432, .T. ) ;
#3767 = VECTOR ( 'NONE', #5732, 1000.000000000000000 ) ;
#3768 = DIRECTION ( 'NONE',  ( 0.0000000000000000000, 0.0000000000000000000, 1.000000000000000000 ) ) ;
#3769 = PLANE ( 'NONE',  #5467 ) ;
#3770 = FILL_AREA_STYLE ('',( #3776 ) ) ;
#3771 =( NAMED_UNIT ( * ) SI_UNIT ( $, .STERADIAN. ) SOLID_ANGLE_UNIT ( ) );
#3772 = CARTESIAN_POINT ( 'NONE',  ( 0.3658536585365854100, 0.08645627078434514600, -1.179999999999999900 ) ) ;
#3773 = DIRECTION ( 'NONE',  ( -1.000000000000000000, 0.0000000000000000000, 0.0000000000000000000 ) ) ;
#3774 = SURFACE_SIDE_STYLE ('',( #2918 ) ) ;
#3775 = DIRECTION ( 'NONE',  ( 1.000000000000000000, 0.0000000000000000000, 0.0000000000000000000 ) ) ;
#3776 = FILL_AREA_STYLE_COLOUR ( '', #3343 ) ;
#3777 = EDGE_CURVE ( 'NONE', #2213, #562, #486, .T. ) ;
#3778 = ORIENTED_EDGE ( 'NONE', *, *, #4990, .T. ) ;
#3779 = CARTESIAN_POINT ( 'NONE',  ( -0.2219512195121949900, -0.01102848531321586100, -1.179999999999999900 ) ) ;
#3780 = DIRECTION ( 'NONE',  ( -0.0000000000000000000, -0.0000000000000000000, -1.000000000000000000 ) ) ;
#3781 = CARTESIAN_POINT ( 'NONE',  ( 0.1297023218025265000, 0.05722591502180565700, -1.200000000000000000 ) ) ;
#3782 = PRESENTATION_STYLE_ASSIGNMENT (( #5764 ) ) ;
#3783 = DIRECTION ( 'NONE',  ( -0.0000000000000000000, 1.000000000000000000, 0.0000000000000000000 ) ) ;
#3784 = B_SPLINE_SURFACE_WITH_KNOTS ( 'NONE', 3, 1, ( 
 ( #507, #78 ),
 ( #583, #491 ),
 ( #485, #484 ),
 ( #475, #470 ),
 ( #469, #458 ),
 ( #450, #443 ),
 ( #442, #433 ),
 ( #424, #423 ),
 ( #410, #382 ),
 ( #353, #346 ),
 ( #336, #323 ),
 ( #317, #306 ),
 ( #297, #287 ),
 ( #266, #262 ),
 ( #247, #239 ),
 ( #234, #225 ),
 ( #221, #208 ),
 ( #197, #195 ),
 ( #190, #183 ) ),
 .UNSPECIFIED., .F., .F., .F.,
 ( 4, 1, 1, 1, 1, 1, 1, 1, 1, 1, 1, 1, 1, 1, 1, 1, 4 ),
 ( 2, 2 ),
 ( 0.0000000000000000000, 0.07377411937406359900, 0.1440791147260413700, 0.2113485183089114600, 0.2760768857398837600, 0.3385209158196765300, 0.3998851166931335400, 0.4602540674652129700, 0.5205889643912478000, 0.5802076845630440600, 0.6386329085525457300, 0.6963645494905238400, 0.7540017746600123900, 0.8128056813744978200, 0.8727544255255602600, 0.9351819969782669800, 1.000000000000000000 ),
 ( 0.0000000000000000000, 1.000000000000000000 ),
 .UNSPECIFIED. ) ;
#3785 = SURFACE_SIDE_STYLE ('',( #5747 ) ) ;
#3786 = STYLED_ITEM ( 'NONE', ( #1879 ), #948 ) ;
#3787 = DIRECTION ( 'NONE',  ( -0.0000000000000000000, -0.0000000000000000000, -1.000000000000000000 ) ) ;
#3788 = EDGE_CURVE ( 'NONE', #5962, #3336, #1029, .T. ) ;
#3789 = CARTESIAN_POINT ( 'NONE',  ( 0.08536585365853666100, -0.1135437292156548900, -1.200000000000000000 ) ) ;
#3790 = LINE ( 'NONE', #5739, #3564 ) ;
#3791 = CARTESIAN_POINT ( 'NONE',  ( -0.2658536585365853200, -0.1135437292156548900, -1.200000000000000000 ) ) ;
#3792 = CARTESIAN_POINT ( 'NONE',  ( 0.2621008848268769900, 0.03523717468546756100, -1.179999999999999900 ) ) ;
#3793 = FILL_AREA_STYLE_COLOUR ( '', #503 ) ;
#3794 = MECHANICAL_DESIGN_GEOMETRIC_PRESENTATION_REPRESENTATION (  '', ( #3889 ), #3727 ) ;
#3795 = CARTESIAN_POINT ( 'NONE',  ( 0.1352638081252865200, 0.05979467290702498300, -1.200000000000000200 ) ) ;
#3796 = LINE ( 'NONE', #1349, #2306 ) ;
#3797 = CARTESIAN_POINT ( 'NONE',  ( -0.3253810975609755500, 0.06206602688190609300, -1.179999999999999900 ) ) ;
#3798 = EDGE_LOOP ( 'NONE', ( #5984, #1261, #2023, #2860 ) ) ;
#3799 = CARTESIAN_POINT ( 'NONE',  ( -0.1336562576735571000, -0.09039112849559040300, -1.180000000000000200 ) ) ;
#3800 = CARTESIAN_POINT ( 'NONE',  ( -0.3224877241082534900, 0.05092369919090919400, -1.179999999999999500 ) ) ;
#3801 = DIRECTION ( 'NONE',  ( -1.000000000000000000, 0.0000000000000000000, 0.0000000000000000000 ) ) ;
#3802 = EDGE_CURVE ( 'NONE', #5235, #4514, #421, .T. ) ;
#3803 = CIRCLE ( 'NONE', #5559, 0.2000000000000000900 ) ;
#3804 = CARTESIAN_POINT ( 'NONE',  ( -0.1923308443557262000, -0.03755236700206935500, -1.200000000000000000 ) ) ;
#3805 = ORIENTED_EDGE ( 'NONE', *, *, #328, .F. ) ;
#3806 = CARTESIAN_POINT ( 'NONE',  ( -0.1677345941291268300, 0.07630056298621640300, -1.199999999999999700 ) ) ;
#3807 = CARTESIAN_POINT ( 'NONE',  ( 0.1750680280768698300, 0.08881125017189839300, -1.200000000000000000 ) ) ;
#3808 = CARTESIAN_POINT ( 'NONE',  ( -0.2916920731707316500, -0.03549494872785000800, -1.200000000000000000 ) ) ;
#3809 = PRESENTATION_LAYER_ASSIGNMENT (  '', '', ( #3889 ) ) ;
#3810 = EDGE_CURVE ( 'NONE', #226, #5499, #1051, .T. ) ;
#3811 = CARTESIAN_POINT ( 'NONE',  ( 0.2371823357865914800, 0.06664087072602140100, -1.180000000000000400 ) ) ;
#3812 = CARTESIAN_POINT ( 'NONE',  ( -0.2658536585365853200, -0.1135437292156548900, -1.179999999999999900 ) ) ;
#3813 = PRESENTATION_STYLE_ASSIGNMENT (( #5530 ) ) ;
#3814 = VERTEX_POINT ( 'NONE', #35 ) ;
#3815 = DIRECTION ( 'NONE',  ( -0.0000000000000000000, 0.0000000000000000000, -1.000000000000000000 ) ) ;
#3816 = CARTESIAN_POINT ( 'NONE',  ( 0.1794207317073172900, -0.1159827536058988000, -1.200000000000000000 ) ) ;
#3817 = CARTESIAN_POINT ( 'NONE',  ( 2.774999999999999900, 1.525000000000000100, -1.200000000000000000 ) ) ;
#3818 = DIRECTION ( 'NONE',  ( 1.000000000000000000, 0.0000000000000000000, 0.0000000000000000000 ) ) ;
#3819 = CIRCLE ( 'NONE', #2962, 0.2999999999999999300 ) ;
#3820 = DIRECTION ( 'NONE',  ( 1.000000000000000000, 0.0000000000000000000, 0.0000000000000000000 ) ) ;
#3821 = ORIENTED_EDGE ( 'NONE', *, *, #1641, .F. ) ;
#3822 = B_SPLINE_CURVE_WITH_KNOTS ( 'NONE', 3,
 ( #1199, #1208, #1193, #1187, #1178, #1177, #1169, #1164, #1159, #1157, #1153, #1145, #1138, #1127, #1120, #1118, #1112, #1104, #1098 ),
 .UNSPECIFIED., .F., .F.,
 ( 4, 1, 1, 1, 1, 1, 1, 1, 1, 1, 1, 1, 1, 1, 1, 1, 4 ),
 ( 0.0000000000000000000, 0.07064371857535414700, 0.1382567155089047000, 0.2033641242175802100, 0.2663240938030568300, 0.3279047615429894800, 0.3887377151730923000, 0.4494235281093024700, 0.5108610114593156200, 0.5720793960475146800, 0.6317344287314453600, 0.6911172105788379000, 0.7503600294901706700, 0.8100329005312620900, 0.8713624508287362000, 0.9344271412311534500, 1.000000000000000000 ),
 .UNSPECIFIED. ) ;
#3823 = CARTESIAN_POINT ( 'NONE',  ( 0.1685470855538840400, -0.09393730586597196000, -1.200000000000000400 ) ) ;
#3824 = CARTESIAN_POINT ( 'NONE',  ( -0.06097560975609740000, -0.1135437292156548900, -1.200000000000000000 ) ) ;
#3825 = ORIENTED_EDGE ( 'NONE', *, *, #1781, .F. ) ;
#3826 = ORIENTED_EDGE ( 'NONE', *, *, #1908, .F. ) ;
#3827 = AXIS2_PLACEMENT_3D ( 'NONE', #3035, #3419, #2243 ) ;
#3828 = DIRECTION ( 'NONE',  ( 0.0000000000000000000, 0.0000000000000000000, -1.000000000000000000 ) ) ;
#3829 =( NAMED_UNIT ( * ) SI_UNIT ( $, .STERADIAN. ) SOLID_ANGLE_UNIT ( ) );
#3830 = STYLED_ITEM ( 'NONE', ( #166 ), #5176 ) ;
#3831 = COLOUR_RGB ( '',0.5019607843137254800, 0.0000000000000000000, 0.0000000000000000000 ) ;
#3832 = EDGE_CURVE ( 'NONE', #254, #3091, #408, .T. ) ;
#3833 = CARTESIAN_POINT ( 'NONE',  ( -3.075000000000000200, 1.825000000000000000, 0.0000000000000000000 ) ) ;
#3834 = ORIENTED_EDGE ( 'NONE', *, *, #4678, .T. ) ;
#3835 = CARTESIAN_POINT ( 'NONE',  ( -1.600000000000000100, -0.9249999999999999300, 0.6500000000000000200 ) ) ;
#3836 = FACE_OUTER_BOUND ( 'NONE', #5366, .T. ) ;
#3837 =( NAMED_UNIT ( * ) PLANE_ANGLE_UNIT ( ) SI_UNIT ( $, .RADIAN. ) );
#3838 = COLOUR_RGB ( '',0.6666666666666666300, 0.6666666666666666300, 0.6666666666666666300 ) ;
#3839 = UNCERTAINTY_MEASURE_WITH_UNIT (LENGTH_MEASURE( 1.000000000000000100E-005 ), #3558, 'distance_accuracy_value', 'NONE');
#3840 = AXIS2_PLACEMENT_3D ( 'NONE', #5872, #5879, #5882 ) ;
#3841 = AXIS2_PLACEMENT_3D ( 'NONE', #5746, #2867, #3048 ) ;
#3842 = LINE ( 'NONE', #6063, #5799 ) ;
#3843 = AXIS2_PLACEMENT_3D ( 'NONE', #6057, #960, #705 ) ;
#3844 = ADVANCED_FACE ( 'NONE', ( #384 ), #3001, .T. ) ;
#3845 = EDGE_CURVE ( 'NONE', #5702, #3669, #373, .T. ) ;
#3846 = FACE_OUTER_BOUND ( 'NONE', #4631, .T. ) ;
#3847 = CARTESIAN_POINT ( 'NONE',  ( -0.1677345941291268300, 0.07630056298621640300, -1.180000000000000200 ) ) ;
#3848 =( LENGTH_UNIT ( ) NAMED_UNIT ( * ) SI_UNIT ( .MILLI., .METRE. ) );
#3849 = DIRECTION ( 'NONE',  ( 0.0000000000000000000, -1.000000000000000000, 0.0000000000000000000 ) ) ;
#3850 = SURFACE_STYLE_USAGE ( .BOTH. , #3861 ) ;
#3851 = CARTESIAN_POINT ( 'NONE',  ( -0.3233157522260817200, 0.05418166143558336700, -1.200000000000000200 ) ) ;
#3852 = ORIENTED_EDGE ( 'NONE', *, *, #5598, .T. ) ;
#3853 = CARTESIAN_POINT ( 'NONE',  ( 4.000000000000000000, 0.2999999999999999900, -0.9999999999999997800 ) ) ;
#3854 = FACE_OUTER_BOUND ( 'NONE', #308, .T. ) ;
#3855 = LINE ( 'NONE', #3853, #5976 ) ;
#3856 = EDGE_CURVE ( 'NONE', #726, #445, #3162, .T. ) ;
#3857 = DIRECTION ( 'NONE',  ( -1.000000000000000000, -0.0000000000000000000, -0.0000000000000000000 ) ) ;
#3858 = EDGE_LOOP ( 'NONE', ( #5164, #5149, #5486, #65 ) ) ;
#3859 = FILL_AREA_STYLE ('',( #2534 ) ) ;
#3860 = ORIENTED_EDGE ( 'NONE', *, *, #6108, .F. ) ;
#3861 = SURFACE_SIDE_STYLE ('',( #3006 ) ) ;
#3862 = EDGE_LOOP ( 'NONE', ( #4458, #4402, #4233, #2236 ) ) ;
#3863 = DIRECTION ( 'NONE',  ( 1.000000000000000000, 0.0000000000000000000, 0.0000000000000000000 ) ) ;
#3864 = EDGE_LOOP ( 'NONE', ( #1024, #4941, #3650, #5033, #920, #3313, #3959, #4539, #4350, #4731 ) ) ;
#3865 = VECTOR ( 'NONE', #356, 1000.000000000000000 ) ;
#3866 = CARTESIAN_POINT ( 'NONE',  ( 0.1828925440176175900, -0.1159053221889285700, -1.200000000000000000 ) ) ;
#3867 = EDGE_CURVE ( 'NONE', #2504, #578, #4229, .T. ) ;
#3868 = VERTEX_POINT ( 'NONE', #4255 ) ;
#3869 = CARTESIAN_POINT ( 'NONE',  ( -0.3284679878048779600, 0.04804163663800364900, -1.200000000000000000 ) ) ;
#3870 = FILL_AREA_STYLE ('',( #3996 ) ) ;
#3871 = VERTEX_POINT ( 'NONE', #4223 ) ;
#3872 = CARTESIAN_POINT ( 'NONE',  ( -1.617157287525381200, 0.8249999999999997300, 0.4500000000000000100 ) ) ;
#3873 = CARTESIAN_POINT ( 'NONE',  ( 0.1409324567554771100, 0.06202270054184282100, -1.200000000000000200 ) ) ;
#3874 = CARTESIAN_POINT ( 'NONE',  ( -0.3233157522260817200, 0.05418166143558336700, -1.180000000000000200 ) ) ;
#3875 = AXIS2_PLACEMENT_3D ( 'NONE', #5367, #5047, #1607 ) ;
#3876 = CARTESIAN_POINT ( 'NONE',  ( 0.08536585365853666100, -0.1135437292156548900, -1.179999999999999900 ) ) ;
#3877 = ORIENTED_EDGE ( 'NONE', *, *, #3628, .T. ) ;
#3878 = FILL_AREA_STYLE ('',( #3902 ) ) ;
#3879 = ORIENTED_EDGE ( 'NONE', *, *, #2566, .F. ) ;
#3880 = AXIS2_PLACEMENT_3D ( 'NONE', #5904, #5908, #5910 ) ;
#3881 = CARTESIAN_POINT ( 'NONE',  ( -0.1557087235299224300, 0.05716703404309954300, -1.200000000000000200 ) ) ;
#3882 = CARTESIAN_POINT ( 'NONE',  ( 0.1397863994049394800, 0.08589138645217961300, -1.200000000000000000 ) ) ;
#3883 = DIRECTION ( 'NONE',  ( 0.0000000000000000000, -0.0000000000000000000, 1.000000000000000000 ) ) ;
#3884 = SURFACE_STYLE_USAGE ( .BOTH. , #2161 ) ;
#3885 = ORIENTED_EDGE ( 'NONE', *, *, #3463, .T. ) ;
#3886 =( NAMED_UNIT ( * ) PLANE_ANGLE_UNIT ( ) SI_UNIT ( $, .RADIAN. ) );
#3887 = FILL_AREA_STYLE ('',( #4675 ) ) ;
#3888 = ORIENTED_EDGE ( 'NONE', *, *, #546, .F. ) ;
#3889 = STYLED_ITEM ( 'NONE', ( #1179 ), #3431 ) ;
#3890 = PRESENTATION_STYLE_ASSIGNMENT (( #5377 ) ) ;
#3891 = CARTESIAN_POINT ( 'NONE',  ( 0.2902439024390244800, -0.09159250970345976500, -1.179999999999999900 ) ) ;
#3892 = CARTESIAN_POINT ( 'NONE',  ( -2.774999999999999900, -1.525000000000000100, -1.200000000000000000 ) ) ;
#3893 = DIRECTION ( 'NONE',  ( -1.000000000000000000, 0.0000000000000000000, -0.0000000000000000000 ) ) ;
#3894 = CARTESIAN_POINT ( 'NONE',  ( -0.2202614917343633800, 0.01002351506956192800, -1.200000000000000400 ) ) ;
#3895 = ADVANCED_FACE ( 'NONE', ( #366 ), #898, .T. ) ;
#3896 = EDGE_CURVE ( 'NONE', #5660, #5309, #274, .T. ) ;
#3897 = LINE ( 'NONE', #5750, #3242 ) ;
#3898 = FILL_AREA_STYLE ('',( #4163 ) ) ;
#3899 = LINE ( 'NONE', #4839, #2128 ) ;
#3900 = DIRECTION ( 'NONE',  ( 0.0000000000000000000, -0.0000000000000000000, -1.000000000000000000 ) ) ;
#3901 = ORIENTED_EDGE ( 'NONE', *, *, #235, .T. ) ;
#3902 = FILL_AREA_STYLE_COLOUR ( '', #6030 ) ;
#3903 = DIRECTION ( 'NONE',  ( 0.0000000000000000000, -1.000000000000000000, 0.0000000000000000000 ) ) ;
#3904 = CARTESIAN_POINT ( 'NONE',  ( 0.2731082220089565100, -0.02094088820868451200, -1.200000000000000000 ) ) ;
#3905 = CARTESIAN_POINT ( 'NONE',  ( -2.774999999999999900, 1.825000000000000000, -1.200000000000000000 ) ) ;
#3906 = ORIENTED_EDGE ( 'NONE', *, *, #3255, .F. ) ;
#3907 = UNCERTAINTY_MEASURE_WITH_UNIT (LENGTH_MEASURE( 1.000000000000000100E-005 ), #4620, 'distance_accuracy_value', 'NONE');
#3908 = PRESENTATION_STYLE_ASSIGNMENT (( #531 ) ) ;
#3909 = VECTOR ( 'NONE', #2487, 1000.000000000000000 ) ;
#3910 = CARTESIAN_POINT ( 'NONE',  ( -0.1585601673193921300, 0.07998956789524848400, -1.199999999999999700 ) ) ;
#3911 = DIRECTION ( 'NONE',  ( -0.0000000000000000000, -0.0000000000000000000, 1.000000000000000000 ) ) ;
#3912 = ORIENTED_EDGE ( 'NONE', *, *, #5283, .F. ) ;
#3913 = CARTESIAN_POINT ( 'NONE',  ( -0.3240594498676427900, 0.05795145692702794600, -1.200000000000000000 ) ) ;
#3914 = DIRECTION ( 'NONE',  ( 0.0000000000000000000, -1.000000000000000000, 0.0000000000000000000 ) ) ;
#3915 =( LENGTH_UNIT ( ) NAMED_UNIT ( * ) SI_UNIT ( .MILLI., .METRE. ) );
#3916 = LINE ( 'NONE', #586, #5278 ) ;
#3917 = PLANE ( 'NONE',  #6075 ) ;
#3918 =( GEOMETRIC_REPRESENTATION_CONTEXT ( 3 ) GLOBAL_UNCERTAINTY_ASSIGNED_CONTEXT ( ( #2471 ) ) GLOBAL_UNIT_ASSIGNED_CONTEXT ( ( #2707, #2271, #2262 ) ) REPRESENTATION_CONTEXT ( 'NONE', 'WORKASPACE' ) );
#3919 = CARTESIAN_POINT ( 'NONE',  ( -3.075000000000000200, 0.2999999999999999900, -0.9000000000000000200 ) ) ;
#3920 =( GEOMETRIC_REPRESENTATION_CONTEXT ( 3 ) GLOBAL_UNCERTAINTY_ASSIGNED_CONTEXT ( ( #253 ) ) GLOBAL_UNIT_ASSIGNED_CONTEXT ( ( #764, #139, #3216 ) ) REPRESENTATION_CONTEXT ( 'NONE', 'WORKASPACE' ) );
#3921 = EDGE_CURVE ( 'NONE', #596, #778, #350, .T. ) ;
#3922 = SURFACE_STYLE_FILL_AREA ( #5845 ) ;
#3923 = DIRECTION ( 'NONE',  ( -0.0000000000000000000, -0.0000000000000000000, -1.000000000000000000 ) ) ;
#3924 = ORIENTED_EDGE ( 'NONE', *, *, #2377, .T. ) ;
#3925 = CARTESIAN_POINT ( 'NONE',  ( 0.08536585365853666100, 0.08645627078434514600, -1.179999999999999900 ) ) ;
#3926 = ADVANCED_FACE ( 'NONE', ( #307 ), #2950, .F. ) ;
#3927 = VERTEX_POINT ( 'NONE', #4246 ) ;
#3928 =( NAMED_UNIT ( * ) SI_UNIT ( $, .STERADIAN. ) SOLID_ANGLE_UNIT ( ) );
#3929 = MECHANICAL_DESIGN_GEOMETRIC_PRESENTATION_REPRESENTATION (  '', ( #3975 ), #3918 ) ;
#3931 = PLANE ( 'NONE',  #5943 ) ;
#3930 =( GEOMETRIC_REPRESENTATION_CONTEXT ( 3 ) GLOBAL_UNCERTAINTY_ASSIGNED_CONTEXT ( ( #3169 ) ) GLOBAL_UNIT_ASSIGNED_CONTEXT ( ( #5402, #5813, #3661 ) ) REPRESENTATION_CONTEXT ( 'NONE', 'WORKASPACE' ) );
#3932 = DIRECTION ( 'NONE',  ( 0.0000000000000000000, 0.0000000000000000000, -1.000000000000000000 ) ) ;
#3933 =( LENGTH_UNIT ( ) NAMED_UNIT ( * ) SI_UNIT ( .MILLI., .METRE. ) );
#3934 = CARTESIAN_POINT ( 'NONE',  ( -0.3878048780487804400, -0.1135437292156548900, -1.179999999999999900 ) ) ;
#3935 = EDGE_CURVE ( 'NONE', #368, #543, #199, .T. ) ;
#3936 = ORIENTED_EDGE ( 'NONE', *, *, #3075, .F. ) ;
#3937 = CARTESIAN_POINT ( 'NONE',  ( -0.1585601673193921300, 0.07998956789524848400, -1.180000000000000200 ) ) ;
#3938 =( NAMED_UNIT ( * ) PLANE_ANGLE_UNIT ( ) SI_UNIT ( $, .RADIAN. ) );
#3939 = CARTESIAN_POINT ( 'NONE',  ( -0.3240594498676427900, 0.05795145692702794600, -1.179999999999999900 ) ) ;
#3940 = PLANE ( 'NONE',  #5884 ) ;
#3941 = TOROIDAL_SURFACE ( 'NONE', #436, 0.01715728752538122100, 0.2000000000000000100 ) ;
#3942 = ORIENTED_EDGE ( 'NONE', *, *, #3896, .F. ) ;
#3943 = ORIENTED_EDGE ( 'NONE', *, *, #6083, .T. ) ;
#3944 = MECHANICAL_DESIGN_GEOMETRIC_PRESENTATION_REPRESENTATION (  '', ( #4055 ), #3930 ) ;
#3945 = EDGE_CURVE ( 'NONE', #397, #3164, #212, .T. ) ;
#3946 = CARTESIAN_POINT ( 'NONE',  ( -0.08780487804878033000, 0.06450505127215000500, -1.200000000000000000 ) ) ;
#3947 = ORIENTED_EDGE ( 'NONE', *, *, #117, .T. ) ;
#3948 = CARTESIAN_POINT ( 'NONE',  ( -1.617157287525381200, -0.8249999999999998400, 0.6500000000000000200 ) ) ;
#3949 = UNCERTAINTY_MEASURE_WITH_UNIT (LENGTH_MEASURE( 1.000000000000000100E-005 ), #2347, 'distance_accuracy_value', 'NONE');
#3950 = ORIENTED_EDGE ( 'NONE', *, *, #399, .F. ) ;
#3951 = CARTESIAN_POINT ( 'NONE',  ( -2.774999999999999900, -1.825000000000000000, 0.0000000000000000000 ) ) ;
#3952 = VECTOR ( 'NONE', #1559, 1000.000000000000000 ) ;
#3953 =( LENGTH_UNIT ( ) NAMED_UNIT ( * ) SI_UNIT ( .MILLI., .METRE. ) );
#3954 = LINE ( 'NONE', #5680, #3977 ) ;
#3955 = SURFACE_SIDE_STYLE ('',( #2028 ) ) ;
#3956 = ORIENTED_EDGE ( 'NONE', *, *, #5905, .T. ) ;
#3957 = CARTESIAN_POINT ( 'NONE',  ( -0.1489389419132966200, 0.08287726764117130100, -1.199999999999999700 ) ) ;
#3958 = SURFACE_STYLE_USAGE ( .BOTH. , #3960 ) ;
#3959 = ORIENTED_EDGE ( 'NONE', *, *, #1712, .T. ) ;
#3960 = SURFACE_SIDE_STYLE ('',( #537 ) ) ;
#3961 = ADVANCED_FACE ( 'NONE', ( #1760 ), #89, .T. ) ;
#3962 = PRESENTATION_LAYER_ASSIGNMENT (  '', '', ( #3975 ) ) ;
#3963 = MECHANICAL_DESIGN_GEOMETRIC_PRESENTATION_REPRESENTATION (  '', ( #4014 ), #3920 ) ;
#3964 = CARTESIAN_POINT ( 'NONE',  ( -3.254289321881345100, 0.2999999999999999900, -0.9499999999999999600 ) ) ;
#3965 = UNCERTAINTY_MEASURE_WITH_UNIT (LENGTH_MEASURE( 1.000000000000000100E-005 ), #5588, 'distance_accuracy_value', 'NONE');
#3966 = EDGE_CURVE ( 'NONE', #3017, #2971, #135, .T. ) ;
#3967 = LINE ( 'NONE', #1824, #5541 ) ;
#3968 = CARTESIAN_POINT ( 'NONE',  ( 0.2089838106797312100, -0.1123536829246697300, -1.200000000000000200 ) ) ;
#3969 = EDGE_LOOP ( 'NONE', ( #4062, #513, #5300, #5866, #4370, #5224 ) ) ;
#3970 = CARTESIAN_POINT ( 'NONE',  ( -0.1489389419132966200, 0.08287726764117130100, -1.180000000000000200 ) ) ;
#3971 = CARTESIAN_POINT ( 'NONE',  ( 1.300000000000000300, -0.4250000000000001600, 1.300000000000000300 ) ) ;
#3972 = LINE ( 'NONE', #4325, #4768 ) ;
#3973 = SURFACE_STYLE_USAGE ( .BOTH. , #1260 ) ;
#3974 = ADVANCED_FACE ( 'NONE', ( #122 ), #5115, .T. ) ;
#3975 = STYLED_ITEM ( 'NONE', ( #1452 ), #910 ) ;
#3976 =( NAMED_UNIT ( * ) SI_UNIT ( $, .STERADIAN. ) SOLID_ANGLE_UNIT ( ) );
#3977 = VECTOR ( 'NONE', #5668, 1000.000000000000000 ) ;
#3978 = PRESENTATION_LAYER_ASSIGNMENT (  '', '', ( #4014 ) ) ;
#3979 = EDGE_CURVE ( 'NONE', #1171, #5445, #84, .T. ) ;
#3980 = DIRECTION ( 'NONE',  ( 0.0000000000000000000, -1.000000000000000000, 0.0000000000000000000 ) ) ;
#3981 = CARTESIAN_POINT ( 'NONE',  ( 3.254289321881345100, 0.2999999999999999900, -0.7000000000000000700 ) ) ;
#3982 = CARTESIAN_POINT ( 'NONE',  ( 0.2292241043512730800, 0.07260495528754064300, -1.179999999999999900 ) ) ;
#3983 = CARTESIAN_POINT ( 'NONE',  ( 0.1587407471333427400, 0.06620085613459153500, -1.200000000000000000 ) ) ;
#3984 = ORIENTED_EDGE ( 'NONE', *, *, #6050, .F. ) ;
#3985 = CARTESIAN_POINT ( 'NONE',  ( 1.300000000000000300, 0.4249999999999999300, 1.100000000000000100 ) ) ;
#3986 = UNCERTAINTY_MEASURE_WITH_UNIT (LENGTH_MEASURE( 1.000000000000000100E-005 ), #3848, 'distance_accuracy_value', 'NONE');
#3987 =( LENGTH_UNIT ( ) NAMED_UNIT ( * ) SI_UNIT ( .MILLI., .METRE. ) );
#3988 = ORIENTED_EDGE ( 'NONE', *, *, #5493, .F. ) ;
#3989 = CARTESIAN_POINT ( 'NONE',  ( -0.1388597733113296500, 0.08499400160293355000, -1.199999999999999700 ) ) ;
#3990 = DIRECTION ( 'NONE',  ( 0.0000000000000000000, 1.000000000000000000, 0.0000000000000000000 ) ) ;
#3991 = FILL_AREA_STYLE_COLOUR ( '', #1311 ) ;
#3992 = PLANE ( 'NONE',  #782 ) ;
#3993 = VERTEX_POINT ( 'NONE', #1796 ) ;
#3994 = EDGE_LOOP ( 'NONE', ( #5480, #3950, #6079, #4979, #3246, #4837, #4627, #4841 ) ) ;
#3995 = EDGE_CURVE ( 'NONE', #4271, #2335, #116, .T. ) ;
#3996 = FILL_AREA_STYLE_COLOUR ( '', #5859 ) ;
#3997 = DIRECTION ( 'NONE',  ( -0.0000000000000000000, -0.0000000000000000000, -1.000000000000000000 ) ) ;
#3998 = ORIENTED_EDGE ( 'NONE', *, *, #923, .F. ) ;
#3999 = DIRECTION ( 'NONE',  ( 0.0000000000000000000, 0.0000000000000000000, 1.000000000000000000 ) ) ;
#4000 = LINE ( 'NONE', #796, #5903 ) ;
#4001 = CARTESIAN_POINT ( 'NONE',  ( -0.1388597733113296500, 0.08499400160293355000, -1.180000000000000200 ) ) ;
#4002 = DIRECTION ( 'NONE',  ( -0.0000000000000000000, -1.000000000000000000, -0.0000000000000000000 ) ) ;
#4003 = B_SPLINE_CURVE_WITH_KNOTS ( 'NONE', 3,
 ( #3370, #2773, #5197, #2871, #3466, #3640, #4666, #1135, #1041, #837, #1778, #1026, #1050, #1058, #1745, #1959, #1961, #1965, #1136 ),
 .UNSPECIFIED., .F., .F.,
 ( 4, 1, 1, 1, 1, 1, 1, 1, 1, 1, 1, 1, 1, 1, 1, 1, 4 ),
 ( 0.0000000000000000000, 0.06783324845577359800, 0.1326555365079041500, 0.1950508840508278800, 0.2555829330687772200, 0.3147998341472900100, 0.3736004728263746000, 0.4325455953267435800, 0.4924306292835655100, 0.5526712559629695100, 0.6125130441881163600, 0.6726102503570063900, 0.7338383693139459700, 0.7965942385677737800, 0.8614497992905731900, 0.9291989423509053900, 1.000000000000000000 ),
 .UNSPECIFIED. ) ;
#4004 = FILL_AREA_STYLE ('',( #3991 ) ) ;
#4005 = PLANE ( 'NONE',  #5986 ) ;
#4006 = FACE_OUTER_BOUND ( 'NONE', #2801, .T. ) ;
#4007 = CARTESIAN_POINT ( 'NONE',  ( 1.600000000000000500, 0.9249999999999997100, 0.6500000000000000200 ) ) ;
#4008 = FACE_BOUND ( 'NONE', #5287, .T. ) ;
#4009 = AXIS2_PLACEMENT_3D ( 'NONE', #1602, #1689, #2876 ) ;
#4010 = ADVANCED_FACE ( 'NONE', ( #123 ), #5675, .T. ) ;
#4011 = DIRECTION ( 'NONE',  ( -0.0000000000000000000, -0.0000000000000000000, -1.000000000000000000 ) ) ;
#4012 = PLANE ( 'NONE',  #5806 ) ;
#4013 = ORIENTED_EDGE ( 'NONE', *, *, #1364, .T. ) ;
#4014 = STYLED_ITEM ( 'NONE', ( #216 ), #5150 ) ;
#4015 = CARTESIAN_POINT ( 'NONE',  ( 0.1907018167497783200, -0.09282580350368549400, -1.200000000000000400 ) ) ;
#4016 = FACE_OUTER_BOUND ( 'NONE', #2579, .T. ) ;
#4017 = DIRECTION ( 'NONE',  ( 0.0000000000000000000, 0.7071067811865489100, 0.7071067811865462400 ) ) ;
#4018 = LINE ( 'NONE', #1769, #4297 ) ;
#4019 = CARTESIAN_POINT ( 'NONE',  ( -0.01219512195121944100, -0.02329982677663049900, -1.179999999999999900 ) ) ;
#4020 = ORIENTED_EDGE ( 'NONE', *, *, #2303, .T. ) ;
#4021 = PRESENTATION_LAYER_ASSIGNMENT (  '', '', ( #4055 ) ) ;
#4022 = CARTESIAN_POINT ( 'NONE',  ( -0.1338389877774934000, 0.06344125015096573100, -1.200000000000000000 ) ) ;
#4023 = CARTESIAN_POINT ( 'NONE',  ( 0.2014383951116592600, 0.06151423654070325300, -1.180000000000000400 ) ) ;
#4024 = ORIENTED_EDGE ( 'NONE', *, *, #4517, .T. ) ;
#4025 = ORIENTED_EDGE ( 'NONE', *, *, #117, .F. ) ;
#4026 = PLANE ( 'NONE',  #2326 ) ;
#4027 = ORIENTED_EDGE ( 'NONE', *, *, #2277, .T. ) ;
#4028 = CARTESIAN_POINT ( 'NONE',  ( -0.02195121951219496800, -0.09159250970345971000, -1.200000000000000000 ) ) ;
#4029 = CARTESIAN_POINT ( 'NONE',  ( -3.289644660940672400, 0.2999999999999999900, -0.9146446609406726500 ) ) ;
#4030 = CARTESIAN_POINT ( 'NONE',  ( 0.0000000000000000000, 0.0000000000000000000, 1.300000000000000300 ) ) ;
#4031 = VERTEX_POINT ( 'NONE', #4696 ) ;
#4032 = VERTEX_POINT ( 'NONE', #5005 ) ;
#4033 = DIRECTION ( 'NONE',  ( -1.000000000000000000, 0.0000000000000000000, 0.0000000000000000000 ) ) ;
#4034 = VECTOR ( 'NONE', #2719, 1000.000000000000000 ) ;
#4035 = CARTESIAN_POINT ( 'NONE',  ( 3.254289321881345100, 0.2999999999999999900, -0.9499999999999999600 ) ) ;
#4036 = LINE ( 'NONE', #1787, #4635 ) ;
#4037 = ORIENTED_EDGE ( 'NONE', *, *, #1160, .T. ) ;
#4038 = PLANE ( 'NONE',  #3282 ) ;
#4039 = CARTESIAN_POINT ( 'NONE',  ( 0.1714557926829270400, 0.08889529517458903700, -1.200000000000000000 ) ) ;
#4040 = CARTESIAN_POINT ( 'NONE',  ( -0.1951219512195120400, -0.01160013165467927600, -1.179999999999999900 ) ) ;
#4041 = CARTESIAN_POINT ( 'NONE',  ( -0.1585601673193921300, 0.07998956789524848400, -1.200000000000000200 ) ) ;
#4042 = EDGE_LOOP ( 'NONE', ( #5991, #1333, #4887, #1282 ) ) ;
#4043 = CARTESIAN_POINT ( 'NONE',  ( 0.1870159502115801600, 0.06564956784293617100, -1.179999999999999900 ) ) ;
#4044 = SURFACE_STYLE_USAGE ( .BOTH. , #4115 ) ;
#4045 = ORIENTED_EDGE ( 'NONE', *, *, #1860, .F. ) ;
#4046 = CARTESIAN_POINT ( 'NONE',  ( -3.254289321881345100, 0.2999999999999999900, -0.7000000000000000700 ) ) ;
#4047 = FILL_AREA_STYLE ('',( #4112 ) ) ;
#4048 = ORIENTED_EDGE ( 'NONE', *, *, #2934, .F. ) ;
#4049 = CARTESIAN_POINT ( 'NONE',  ( 0.1821543305018489800, 0.08864637489622481700, -1.200000000000000400 ) ) ;
#4050 = AXIS2_PLACEMENT_3D ( 'NONE', #4152, #3783, #5233 ) ;
#4051 = CARTESIAN_POINT ( 'NONE',  ( -0.01219512195121944100, -0.001348607264435366800, -1.179999999999999900 ) ) ;
#4052 = FACE_OUTER_BOUND ( 'NONE', #309, .T. ) ;
#4053 = ORIENTED_EDGE ( 'NONE', *, *, #4471, .F. ) ;
#4054 = CARTESIAN_POINT ( 'NONE',  ( -0.1173018292682925200, 0.06450505127215000500, -1.200000000000000000 ) ) ;
#4055 = STYLED_ITEM ( 'NONE', ( #2518 ), #3387 ) ;
#4056 = LINE ( 'NONE', #4611, #4459 ) ;
#4057 = ADVANCED_FACE ( 'NONE', ( #2818 ), #461, .T. ) ;
#4058 = AXIS2_PLACEMENT_3D ( 'NONE', #4228, #6042, #4324 ) ;
#4059 = SURFACE_STYLE_FILL_AREA ( #707 ) ;
#4060 = EDGE_CURVE ( 'NONE', #5120, #3720, #872, .T. ) ;
#4061 = DIRECTION ( 'NONE',  ( 0.7071067811865489100, 0.0000000000000000000, 0.7071067811865462400 ) ) ;
#4062 = ORIENTED_EDGE ( 'NONE', *, *, #2118, .F. ) ;
#4063 = CARTESIAN_POINT ( 'NONE',  ( 0.1343627100127046900, 0.08449587074710011900, -1.200000000000000200 ) ) ;
#4064 = CARTESIAN_POINT ( 'NONE',  ( -0.1282949444741032800, 0.08621379265152251400, -1.199999999999999700 ) ) ;
#4065 = SURFACE_STYLE_USAGE ( .BOTH. , #4431 ) ;
#4066 = LINE ( 'NONE', #1591, #3952 ) ;
#4067 = DIRECTION ( 'NONE',  ( 1.000000000000000000, 0.0000000000000000000, 0.0000000000000000000 ) ) ;
#4068 = PLANE ( 'NONE',  #3060 ) ;
#4069 = ADVANCED_FACE ( 'NONE', ( #5995 ), #3068, .T. ) ;
#4070 = CARTESIAN_POINT ( 'NONE',  ( -0.1950529280154327000, -0.01467663995547786000, -1.180000000000000200 ) ) ;
#4071 = ORIENTED_EDGE ( 'NONE', *, *, #4279, .T. ) ;
#4072 = ORIENTED_EDGE ( 'NONE', *, *, #1350, .T. ) ;
#4073 = AXIS2_PLACEMENT_3D ( 'NONE', #619, #219, #4878 ) ;
#4074 = DIRECTION ( 'NONE',  ( 1.000000000000000000, 0.0000000000000000000, -0.0000000000000000000 ) ) ;
#4075 = EDGE_CURVE ( 'NONE', #2986, #2263, #5880, .T. ) ;
#4076 = FACE_OUTER_BOUND ( 'NONE', #453, .T. ) ;
#4077 =( NAMED_UNIT ( * ) SI_UNIT ( $, .STERADIAN. ) SOLID_ANGLE_UNIT ( ) );
#4078 = FACE_OUTER_BOUND ( 'NONE', #194, .T. ) ;
#4079 = DIRECTION ( 'NONE',  ( 0.0000000000000000000, 1.000000000000000000, 0.0000000000000000000 ) ) ;
#4080 = CARTESIAN_POINT ( 'NONE',  ( -0.1282949444741032800, 0.08621379265152251400, -1.199999999999999300 ) ) ;
#4081 = ORIENTED_EDGE ( 'NONE', *, *, #3832, .F. ) ;
#4082 =( NAMED_UNIT ( * ) SI_UNIT ( $, .STERADIAN. ) SOLID_ANGLE_UNIT ( ) );
#4083 = CARTESIAN_POINT ( 'NONE',  ( 0.2902439024390244800, -0.09159250970345976500, -1.179999999999999900 ) ) ;
#4084 = LINE ( 'NONE', #1625, #4638 ) ;
#4085 = DIRECTION ( 'NONE',  ( 0.0000000000000000000, -1.000000000000000000, 0.0000000000000000000 ) ) ;
#4086 = EDGE_CURVE ( 'NONE', #258, #1696, #4365, .T. ) ;
#4087 = CARTESIAN_POINT ( 'NONE',  ( 0.1925421901267217700, 0.08723678921796392000, -1.199999999999999500 ) ) ;
#4088 = DIRECTION ( 'NONE',  ( -0.0000000000000000000, -1.000000000000000000, -0.0000000000000000000 ) ) ;
#4089 = SHAPE_DEFINITION_REPRESENTATION ( #2096, #2401 ) ;
#4090 = CARTESIAN_POINT ( 'NONE',  ( 0.1467479510664610500, 0.06380130070777954900, -1.199999999999999700 ) ) ;
#4091 =( NAMED_UNIT ( * ) PLANE_ANGLE_UNIT ( ) SI_UNIT ( $, .RADIAN. ) );
#4092 = AXIS2_PLACEMENT_3D ( 'NONE', #2910, #3346, #2837 ) ;
#4093 = ORIENTED_EDGE ( 'NONE', *, *, #988, .T. ) ;
#4094 = CARTESIAN_POINT ( 'NONE',  ( -1.700000000000000200, 0.8249999999999997300, 0.6500000000000000200 ) ) ;
#4095 = CARTESIAN_POINT ( 'NONE',  ( -3.643198051533945500, 0.2999999999999999900, -0.9853553390593271500 ) ) ;
#4096 = EDGE_CURVE ( 'NONE', #4219, #4106, #3366, .T. ) ;
#4097 =( NAMED_UNIT ( * ) PLANE_ANGLE_UNIT ( ) SI_UNIT ( $, .RADIAN. ) );
#4098 = PLANE ( 'NONE',  #1603 ) ;
#4099 = CARTESIAN_POINT ( 'NONE',  ( -0.1282949444741032800, 0.08621379265152251400, -1.179999999999999700 ) ) ;
#4100 = AXIS2_PLACEMENT_3D ( 'NONE', #3148, #3144, #3157 ) ;
#4101 = VECTOR ( 'NONE', #1716, 1000.000000000000000 ) ;
#4102 =( LENGTH_UNIT ( ) NAMED_UNIT ( * ) SI_UNIT ( .MILLI., .METRE. ) );
#4103 = DIRECTION ( 'NONE',  ( 1.000000000000000000, 0.0000000000000000000, 0.0000000000000000000 ) ) ;
#4104 =( GEOMETRIC_REPRESENTATION_CONTEXT ( 3 ) GLOBAL_UNCERTAINTY_ASSIGNED_CONTEXT ( ( #1154 ) ) GLOBAL_UNIT_ASSIGNED_CONTEXT ( ( #2533, #4506, #73 ) ) REPRESENTATION_CONTEXT ( 'NONE', 'WORKASPACE' ) );
#4105 = CARTESIAN_POINT ( 'NONE',  ( -0.3245000152128256800, 0.06064184842426192200, -1.199999999999999700 ) ) ;
#4106 = VERTEX_POINT ( 'NONE', #4054 ) ;
#4107 = EDGE_CURVE ( 'NONE', #1305, #5656, #3730, .T. ) ;
#4108 = ORIENTED_EDGE ( 'NONE', *, *, #3110, .F. ) ;
#4109 = LINE ( 'NONE', #1784, #4101 ) ;
#4110 = SURFACE_STYLE_USAGE ( .BOTH. , #4124 ) ;
#4111 = ORIENTED_EDGE ( 'NONE', *, *, #1908, .T. ) ;
#4112 = FILL_AREA_STYLE_COLOUR ( '', #4530 ) ;
#4113 = AXIS2_PLACEMENT_3D ( 'NONE', #3723, #3699, #3679 ) ;
#4114 = ORIENTED_EDGE ( 'NONE', *, *, #4934, .T. ) ;
#4115 = SURFACE_SIDE_STYLE ('',( #5076 ) ) ;
#4116 = CARTESIAN_POINT ( 'NONE',  ( -0.1173018292682925200, 0.06450505127215000500, -1.179999999999999900 ) ) ;
#4117 = CARTESIAN_POINT ( 'NONE',  ( 3.678553390593272800, 0.2999999999999999900, -0.9499999999999998400 ) ) ;
#4118 = CARTESIAN_POINT ( 'NONE',  ( -0.1210905313498551300, 0.08637437239382866900, -1.199999999999999500 ) ) ;
#4119 = CARTESIAN_POINT ( 'NONE',  ( -0.01707317073170725900, 0.08645627078434514600, -1.179999999999999900 ) ) ;
#4120 = ORIENTED_EDGE ( 'NONE', *, *, #3206, .F. ) ;
#4121 = DIRECTION ( 'NONE',  ( 0.0000000000000000000, -1.000000000000000000, 0.0000000000000000000 ) ) ;
#4122 = DIRECTION ( 'NONE',  ( 0.0000000000000000000, 0.0000000000000000000, 1.000000000000000000 ) ) ;
#4123 = CARTESIAN_POINT ( 'NONE',  ( -0.1489389419132966200, 0.08287726764117130100, -1.200000000000000200 ) ) ;
#4124 = SURFACE_SIDE_STYLE ('',( #5407 ) ) ;
#4125 = VECTOR ( 'NONE', #1638, 1000.000000000000000 ) ;
#4126 = CARTESIAN_POINT ( 'NONE',  ( 0.1739370065192437400, 0.06688580844519838300, -1.179999999999999900 ) ) ;
#4127 = ORIENTED_EDGE ( 'NONE', *, *, #2785, .T. ) ;
#4128 = AXIS2_PLACEMENT_3D ( 'NONE', #1747, #1021, #1286 ) ;
#4129 = CARTESIAN_POINT ( 'NONE',  ( 0.2024326128829184400, 0.08496200892043075100, -1.200000000000000400 ) ) ;
#4130 = FILL_AREA_STYLE_COLOUR ( '', #3086 ) ;
#4131 = CARTESIAN_POINT ( 'NONE',  ( -0.3245000152128256800, 0.06064184842426192200, -1.179999999999999700 ) ) ;
#4132 = DIRECTION ( 'NONE',  ( 0.0000000000000000000, 0.0000000000000000000, 1.000000000000000000 ) ) ;
#4133 = VECTOR ( 'NONE', #4536, 1000.000000000000000 ) ;
#4134 = CARTESIAN_POINT ( 'NONE',  ( -1.600000000000000100, 1.375000000000001300, 0.2000000000000000400 ) ) ;
#4135 = FILL_AREA_STYLE ('',( #4221 ) ) ;
#4136 = ORIENTED_EDGE ( 'NONE', *, *, #5283, .T. ) ;
#4137 = ADVANCED_FACE ( 'NONE', ( #4268, #2083 ), #5484, .F. ) ;
#4138 = CARTESIAN_POINT ( 'NONE',  ( -0.1210905313498551300, 0.08637437239382866900, -1.179999999999999900 ) ) ;
#4139 = FILL_AREA_STYLE ('',( #4261 ) ) ;
#4140 = DIRECTION ( 'NONE',  ( -0.0000000000000000000, -0.0000000000000000000, 1.000000000000000000 ) ) ;
#4141 = CARTESIAN_POINT ( 'NONE',  ( 0.08536585365853666100, -0.1135437292156548900, -1.179999999999999900 ) ) ;
#4142 = LINE ( 'NONE', #1828, #2668 ) ;
#4143 = LINE ( 'NONE', #362, #5256 ) ;
#4144 = ORIENTED_EDGE ( 'NONE', *, *, #3945, .T. ) ;
#4145 = CARTESIAN_POINT ( 'NONE',  ( -0.1174161585365852000, 0.08645627078434514600, -1.199999999999999500 ) ) ;
#4146 = ADVANCED_FACE ( 'NONE', ( #4556 ), #2722, .T. ) ;
#4147 = CARTESIAN_POINT ( 'NONE',  ( 3.075000000000000200, -1.525000000000000100, -1.200000000000000000 ) ) ;
#4148 =( GEOMETRIC_REPRESENTATION_CONTEXT ( 3 ) GLOBAL_UNCERTAINTY_ASSIGNED_CONTEXT ( ( #2170 ) ) GLOBAL_UNIT_ASSIGNED_CONTEXT ( ( #2882, #2879, #3340 ) ) REPRESENTATION_CONTEXT ( 'NONE', 'WORKASPACE' ) );
#4149 = CARTESIAN_POINT ( 'NONE',  ( 0.1243902439024392600, 0.08096846590629636100, -1.200000000000000200 ) ) ;
#4150 = CIRCLE ( 'NONE', #2958, 0.04999999999999969700 ) ;
#4151 = MECHANICAL_DESIGN_GEOMETRIC_PRESENTATION_REPRESENTATION (  '', ( #4196 ), #4104 ) ;
#4152 = CARTESIAN_POINT ( 'NONE',  ( -3.678553390593272800, 0.2999999999999999900, -0.9499999999999998400 ) ) ;
#4153 = DIRECTION ( 'NONE',  ( 1.000000000000000000, 0.0000000000000000000, 0.0000000000000000000 ) ) ;
#4154 = EDGE_CURVE ( 'NONE', #5979, #2639, #6018, .T. ) ;
#4155 = FACE_OUTER_BOUND ( 'NONE', #2163, .T. ) ;
#4156 = ORIENTED_EDGE ( 'NONE', *, *, #66, .F. ) ;
#4157 = CARTESIAN_POINT ( 'NONE',  ( 0.2304539914712645800, 0.03887667032820230100, -1.200000000000000000 ) ) ;
#4158 = TOROIDAL_SURFACE ( 'NONE', #1718, 0.01715728752538110700, 0.2000000000000000100 ) ;
#4159 = CARTESIAN_POINT ( 'NONE',  ( -0.3247332317073169900, 0.06206602688190609300, -1.179999999999999900 ) ) ;
#4160 = CARTESIAN_POINT ( 'NONE',  ( -2.774999999999999900, 1.525000000000000100, 0.0000000000000000000 ) ) ;
#4161 =( GEOMETRIC_REPRESENTATION_CONTEXT ( 3 ) GLOBAL_UNCERTAINTY_ASSIGNED_CONTEXT ( ( #178 ) ) GLOBAL_UNIT_ASSIGNED_CONTEXT ( ( #3933, #3886, #4955 ) ) REPRESENTATION_CONTEXT ( 'NONE', 'WORKASPACE' ) );
#4162 = EDGE_LOOP ( 'NONE', ( #3197, #2552, #4481, #1411 ) ) ;
#4163 = FILL_AREA_STYLE_COLOUR ( '', #4622 ) ;
#4164 = ADVANCED_FACE ( 'NONE', ( #1536 ), #3992, .T. ) ;
#4165 = DIRECTION ( 'NONE',  ( -0.3222024856061125900, 0.9466707760722534700, 0.0000000000000000000 ) ) ;
#4166 = DIRECTION ( 'NONE',  ( -0.0000000000000000000, -0.0000000000000000000, -1.000000000000000000 ) ) ;
#4167 = CARTESIAN_POINT ( 'NONE',  ( 0.3658536585365854100, -0.09159250970345976500, -1.179999999999999900 ) ) ;
#4168 = ORIENTED_EDGE ( 'NONE', *, *, #2270, .F. ) ;
#4169 = LINE ( 'NONE', #975, #6065 ) ;
#4170 = CARTESIAN_POINT ( 'NONE',  ( -0.1174161585365852000, 0.08645627078434514600, -1.179999999999999900 ) ) ;
#4171 = CARTESIAN_POINT ( 'NONE',  ( 0.3658536585365854100, -0.09159250970345976500, -1.179999999999999900 ) ) ;
#4172 = MECHANICAL_DESIGN_GEOMETRIC_PRESENTATION_REPRESENTATION (  '', ( #4237 ), #4161 ) ;
#4173 = EDGE_CURVE ( 'NONE', #3342, #4421, #1381, .T. ) ;
#4174 = EDGE_LOOP ( 'NONE', ( #2731, #5425, #5677, #4398, #4479, #5037 ) ) ;
#4175 = SURFACE_STYLE_USAGE ( .BOTH. , #4317 ) ;
#4176 = EDGE_LOOP ( 'NONE', ( #4259, #1378, #5835, #1516, #1601, #4045, #4343, #2782 ) ) ;
#4177 = DIRECTION ( 'NONE',  ( -1.000000000000000000, 0.0000000000000000000, 0.0000000000000000000 ) ) ;
#4178 = CARTESIAN_POINT ( 'NONE',  ( -4.000000000000000000, 0.2999999999999999900, -0.9999999999999997800 ) ) ;
#4179 = DIRECTION ( 'NONE',  ( 0.0000000000000000000, 0.0000000000000000000, -1.000000000000000000 ) ) ;
#4180 = DIRECTION ( 'NONE',  ( -1.000000000000000000, 0.0000000000000000000, 0.0000000000000000000 ) ) ;
#4181 = ORIENTED_EDGE ( 'NONE', *, *, #1641, .T. ) ;
#4182 = CARTESIAN_POINT ( 'NONE',  ( 0.05853658536585373100, -0.02329982677663049900, -1.200000000000000000 ) ) ;
#4183 = DIRECTION ( 'NONE',  ( -1.000000000000000000, 0.0000000000000000000, 0.0000000000000000000 ) ) ;
#4184 = MECHANICAL_DESIGN_GEOMETRIC_PRESENTATION_REPRESENTATION (  '', ( #4267 ), #4148 ) ;
#4185 = FACE_OUTER_BOUND ( 'NONE', #977, .T. ) ;
#4186 = SURFACE_SIDE_STYLE ('',( #5344 ) ) ;
#4187 = CARTESIAN_POINT ( 'NONE',  ( 0.3926829268292683600, -0.1135437292156548900, -1.179999999999999900 ) ) ;
#4188 = ORIENTED_EDGE ( 'NONE', *, *, #2717, .F. ) ;
#4189 = AXIS2_PLACEMENT_3D ( 'NONE', #5297, #5015, #477 ) ;
#4190 = CARTESIAN_POINT ( 'NONE',  ( -0.3675685975609755400, -0.05744616824004512800, -1.200000000000000000 ) ) ;
#4191 = PRESENTATION_STYLE_ASSIGNMENT (( #1755 ) ) ;
#4192 = ORIENTED_EDGE ( 'NONE', *, *, #1435, .F. ) ;
#4193 = ADVANCED_FACE ( 'NONE', ( #5914 ), #263, .T. ) ;
#4194 = PRESENTATION_LAYER_ASSIGNMENT (  '', '', ( #4267 ) ) ;
#4195 = PRESENTATION_LAYER_ASSIGNMENT (  '', '', ( #4237 ) ) ;
#4196 = STYLED_ITEM ( 'NONE', ( #3425 ), #5092 ) ;
#4197 = CARTESIAN_POINT ( 'NONE',  ( 2.774999999999999900, 1.525000000000000100, -1.200000000000000000 ) ) ;
#4198 = EDGE_CURVE ( 'NONE', #1072, #1074, #3010, .T. ) ;
#4199 = ORIENTED_EDGE ( 'NONE', *, *, #5218, .T. ) ;
#4200 = ORIENTED_EDGE ( 'NONE', *, *, #624, .F. ) ;
#4201 = LINE ( 'NONE', #5111, #5506 ) ;
#4202 = CARTESIAN_POINT ( 'NONE',  ( 0.2118596611498688200, 0.08179455634748651600, -1.199999999999999500 ) ) ;
#4203 = SURFACE_STYLE_FILL_AREA ( #1741 ) ;
#4204 = VERTEX_POINT ( 'NONE', #203 ) ;
#4205 = CARTESIAN_POINT ( 'NONE',  ( -0.06097560975609740000, -0.1135437292156548900, -1.179999999999999900 ) ) ;
#4206 = CARTESIAN_POINT ( 'NONE',  ( 0.1481705132585949500, -0.09090872406880465300, -1.199999999999999700 ) ) ;
#4207 =( NAMED_UNIT ( * ) SI_UNIT ( $, .STERADIAN. ) SOLID_ANGLE_UNIT ( ) );
#4208 = PLANE ( 'NONE',  #4600 ) ;
#4209 = VERTEX_POINT ( 'NONE', #294 ) ;
#4210 =( LENGTH_UNIT ( ) NAMED_UNIT ( * ) SI_UNIT ( .MILLI., .METRE. ) );
#4211 = ORIENTED_EDGE ( 'NONE', *, *, #5699, .T. ) ;
#4212 = EDGE_CURVE ( 'NONE', #1989, #5921, #5332, .T. ) ;
#4213 = CARTESIAN_POINT ( 'NONE',  ( 0.1977051108120037900, -0.09119592147432327400, -1.200000000000000000 ) ) ;
#4214 = CARTESIAN_POINT ( 'NONE',  ( 0.05853658536585373100, -0.001348607264435366800, -1.200000000000000000 ) ) ;
#4215 = CARTESIAN_POINT ( 'NONE',  ( -0.1174161585365852000, 0.08645627078434514600, -1.179999999999999900 ) ) ;
#4216 = CARTESIAN_POINT ( 'NONE',  ( 0.2207792283696413700, 0.07764510506547064900, -1.200000000000000200 ) ) ;
#4217 = ADVANCED_FACE ( 'NONE', ( #339 ), #1225, .T. ) ;
#4218 = CARTESIAN_POINT ( 'NONE',  ( -1.299999999999999800, 0.4250000000000000400, 1.100000000000000100 ) ) ;
#4219 = VERTEX_POINT ( 'NONE', #4116 ) ;
#4220 = PRESENTATION_LAYER_ASSIGNMENT (  '', '', ( #4196 ) ) ;
#4221 = FILL_AREA_STYLE_COLOUR ( '', #5194 ) ;
#4222 = DIRECTION ( 'NONE',  ( -1.000000000000000000, 0.0000000000000000000, 0.0000000000000000000 ) ) ;
#4223 = CARTESIAN_POINT ( 'NONE',  ( 3.431066017177982100, -0.2999999999999999900, -0.7732233047033633100 ) ) ;
#4224 = CARTESIAN_POINT ( 'NONE',  ( -0.1153582317073169100, -0.1135437292156548900, -1.200000000000000000 ) ) ;
#4225 = CIRCLE ( 'NONE', #3880, 0.1999999999999999800 ) ;
#4226 = AXIS2_PLACEMENT_3D ( 'NONE', #5426, #5809, #5829 ) ;
#4227 =( GEOMETRIC_REPRESENTATION_CONTEXT ( 3 ) GLOBAL_UNCERTAINTY_ASSIGNED_CONTEXT ( ( #1521 ) ) GLOBAL_UNIT_ASSIGNED_CONTEXT ( ( #1201, #4927, #655 ) ) REPRESENTATION_CONTEXT ( 'NONE', 'WORKASPACE' ) );
#4228 = CARTESIAN_POINT ( 'NONE',  ( 2.774999999999999900, -1.525000000000000100, -0.0000000000000000000 ) ) ;
#4229 = LINE ( 'NONE', #4352, #352 ) ;
#4230 =( NAMED_UNIT ( * ) SI_UNIT ( $, .STERADIAN. ) SOLID_ANGLE_UNIT ( ) );
#4231 = EDGE_CURVE ( 'NONE', #226, #1548, #5920, .T. ) ;
#4232 = CARTESIAN_POINT ( 'NONE',  ( 0.08536585365853666100, 0.08645627078434514600, -1.179999999999999900 ) ) ;
#4233 = ORIENTED_EDGE ( 'NONE', *, *, #4239, .T. ) ;
#4234 = LINE ( 'NONE', #5988, #4648 ) ;
#4235 = DIRECTION ( 'NONE',  ( -1.000000000000000000, 0.0000000000000000000, 0.0000000000000000000 ) ) ;
#4236 = DIRECTION ( 'NONE',  ( -1.000000000000000000, 0.0000000000000000000, 0.0000000000000000000 ) ) ;
#4237 = STYLED_ITEM ( 'NONE', ( #5603 ), #3213 ) ;
#4238 = ORIENTED_EDGE ( 'NONE', *, *, #1512, .F. ) ;
#4239 = EDGE_CURVE ( 'NONE', #3420, #3352, #5577, .T. ) ;
#4240 = DIRECTION ( 'NONE',  ( 0.0000000000000000000, 0.0000000000000000000, -1.000000000000000000 ) ) ;
#4241 = PLANE ( 'NONE',  #2266 ) ;
#4242 = CARTESIAN_POINT ( 'NONE',  ( 4.000000000000000000, -0.2999999999999999900, -1.200000000000000000 ) ) ;
#4243 = CARTESIAN_POINT ( 'NONE',  ( -0.08780487804878033000, -0.09159250970345976500, -1.200000000000000000 ) ) ;
#4244 = VERTEX_POINT ( 'NONE', #2522 ) ;
#4245 = CARTESIAN_POINT ( 'NONE',  ( -0.3585746951219511700, -0.03549494872785000800, -1.179999999999999900 ) ) ;
#4246 = CARTESIAN_POINT ( 'NONE',  ( -3.501776695296635800, -0.2999999999999999900, -1.126776695296636300 ) ) ;
#4247 = CARTESIAN_POINT ( 'NONE',  ( 3.431066017177982100, 0.2999999999999999900, -0.7732233047033633100 ) ) ;
#4248 = DIRECTION ( 'NONE',  ( 0.0000000000000000000, 0.0000000000000000000, -1.000000000000000000 ) ) ;
#4249 = CIRCLE ( 'NONE', #361, 0.2999999999999999300 ) ;
#4250 = AXIS2_PLACEMENT_3D ( 'NONE', #2595, #1627, #1604 ) ;
#4251 = ORIENTED_EDGE ( 'NONE', *, *, #4716, .F. ) ;
#4252 = CARTESIAN_POINT ( 'NONE',  ( -3.075000000000000200, -0.2999999999999999300, -0.9000000000000000200 ) ) ;
#4253 = ADVANCED_FACE ( 'NONE', ( #3683 ), #952, .T. ) ;
#4254 = CARTESIAN_POINT ( 'NONE',  ( -1.099999999999999600, 0.6249999999999998900, 1.300000000000000300 ) ) ;
#4255 = CARTESIAN_POINT ( 'NONE',  ( 0.3926829268292683600, 0.08645627078434514600, -1.200000000000000000 ) ) ;
#4256 = CARTESIAN_POINT ( 'NONE',  ( 2.774999999999999900, 1.525000000000000100, 0.0000000000000000000 ) ) ;
#4257 = CARTESIAN_POINT ( 'NONE',  ( -0.2053082384823554700, -0.07048349811935096500, -1.179999999999999700 ) ) ;
#4258 = CARTESIAN_POINT ( 'NONE',  ( 0.05853658536585373100, -0.09159250970345976500, -1.200000000000000000 ) ) ;
#4259 = ORIENTED_EDGE ( 'NONE', *, *, #2008, .F. ) ;
#4260 = DIRECTION ( 'NONE',  ( 0.3393303772748777500, 0.9406672605435404400, 0.0000000000000000000 ) ) ;
#4261 = FILL_AREA_STYLE_COLOUR ( '', #5284 ) ;
#4262 = ORIENTED_EDGE ( 'NONE', *, *, #3149, .T. ) ;
#4263 = CARTESIAN_POINT ( 'NONE',  ( -1.099999999999999600, 0.4249999999999999300, 1.100000000000000100 ) ) ;
#4264 = ORIENTED_EDGE ( 'NONE', *, *, #5085, .F. ) ;
#4265 = CARTESIAN_POINT ( 'NONE',  ( 1.617157287525381500, -0.8249999999999998400, 0.4500000000000000100 ) ) ;
#4266 = DIRECTION ( 'NONE',  ( 0.0000000000000000000, -0.0000000000000000000, -1.000000000000000000 ) ) ;
#4267 = STYLED_ITEM ( 'NONE', ( #4753 ), #792 ) ;
#4268 = FACE_BOUND ( 'NONE', #3368, .T. ) ;
#4269 =( NAMED_UNIT ( * ) PLANE_ANGLE_UNIT ( ) SI_UNIT ( $, .RADIAN. ) );
#4270 = MECHANICAL_DESIGN_GEOMETRIC_PRESENTATION_REPRESENTATION (  '', ( #4312 ), #4227 ) ;
#4271 = VERTEX_POINT ( 'NONE', #4737 ) ;
#4272 = EDGE_CURVE ( 'NONE', #3477, #5522, #3899, .T. ) ;
#4273 = DIRECTION ( 'NONE',  ( 0.0000000000000000000, 1.000000000000000000, 0.0000000000000000000 ) ) ;
#4274 = ORIENTED_EDGE ( 'NONE', *, *, #5463, .T. ) ;
#4275 = AXIS2_PLACEMENT_3D ( 'NONE', #732, #853, #799 ) ;
#4276 = CARTESIAN_POINT ( 'NONE',  ( -0.1266891977983714800, -0.1133387225547930300, -1.199999999999999700 ) ) ;
#4277 = DIRECTION ( 'NONE',  ( 0.0000000000000000000, 1.000000000000000000, 0.0000000000000000000 ) ) ;
#4278 = EDGE_LOOP ( 'NONE', ( #5605, #4810, #909, #2 ) ) ;
#4279 = EDGE_CURVE ( 'NONE', #3706, #4453, #2709, .T. ) ;
#4280 = DIRECTION ( 'NONE',  ( -1.000000000000000000, 0.0000000000000000000, 0.0000000000000000000 ) ) ;
#4281 = CARTESIAN_POINT ( 'NONE',  ( -0.2179548200091542800, -0.04325649067704729500, -1.179999999999999700 ) ) ;
#4282 = DIRECTION ( 'NONE',  ( 0.0000000000000000000, 0.0000000000000000000, 1.000000000000000000 ) ) ;
#4283 = COLOUR_RGB ( '',0.6666666666666666300, 0.6666666666666666300, 0.6666666666666666300 ) ;
#4284 = ORIENTED_EDGE ( 'NONE', *, *, #2430, .T. ) ;
#4285 = AXIS2_PLACEMENT_3D ( 'NONE', #1902, #1875, #1858 ) ;
#4286 = EDGE_CURVE ( 'NONE', #1305, #749, #3316, .T. ) ;
#4287 = DIRECTION ( 'NONE',  ( 0.0000000000000000000, -0.7071067811865489100, 0.7071067811865462400 ) ) ;
#4288 = DIRECTION ( 'NONE',  ( -1.000000000000000000, 0.0000000000000000000, 0.0000000000000000000 ) ) ;
#4289 = CARTESIAN_POINT ( 'NONE',  ( -0.3253810975609755500, 0.06206602688190609300, -1.179999999999999900 ) ) ;
#4290 = VERTEX_POINT ( 'NONE', #1766 ) ;
#4291 = CARTESIAN_POINT ( 'NONE',  ( -0.1871063425472382600, -0.05238117689155032800, -1.200000000000000200 ) ) ;
#4292 =( NAMED_UNIT ( * ) PLANE_ANGLE_UNIT ( ) SI_UNIT ( $, .RADIAN. ) );
#4293 = ORIENTED_EDGE ( 'NONE', *, *, #2103, .T. ) ;
#4294 = DIRECTION ( 'NONE',  ( 0.0000000000000000000, 0.0000000000000000000, 1.000000000000000000 ) ) ;
#4295 = LINE ( 'NONE', #2269, #1401 ) ;
#4296 = CARTESIAN_POINT ( 'NONE',  ( 0.2292241043512730800, 0.07260495528754064300, -1.200000000000000000 ) ) ;
#4297 = VECTOR ( 'NONE', #5406, 1000.000000000000000 ) ;
#4298 = DIRECTION ( 'NONE',  ( -0.0000000000000000000, -0.0000000000000000000, -1.000000000000000000 ) ) ;
#4299 = ORIENTED_EDGE ( 'NONE', *, *, #3766, .T. ) ;
#4300 = CARTESIAN_POINT ( 'NONE',  ( 1.100000000000000100, 0.4249999999999999300, 0.6500000000000000200 ) ) ;
#4301 =( GEOMETRIC_REPRESENTATION_CONTEXT ( 3 ) GLOBAL_UNCERTAINTY_ASSIGNED_CONTEXT ( ( #3965 ) ) GLOBAL_UNIT_ASSIGNED_CONTEXT ( ( #5588, #5608, #5648 ) ) REPRESENTATION_CONTEXT ( 'NONE', 'WORKASPACE' ) );
#4302 = LINE ( 'NONE', #4642, #4323 ) ;
#4303 = LINE ( 'NONE', #1299, #815 ) ;
#4304 = PRESENTATION_LAYER_ASSIGNMENT (  '', '', ( #4312 ) ) ;
#4305 = ORIENTED_EDGE ( 'NONE', *, *, #3668, .T. ) ;
#4306 = DIRECTION ( 'NONE',  ( -2.395770963567767300E-017, 0.7071067811865462400, 0.7071067811865489100 ) ) ;
#4307 = PLANE ( 'NONE',  #5255 ) ;
#4308 = SURFACE_STYLE_FILL_AREA ( #1657 ) ;
#4309 = MECHANICAL_DESIGN_GEOMETRIC_PRESENTATION_REPRESENTATION (  '', ( #4371 ), #4301 ) ;
#4310 = ORIENTED_EDGE ( 'NONE', *, *, #3549, .T. ) ;
#4311 = ORIENTED_EDGE ( 'NONE', *, *, #5632, .F. ) ;
#4312 = STYLED_ITEM ( 'NONE', ( #1449 ), #5062 ) ;
#4313 =( LENGTH_UNIT ( ) NAMED_UNIT ( * ) SI_UNIT ( .MILLI., .METRE. ) );
#4314 = EDGE_CURVE ( 'NONE', #6045, #5418, #108, .T. ) ;
#4315 = VECTOR ( 'NONE', #3111, 1000.000000000000000 ) ;
#4316 = VECTOR ( 'NONE', #3061, 1000.000000000000000 ) ;
#4317 = SURFACE_SIDE_STYLE ('',( #2703 ) ) ;
#4318 = ADVANCED_FACE ( 'NONE', ( #6119 ), #3588, .T. ) ;
#4319 = DIRECTION ( 'NONE',  ( -0.0000000000000000000, -0.0000000000000000000, -1.000000000000000000 ) ) ;
#4320 = EDGE_CURVE ( 'NONE', #2245, #4715, #3136, .T. ) ;
#4321 = ORIENTED_EDGE ( 'NONE', *, *, #4586, .F. ) ;
#4322 = MANIFOLD_SOLID_BREP ( '切除-拉伸2', #713 ) ;
#4323 = VECTOR ( 'NONE', #5555, 1000.000000000000000 ) ;
#4324 = DIRECTION ( 'NONE',  ( -1.000000000000000000, 0.0000000000000000000, 0.0000000000000000000 ) ) ;
#4325 = CARTESIAN_POINT ( 'NONE',  ( 0.08536585365853666100, -0.1135437292156548900, -1.179999999999999900 ) ) ;
#4326 = VERTEX_POINT ( 'NONE', #2790 ) ;
#4327 = CARTESIAN_POINT ( 'NONE',  ( -2.774999999999999900, -1.525000000000000100, 0.0000000000000000000 ) ) ;
#4328 = CARTESIAN_POINT ( 'NONE',  ( 0.2731707317073172600, -0.01731659506931341300, -1.179999999999999900 ) ) ;
#4329 = CIRCLE ( 'NONE', #2581, 0.2000000000000000900 ) ;
#4330 = EDGE_CURVE ( 'NONE', #5805, #3927, #4302, .T. ) ;
#4331 = VERTEX_POINT ( 'NONE', #5554 ) ;
#4332 = ORIENTED_EDGE ( 'NONE', *, *, #1256, .F. ) ;
#4333 = CARTESIAN_POINT ( 'NONE',  ( -0.01707317073170725900, 0.08645627078434514600, -1.179999999999999900 ) ) ;
#4334 = SURFACE_STYLE_FILL_AREA ( #5362 ) ;
#4335 = LINE ( 'NONE', #3748, #2983 ) ;
#4336 = EDGE_LOOP ( 'NONE', ( #3467, #5222, #2015, #3469 ) ) ;
#4337 = CARTESIAN_POINT ( 'NONE',  ( 1.600000000000000500, -0.8421572875253809900, 0.4499999999999999000 ) ) ;
#4338 = DIRECTION ( 'NONE',  ( 0.0000000000000000000, 0.0000000000000000000, 1.000000000000000000 ) ) ;
#4339 = ORIENTED_EDGE ( 'NONE', *, *, #4383, .F. ) ;
#4340 = PRESENTATION_STYLE_ASSIGNMENT (( #5391 ) ) ;
#4341 = CARTESIAN_POINT ( 'NONE',  ( 0.3658536585365854100, 0.08645627078434514600, -1.179999999999999900 ) ) ;
#4342 =( LENGTH_UNIT ( ) NAMED_UNIT ( * ) SI_UNIT ( .MILLI., .METRE. ) );
#4343 = ORIENTED_EDGE ( 'NONE', *, *, #5097, .F. ) ;
#4344 = CARTESIAN_POINT ( 'NONE',  ( 0.1455331333011071200, 0.08696193833055571000, -1.179999999999999700 ) ) ;
#4345 = PRESENTATION_LAYER_ASSIGNMENT (  '', '', ( #4371 ) ) ;
#4346 = CARTESIAN_POINT ( 'NONE',  ( 0.2462722005187454000, -0.01258865736855462400, -1.179999999999999700 ) ) ;
#4347 = AXIS2_PLACEMENT_3D ( 'NONE', #1713, #289, #3044 ) ;
#4348 = DIRECTION ( 'NONE',  ( -0.0000000000000000000, -0.0000000000000000000, -1.000000000000000000 ) ) ;
#4349 = EDGE_CURVE ( 'NONE', #1874, #5660, #4249, .T. ) ;
#4350 = ORIENTED_EDGE ( 'NONE', *, *, #2823, .T. ) ;
#4351 = SURFACE_STYLE_USAGE ( .BOTH. , #4382 ) ;
#4352 = CARTESIAN_POINT ( 'NONE',  ( 0.2902439024390244800, -0.1135437292156548900, -1.179999999999999900 ) ) ;
#4353 = ORIENTED_EDGE ( 'NONE', *, *, #3367, .F. ) ;
#4354 = PRESENTATION_STYLE_ASSIGNMENT (( #1980 ) ) ;
#4355 = DIRECTION ( 'NONE',  ( -0.0000000000000000000, -0.0000000000000000000, -1.000000000000000000 ) ) ;
#4356 = ORIENTED_EDGE ( 'NONE', *, *, #4320, .T. ) ;
#4357 = CARTESIAN_POINT ( 'NONE',  ( 1.600000000000000500, 0.8249999999999997300, 0.4500000000000000100 ) ) ;
#4358 = LINE ( 'NONE', #1803, #2158 ) ;
#4359 = CARTESIAN_POINT ( 'NONE',  ( 1.600000000000000500, -0.8421572875253812200, 0.6500000000000000200 ) ) ;
#4360 = CARTESIAN_POINT ( 'NONE',  ( -0.2219512195121949900, -0.01102848531321586100, -1.200000000000000000 ) ) ;
#4361 = ORIENTED_EDGE ( 'NONE', *, *, #2350, .F. ) ;
#4362 = CARTESIAN_POINT ( 'NONE',  ( -0.02195121951219506200, -0.1135437292156548900, -1.200000000000000000 ) ) ;
#4363 = DIRECTION ( 'NONE',  ( -1.000000000000000000, 0.0000000000000000000, 0.0000000000000000000 ) ) ;
#4364 = ADVANCED_FACE ( 'NONE', ( #3507 ), #5114, .T. ) ;
#4365 = LINE ( 'NONE', #16, #4133 ) ;
#4366 = ORIENTED_EDGE ( 'NONE', *, *, #3668, .F. ) ;
#4367 = DIRECTION ( 'NONE',  ( 0.0000000000000000000, -0.0000000000000000000, 1.000000000000000000 ) ) ;
#4368 = CARTESIAN_POINT ( 'NONE',  ( 3.678553390593272800, -0.2999999999999999900, -0.9999999999999997800 ) ) ;
#4369 = ORIENTED_EDGE ( 'NONE', *, *, #3323, .T. ) ;
#4370 = ORIENTED_EDGE ( 'NONE', *, *, #5968, .F. ) ;
#4371 = STYLED_ITEM ( 'NONE', ( #3813 ), #759 ) ;
#4372 = VECTOR ( 'NONE', #1353, 1000.000000000000000 ) ;
#4373 = AXIS2_PLACEMENT_3D ( 'NONE', #5288, #5528, #1402 ) ;
#4374 = EDGE_CURVE ( 'NONE', #515, #4421, #5014, .T. ) ;
#4375 =( LENGTH_UNIT ( ) NAMED_UNIT ( * ) SI_UNIT ( .MILLI., .METRE. ) );
#4376 = ORIENTED_EDGE ( 'NONE', *, *, #1079, .T. ) ;
#4377 = DIRECTION ( 'NONE',  ( 0.0000000000000000000, 1.000000000000000000, 0.0000000000000000000 ) ) ;
#4378 = DIRECTION ( 'NONE',  ( 1.000000000000000000, 0.0000000000000000000, 0.0000000000000000000 ) ) ;
#4379 = AXIS2_PLACEMENT_3D ( 'NONE', #4247, #1227, #5789 ) ;
#4380 = VERTEX_POINT ( 'NONE', #4432 ) ;
#4381 = AXIS2_PLACEMENT_3D ( 'NONE', #5104, #3038, #4854 ) ;
#4382 = SURFACE_SIDE_STYLE ('',( #2851 ) ) ;
#4383 = EDGE_CURVE ( 'NONE', #24, #478, #4884, .T. ) ;
#4384 = FACE_OUTER_BOUND ( 'NONE', #1290, .T. ) ;
#4385 = CARTESIAN_POINT ( 'NONE',  ( -0.08780487804878033000, 0.06450505127215000500, -1.179999999999999900 ) ) ;
#4386 = ADVANCED_FACE ( 'NONE', ( #5232 ), #5972, .T. ) ;
#4387 = VERTEX_POINT ( 'NONE', #3951 ) ;
#4388 = CARTESIAN_POINT ( 'NONE',  ( -3.254289321881345100, 0.2999999999999999900, -0.9000000000000001300 ) ) ;
#4389 = ORIENTED_EDGE ( 'NONE', *, *, #1522, .T. ) ;
#4390 = CARTESIAN_POINT ( 'NONE',  ( 1.600000000000000500, -0.9249999999999999300, 0.6500000000000000200 ) ) ;
#4391 = ORIENTED_EDGE ( 'NONE', *, *, #3628, .F. ) ;
#4392 = SURFACE_STYLE_FILL_AREA ( #1695 ) ;
#4393 = FACE_OUTER_BOUND ( 'NONE', #3632, .T. ) ;
#4394 =( GEOMETRIC_REPRESENTATION_CONTEXT ( 3 ) GLOBAL_UNCERTAINTY_ASSIGNED_CONTEXT ( ( #4739 ) ) GLOBAL_UNIT_ASSIGNED_CONTEXT ( ( #173, #1318, #167 ) ) REPRESENTATION_CONTEXT ( 'NONE', 'WORKASPACE' ) );
#4395 = EDGE_CURVE ( 'NONE', #623, #4604, #5895, .T. ) ;
#4396 = ADVANCED_FACE ( 'NONE', ( #2104 ), #4098, .F. ) ;
#4397 = DIRECTION ( 'NONE',  ( -1.000000000000000000, 0.0000000000000000000, 0.0000000000000000000 ) ) ;
#4398 = ORIENTED_EDGE ( 'NONE', *, *, #4320, .F. ) ;
#4399 = CIRCLE ( 'NONE', #3249, 0.2000000000000000900 ) ;
#4400 = EDGE_LOOP ( 'NONE', ( #1346, #4899, #1422, #3516 ) ) ;
#4401 = CARTESIAN_POINT ( 'NONE',  ( -0.01707317073170725900, 0.08645627078434514600, -1.200000000000000000 ) ) ;
#4402 = ORIENTED_EDGE ( 'NONE', *, *, #979, .F. ) ;
#4403 = CARTESIAN_POINT ( 'NONE',  ( 0.2729858971236830400, -0.02803324754007206400, -1.200000000000000200 ) ) ;
#4404 = DIRECTION ( 'NONE',  ( 1.000000000000000000, 0.0000000000000000000, 0.0000000000000000000 ) ) ;
#4405 = VECTOR ( 'NONE', #2536, 1000.000000000000000 ) ;
#4406 = LINE ( 'NONE', #2464, #1996 ) ;
#4407 = FACE_OUTER_BOUND ( 'NONE', #337, .T. ) ;
#4408 = ORIENTED_EDGE ( 'NONE', *, *, #4724, .F. ) ;
#4409 = CARTESIAN_POINT ( 'NONE',  ( 0.3926829268292683600, 0.08645627078434514600, -1.200000000000000000 ) ) ;
#4410 = ORIENTED_EDGE ( 'NONE', *, *, #5612, .T. ) ;
#4411 = AXIS2_PLACEMENT_3D ( 'NONE', #939, #4248, #1254 ) ;
#4412 = CARTESIAN_POINT ( 'NONE',  ( 0.05853658536585373100, -0.001348607264435366800, -1.179999999999999900 ) ) ;
#4413 = SURFACE_STYLE_FILL_AREA ( #3440 ) ;
#4414 = LINE ( 'NONE', #1721, #6077 ) ;
#4415 = AXIS2_PLACEMENT_3D ( 'NONE', #3686, #5830, #3724 ) ;
#4416 = ORIENTED_EDGE ( 'NONE', *, *, #1088, .F. ) ;
#4417 = CARTESIAN_POINT ( 'NONE',  ( 0.1712271341463416600, 0.06694407566239389500, -1.179999999999999900 ) ) ;
#4418 = FACE_OUTER_BOUND ( 'NONE', #1307, .T. ) ;
#4419 = LINE ( 'NONE', #3627, #5578 ) ;
#4420 = ADVANCED_FACE ( 'NONE', ( #3403 ), #3917, .F. ) ;
#4421 = VERTEX_POINT ( 'NONE', #4359 ) ;
#4422 = CARTESIAN_POINT ( 'NONE',  ( -0.1621667594353078400, 0.05387870597293960300, -1.199999999999999300 ) ) ;
#4423 = DIRECTION ( 'NONE',  ( 0.0000000000000000000, -1.000000000000000000, 0.0000000000000000000 ) ) ;
#4424 = AXIS2_PLACEMENT_3D ( 'NONE', #2388, #791, #664 ) ;
#4425 = DIRECTION ( 'NONE',  ( 0.0000000000000000000, -0.0000000000000000000, 1.000000000000000000 ) ) ;
#4426 = EDGE_CURVE ( 'NONE', #4453, #5067, #4056, .T. ) ;
#4427 = CARTESIAN_POINT ( 'NONE',  ( 0.2717180696636441500, -0.03838034191718281400, -1.200000000000000200 ) ) ;
#4428 = VECTOR ( 'NONE', #1979, 1000.000000000000000 ) ;
#4429 = ORIENTED_EDGE ( 'NONE', *, *, #2566, .T. ) ;
#4430 = CARTESIAN_POINT ( 'NONE',  ( 0.2729131545563061600, -0.005810222533636486900, -1.199999999999999700 ) ) ;
#4431 = SURFACE_SIDE_STYLE ('',( #1839 ) ) ;
#4432 = CARTESIAN_POINT ( 'NONE',  ( 0.2463414634146343700, -0.01567787555711829700, -1.200000000000000000 ) ) ;
#4433 = UNCERTAINTY_MEASURE_WITH_UNIT (LENGTH_MEASURE( 1.000000000000000100E-005 ), #62, 'distance_accuracy_value', 'NONE');
#4434 = MECHANICAL_DESIGN_GEOMETRIC_PRESENTATION_REPRESENTATION (  '', ( #4469 ), #4394 ) ;
#4435 = SURFACE_STYLE_FILL_AREA ( #2019 ) ;
#4436 = PLANE ( 'NONE',  #5657 ) ;
#4437 = LINE ( 'NONE', #1273, #4428 ) ;
#4438 =( NAMED_UNIT ( * ) SI_UNIT ( $, .STERADIAN. ) SOLID_ANGLE_UNIT ( ) );
#4439 = VERTEX_POINT ( 'NONE', #3461 ) ;
#4440 = LINE ( 'NONE', #5489, #3225 ) ;
#4441 = DIRECTION ( 'NONE',  ( -0.0000000000000000000, -0.0000000000000000000, -1.000000000000000000 ) ) ;
#4442 = VECTOR ( 'NONE', #2558, 1000.000000000000000 ) ;
#4443 = CARTESIAN_POINT ( 'NONE',  ( 0.1481705132585949500, -0.09090872406880465300, -1.179999999999999700 ) ) ;
#4444 = CIRCLE ( 'NONE', #1241, 0.1999999999999999800 ) ;
#4445 = CARTESIAN_POINT ( 'NONE',  ( 0.1691167082044572100, 0.06691216754312613600, -1.180000000000000200 ) ) ;
#4446 = CARTESIAN_POINT ( 'NONE',  ( 0.1515813835692221600, 0.08786126267774105300, -1.180000000000000400 ) ) ;
#4447 = AXIS2_PLACEMENT_3D ( 'NONE', #295, #296, #238 ) ;
#4448 = CARTESIAN_POINT ( 'NONE',  ( 0.2445579267311098200, 0.05980616942577434600, -1.179999999999999300 ) ) ;
#4449 = ADVANCED_FACE ( 'NONE', ( #4016 ), #5261, .T. ) ;
#4450 = VECTOR ( 'NONE', #2025, 1000.000000000000000 ) ;
#4451 = EDGE_CURVE ( 'NONE', #889, #3331, #5177, .T. ) ;
#4452 = CIRCLE ( 'NONE', #1934, 0.2000000000000000900 ) ;
#4453 = VERTEX_POINT ( 'NONE', #3022 ) ;
#4454 = CARTESIAN_POINT ( 'NONE',  ( 1.100000000000000100, -0.6250000000000001100, 0.6500000000000000200 ) ) ;
#4455 = LINE ( 'NONE', #2660, #4405 ) ;
#4456 = CARTESIAN_POINT ( 'NONE',  ( -0.3121951219512194600, 0.08645627078434514600, -1.200000000000000000 ) ) ;
#4457 = ADVANCED_FACE ( 'NONE', ( #5376 ), #3058, .T. ) ;
#4458 = ORIENTED_EDGE ( 'NONE', *, *, #1572, .F. ) ;
#4459 = VECTOR ( 'NONE', #3453, 1000.000000000000000 ) ;
#4460 =( GEOMETRIC_REPRESENTATION_CONTEXT ( 3 ) GLOBAL_UNCERTAINTY_ASSIGNED_CONTEXT ( ( #2457 ) ) GLOBAL_UNIT_ASSIGNED_CONTEXT ( ( #5773, #5779, #5780 ) ) REPRESENTATION_CONTEXT ( 'NONE', 'WORKASPACE' ) );
#4461 = ORIENTED_EDGE ( 'NONE', *, *, #6005, .F. ) ;
#4462 =( GEOMETRIC_REPRESENTATION_CONTEXT ( 3 ) GLOBAL_UNCERTAINTY_ASSIGNED_CONTEXT ( ( #3039 ) ) GLOBAL_UNIT_ASSIGNED_CONTEXT ( ( #3016, #3485, #514 ) ) REPRESENTATION_CONTEXT ( 'NONE', 'WORKASPACE' ) );
#4463 = LINE ( 'NONE', #1967, #5997 ) ;
#4464 = EDGE_CURVE ( 'NONE', #5422, #70, #5238, .T. ) ;
#4465 =( LENGTH_UNIT ( ) NAMED_UNIT ( * ) SI_UNIT ( .MILLI., .METRE. ) );
#4466 = ORIENTED_EDGE ( 'NONE', *, *, #1141, .T. ) ;
#4467 = DIRECTION ( 'NONE',  ( -0.0000000000000000000, -0.0000000000000000000, -1.000000000000000000 ) ) ;
#4468 = CARTESIAN_POINT ( 'NONE',  ( 0.1649376273469086700, 0.06684898285240290000, -1.180000000000000400 ) ) ;
#4469 = STYLED_ITEM ( 'NONE', ( #95 ), #2188 ) ;
#4470 = VECTOR ( 'NONE', #2690, 1000.000000000000000 ) ;
#4471 = EDGE_CURVE ( 'NONE', #1082, #5422, #5429, .T. ) ;
#4472 = ORIENTED_EDGE ( 'NONE', *, *, #2451, .F. ) ;
#4473 = UNCERTAINTY_MEASURE_WITH_UNIT (LENGTH_MEASURE( 1.000000000000000100E-005 ), #5724, 'distance_accuracy_value', 'NONE');
#4474 = CARTESIAN_POINT ( 'NONE',  ( 0.1297023218025265000, 0.05722591502180565700, -1.179999999999999900 ) ) ;
#4475 = VERTEX_POINT ( 'NONE', #2840 ) ;
#4476 = CARTESIAN_POINT ( 'NONE',  ( 2.774999999999999900, -1.825000000000000000, 0.0000000000000000000 ) ) ;
#4477 = PRESENTATION_LAYER_ASSIGNMENT (  '', '', ( #4469 ) ) ;
#4478 = EDGE_CURVE ( 'NONE', #290, #553, #5607, .T. ) ;
#4479 = ORIENTED_EDGE ( 'NONE', *, *, #1079, .F. ) ;
#4480 = DIRECTION ( 'NONE',  ( -0.0000000000000000000, -0.0000000000000000000, -1.000000000000000000 ) ) ;
#4481 = ORIENTED_EDGE ( 'NONE', *, *, #5899, .F. ) ;
#4482 = ORIENTED_EDGE ( 'NONE', *, *, #3867, .F. ) ;
#4483 = COLOUR_RGB ( '',0.6666666666666666300, 0.6666666666666666300, 0.6666666666666666300 ) ;
#4484 = ORIENTED_EDGE ( 'NONE', *, *, #690, .T. ) ;
#4485 = CARTESIAN_POINT ( 'NONE',  ( -0.1939712998273378200, -0.02936669435778177500, -1.200000000000000400 ) ) ;
#4486 = VECTOR ( 'NONE', #2757, 1000.000000000000000 ) ;
#4487 = ORIENTED_EDGE ( 'NONE', *, *, #2672, .T. ) ;
#4488 = MECHANICAL_DESIGN_GEOMETRIC_PRESENTATION_REPRESENTATION (  '', ( #4566 ), #4460 ) ;
#4489 = DIRECTION ( 'NONE',  ( -0.0000000000000000000, -0.0000000000000000000, -1.000000000000000000 ) ) ;
#4490 = CARTESIAN_POINT ( 'NONE',  ( 0.1261663210279910000, 0.05517123221190923400, -1.200000000000000000 ) ) ;
#4491 = STYLED_ITEM ( 'NONE', ( #3037 ), #4420 ) ;
#4492 = CARTESIAN_POINT ( 'NONE',  ( 0.2512966416292410400, 0.05226580422170969800, -1.200000000000000200 ) ) ;
#4493 = EDGE_CURVE ( 'NONE', #5203, #5139, #5591, .T. ) ;
#4494 = UNCERTAINTY_MEASURE_WITH_UNIT (LENGTH_MEASURE( 1.000000000000000100E-005 ), #5013, 'distance_accuracy_value', 'NONE');
#4495 = CARTESIAN_POINT ( 'NONE',  ( 0.2089838106797312100, -0.1123536829246697300, -1.180000000000000200 ) ) ;
#4496 = DIRECTION ( 'NONE',  ( -0.0000000000000000000, -0.0000000000000000000, 1.000000000000000000 ) ) ;
#4497 = CARTESIAN_POINT ( 'NONE',  ( 0.1299214521751906300, -0.08434209360001505800, -1.179999999999999900 ) ) ;
#4498 = CARTESIAN_POINT ( 'NONE',  ( 1.600000000000000500, 0.8249999999999997300, 0.6500000000000000200 ) ) ;
#4499 = PRESENTATION_LAYER_ASSIGNMENT (  '', '', ( #4566 ) ) ;
#4500 =( GEOMETRIC_REPRESENTATION_CONTEXT ( 3 ) GLOBAL_UNCERTAINTY_ASSIGNED_CONTEXT ( ( #5436 ) ) GLOBAL_UNIT_ASSIGNED_CONTEXT ( ( #255, #252, #246 ) ) REPRESENTATION_CONTEXT ( 'NONE', 'WORKASPACE' ) );
#4501 = CARTESIAN_POINT ( 'NONE',  ( -0.1161966463414632600, -0.09159250970345976500, -1.200000000000000000 ) ) ;
#4502 = VERTEX_POINT ( 'NONE', #2712 ) ;
#4503 = EDGE_CURVE ( 'NONE', #4682, #4508, #5743, .T. ) ;
#4504 = CYLINDRICAL_SURFACE ( 'NONE', #5523, 0.2999999999999999300 ) ;
#4505 = CARTESIAN_POINT ( 'NONE',  ( 3.678553390593272800, 0.2999999999999999900, -0.9999999999999997800 ) ) ;
#4506 =( NAMED_UNIT ( * ) PLANE_ANGLE_UNIT ( ) SI_UNIT ( $, .RADIAN. ) );
#4507 = CARTESIAN_POINT ( 'NONE',  ( 2.774999999999999900, -1.825000000000000000, 0.2000000000000000100 ) ) ;
#4508 = VERTEX_POINT ( 'NONE', #2676 ) ;
#4509 = EDGE_CURVE ( 'NONE', #4923, #5120, #49, .T. ) ;
#4510 = ORIENTED_EDGE ( 'NONE', *, *, #5602, .F. ) ;
#4511 = ORIENTED_EDGE ( 'NONE', *, *, #6017, .T. ) ;
#4512 = CARTESIAN_POINT ( 'NONE',  ( -0.3284679878048779600, 0.04804163663800364900, -1.179999999999999900 ) ) ;
#4513 = LINE ( 'NONE', #3121, #4486 ) ;
#4514 = VERTEX_POINT ( 'NONE', #4770 ) ;
#4515 = CARTESIAN_POINT ( 'NONE',  ( 2.774999999999999900, -1.525000000000000100, 0.2000000000000000100 ) ) ;
#4516 = LINE ( 'NONE', #1084, #466 ) ;
#4517 = EDGE_CURVE ( 'NONE', #2769, #5727, #5473, .T. ) ;
#4518 = LINE ( 'NONE', #2653, #4583 ) ;
#4519 = ADVANCED_FACE ( 'NONE', ( #5692 ), #2786, .F. ) ;
#4520 = CARTESIAN_POINT ( 'NONE',  ( 0.1587407471333427400, 0.06620085613459153500, -1.179999999999999900 ) ) ;
#4521 = DIRECTION ( 'NONE',  ( -0.0000000000000000000, -1.000000000000000000, -0.0000000000000000000 ) ) ;
#4522 = CARTESIAN_POINT ( 'NONE',  ( 0.2537711055348796900, -0.08198523774862859200, -1.180000000000000400 ) ) ;
#4523 = ORIENTED_EDGE ( 'NONE', *, *, #2451, .T. ) ;
#4524 = VECTOR ( 'NONE', #4548, 1000.000000000000000 ) ;
#4525 = MECHANICAL_DESIGN_GEOMETRIC_PRESENTATION_REPRESENTATION (  '', ( #4641 ), #4462 ) ;
#4526 = VERTEX_POINT ( 'NONE', #5566 ) ;
#4527 = CARTESIAN_POINT ( 'NONE',  ( 0.1526736900652979100, 0.06523753399202869600, -1.180000000000000200 ) ) ;
#4528 = ORIENTED_EDGE ( 'NONE', *, *, #4096, .F. ) ;
#4529 = FILL_AREA_STYLE ('',( #4549 ) ) ;
#4530 = COLOUR_RGB ( '',0.6666666666666666300, 0.6666666666666666300, 0.6666666666666666300 ) ;
#4531 = AXIS2_PLACEMENT_3D ( 'NONE', #5644, #5661, #5663 ) ;
#4532 = CARTESIAN_POINT ( 'NONE',  ( 0.2371823357865914800, 0.06664087072602140100, -1.200000000000000400 ) ) ;
#4533 = CARTESIAN_POINT ( 'NONE',  ( 1.600000000000000500, -0.8249999999999998400, 0.6500000000000000200 ) ) ;
#4534 = ORIENTED_EDGE ( 'NONE', *, *, #4493, .T. ) ;
#4535 = EDGE_CURVE ( 'NONE', #5139, #2213, #3455, .T. ) ;
#4536 = DIRECTION ( 'NONE',  ( -1.000000000000000000, 0.0000000000000000000, 0.0000000000000000000 ) ) ;
#4537 = LINE ( 'NONE', #2640, #4442 ) ;
#4538 = CARTESIAN_POINT ( 'NONE',  ( 0.1579308389948292900, 0.08843800442137282600, -1.179999999999999500 ) ) ;
#4539 = ORIENTED_EDGE ( 'NONE', *, *, #1403, .T. ) ;
#4540 =( GEOMETRIC_REPRESENTATION_CONTEXT ( 3 ) GLOBAL_UNCERTAINTY_ASSIGNED_CONTEXT ( ( #1406 ) ) GLOBAL_UNIT_ASSIGNED_CONTEXT ( ( #2165, #2147, #2109 ) ) REPRESENTATION_CONTEXT ( 'NONE', 'WORKASPACE' ) );
#4541 = FILL_AREA_STYLE ('',( #182 ) ) ;
#4542 = EDGE_CURVE ( 'NONE', #3079, #321, #4842, .T. ) ;
#4543 = PRESENTATION_STYLE_ASSIGNMENT (( #5357 ) ) ;
#4544 = ORIENTED_EDGE ( 'NONE', *, *, #3174, .F. ) ;
#4545 = ORIENTED_EDGE ( 'NONE', *, *, #1820, .F. ) ;
#4546 = VECTOR ( 'NONE', #413, 999.9999999999998900 ) ;
#4547 = CARTESIAN_POINT ( 'NONE',  ( 0.1467479510664610500, 0.06380130070777954900, -1.179999999999999700 ) ) ;
#4548 = DIRECTION ( 'NONE',  ( 1.000000000000000000, -0.0000000000000000000, -0.0000000000000000000 ) ) ;
#4549 = FILL_AREA_STYLE_COLOUR ( '', #5179 ) ;
#4550 = ORIENTED_EDGE ( 'NONE', *, *, #5926, .F. ) ;
#4551 = ADVANCED_FACE ( 'NONE', ( #2620 ), #918, .T. ) ;
#4552 = ORIENTED_EDGE ( 'NONE', *, *, #3356, .F. ) ;
#4553 = MECHANICAL_DESIGN_GEOMETRIC_PRESENTATION_REPRESENTATION (  '', ( #4585 ), #4540 ) ;
#4554 = SURFACE_STYLE_USAGE ( .BOTH. , #4186 ) ;
#4555 = CARTESIAN_POINT ( 'NONE',  ( 0.1409324567554771100, 0.06202270054184282100, -1.180000000000000200 ) ) ;
#4556 = FACE_OUTER_BOUND ( 'NONE', #805, .T. ) ;
#4557 = ORIENTED_EDGE ( 'NONE', *, *, #1304, .F. ) ;
#4558 = CARTESIAN_POINT ( 'NONE',  ( 0.1352638081252865200, 0.05979467290702498300, -1.180000000000000200 ) ) ;
#4559 = VERTEX_POINT ( 'NONE', #2561 ) ;
#4560 = DIRECTION ( 'NONE',  ( -1.000000000000000000, 0.0000000000000000000, 0.0000000000000000000 ) ) ;
#4561 = CARTESIAN_POINT ( 'NONE',  ( 0.08536585365853666100, 0.08645627078434514600, -1.179999999999999900 ) ) ;
#4562 = CARTESIAN_POINT ( 'NONE',  ( 3.678553390593272800, -0.2999999999999999900, -1.200000000000000000 ) ) ;
#4563 = CARTESIAN_POINT ( 'NONE',  ( -0.1949188134384826100, -0.02065440663189428700, -1.179999999999999700 ) ) ;
#4564 = CIRCLE ( 'NONE', #270, 0.1999999999999999800 ) ;
#4565 = FACE_OUTER_BOUND ( 'NONE', #1558, .T. ) ;
#4566 = STYLED_ITEM ( 'NONE', ( #3782 ), #665 ) ;
#4567 = CARTESIAN_POINT ( 'NONE',  ( 0.1297023218025265000, 0.05722591502180565700, -1.179999999999999900 ) ) ;
#4568 = PRESENTATION_LAYER_ASSIGNMENT (  '', '', ( #4641 ) ) ;
#4569 =( NAMED_UNIT ( * ) PLANE_ANGLE_UNIT ( ) SI_UNIT ( $, .RADIAN. ) );
#4570 = CARTESIAN_POINT ( 'NONE',  ( 0.1243902439024392600, -0.1031778755571183300, -1.180000000000000200 ) ) ;
#4571 = FACE_OUTER_BOUND ( 'NONE', #3284, .T. ) ;
#4572 = FILL_AREA_STYLE ('',( #4130 ) ) ;
#4573 = FACE_OUTER_BOUND ( 'NONE', #3452, .T. ) ;
#4574 = CARTESIAN_POINT ( 'NONE',  ( 0.2445579267311098200, 0.05980616942577434600, -1.199999999999999300 ) ) ;
#4575 = FILL_AREA_STYLE ('',( #2686 ) ) ;
#4576 = EDGE_LOOP ( 'NONE', ( #5128, #6028, #1092, #1735 ) ) ;
#4577 = PRESENTATION_LAYER_ASSIGNMENT (  '', '', ( #4585 ) ) ;
#4578 = VECTOR ( 'NONE', #3020, 1000.000000000000000 ) ;
#4579 = COLOUR_RGB ( '',0.6666666666666666300, 0.6666666666666666300, 0.6666666666666666300 ) ;
#4580 = EDGE_CURVE ( 'NONE', #1773, #6085, #2898, .T. ) ;
#4581 = ADVANCED_FACE ( 'NONE', ( #3262 ), #4504, .T. ) ;
#4582 = VERTEX_POINT ( 'NONE', #1880 ) ;
#4583 = VECTOR ( 'NONE', #2627, 1000.000000000000000 ) ;
#4584 = ORIENTED_EDGE ( 'NONE', *, *, #841, .T. ) ;
#4585 = STYLED_ITEM ( 'NONE', ( #1727 ), #3139 ) ;
#4586 = EDGE_CURVE ( 'NONE', #596, #5445, #3803, .T. ) ;
#4587 = VECTOR ( 'NONE', #886, 1000.000000000000000 ) ;
#4588 = DIRECTION ( 'NONE',  ( -0.0000000000000000000, -0.0000000000000000000, 1.000000000000000000 ) ) ;
#4589 = ORIENTED_EDGE ( 'NONE', *, *, #5493, .T. ) ;
#4590 = CARTESIAN_POINT ( 'NONE',  ( 0.1712271341463416600, 0.06694407566239389500, -1.200000000000000000 ) ) ;
#4591 = FACE_OUTER_BOUND ( 'NONE', #1047, .T. ) ;
#4592 = ORIENTED_EDGE ( 'NONE', *, *, #3174, .T. ) ;
#4593 = EDGE_CURVE ( 'NONE', #3091, #2806, #3161, .T. ) ;
#4594 = CARTESIAN_POINT ( 'NONE',  ( -3.254289321881345100, -0.2999999999999999900, -0.9000000000000001300 ) ) ;
#4595 = CARTESIAN_POINT ( 'NONE',  ( 2.774999999999999900, 1.825000000000000000, 0.2000000000000000100 ) ) ;
#4596 = PRESENTATION_STYLE_ASSIGNMENT (( #3386 ) ) ;
#4597 = DIRECTION ( 'NONE',  ( -0.0000000000000000000, -0.0000000000000000000, -1.000000000000000000 ) ) ;
#4598 = DIRECTION ( 'NONE',  ( 0.0000000000000000000, 0.0000000000000000000, -1.000000000000000000 ) ) ;
#4599 = ADVANCED_FACE ( 'NONE', ( #1184 ), #1384, .T. ) ;
#4600 = AXIS2_PLACEMENT_3D ( 'NONE', #2483, #4277, #4367 ) ;
#4601 = CARTESIAN_POINT ( 'NONE',  ( 1.600000000000000500, 0.8249999999999997300, 0.1999999999999999800 ) ) ;
#4602 = AXIS2_PLACEMENT_3D ( 'NONE', #1170, #340, #5479 ) ;
#4603 = EDGE_CURVE ( 'NONE', #4867, #1987, #3306, .T. ) ;
#4604 = VERTEX_POINT ( 'NONE', #1165 ) ;
#4605 = FILL_AREA_STYLE ('',( #3793 ) ) ;
#4606 = AXIS2_PLACEMENT_3D ( 'NONE', #5624, #5628, #5634 ) ;
#4607 = VECTOR ( 'NONE', #4964, 1000.000000000000000 ) ;
#4608 = CARTESIAN_POINT ( 'NONE',  ( -0.08780487804878033000, -0.09159250970345976500, -1.180000000000033700 ) ) ;
#4609 = AXIS2_PLACEMENT_3D ( 'NONE', #1791, #3024, #648 ) ;
#4610 = EDGE_CURVE ( 'NONE', #2126, #5727, #1365, .T. ) ;
#4611 = CARTESIAN_POINT ( 'NONE',  ( 0.1794207317073172900, -0.1159827536058988000, -1.179999999999999900 ) ) ;
#4612 = ORIENTED_EDGE ( 'NONE', *, *, #4610, .T. ) ;
#4613 = UNCERTAINTY_MEASURE_WITH_UNIT (LENGTH_MEASURE( 1.000000000000000100E-005 ), #4822, 'distance_accuracy_value', 'NONE');
#4614 = CARTESIAN_POINT ( 'NONE',  ( 0.05853658536585373100, -0.09159250970345976500, -1.179999999999999900 ) ) ;
#4615 = PRESENTATION_STYLE_ASSIGNMENT (( #4175 ) ) ;
#4616 = CARTESIAN_POINT ( 'NONE',  ( 0.1261663210279910000, 0.05517123221190923400, -1.179999999999999900 ) ) ;
#4617 = ORIENTED_EDGE ( 'NONE', *, *, #4471, .T. ) ;
#4618 = DIRECTION ( 'NONE',  ( 0.0000000000000000000, 0.0000000000000000000, -1.000000000000000000 ) ) ;
#4619 = CARTESIAN_POINT ( 'NONE',  ( 0.1996005553237163200, -0.1144801859040185700, -1.200000000000000000 ) ) ;
#4620 =( LENGTH_UNIT ( ) NAMED_UNIT ( * ) SI_UNIT ( .MILLI., .METRE. ) );
#4621 = EDGE_CURVE ( 'NONE', #1857, #550, #1257, .T. ) ;
#4622 = COLOUR_RGB ( '',0.6666666666666666300, 0.6666666666666666300, 0.6666666666666666300 ) ;
#4623 = ORIENTED_EDGE ( 'NONE', *, *, #4314, .F. ) ;
#4624 = VECTOR ( 'NONE', #3127, 1000.000000000000100 ) ;
#4625 = CARTESIAN_POINT ( 'NONE',  ( 0.1794207317073172900, -0.1159827536058988000, -1.200000000000000000 ) ) ;
#4626 = CARTESIAN_POINT ( 'NONE',  ( 0.1996005553237163200, -0.1144801859040185700, -1.200000000000000000 ) ) ;
#4627 = ORIENTED_EDGE ( 'NONE', *, *, #972, .F. ) ;
#4628 = CARTESIAN_POINT ( 'NONE',  ( -0.1161966463414632600, -0.09159250970345976500, -1.200000000000000000 ) ) ;
#4629 = EDGE_CURVE ( 'NONE', #726, #3138, #3178, .T. ) ;
#4630 = LINE ( 'NONE', #1568, #4845 ) ;
#4631 = EDGE_LOOP ( 'NONE', ( #4053, #5189, #585, #501 ) ) ;
#4632 = ADVANCED_FACE ( 'NONE', ( #4418 ), #884, .T. ) ;
#4633 = ORIENTED_EDGE ( 'NONE', *, *, #2965, .T. ) ;
#4634 = DIRECTION ( 'NONE',  ( 0.0000000000000000000, 0.0000000000000000000, -1.000000000000000000 ) ) ;
#4635 = VECTOR ( 'NONE', #2767, 1000.000000000000000 ) ;
#4636 = ORIENTED_EDGE ( 'NONE', *, *, #4652, .F. ) ;
#4637 = DIRECTION ( 'NONE',  ( -1.000000000000000000, 0.0000000000000000000, 0.0000000000000000000 ) ) ;
#4638 = VECTOR ( 'NONE', #1600, 1000.000000000000000 ) ;
#4639 = AXIS2_PLACEMENT_3D ( 'NONE', #1283, #2443, #5075 ) ;
#4640 = FACE_OUTER_BOUND ( 'NONE', #2211, .T. ) ;
#4641 = STYLED_ITEM ( 'NONE', ( #5205 ), #4902 ) ;
#4642 = CARTESIAN_POINT ( 'NONE',  ( -3.501776695296635800, 0.2999999999999999900, -1.126776695296636300 ) ) ;
#4643 = EDGE_CURVE ( 'NONE', #5801, #1072, #1128, .T. ) ;
#4644 = VERTEX_POINT ( 'NONE', #243 ) ;
#4645 = DIRECTION ( 'NONE',  ( 1.000000000000000000, 0.0000000000000000000, -0.0000000000000000000 ) ) ;
#4646 = DIRECTION ( 'NONE',  ( -0.0000000000000000000, -1.000000000000000000, -0.0000000000000000000 ) ) ;
#4647 = LINE ( 'NONE', #3106, #4578 ) ;
#4648 = VECTOR ( 'NONE', #5994, 1000.000000000000100 ) ;
#4649 = VECTOR ( 'NONE', #3151, 1000.000000000000000 ) ;
#4650 = ORIENTED_EDGE ( 'NONE', *, *, #1340, .F. ) ;
#4651 = CARTESIAN_POINT ( 'NONE',  ( 0.2462858994446090200, -0.01860211669627254100, -1.199999999999999700 ) ) ;
#4652 = EDGE_CURVE ( 'NONE', #3336, #2373, #845, .T. ) ;
#4653 = CARTESIAN_POINT ( 'NONE',  ( 0.2512966416292410400, 0.05226580422170969800, -1.200000000000000400 ) ) ;
#4654 = LINE ( 'NONE', #3498, #4649 ) ;
#4655 = CARTESIAN_POINT ( 'NONE',  ( 0.1685470855538840400, -0.09393730586597196000, -1.180000000000000400 ) ) ;
#4656 = PLANE ( 'NONE',  #4050 ) ;
#4657 =( NAMED_UNIT ( * ) PLANE_ANGLE_UNIT ( ) SI_UNIT ( $, .RADIAN. ) );
#4658 = FILL_AREA_STYLE ('',( #4760 ) ) ;
#4659 = CYLINDRICAL_SURFACE ( 'NONE', #3221, 0.2499999999999997800 ) ;
#4660 = SURFACE_SIDE_STYLE ('',( #2935 ) ) ;
#4661 = CARTESIAN_POINT ( 'NONE',  ( -0.06097560975609740000, 0.08645627078434514600, -1.200000000000000000 ) ) ;
#4662 = AXIS2_PLACEMENT_3D ( 'NONE', #2394, #2370, #2344 ) ;
#4663 = ORIENTED_EDGE ( 'NONE', *, *, #1616, .F. ) ;
#4664 = CARTESIAN_POINT ( 'NONE',  ( 0.2730836270162847500, -0.01342549284735400200, -1.179999999999999700 ) ) ;
#4665 = FACE_OUTER_BOUND ( 'NONE', #1416, .T. ) ;
#4666 = CARTESIAN_POINT ( 'NONE',  ( 0.2261657761789653300, -0.1055904525223739500, -1.179999999999999500 ) ) ;
#4667 = ORIENTED_EDGE ( 'NONE', *, *, #2332, .F. ) ;
#4668 = CARTESIAN_POINT ( 'NONE',  ( 0.05853658536585373100, -0.02329982677663049900, -1.179999999999999900 ) ) ;
#4669 = ADVANCED_FACE ( 'NONE', ( #4571 ), #4307, .T. ) ;
#4670 = ORIENTED_EDGE ( 'NONE', *, *, #5733, .F. ) ;
#4671 = CARTESIAN_POINT ( 'NONE',  ( -0.1939712998273378200, -0.02936669435778177500, -1.180000000000000400 ) ) ;
#4672 = CIRCLE ( 'NONE', #472, 0.05000000000000002400 ) ;
#4673 = COLOUR_RGB ( '',0.2980392156862745100, 0.2980392156862745100, 0.2980392156862745100 ) ;
#4674 = UNCERTAINTY_MEASURE_WITH_UNIT (LENGTH_MEASURE( 1.000000000000000100E-005 ), #5583, 'distance_accuracy_value', 'NONE');
#4675 = FILL_AREA_STYLE_COLOUR ( '', #3357 ) ;
#4676 = FILL_AREA_STYLE_COLOUR ( '', #1993 ) ;
#4677 = ORIENTED_EDGE ( 'NONE', *, *, #4075, .F. ) ;
#4678 = EDGE_CURVE ( 'NONE', #5401, #4682, #5267, .T. ) ;
#4679 = CIRCLE ( 'NONE', #1972, 0.2499999999999998900 ) ;
#4680 = COLOUR_RGB ( '',0.6666666666666666300, 0.6666666666666666300, 0.6666666666666666300 ) ;
#4681 = ORIENTED_EDGE ( 'NONE', *, *, #5355, .F. ) ;
#4682 = VERTEX_POINT ( 'NONE', #3925 ) ;
#4683 = AXIS2_PLACEMENT_3D ( 'NONE', #6074, #1329, #5570 ) ;
#4684 = AXIS2_PLACEMENT_3D ( 'NONE', #5454, #5435, #5301 ) ;
#4685 = CARTESIAN_POINT ( 'NONE',  ( -1.600000000000000100, -0.8249999999999998400, 0.6500000000000000200 ) ) ;
#4686 = DIRECTION ( 'NONE',  ( 0.0000000000000000000, -1.000000000000000000, 0.0000000000000000000 ) ) ;
#4687 = VECTOR ( 'NONE', #3259, 1000.000000000000000 ) ;
#4688 = DIRECTION ( 'NONE',  ( -1.000000000000000000, 0.0000000000000000000, 0.0000000000000000000 ) ) ;
#4689 = FILL_AREA_STYLE ('',( #5967 ) ) ;
#4690 = ORIENTED_EDGE ( 'NONE', *, *, #2008, .T. ) ;
#4691 = VERTEX_POINT ( 'NONE', #4252 ) ;
#4692 = CARTESIAN_POINT ( 'NONE',  ( -0.3218342969810834000, 0.04895321223935608600, -1.180000000000000200 ) ) ;
#4693 = DIRECTION ( 'NONE',  ( 1.000000000000000000, 0.0000000000000000000, -0.0000000000000000000 ) ) ;
#4694 = COLOUR_RGB ( '',0.5019607843137254800, 0.0000000000000000000, 0.0000000000000000000 ) ;
#4695 = ORIENTED_EDGE ( 'NONE', *, *, #1223, .F. ) ;
#4696 = CARTESIAN_POINT ( 'NONE',  ( 0.08536585365853666100, 0.08645627078434514600, -1.200000000000000000 ) ) ;
#4697 = AXIS2_PLACEMENT_3D ( 'NONE', #4796, #4772, #4688 ) ;
#4698 = EDGE_CURVE ( 'NONE', #1484, #1211, #2735, .T. ) ;
#4699 = DIRECTION ( 'NONE',  ( -0.0000000000000000000, -1.000000000000000000, -0.0000000000000000000 ) ) ;
#4700 = LINE ( 'NONE', #3285, #4546 ) ;
#4701 = CARTESIAN_POINT ( 'NONE',  ( -0.3224877241082534900, 0.05092369919090919400, -1.199999999999999500 ) ) ;
#4702 = DIRECTION ( 'NONE',  ( -0.7071067811865482400, 0.0000000000000000000, 0.7071067811865469100 ) ) ;
#4703 = VERTEX_POINT ( 'NONE', #171 ) ;
#4704 = VECTOR ( 'NONE', #4236, 1000.000000000000000 ) ;
#4705 = UNCERTAINTY_MEASURE_WITH_UNIT (LENGTH_MEASURE( 1.000000000000000100E-005 ), #372, 'distance_accuracy_value', 'NONE');
#4706 = DIRECTION ( 'NONE',  ( 0.0000000000000000000, -1.000000000000000000, 0.0000000000000000000 ) ) ;
#4707 = FACE_OUTER_BOUND ( 'NONE', #180, .T. ) ;
#4708 = ORIENTED_EDGE ( 'NONE', *, *, #1983, .T. ) ;
#4709 = CARTESIAN_POINT ( 'NONE',  ( -3.678553390593272800, 0.2999999999999999900, -1.199999999999999700 ) ) ;
#4710 =( NAMED_UNIT ( * ) PLANE_ANGLE_UNIT ( ) SI_UNIT ( $, .RADIAN. ) );
#4711 = LINE ( 'NONE', #5086, #696 ) ;
#4712 = FACE_OUTER_BOUND ( 'NONE', #4162, .T. ) ;
#4713 = AXIS2_PLACEMENT_3D ( 'NONE', #5488, #2729, #6054 ) ;
#4714 = PLANE ( 'NONE',  #5277 ) ;
#4715 = VERTEX_POINT ( 'NONE', #3772 ) ;
#4716 = EDGE_CURVE ( 'NONE', #1773, #1074, #3855, .T. ) ;
#4717 =( NAMED_UNIT ( * ) SI_UNIT ( $, .STERADIAN. ) SOLID_ANGLE_UNIT ( ) );
#4718 = CARTESIAN_POINT ( 'NONE',  ( -0.1951219512195120400, -0.01160013165467927600, -1.200000000000000000 ) ) ;
#4719 = ORIENTED_EDGE ( 'NONE', *, *, #571, .T. ) ;
#4720 =( GEOMETRIC_REPRESENTATION_CONTEXT ( 3 ) GLOBAL_UNCERTAINTY_ASSIGNED_CONTEXT ( ( #4494 ) ) GLOBAL_UNIT_ASSIGNED_CONTEXT ( ( #5013, #4657, #3657 ) ) REPRESENTATION_CONTEXT ( 'NONE', 'WORKASPACE' ) );
#4721 = CARTESIAN_POINT ( 'NONE',  ( -0.1417196307019283900, -0.08877060959229785000, -1.199999999999999700 ) ) ;
#4722 = FACE_OUTER_BOUND ( 'NONE', #893, .T. ) ;
#4723 = ADVANCED_FACE ( 'NONE', ( #5778 ), #6012, .T. ) ;
#4724 = EDGE_CURVE ( 'NONE', #1548, #3079, #2804, .T. ) ;
#4725 = CARTESIAN_POINT ( 'NONE',  ( 0.3658536585365854100, 0.08645627078434514600, -1.179999999999999900 ) ) ;
#4726 = ORIENTED_EDGE ( 'NONE', *, *, #2836, .T. ) ;
#4727 = CARTESIAN_POINT ( 'NONE',  ( 0.1243902439024392300, 0.05413919761361341000, -1.179999999999999900 ) ) ;
#4728 = LINE ( 'NONE', #2795, #2793 ) ;
#4729 = LINE ( 'NONE', #2563, #4752 ) ;
#4730 = ORIENTED_EDGE ( 'NONE', *, *, #4749, .F. ) ;
#4731 = ORIENTED_EDGE ( 'NONE', *, *, #5390, .T. ) ;
#4732 = FILL_AREA_STYLE_COLOUR ( '', #862 ) ;
#4733 = SURFACE_STYLE_FILL_AREA ( #2281 ) ;
#4734 = CARTESIAN_POINT ( 'NONE',  ( -3.678553390593272800, 0.2999999999999999900, -1.200000000000000000 ) ) ;
#4735 =( GEOMETRIC_REPRESENTATION_CONTEXT ( 3 ) GLOBAL_UNCERTAINTY_ASSIGNED_CONTEXT ( ( #3182 ) ) GLOBAL_UNIT_ASSIGNED_CONTEXT ( ( #5573, #5551, #5514 ) ) REPRESENTATION_CONTEXT ( 'NONE', 'WORKASPACE' ) );
#4736 = ORIENTED_EDGE ( 'NONE', *, *, #220, .F. ) ;
#4737 = CARTESIAN_POINT ( 'NONE',  ( 1.600000000000000500, 0.8421572875253808800, 0.6500000000000000200 ) ) ;
#4738 = LINE ( 'NONE', #2553, #4776 ) ;
#4739 = UNCERTAINTY_MEASURE_WITH_UNIT (LENGTH_MEASURE( 1.000000000000000100E-005 ), #173, 'distance_accuracy_value', 'NONE');
#4740 = ORIENTED_EDGE ( 'NONE', *, *, #5498, .F. ) ;
#4741 = DIRECTION ( 'NONE',  ( 1.000000000000000000, 0.0000000000000000000, 0.0000000000000000000 ) ) ;
#4742 = FACE_OUTER_BOUND ( 'NONE', #3031, .T. ) ;
#4743 = DIRECTION ( 'NONE',  ( 0.7071067811865468000, 0.0000000000000000000, 0.7071067811865483500 ) ) ;
#4744 = VERTEX_POINT ( 'NONE', #4258 ) ;
#4745 = CARTESIAN_POINT ( 'NONE',  ( 1.600000000000000500, -1.375000000000001300, 0.2000000000000000400 ) ) ;
#4746 = LINE ( 'NONE', #874, #4898 ) ;
#4747 = MECHANICAL_DESIGN_GEOMETRIC_PRESENTATION_REPRESENTATION (  '', ( #4820 ), #4720 ) ;
#4748 = VERTEX_POINT ( 'NONE', #4245 ) ;
#4749 = EDGE_CURVE ( 'NONE', #5857, #2418, #1197, .T. ) ;
#4750 = ADVANCED_FACE ( 'NONE', ( #6110 ), #2574, .F. ) ;
#4751 = DIRECTION ( 'NONE',  ( -0.0000000000000000000, 0.0000000000000000000, 1.000000000000000000 ) ) ;
#4752 = VECTOR ( 'NONE', #2027, 1000.000000000000000 ) ;
#4753 = PRESENTATION_STYLE_ASSIGNMENT (( #2874 ) ) ;
#4754 = MECHANICAL_DESIGN_GEOMETRIC_PRESENTATION_REPRESENTATION (  '', ( #4823 ), #4735 ) ;
#4755 = CARTESIAN_POINT ( 'NONE',  ( -0.3121951219512194600, 0.08645627078434514600, -1.179999999999999900 ) ) ;
#4756 = EDGE_CURVE ( 'NONE', #5527, #5962, #6088, .T. ) ;
#4757 = CIRCLE ( 'NONE', #1434, 0.05000000000000002400 ) ;
#4758 = CARTESIAN_POINT ( 'NONE',  ( 0.1615247091856815400, -0.09329571087619981100, -1.179999999999999500 ) ) ;
#4759 = ORIENTED_EDGE ( 'NONE', *, *, #4827, .F. ) ;
#4760 = FILL_AREA_STYLE_COLOUR ( '', #5787 ) ;
#4761 = LINE ( 'NONE', #3281, #4687 ) ;
#4762 = LINE ( 'NONE', #2610, #4789 ) ;
#4763 = VERTEX_POINT ( 'NONE', #1982 ) ;
#4764 = PRESENTATION_LAYER_ASSIGNMENT (  '', '', ( #4823 ) ) ;
#4765 = EDGE_CURVE ( 'NONE', #2112, #4763, #4295, .T. ) ;
#4766 = CARTESIAN_POINT ( 'NONE',  ( 3.075000000000000200, 1.525000000000000100, 0.2000000000000000100 ) ) ;
#4767 = DIRECTION ( 'NONE',  ( 0.0000000000000000000, 1.000000000000000000, 0.0000000000000000000 ) ) ;
#4768 = VECTOR ( 'NONE', #3004, 1000.000000000000000 ) ;
#4769 = ORIENTED_EDGE ( 'NONE', *, *, #1460, .F. ) ;
#4770 = CARTESIAN_POINT ( 'NONE',  ( -1.099999999999999600, -0.6250000000000001100, 0.6500000000000000200 ) ) ;
#4771 = DIRECTION ( 'NONE',  ( 1.000000000000000000, 0.0000000000000000000, 0.0000000000000000000 ) ) ;
#4772 = DIRECTION ( 'NONE',  ( 0.0000000000000000000, 0.0000000000000000000, -1.000000000000000000 ) ) ;
#4773 = ORIENTED_EDGE ( 'NONE', *, *, #624, .T. ) ;
#4774 =( GEOMETRIC_REPRESENTATION_CONTEXT ( 3 ) GLOBAL_UNCERTAINTY_ASSIGNED_CONTEXT ( ( #4674 ) ) GLOBAL_UNIT_ASSIGNED_CONTEXT ( ( #5583, #5579, #5571 ) ) REPRESENTATION_CONTEXT ( 'NONE', 'WORKASPACE' ) );
#4775 = VECTOR ( 'NONE', #3651, 1000.000000000000000 ) ;
#4776 = VECTOR ( 'NONE', #2542, 1000.000000000000000 ) ;
#4777 = CARTESIAN_POINT ( 'NONE',  ( -2.774999999999999900, 1.825000000000000000, 0.2000000000000000100 ) ) ;
#4778 = PRESENTATION_LAYER_ASSIGNMENT (  '', '', ( #4820 ) ) ;
#4779 = UNCERTAINTY_MEASURE_WITH_UNIT (LENGTH_MEASURE( 1.000000000000000100E-005 ), #3277, 'distance_accuracy_value', 'NONE');
#4780 = EDGE_CURVE ( 'NONE', #2333, #795, #3084, .T. ) ;
#4781 = VERTEX_POINT ( 'NONE', #1795 ) ;
#4782 = CARTESIAN_POINT ( 'NONE',  ( 0.2105399987577384600, -0.08586377625942097400, -1.199999999999999300 ) ) ;
#4783 = VECTOR ( 'NONE', #4166, 1000.000000000000000 ) ;
#4784 = CARTESIAN_POINT ( 'NONE',  ( -3.678553390593272800, -0.2999999999999999900, -1.199999999999999700 ) ) ;
#4785 = MECHANICAL_DESIGN_GEOMETRIC_PRESENTATION_REPRESENTATION (  '', ( #4848 ), #4774 ) ;
#4786 = AXIS2_PLACEMENT_3D ( 'NONE', #2288, #1756, #2838 ) ;
#4787 = ORIENTED_EDGE ( 'NONE', *, *, #1628, .T. ) ;
#4788 = AXIS2_PLACEMENT_3D ( 'NONE', #4035, #2427, #2470 ) ;
#4789 = VECTOR ( 'NONE', #2605, 1000.000000000000000 ) ;
#4790 = EDGE_CURVE ( 'NONE', #5120, #4380, #3694, .T. ) ;
#4791 = VECTOR ( 'NONE', #2469, 1000.000000000000000 ) ;
#4792 = FACE_OUTER_BOUND ( 'NONE', #3333, .T. ) ;
#4793 = DIRECTION ( 'NONE',  ( 0.0000000000000000000, -0.0000000000000000000, -1.000000000000000000 ) ) ;
#4794 = DIRECTION ( 'NONE',  ( 0.0000000000000000000, 0.0000000000000000000, -1.000000000000000000 ) ) ;
#4795 = ORIENTED_EDGE ( 'NONE', *, *, #3075, .T. ) ;
#4796 = CARTESIAN_POINT ( 'NONE',  ( -2.774999999999999900, 1.525000000000000100, 0.0000000000000000000 ) ) ;
#4797 = FILL_AREA_STYLE ('',( #3224 ) ) ;
#4798 = EDGE_CURVE ( 'NONE', #795, #3871, #5981, .T. ) ;
#4799 = ORIENTED_EDGE ( 'NONE', *, *, #5085, .T. ) ;
#4800 = CARTESIAN_POINT ( 'NONE',  ( 0.1243902439024392300, -0.08122665604492318400, -1.179999999999999900 ) ) ;
#4801 = VECTOR ( 'NONE', #3662, 1000.000000000000000 ) ;
#4802 = DIRECTION ( 'NONE',  ( -1.000000000000000000, 0.0000000000000000000, 0.0000000000000000000 ) ) ;
#4803 = EDGE_LOOP ( 'NONE', ( #156, #950, #1151, #5629, #2562, #4799 ) ) ;
#4804 = CARTESIAN_POINT ( 'NONE',  ( -3.289644660940672400, -0.2999999999999999900, -0.9146446609406726500 ) ) ;
#4805 = DIRECTION ( 'NONE',  ( 0.0000000000000000000, -1.000000000000000000, 0.0000000000000000000 ) ) ;
#4806 = LINE ( 'NONE', #1183, #5209 ) ;
#4807 = CARTESIAN_POINT ( 'NONE',  ( 0.2571755018642342700, 0.04405754226425279800, -1.199999999999999700 ) ) ;
#4808 = CARTESIAN_POINT ( 'NONE',  ( -3.254289321881345100, 0.2999999999999999900, -0.9499999999999999600 ) ) ;
#4809 = UNCERTAINTY_MEASURE_WITH_UNIT (LENGTH_MEASURE( 1.000000000000000100E-005 ), #2453, 'distance_accuracy_value', 'NONE');
#4810 = ORIENTED_EDGE ( 'NONE', *, *, #4330, .F. ) ;
#4811 = ORIENTED_EDGE ( 'NONE', *, *, #4198, .F. ) ;
#4812 = AXIS2_PLACEMENT_3D ( 'NONE', #5804, #298, #5933 ) ;
#4813 = VECTOR ( 'NONE', #257, 1000.000000000000000 ) ;
#4814 = DIRECTION ( 'NONE',  ( 0.0000000000000000000, 0.0000000000000000000, -1.000000000000000000 ) ) ;
#4815 = LINE ( 'NONE', #4289, #3124 ) ;
#4816 = ORIENTED_EDGE ( 'NONE', *, *, #2523, .F. ) ;
#4817 = ORIENTED_EDGE ( 'NONE', *, *, #4896, .T. ) ;
#4818 = AXIS2_PLACEMENT_3D ( 'NONE', #5351, #4646, #4794 ) ;
#4819 = CARTESIAN_POINT ( 'NONE',  ( 0.1397863994049394800, 0.08589138645217961300, -1.179999999999999900 ) ) ;
#4820 = STYLED_ITEM ( 'NONE', ( #4615 ), #4835 ) ;
#4821 = ORIENTED_EDGE ( 'NONE', *, *, #4173, .F. ) ;
#4822 =( LENGTH_UNIT ( ) NAMED_UNIT ( * ) SI_UNIT ( .MILLI., .METRE. ) );
#4823 = STYLED_ITEM ( 'NONE', ( #1911 ), #3053 ) ;
#4824 = COLOUR_RGB ( '',0.6666666666666666300, 0.6666666666666666300, 0.6666666666666666300 ) ;
#4825 = ORIENTED_EDGE ( 'NONE', *, *, #3294, .T. ) ;
#4826 =( LENGTH_UNIT ( ) NAMED_UNIT ( * ) SI_UNIT ( .MILLI., .METRE. ) );
#4827 = EDGE_CURVE ( 'NONE', #1319, #5445, #5714, .T. ) ;
#4828 = ORIENTED_EDGE ( 'NONE', *, *, #1160, .F. ) ;
#4829 = VECTOR ( 'NONE', #5760, 1000.000000000000000 ) ;
#4830 = VECTOR ( 'NONE', #3473, 1000.000000000000000 ) ;
#4831 = ORIENTED_EDGE ( 'NONE', *, *, #3810, .T. ) ;
#4832 = ORIENTED_EDGE ( 'NONE', *, *, #2813, .F. ) ;
#4833 =( LENGTH_UNIT ( ) NAMED_UNIT ( * ) SI_UNIT ( .MILLI., .METRE. ) );
#4834 = PRESENTATION_STYLE_ASSIGNMENT (( #2680 ) ) ;
#4835 = ADVANCED_FACE ( 'NONE', ( #5827 ), #2240, .T. ) ;
#4836 = CARTESIAN_POINT ( 'NONE',  ( 0.05853658536585373100, 0.06450505127215000500, -1.179999999999999900 ) ) ;
#4837 = ORIENTED_EDGE ( 'NONE', *, *, #4621, .F. ) ;
#4838 = SURFACE_STYLE_USAGE ( .BOTH. , #5137 ) ;
#4839 = CARTESIAN_POINT ( 'NONE',  ( -3.075000000000000200, -1.525000000000000100, 0.0000000000000000000 ) ) ;
#4840 = PRESENTATION_STYLE_ASSIGNMENT (( #409 ) ) ;
#4841 = ORIENTED_EDGE ( 'NONE', *, *, #3644, .F. ) ;
#4842 = B_SPLINE_CURVE_WITH_KNOTS ( 'NONE', 3,
 ( #314, #1421, #3765, #3094, #4721, #2020, #1441, #38, #118, #5782, #1343, #4910, #4291, #2666, #3804, #4485, #1872, #1844, #1832 ),
 .UNSPECIFIED., .F., .F.,
 ( 4, 1, 1, 1, 1, 1, 1, 1, 1, 1, 1, 1, 1, 1, 1, 1, 4 ),
 ( 0.0000000000000000000, 0.07082657255516258700, 0.1381690332797996000, 0.2024753315338422800, 0.2639737544135192200, 0.3233803205980372300, 0.3817976227131852900, 0.4393900745193888300, 0.4969027245459971500, 0.5546621696093698700, 0.6127418784921970800, 0.6715388363911721800, 0.7316557220901979100, 0.7942978116139529600, 0.8594822049793583400, 0.9276813254527898100, 1.000000000000000000 ),
 .UNSPECIFIED. ) ;
#4843 = CARTESIAN_POINT ( 'NONE',  ( -0.1173018292682925200, 0.06450505127215000500, -1.179999999999999900 ) ) ;
#4844 = CARTESIAN_POINT ( 'NONE',  ( -0.3247332317073169900, 0.06206602688190609300, -1.200000000000000000 ) ) ;
#4845 = VECTOR ( 'NONE', #1407, 1000.000000000000000 ) ;
#4846 = DIRECTION ( 'NONE',  ( -1.000000000000000000, 0.0000000000000000000, -0.0000000000000000000 ) ) ;
#4847 = ORIENTED_EDGE ( 'NONE', *, *, #4724, .T. ) ;
#4848 = STYLED_ITEM ( 'NONE', ( #907 ), #497 ) ;
#4849 = DIRECTION ( 'NONE',  ( 1.000000000000000000, 0.0000000000000000000, 0.0000000000000000000 ) ) ;
#4850 = PLANE ( 'NONE',  #2225 ) ;
#4851 = EDGE_CURVE ( 'NONE', #4106, #4526, #1586, .T. ) ;
#4852 = CARTESIAN_POINT ( 'NONE',  ( 0.1243902439024392600, -0.1031778755571183300, -1.180000000000000200 ) ) ;
#4853 = ORIENTED_EDGE ( 'NONE', *, *, #3149, .F. ) ;
#4854 = DIRECTION ( 'NONE',  ( -1.000000000000000000, 0.0000000000000000000, 0.0000000000000000000 ) ) ;
#4855 = CARTESIAN_POINT ( 'NONE',  ( 0.2731707317073172600, -0.01731659506931341300, -1.200000000000000000 ) ) ;
#4856 = VECTOR ( 'NONE', #3042, 1000.000000000000000 ) ;
#4857 = DIRECTION ( 'NONE',  ( -0.7071067811865483500, 0.0000000000000000000, 0.7071067811865468000 ) ) ;
#4858 = LINE ( 'NONE', #3797, #4775 ) ;
#4859 = CARTESIAN_POINT ( 'NONE',  ( -0.1201496845095805000, 0.06444645243833113700, -1.180000000000000200 ) ) ;
#4860 = AXIS2_PLACEMENT_3D ( 'NONE', #4197, #4179, #3893 ) ;
#4861 = ORIENTED_EDGE ( 'NONE', *, *, #2332, .T. ) ;
#4862 = SURFACE_SIDE_STYLE ('',( #3222 ) ) ;
#4863 = EDGE_CURVE ( 'NONE', #6045, #254, #1287, .T. ) ;
#4864 = VECTOR ( 'NONE', #1383, 1000.000000000000000 ) ;
#4865 = CARTESIAN_POINT ( 'NONE',  ( -3.289644660940672400, 0.2999999999999999900, -0.9146446609406726500 ) ) ;
#4866 = PLANE ( 'NONE',  #5006 ) ;
#4867 = VERTEX_POINT ( 'NONE', #2294 ) ;
#4868 = CARTESIAN_POINT ( 'NONE',  ( 0.2463414634146343700, -0.01567787555711829700, -1.179999999999999900 ) ) ;
#4869 = LINE ( 'NONE', #2776, #1049 ) ;
#4870 = EDGE_CURVE ( 'NONE', #1015, #3331, #4700, .T. ) ;
#4871 = ORIENTED_EDGE ( 'NONE', *, *, #3330, .T. ) ;
#4872 = CIRCLE ( 'NONE', #2018, 0.04999999999999969700 ) ;
#4873 = CARTESIAN_POINT ( 'NONE',  ( -0.3585746951219511700, -0.03549494872785000800, -1.179999999999999900 ) ) ;
#4874 = CARTESIAN_POINT ( 'NONE',  ( -0.1338389877774934000, 0.06344125015096573100, -1.179999999999999900 ) ) ;
#4875 = EDGE_LOOP ( 'NONE', ( #5211, #3059, #2223 ) ) ;
#4876 = CARTESIAN_POINT ( 'NONE',  ( -0.1488426371532152500, 0.05986921925024838600, -1.179999999999999900 ) ) ;
#4877 = CARTESIAN_POINT ( 'NONE',  ( -3.254289321881345100, -0.2999999999999999900, -0.9499999999999999600 ) ) ;
#4878 = DIRECTION ( 'NONE',  ( 0.0000000000000000000, 0.0000000000000000000, 1.000000000000000000 ) ) ;
#4879 = CARTESIAN_POINT ( 'NONE',  ( -0.1415452625973436200, 0.06197772996354809800, -1.179999999999999900 ) ) ;
#4880 = EDGE_LOOP ( 'NONE', ( #740, #5948, #4093, #5451 ) ) ;
#4881 = CARTESIAN_POINT ( 'NONE',  ( -0.1621667594353078400, 0.05387870597293960300, -1.179999999999999300 ) ) ;
#4882 = PRESENTATION_LAYER_ASSIGNMENT (  '', '', ( #4848 ) ) ;
#4883 = CARTESIAN_POINT ( 'NONE',  ( -0.1153582317073169100, -0.1135437292156548900, -1.179999999999999900 ) ) ;
#4884 = LINE ( 'NONE', #5676, #5172 ) ;
#4885 = LINE ( 'NONE', #3021, #1220 ) ;
#4886 = FILL_AREA_STYLE ('',( #5956 ) ) ;
#4887 = ORIENTED_EDGE ( 'NONE', *, *, #3330, .F. ) ;
#4888 = EDGE_CURVE ( 'NONE', #4604, #4559, #4169, .T. ) ;
#4889 = CARTESIAN_POINT ( 'NONE',  ( -0.1557087235299224300, 0.05716703404309954300, -1.180000000000000200 ) ) ;
#4890 = CARTESIAN_POINT ( 'NONE',  ( 0.1794207317073172900, -0.1159827536058988000, -1.179999999999999900 ) ) ;
#4891 = ORIENTED_EDGE ( 'NONE', *, *, #4593, .T. ) ;
#4892 =( GEOMETRIC_REPRESENTATION_CONTEXT ( 3 ) GLOBAL_UNCERTAINTY_ASSIGNED_CONTEXT ( ( #5751 ) ) GLOBAL_UNIT_ASSIGNED_CONTEXT ( ( #5093, #5055, #5125 ) ) REPRESENTATION_CONTEXT ( 'NONE', 'WORKASPACE' ) );
#4893 = DIRECTION ( 'NONE',  ( -0.0000000000000000000, -0.0000000000000000000, -1.000000000000000000 ) ) ;
#4894 =( GEOMETRIC_REPRESENTATION_CONTEXT ( 3 ) GLOBAL_UNCERTAINTY_ASSIGNED_CONTEXT ( ( #5619 ) ) GLOBAL_UNIT_ASSIGNED_CONTEXT ( ( #3603, #3578, #3073 ) ) REPRESENTATION_CONTEXT ( 'NONE', 'WORKASPACE' ) );
#4895 = CARTESIAN_POINT ( 'NONE',  ( -0.1737589632940249000, 0.04551219858461069700, -1.179999999999999700 ) ) ;
#4896 = EDGE_CURVE ( 'NONE', #457, #1342, #4945, .T. ) ;
#4897 = CARTESIAN_POINT ( 'NONE',  ( -0.1681661583256999200, 0.04996235194264950200, -1.180000000000000200 ) ) ;
#4898 = VECTOR ( 'NONE', #753, 1000.000000000000000 ) ;
#4899 = ORIENTED_EDGE ( 'NONE', *, *, #1001, .F. ) ;
#4900 = SURFACE_SIDE_STYLE ('',( #2977 ) ) ;
#4901 = CARTESIAN_POINT ( 'NONE',  ( -0.1939377579061583000, 0.006054822687732421000, -1.180000000000000400 ) ) ;
#4902 = ADVANCED_FACE ( 'NONE', ( #2383 ), #5889, .T. ) ;
#4903 = CARTESIAN_POINT ( 'NONE',  ( -0.1831883263901186200, 0.03474534075202492800, -1.179999999999999900 ) ) ;
#4904 = ORIENTED_EDGE ( 'NONE', *, *, #342, .F. ) ;
#4905 = EDGE_CURVE ( 'NONE', #5401, #2628, #3972, .T. ) ;
#4906 = CARTESIAN_POINT ( 'NONE',  ( -0.1173018292682925200, 0.06450505127215000500, -1.200000000000000000 ) ) ;
#4907 = DIRECTION ( 'NONE',  ( 0.0000000000000000000, -1.000000000000000000, 0.0000000000000000000 ) ) ;
#4908 = CARTESIAN_POINT ( 'NONE',  ( -0.1788076729792854600, 0.04045028410505905500, -1.179999999999999700 ) ) ;
#4909 = EDGE_LOOP ( 'NONE', ( #215, #5434, #4321 ) ) ;
#4910 = CARTESIAN_POINT ( 'NONE',  ( -0.1835300405155219100, -0.05902503598977714600, -1.199999999999999700 ) ) ;
#4911 = FILL_AREA_STYLE_COLOUR ( '', #666 ) ;
#4912 = EDGE_CURVE ( 'NONE', #998, #2395, #2611, .T. ) ;
#4913 = CARTESIAN_POINT ( 'NONE',  ( -0.1899147987621731300, 0.02157196707669248000, -1.180000000000000200 ) ) ;
#4914 = CYLINDRICAL_SURFACE ( 'NONE', #4818, 0.05000000000000002400 ) ;
#4915 =( NAMED_UNIT ( * ) PLANE_ANGLE_UNIT ( ) SI_UNIT ( $, .RADIAN. ) );
#4916 = FILL_AREA_STYLE ('',( #435 ) ) ;
#4917 = LINE ( 'NONE', #2615, #4470 ) ;
#4918 = CARTESIAN_POINT ( 'NONE',  ( -0.1869002926901580400, 0.02846283506620592500, -1.179999999999999900 ) ) ;
#4919 = CARTESIAN_POINT ( 'NONE',  ( -0.1922765608969350900, 0.01411221771489681500, -1.179999999999999700 ) ) ;
#4920 = ORIENTED_EDGE ( 'NONE', *, *, #5816, .F. ) ;
#4921 = CARTESIAN_POINT ( 'NONE',  ( 3.075000000000000200, -0.2999999999999999900, -0.6999999999999999600 ) ) ;
#4922 = MECHANICAL_DESIGN_GEOMETRIC_PRESENTATION_REPRESENTATION (  '', ( #4996 ), #4892 ) ;
#4923 = VERTEX_POINT ( 'NONE', #924 ) ;
#4924 = CARTESIAN_POINT ( 'NONE',  ( -0.2916920731707316500, -0.03549494872785000800, -1.200000000000000000 ) ) ;
#4925 = MECHANICAL_DESIGN_GEOMETRIC_PRESENTATION_REPRESENTATION (  '', ( #5010 ), #4894 ) ;
#4926 = DIRECTION ( 'NONE',  ( -1.000000000000000000, 0.0000000000000000000, 0.0000000000000000000 ) ) ;
#4927 =( NAMED_UNIT ( * ) PLANE_ANGLE_UNIT ( ) SI_UNIT ( $, .RADIAN. ) );
#4928 = ORIENTED_EDGE ( 'NONE', *, *, #2303, .F. ) ;
#4929 = CARTESIAN_POINT ( 'NONE',  ( 1.100000000000000100, 0.4249999999999999300, 1.100000000000000100 ) ) ;
#4930 = CARTESIAN_POINT ( 'NONE',  ( -0.1951219512195120400, -0.01160013165467927600, -1.179999999999999900 ) ) ;
#4931 =( LENGTH_UNIT ( ) NAMED_UNIT ( * ) SI_UNIT ( .MILLI., .METRE. ) );
#4932 = VECTOR ( 'NONE', #3980, 1000.000000000000000 ) ;
#4933 = CARTESIAN_POINT ( 'NONE',  ( 0.2478134352078894300, -0.08903125916084422800, -1.200000000000000200 ) ) ;
#4934 = EDGE_CURVE ( 'NONE', #4502, #4032, #3502, .T. ) ;
#4935 = VERTEX_POINT ( 'NONE', #3948 ) ;
#4936 = LINE ( 'NONE', #803, #5048 ) ;
#4937 = DIRECTION ( 'NONE',  ( 0.0000000000000000000, 1.000000000000000000, 2.202967291916745000E-013 ) ) ;
#4938 = SURFACE_STYLE_USAGE ( .BOTH. , #2084 ) ;
#4939 = CARTESIAN_POINT ( 'NONE',  ( 3.075000000000000200, 1.525000000000000100, -1.200000000000000000 ) ) ;
#4940 = LINE ( 'NONE', #4362, #621 ) ;
#4941 = ORIENTED_EDGE ( 'NONE', *, *, #3635, .T. ) ;
#4942 = CARTESIAN_POINT ( 'NONE',  ( 0.2729131545563061600, -0.005810222533636486900, -1.179999999999999900 ) ) ;
#4943 = B_SPLINE_CURVE_WITH_KNOTS ( 'NONE', 3,
 ( #2154, #2034, #2164, #3799, #3511, #3409, #2191, #810, #2300, #2368, #2334, #2291, #2433, #2491, #2632, #4671, #4563, #4070, #4040 ),
 .UNSPECIFIED., .F., .F.,
 ( 4, 1, 1, 1, 1, 1, 1, 1, 1, 1, 1, 1, 1, 1, 1, 1, 4 ),
 ( 0.0000000000000000000, 0.07082657255516258700, 0.1381690332797996000, 0.2024753315338422800, 0.2639737544135192200, 0.3233803205980372300, 0.3817976227131852900, 0.4393900745193888300, 0.4969027245459971500, 0.5546621696093698700, 0.6127418784921970800, 0.6715388363911721800, 0.7316557220901979100, 0.7942978116139529600, 0.8594822049793583400, 0.9276813254527898100, 1.000000000000000000 ),
 .UNSPECIFIED. ) ;
#4944 =( GEOMETRIC_REPRESENTATION_CONTEXT ( 3 ) GLOBAL_UNCERTAINTY_ASSIGNED_CONTEXT ( ( #3731 ) ) GLOBAL_UNIT_ASSIGNED_CONTEXT ( ( #4826, #4710, #4438 ) ) REPRESENTATION_CONTEXT ( 'NONE', 'WORKASPACE' ) );
#4945 = CIRCLE ( 'NONE', #4609, 0.2999999999999999300 ) ;
#4946 = DIRECTION ( 'NONE',  ( -0.0000000000000000000, -0.0000000000000000000, 1.000000000000000000 ) ) ;
#4947 = DIRECTION ( 'NONE',  ( 0.0000000000000000000, 0.0000000000000000000, -1.000000000000000000 ) ) ;
#4948 = EDGE_LOOP ( 'NONE', ( #411, #4025, #3778, #1006 ) ) ;
#4949 = ORIENTED_EDGE ( 'NONE', *, *, #371, .T. ) ;
#4950 = PRESENTATION_STYLE_ASSIGNMENT (( #4044 ) ) ;
#4951 = COLOUR_RGB ( '',0.6666666666666666300, 0.6666666666666666300, 0.6666666666666666300 ) ;
#4952 = EDGE_LOOP ( 'NONE', ( #4690, #4920, #5091, #2538 ) ) ;
#4953 = CARTESIAN_POINT ( 'NONE',  ( 4.000000000000000000, -0.2999999999999999900, -0.9999999999999997800 ) ) ;
#4954 = EDGE_LOOP ( 'NONE', ( #654, #4769, #1698, #3593, #1897, #2967, #4114, #4633, #206, #3709, #2745, #1087 ) ) ;
#4955 =( NAMED_UNIT ( * ) SI_UNIT ( $, .STERADIAN. ) SOLID_ANGLE_UNIT ( ) );
#4956 = VECTOR ( 'NONE', #4017, 1000.000000000000000 ) ;
#4957 = CARTESIAN_POINT ( 'NONE',  ( -0.1915315272766468800, 0.06051641087021593400, -1.179999999999999700 ) ) ;
#4958 = VECTOR ( 'NONE', #2091, 1000.000000000000000 ) ;
#4959 = LINE ( 'NONE', #5837, #2920 ) ;
#4960 = CARTESIAN_POINT ( 'NONE',  ( -0.3245000152128256800, 0.06064184842426192200, -1.199999999999999700 ) ) ;
#4961 = PRESENTATION_LAYER_ASSIGNMENT (  '', '', ( #4996 ) ) ;
#4962 = CARTESIAN_POINT ( 'NONE',  ( 0.2621008848268769900, 0.03523717468546756100, -1.200000000000000000 ) ) ;
#4963 = PRESENTATION_LAYER_ASSIGNMENT (  '', '', ( #4491 ) ) ;
#4964 = DIRECTION ( 'NONE',  ( -0.0000000000000000000, -1.000000000000000000, -0.0000000000000000000 ) ) ;
#4965 = VECTOR ( 'NONE', #3054, 1000.000000000000000 ) ;
#4966 = ORIENTED_EDGE ( 'NONE', *, *, #3380, .T. ) ;
#4967 = CARTESIAN_POINT ( 'NONE',  ( -1.099999999999999600, 0.6249999999999998900, 1.100000000000000100 ) ) ;
#4968 = DIRECTION ( 'NONE',  ( -0.0000000000000000000, -1.000000000000000000, -0.0000000000000000000 ) ) ;
#4969 = AXIS2_PLACEMENT_3D ( 'NONE', #5457, #4686, #5310 ) ;
#4970 = MECHANICAL_DESIGN_GEOMETRIC_PRESENTATION_REPRESENTATION (  '', ( #5017 ), #4944 ) ;
#4971 = FACE_OUTER_BOUND ( 'NONE', #5296, .T. ) ;
#4972 = CARTESIAN_POINT ( 'NONE',  ( 0.1418457944630610900, -0.08912952349880565200, -1.179999999999999900 ) ) ;
#4973 = ORIENTED_EDGE ( 'NONE', *, *, #5851, .F. ) ;
#4974 = CARTESIAN_POINT ( 'NONE',  ( 3.431066017177982100, 0.2999999999999999900, -0.7732233047033633100 ) ) ;
#4975 = FACE_OUTER_BOUND ( 'NONE', #1327, .T. ) ;
#4976 =( NAMED_UNIT ( * ) SI_UNIT ( $, .STERADIAN. ) SOLID_ANGLE_UNIT ( ) );
#4977 = CARTESIAN_POINT ( 'NONE',  ( -0.1173018292682925200, 0.06450505127215000500, -1.200000000000000000 ) ) ;
#4978 =( NAMED_UNIT ( * ) PLANE_ANGLE_UNIT ( ) SI_UNIT ( $, .RADIAN. ) );
#4979 = ORIENTED_EDGE ( 'NONE', *, *, #4756, .F. ) ;
#4980 = PRESENTATION_STYLE_ASSIGNMENT (( #712 ) ) ;
#4981 = UNCERTAINTY_MEASURE_WITH_UNIT (LENGTH_MEASURE( 1.000000000000000100E-005 ), #5116, 'distance_accuracy_value', 'NONE');
#4982 = PRESENTATION_LAYER_ASSIGNMENT (  '', '', ( #5017 ) ) ;
#4983 = ORIENTED_EDGE ( 'NONE', *, *, #1772, .T. ) ;
#4984 = CARTESIAN_POINT ( 'NONE',  ( -0.08780487804878033000, -0.09159250970345976500, -1.179999999999999900 ) ) ;
#4985 = LINE ( 'NONE', #3517, #4624 ) ;
#4986 = LINE ( 'NONE', #1156, #3601 ) ;
#4987 = UNCERTAINTY_MEASURE_WITH_UNIT (LENGTH_MEASURE( 1.000000000000000100E-005 ), #5072, 'distance_accuracy_value', 'NONE');
#4988 = CIRCLE ( 'NONE', #2100, 0.1999999999999999800 ) ;
#4989 = ORIENTED_EDGE ( 'NONE', *, *, #4678, .F. ) ;
#4990 = EDGE_CURVE ( 'NONE', #4763, #3378, #2959, .T. ) ;
#4991 = LINE ( 'NONE', #3891, #4932 ) ;
#4992 = FILL_AREA_STYLE ('',( #5865 ) ) ;
#4993 = CARTESIAN_POINT ( 'NONE',  ( -0.3215320121951219000, 0.04804163663800364900, -1.200000000000000000 ) ) ;
#4994 = DIRECTION ( 'NONE',  ( -1.000000000000000000, 0.0000000000000000000, 0.0000000000000000000 ) ) ;
#4995 = ORIENTED_EDGE ( 'NONE', *, *, #4107, .F. ) ;
#4996 = STYLED_ITEM ( 'NONE', ( #1863 ), #431 ) ;
#4997 = ORIENTED_EDGE ( 'NONE', *, *, #388, .T. ) ;
#4998 = LINE ( 'NONE', #2939, #4965 ) ;
#4999 = CIRCLE ( 'NONE', #4373, 0.2000000000000000900 ) ;
#5000 = PRESENTATION_LAYER_ASSIGNMENT (  '', '', ( #5010 ) ) ;
#5001 = FACE_OUTER_BOUND ( 'NONE', #2789, .T. ) ;
#5002 = CARTESIAN_POINT ( 'NONE',  ( 1.100000000000000100, 0.0000000000000000000, 1.300000000000000300 ) ) ;
#5003 = EDGE_CURVE ( 'NONE', #2420, #4475, #4358, .T. ) ;
#5004 = ORIENTED_EDGE ( 'NONE', *, *, #4934, .F. ) ;
#5005 = CARTESIAN_POINT ( 'NONE',  ( -3.254289321881345100, -0.2999999999999999900, -0.7000000000000000700 ) ) ;
#5006 = AXIS2_PLACEMENT_3D ( 'NONE', #5378, #5452, #1618 ) ;
#5007 = CARTESIAN_POINT ( 'NONE',  ( 0.2731707317073172600, -0.01731659506931341300, -1.200000000000000000 ) ) ;
#5008 = CARTESIAN_POINT ( 'NONE',  ( 3.643198051533945500, -0.2999999999999999900, -0.9853553390593271500 ) ) ;
#5009 = VERTEX_POINT ( 'NONE', #3528 ) ;
#5010 = STYLED_ITEM ( 'NONE', ( #2589 ), #4750 ) ;
#5011 = SURFACE_STYLE_USAGE ( .BOTH. , #6034 ) ;
#5012 = EDGE_CURVE ( 'NONE', #4331, #5622, #5569, .T. ) ;
#5013 =( LENGTH_UNIT ( ) NAMED_UNIT ( * ) SI_UNIT ( .MILLI., .METRE. ) );
#5014 = CIRCLE ( 'NONE', #241, 0.1999999999999999800 ) ;
#5015 = DIRECTION ( 'NONE',  ( -0.0000000000000000000, -0.0000000000000000000, 1.000000000000000000 ) ) ;
#5016 = EDGE_LOOP ( 'NONE', ( #3491, #1530, #2956, #2051 ) ) ;
#5017 = STYLED_ITEM ( 'NONE', ( #5079 ), #2968 ) ;
#5018 = TOROIDAL_SURFACE ( 'NONE', #2057, 0.01715728752538110700, 0.2000000000000000100 ) ;
#5019 = EDGE_CURVE ( 'NONE', #5542, #2621, #3317, .T. ) ;
#5020 = FACE_BOUND ( 'NONE', #5270, .T. ) ;
#5021 = PLANE ( 'NONE',  #4969 ) ;
#5022 = ORIENTED_EDGE ( 'NONE', *, *, #3935, .T. ) ;
#5023 = DIRECTION ( 'NONE',  ( 1.000000000000000000, -0.0000000000000000000, -0.0000000000000000000 ) ) ;
#5024 = SURFACE_STYLE_FILL_AREA ( #3102 ) ;
#5025 = DIRECTION ( 'NONE',  ( 0.0000000000000000000, -0.0000000000000000000, -1.000000000000000000 ) ) ;
#5026 = ORIENTED_EDGE ( 'NONE', *, *, #371, .F. ) ;
#5027 = ORIENTED_EDGE ( 'NONE', *, *, #2823, .F. ) ;
#5028 = AXIS2_PLACEMENT_3D ( 'NONE', #4877, #12, #5 ) ;
#5029 = DIRECTION ( 'NONE',  ( 1.000000000000000000, 0.0000000000000000000, 0.0000000000000000000 ) ) ;
#5030 = CARTESIAN_POINT ( 'NONE',  ( 0.1691167082044572100, 0.06691216754312613600, -1.200000000000000200 ) ) ;
#5031 = EDGE_CURVE ( 'NONE', #4703, #302, #4999, .T. ) ;
#5032 = SURFACE_STYLE_USAGE ( .BOTH. , #4862 ) ;
#5033 = ORIENTED_EDGE ( 'NONE', *, *, #3312, .T. ) ;
#5034 = CARTESIAN_POINT ( 'NONE',  ( -0.1628509332098246100, -0.07988026679007810500, -1.179999999999999900 ) ) ;
#5035 = ORIENTED_EDGE ( 'NONE', *, *, #946, .T. ) ;
#5036 = TOROIDAL_SURFACE ( 'NONE', #1930, 0.01715728752538116600, 0.2000000000000000100 ) ;
#5037 = ORIENTED_EDGE ( 'NONE', *, *, #615, .F. ) ;
#5038 = B_SPLINE_SURFACE_WITH_KNOTS ( 'NONE', 3, 1, ( 
 ( #4159, #4844 ),
 ( #4131, #4105 ),
 ( #3939, #3913 ),
 ( #3874, #3851 ),
 ( #3800, #3596 ),
 ( #3372, #3254 ),
 ( #3209, #3133 ) ),
 .UNSPECIFIED., .F., .F., .F.,
 ( 4, 1, 1, 1, 4 ),
 ( 2, 2 ),
 ( 0.0000000000000000000, 0.3005411131585078400, 0.5677471464835985900, 0.8000336137369795700, 1.000000000000000000 ),
 ( 0.0000000000000000000, 1.000000000000000000 ),
 .UNSPECIFIED. ) ;
#5039 = CARTESIAN_POINT ( 'NONE',  ( 3.678553390593272800, -0.2999999999999999900, -0.9499999999999998400 ) ) ;
#5040 = CARTESIAN_POINT ( 'NONE',  ( 0.1243902439024392300, -0.08122665604492318400, -1.179999999999999900 ) ) ;
#5041 = DIRECTION ( 'NONE',  ( -1.000000000000000000, 0.0000000000000000000, 0.0000000000000000000 ) ) ;
#5042 = EDGE_LOOP ( 'NONE', ( #3821, #5610, #5440, #540, #374, #4663, #5633, #4461, #6052, #821, #4989, #4238 ) ) ;
#5043 = VECTOR ( 'NONE', #1903, 1000.000000000000000 ) ;
#5044 = CARTESIAN_POINT ( 'NONE',  ( 0.1996005553237163200, -0.1144801859040185700, -1.179999999999999900 ) ) ;
#5045 = LINE ( 'NONE', #80, #242 ) ;
#5046 = ORIENTED_EDGE ( 'NONE', *, *, #972, .T. ) ;
#5047 = DIRECTION ( 'NONE',  ( 0.0000000000000000000, 0.0000000000000000000, -1.000000000000000000 ) ) ;
#5048 = VECTOR ( 'NONE', #798, 999.9999999999998900 ) ;
#5049 = EDGE_CURVE ( 'NONE', #4923, #493, #4201, .T. ) ;
#5050 = CARTESIAN_POINT ( 'NONE',  ( 0.0000000000000000000, 0.0000000000000000000, -1.179999999999999900 ) ) ;
#5051 = CARTESIAN_POINT ( 'NONE',  ( 3.075000000000000200, 1.525000000000000100, 0.0000000000000000000 ) ) ;
#5052 = EDGE_LOOP ( 'NONE', ( #526, #1061, #912, #5289, #3943, #4127, #524, #5918, #2376, #4617, #5756, #6062 ) ) ;
#5053 = PRESENTATION_STYLE_ASSIGNMENT (( #2382 ) ) ;
#5054 = DIRECTION ( 'NONE',  ( -0.0000000000000000000, -0.0000000000000000000, -1.000000000000000000 ) ) ;
#5055 =( NAMED_UNIT ( * ) PLANE_ANGLE_UNIT ( ) SI_UNIT ( $, .RADIAN. ) );
#5056 = ORIENTED_EDGE ( 'NONE', *, *, #476, .F. ) ;
#5057 = CARTESIAN_POINT ( 'NONE',  ( -3.075000000000000200, 1.525000000000000100, 0.0000000000000000000 ) ) ;
#5058 = AXIS2_PLACEMENT_3D ( 'NONE', #532, #511, #1849 ) ;
#5059 = CARTESIAN_POINT ( 'NONE',  ( 0.1733090012527025400, -0.09399982598421959000, -1.180000000000000200 ) ) ;
#5060 = EDGE_CURVE ( 'NONE', #5727, #3494, #2541, .T. ) ;
#5061 =( NAMED_UNIT ( * ) PLANE_ANGLE_UNIT ( ) SI_UNIT ( $, .RADIAN. ) );
#5062 = ADVANCED_FACE ( 'NONE', ( #5227 ), #304, .T. ) ;
#5063 = ORIENTED_EDGE ( 'NONE', *, *, #3436, .F. ) ;
#5064 = CARTESIAN_POINT ( 'NONE',  ( -3.431066017177982100, 0.2999999999999999900, -0.7732233047033633100 ) ) ;
#5065 = VECTOR ( 'NONE', #2275, 1000.000000000000000 ) ;
#5066 = CARTESIAN_POINT ( 'NONE',  ( -0.1336562576735571000, -0.09039112849559040300, -1.200000000000000200 ) ) ;
#5067 = VERTEX_POINT ( 'NONE', #4625 ) ;
#5068 = PLANE ( 'NONE',  #2257 ) ;
#5069 = CIRCLE ( 'NONE', #640, 0.2999999999999999300 ) ;
#5070 = FILL_AREA_STYLE_COLOUR ( '', #3660 ) ;
#5071 = AXIS2_PLACEMENT_3D ( 'NONE', #5064, #4702, #5276 ) ;
#5072 =( LENGTH_UNIT ( ) NAMED_UNIT ( * ) SI_UNIT ( .MILLI., .METRE. ) );
#5073 =( NAMED_UNIT ( * ) SI_UNIT ( $, .STERADIAN. ) SOLID_ANGLE_UNIT ( ) );
#5074 = AXIS2_PLACEMENT_3D ( 'NONE', #1631, #4306, #4287 ) ;
#5075 = DIRECTION ( 'NONE',  ( 1.000000000000000000, 0.0000000000000000000, 0.0000000000000000000 ) ) ;
#5076 = SURFACE_STYLE_FILL_AREA ( #4135 ) ;
#5077 =( NAMED_UNIT ( * ) SI_UNIT ( $, .STERADIAN. ) SOLID_ANGLE_UNIT ( ) );
#5078 = FACE_OUTER_BOUND ( 'NONE', #3231, .T. ) ;
#5079 = PRESENTATION_STYLE_ASSIGNMENT (( #5011 ) ) ;
#5080 = AXIS2_PLACEMENT_3D ( 'NONE', #106, #100, #87 ) ;
#5081 =( LENGTH_UNIT ( ) NAMED_UNIT ( * ) SI_UNIT ( .MILLI., .METRE. ) );
#5082 =( NAMED_UNIT ( * ) PLANE_ANGLE_UNIT ( ) SI_UNIT ( $, .RADIAN. ) );
#5083 = AXIS2_PLACEMENT_3D ( 'NONE', #3964, #5187, #3932 ) ;
#5084 = CARTESIAN_POINT ( 'NONE',  ( -1.099999999999999600, 0.6249999999999998900, 0.6500000000000000200 ) ) ;
#5085 = EDGE_CURVE ( 'NONE', #2424, #3347, #3595, .T. ) ;
#5086 = CARTESIAN_POINT ( 'NONE',  ( 0.05853658536585373100, -0.02329982677663049900, -1.200000000000000000 ) ) ;
#5087 = FACE_OUTER_BOUND ( 'NONE', #99, .T. ) ;
#5088 = DIRECTION ( 'NONE',  ( -0.0000000000000000000, -0.0000000000000000000, -1.000000000000000000 ) ) ;
#5089 = VERTEX_POINT ( 'NONE', #3320 ) ;
#5090 = SURFACE_STYLE_FILL_AREA ( #2462 ) ;
#5091 = ORIENTED_EDGE ( 'NONE', *, *, #4349, .F. ) ;
#5092 = ADVANCED_FACE ( 'NONE', ( #416 ), #4656, .T. ) ;
#5093 =( LENGTH_UNIT ( ) NAMED_UNIT ( * ) SI_UNIT ( .MILLI., .METRE. ) );
#5094 = CARTESIAN_POINT ( 'NONE',  ( 0.1299214521751906300, -0.08434209360001505800, -1.179999999999999900 ) ) ;
#5095 = VERTEX_POINT ( 'NONE', #4745 ) ;
#5096 = SURFACE_SIDE_STYLE ('',( #5957 ) ) ;
#5097 = EDGE_CURVE ( 'NONE', #543, #5314, #63, .T. ) ;
#5098 = CARTESIAN_POINT ( 'NONE',  ( 0.2218752463731901400, -0.07789261882876226400, -1.179999999999999500 ) ) ;
#5099 = CARTESIAN_POINT ( 'NONE',  ( -3.678553390593272800, -0.2999999999999999900, -0.9499999999999998400 ) ) ;
#5100 = VECTOR ( 'NONE', #4597, 1000.000000000000000 ) ;
#5101 = ORIENTED_EDGE ( 'NONE', *, *, #784, .T. ) ;
#5102 = ORIENTED_EDGE ( 'NONE', *, *, #2687, .F. ) ;
#5103 = VECTOR ( 'NONE', #4893, 1000.000000000000000 ) ;
#5104 = CARTESIAN_POINT ( 'NONE',  ( -1.099999999999999600, -0.4250000000000001600, 1.300000000000000300 ) ) ;
#5105 = ORIENTED_EDGE ( 'NONE', *, *, #4912, .T. ) ;
#5107 = CARTESIAN_POINT ( 'NONE',  ( -0.1950563951030298000, -0.008535954627172673300, -1.179999999999999900 ) ) ;
#5106 = CARTESIAN_POINT ( 'NONE',  ( 0.2717180696636441500, -0.03838034191718281400, -1.180000000000000200 ) ) ;
#5108 = DIRECTION ( 'NONE',  ( -1.000000000000000000, 0.0000000000000000000, 6.047221112270354800E-016 ) ) ;
#5109 = DIRECTION ( 'NONE',  ( 0.0000000000000000000, 0.0000000000000000000, 1.000000000000000000 ) ) ;
#5110 = EDGE_CURVE ( 'NONE', #5095, #515, #6, .T. ) ;
#5111 = CARTESIAN_POINT ( 'NONE',  ( 0.1712271341463416600, 0.06694407566239389500, -1.179999999999999900 ) ) ;
#5112 = VERTEX_POINT ( 'NONE', #454 ) ;
#5113 = DIRECTION ( 'NONE',  ( 0.0000000000000000000, 1.000000000000000000, 0.0000000000000000000 ) ) ;
#5114 = CYLINDRICAL_SURFACE ( 'NONE', #200, 0.1999999999999999800 ) ;
#5115 = B_SPLINE_SURFACE_WITH_KNOTS ( 'NONE', 3, 1, ( 
 ( #2249, #2325 ),
 ( #2232, #2224 ),
 ( #2189, #2182 ),
 ( #2173, #2151 ),
 ( #2134, #2122 ),
 ( #2105, #2033 ),
 ( #2024, #2002 ),
 ( #1991, #1984 ),
 ( #1969, #1951 ),
 ( #1915, #1907 ),
 ( #1882, #1804 ) ),
 .UNSPECIFIED., .F., .F., .F.,
 ( 4, 1, 1, 1, 1, 1, 1, 1, 4 ),
 ( 2, 2 ),
 ( 0.0000000000000000000, 0.1124483899088006700, 0.2265276752126778900, 0.3444019493260281900, 0.4658649724874587300, 0.5916594493521169000, 0.7221684870248876700, 0.8586063875549264600, 1.000000000000000000 ),
 ( 0.0000000000000000000, 1.000000000000000000 ),
 .UNSPECIFIED. ) ;
#5116 =( LENGTH_UNIT ( ) NAMED_UNIT ( * ) SI_UNIT ( .MILLI., .METRE. ) );
#5117 = EDGE_LOOP ( 'NONE', ( #5568, #5580, #4037, #4847, #5279 ) ) ;
#5118 = CARTESIAN_POINT ( 'NONE',  ( 0.2461773843219637900, -0.02431309065502015200, -1.200000000000000000 ) ) ;
#5119 = CARTESIAN_POINT ( 'NONE',  ( 1.617157287525381500, 0.8249999999999997300, 0.6500000000000000200 ) ) ;
#5120 = VERTEX_POINT ( 'NONE', #1950 ) ;
#5121 = FILL_AREA_STYLE ('',( #5124 ) ) ;
#5122 = FACE_OUTER_BOUND ( 'NONE', #1462, .T. ) ;
#5123 = ORIENTED_EDGE ( 'NONE', *, *, #4780, .F. ) ;
#5124 = FILL_AREA_STYLE_COLOUR ( '', #2038 ) ;
#5125 =( NAMED_UNIT ( * ) SI_UNIT ( $, .STERADIAN. ) SOLID_ANGLE_UNIT ( ) );
#5126 = VECTOR ( 'NONE', #2932, 1000.000000000000000 ) ;
#5127 = PLANE ( 'NONE',  #2922 ) ;
#5128 = ORIENTED_EDGE ( 'NONE', *, *, #1860, .T. ) ;
#5129 = DIRECTION ( 'NONE',  ( 0.0000000000000000000, 0.0000000000000000000, -1.000000000000000000 ) ) ;
#5130 = EDGE_CURVE ( 'NONE', #578, #478, #21, .T. ) ;
#5131 = FACE_OUTER_BOUND ( 'NONE', #2461, .T. ) ;
#5132 = CARTESIAN_POINT ( 'NONE',  ( -0.02195121951219506200, -0.1135437292156548900, -1.179999999999999900 ) ) ;
#5133 = VECTOR ( 'NONE', #3412, 1000.000000000000000 ) ;
#5134 = CARTESIAN_POINT ( 'NONE',  ( 0.2315043360035419500, -0.06742881655735452600, -1.179999999999999900 ) ) ;
#5135 = PLANE ( 'NONE',  #5071 ) ;
#5136 = LINE ( 'NONE', #3437, #5126 ) ;
#5137 = SURFACE_SIDE_STYLE ('',( #1783 ) ) ;
#5138 =( GEOMETRIC_REPRESENTATION_CONTEXT ( 3 ) GLOBAL_UNCERTAINTY_ASSIGNED_CONTEXT ( ( #1229 ) ) GLOBAL_UNIT_ASSIGNED_CONTEXT ( ( #560, #554, #552 ) ) REPRESENTATION_CONTEXT ( 'NONE', 'WORKASPACE' ) );
#5139 = VERTEX_POINT ( 'NONE', #5220 ) ;
#5140 = SURFACE_STYLE_FILL_AREA ( #2926 ) ;
#5141 = CARTESIAN_POINT ( 'NONE',  ( 0.2633976313149060100, -0.06619095325964795300, -1.200000000000000200 ) ) ;
#5142 = PRESENTATION_STYLE_ASSIGNMENT (( #3207 ) ) ;
#5143 = DIRECTION ( 'NONE',  ( -6.047221112270354800E-016, 0.0000000000000000000, -1.000000000000000000 ) ) ;
#5144 = PLANE ( 'NONE',  #5245 ) ;
#5145 = ORIENTED_EDGE ( 'NONE', *, *, #97, .T. ) ;
#5146 = DIRECTION ( 'NONE',  ( 0.3222024856061125900, -0.9466707760722534700, 0.0000000000000000000 ) ) ;
#5147 = FILL_AREA_STYLE ('',( #1466 ) ) ;
#5148 = CARTESIAN_POINT ( 'NONE',  ( 0.2355015395541701100, -0.06140504623047721200, -1.179999999999999900 ) ) ;
#5149 = ORIENTED_EDGE ( 'NONE', *, *, #2575, .F. ) ;
#5150 = ADVANCED_FACE ( 'NONE', ( #1534, #2253 ), #5715, .F. ) ;
#5151 = CARTESIAN_POINT ( 'NONE',  ( 0.1579308389948292900, 0.08843800442137282600, -1.199999999999999500 ) ) ;
#5152 =( GEOMETRIC_REPRESENTATION_CONTEXT ( 3 ) GLOBAL_UNCERTAINTY_ASSIGNED_CONTEXT ( ( #3621 ) ) GLOBAL_UNIT_ASSIGNED_CONTEXT ( ( #5081, #5082, #5073 ) ) REPRESENTATION_CONTEXT ( 'NONE', 'WORKASPACE' ) );
#5153 = DIRECTION ( 'NONE',  ( -4.910211476549720700E-015, 2.202967291916745000E-013, -1.000000000000000000 ) ) ;
#5154 = ORIENTED_EDGE ( 'NONE', *, *, #88, .F. ) ;
#5155 = DIRECTION ( 'NONE',  ( -1.000000000000000000, 0.0000000000000000000, 0.0000000000000000000 ) ) ;
#5156 = DIRECTION ( 'NONE',  ( 0.0000000000000000000, 0.0000000000000000000, -1.000000000000000000 ) ) ;
#5157 = ORIENTED_EDGE ( 'NONE', *, *, #3644, .T. ) ;
#5158 = MECHANICAL_DESIGN_GEOMETRIC_PRESENTATION_REPRESENTATION (  '', ( #5252 ), #5152 ) ;
#5159 = MECHANICAL_DESIGN_GEOMETRIC_PRESENTATION_REPRESENTATION (  '', ( #5299 ), #5138 ) ;
#5160 = CARTESIAN_POINT ( 'NONE',  ( -0.2105136504150879600, -0.06200978271469219400, -1.200000000000000000 ) ) ;
#5161 = CARTESIAN_POINT ( 'NONE',  ( -0.2849466463414633300, -0.05744616824004512800, -1.200000000000000000 ) ) ;
#5162 = EDGE_CURVE ( 'NONE', #2418, #462, #5420, .T. ) ;
#5163 = CIRCLE ( 'NONE', #2199, 0.2000000000000000900 ) ;
#5164 = ORIENTED_EDGE ( 'NONE', *, *, #2058, .T. ) ;
#5165 = EDGE_LOOP ( 'NONE', ( #3697, #4510, #4013, #860 ) ) ;
#5166 =( NAMED_UNIT ( * ) SI_UNIT ( $, .STERADIAN. ) SOLID_ANGLE_UNIT ( ) );
#5167 = SURFACE_STYLE_FILL_AREA ( #3770 ) ;
#5168 = ORIENTED_EDGE ( 'NONE', *, *, #3356, .T. ) ;
#5169 = CARTESIAN_POINT ( 'NONE',  ( -1.600000000000000100, 1.375000000000001300, 0.2000000000000000400 ) ) ;
#5170 = PRESENTATION_LAYER_ASSIGNMENT (  '', '', ( #5299 ) ) ;
#5171 = EDGE_CURVE ( 'NONE', #4326, #3814, #2903, .T. ) ;
#5172 = VECTOR ( 'NONE', #4441, 1000.000000000000000 ) ;
#5173 = SURFACE_STYLE_USAGE ( .BOTH. , #5316 ) ;
#5174 = ORIENTED_EDGE ( 'NONE', *, *, #3777, .T. ) ;
#5175 = CARTESIAN_POINT ( 'NONE',  ( 0.2383418975825458700, 0.02568609217659681400, -1.179999999999999700 ) ) ;
#5176 = ADVANCED_FACE ( 'NONE', ( #1810 ), #744, .F. ) ;
#5177 = LINE ( 'NONE', #3092, #5199 ) ;
#5178 = CARTESIAN_POINT ( 'NONE',  ( -0.3215320121951219000, 0.04804163663800364900, -1.179999999999999900 ) ) ;
#5179 = COLOUR_RGB ( '',0.5019607843137254800, 0.0000000000000000000, 0.0000000000000000000 ) ;
#5180 = ORIENTED_EDGE ( 'NONE', *, *, #2717, .T. ) ;
#5181 = CARTESIAN_POINT ( 'NONE',  ( 0.2451872258220930700, 0.002214378422911184300, -1.179999999999999900 ) ) ;
#5182 = VERTEX_POINT ( 'NONE', #264 ) ;
#5183 =( GEOMETRIC_REPRESENTATION_CONTEXT ( 3 ) GLOBAL_UNCERTAINTY_ASSIGNED_CONTEXT ( ( #5947 ) ) GLOBAL_UNIT_ASSIGNED_CONTEXT ( ( #58, #866, #1081 ) ) REPRESENTATION_CONTEXT ( 'NONE', 'WORKASPACE' ) );
#5184 = EDGE_CURVE ( 'NONE', #5219, #1493, #2792, .T. ) ;
#5185 = CARTESIAN_POINT ( 'NONE',  ( 0.2304539914712645800, 0.03887667032820230100, -1.180000000000000200 ) ) ;
#5186 = LINE ( 'NONE', #2073, #1436 ) ;
#5187 = DIRECTION ( 'NONE',  ( 0.0000000000000000000, -1.000000000000000000, 0.0000000000000000000 ) ) ;
#5188 = ORIENTED_EDGE ( 'NONE', *, *, #5049, .F. ) ;
#5189 = ORIENTED_EDGE ( 'NONE', *, *, #1243, .F. ) ;
#5190 = PRESENTATION_LAYER_ASSIGNMENT (  '', '', ( #5252 ) ) ;
#5191 = CARTESIAN_POINT ( 'NONE',  ( -0.08780487804878033000, 0.06450505127215000500, -1.179999999999999900 ) ) ;
#5192 = VECTOR ( 'NONE', #4348, 1000.000000000000000 ) ;
#5193 = CARTESIAN_POINT ( 'NONE',  ( 1.100000000000000100, -0.4250000000000001600, 1.100000000000000100 ) ) ;
#5194 = COLOUR_RGB ( '',0.5019607843137254800, 0.0000000000000000000, 0.0000000000000000000 ) ;
#5195 = DIRECTION ( 'NONE',  ( 0.0000000000000000000, 1.000000000000000000, 0.0000000000000000000 ) ) ;
#5196 = VERTEX_POINT ( 'NONE', #981 ) ;
#5197 = CARTESIAN_POINT ( 'NONE',  ( 0.1896820629506213700, -0.1157538963558070200, -1.179999999999999700 ) ) ;
#5198 = CARTESIAN_POINT ( 'NONE',  ( 1.300000000000000300, -0.6250000000000001100, 1.100000000000000100 ) ) ;
#5199 = VECTOR ( 'NONE', #3011, 1000.000000000000000 ) ;
#5200 = LINE ( 'NONE', #3646, #3749 ) ;
#5201 = CARTESIAN_POINT ( 'NONE',  ( -0.08780487804878033000, -0.09159250970345976500, -1.179999999999999900 ) ) ;
#5202 = ORIENTED_EDGE ( 'NONE', *, *, #1266, .F. ) ;
#5203 = VERTEX_POINT ( 'NONE', #292 ) ;
#5204 = EDGE_CURVE ( 'NONE', #3438, #5662, #1232, .T. ) ;
#5205 = PRESENTATION_STYLE_ASSIGNMENT (( #3032 ) ) ;
#5206 = CARTESIAN_POINT ( 'NONE',  ( 0.2164120947852220300, -0.08223731089326599700, -1.180000000000000600 ) ) ;
#5207 = CARTESIAN_POINT ( 'NONE',  ( 0.1691304205581628000, 0.08887862628746733000, -1.199999999999999700 ) ) ;
#5208 = PRESENTATION_STYLE_ASSIGNMENT (( #4110 ) ) ;
#5209 = VECTOR ( 'NONE', #3329, 1000.000000000000000 ) ;
#5210 = EDGE_CURVE ( 'NONE', #5857, #5853, #5539, .T. ) ;
#5211 = ORIENTED_EDGE ( 'NONE', *, *, #5742, .T. ) ;
#5212 = SURFACE_STYLE_USAGE ( .BOTH. , #2221 ) ;
#5213 = ORIENTED_EDGE ( 'NONE', *, *, #1789, .T. ) ;
#5214 = CIRCLE ( 'NONE', #2220, 0.2999999999999999300 ) ;
#5215 = SURFACE_STYLE_FILL_AREA ( #2750 ) ;
#5216 = MECHANICAL_DESIGN_GEOMETRIC_PRESENTATION_REPRESENTATION (  '', ( #5281 ), #5183 ) ;
#5217 = ORIENTED_EDGE ( 'NONE', *, *, #4610, .F. ) ;
#5218 = EDGE_CURVE ( 'NONE', #4582, #5203, #5635, .T. ) ;
#5219 = VERTEX_POINT ( 'NONE', #6029 ) ;
#5220 = CARTESIAN_POINT ( 'NONE',  ( 3.075000000000000200, 1.525000000000000100, 0.0000000000000000000 ) ) ;
#5221 = FACE_OUTER_BOUND ( 'NONE', #3309, .T. ) ;
#5222 = ORIENTED_EDGE ( 'NONE', *, *, #4451, .F. ) ;
#5223 = AXIS2_PLACEMENT_3D ( 'NONE', #982, #932, #922 ) ;
#5224 = ORIENTED_EDGE ( 'NONE', *, *, #988, .F. ) ;
#5225 = CARTESIAN_POINT ( 'NONE',  ( 0.2463414634146343700, -0.01567787555711829700, -1.199999999999999700 ) ) ;
#5226 = EDGE_CURVE ( 'NONE', #1314, #1195, #5291, .T. ) ;
#5227 = FACE_OUTER_BOUND ( 'NONE', #4952, .T. ) ;
#5228 = VECTOR ( 'NONE', #3009, 1000.000000000000000 ) ;
#5229 = FACE_OUTER_BOUND ( 'NONE', #1658, .T. ) ;
#5230 = ORIENTED_EDGE ( 'NONE', *, *, #1472, .F. ) ;
#5231 = CARTESIAN_POINT ( 'NONE',  ( -3.678553390593272800, 0.2999999999999999900, -0.9999999999999997800 ) ) ;
#5232 = FACE_OUTER_BOUND ( 'NONE', #3637, .T. ) ;
#5233 = DIRECTION ( 'NONE',  ( 1.000000000000000000, 0.0000000000000000000, 0.0000000000000000000 ) ) ;
#5234 = COLOUR_RGB ( '',0.6666666666666666300, 0.6666666666666666300, 0.6666666666666666300 ) ;
#5235 = VERTEX_POINT ( 'NONE', #4454 ) ;
#5236 = MECHANICAL_DESIGN_GEOMETRIC_PRESENTATION_REPRESENTATION (  '', ( #64 ), #4500 ) ;
#5237 = CARTESIAN_POINT ( 'NONE',  ( 0.2207792283696413700, 0.07764510506547064900, -1.200000000000000000 ) ) ;
#5238 = LINE ( 'NONE', #2833, #5303 ) ;
#5239 = LINE ( 'NONE', #5040, #2846 ) ;
#5240 = EDGE_LOOP ( 'NONE', ( #1447, #3215, #1503, #25 ) ) ;
#5241 = CARTESIAN_POINT ( 'NONE',  ( -0.1492801332280030700, -0.08650051062716254700, -1.200000000000000400 ) ) ;
#5242 = CARTESIAN_POINT ( 'NONE',  ( 0.1712271341463416600, 0.06694407566239389500, -1.199999999999999700 ) ) ;
#5243 = DIRECTION ( 'NONE',  ( -1.000000000000000000, 0.0000000000000000000, 0.0000000000000000000 ) ) ;
#5244 = EDGE_LOOP ( 'NONE', ( #71, #1000, #111, #659 ) ) ;
#5245 = AXIS2_PLACEMENT_3D ( 'NONE', #4957, #5153, #4937 ) ;
#5246 = ADVANCED_FACE ( 'NONE', ( #3618 ), #5268, .T. ) ;
#5247 = PRESENTATION_LAYER_ASSIGNMENT (  '', '', ( #5281 ) ) ;
#5248 = ORIENTED_EDGE ( 'NONE', *, *, #4426, .F. ) ;
#5249 = CARTESIAN_POINT ( 'NONE',  ( 0.2218752463731901400, -0.07789261882876226400, -1.199999999999999500 ) ) ;
#5250 = CARTESIAN_POINT ( 'NONE',  ( 2.774999999999999900, 1.525000000000000100, -1.200000000000000000 ) ) ;
#5251 = DIRECTION ( 'NONE',  ( 0.0000000000000000000, 1.000000000000000000, 0.0000000000000000000 ) ) ;
#5252 = STYLED_ITEM ( 'NONE', ( #2357 ), #398 ) ;
#5253 = AXIS2_PLACEMENT_3D ( 'NONE', #1028, #1275, #1012 ) ;
#5254 = ORIENTED_EDGE ( 'NONE', *, *, #3810, .F. ) ;
#5255 = AXIS2_PLACEMENT_3D ( 'NONE', #4614, #4085, #4266 ) ;
#5256 = VECTOR ( 'NONE', #303, 1000.000000000000000 ) ;
#5257 =( NAMED_UNIT ( * ) SI_UNIT ( $, .STERADIAN. ) SOLID_ANGLE_UNIT ( ) );
#5258 =( NAMED_UNIT ( * ) PLANE_ANGLE_UNIT ( ) SI_UNIT ( $, .RADIAN. ) );
#5259 = DIRECTION ( 'NONE',  ( -0.0000000000000000000, -1.000000000000000000, -0.0000000000000000000 ) ) ;
#5260 = FACE_OUTER_BOUND ( 'NONE', #2490, .T. ) ;
#5261 = CYLINDRICAL_SURFACE ( 'NONE', #5902, 0.1999999999999999800 ) ;
#5262 = FACE_OUTER_BOUND ( 'NONE', #2519, .T. ) ;
#5263 = B_SPLINE_CURVE_WITH_KNOTS ( 'NONE', 3,
 ( #2588, #3392, #2702, #2725, #2784, #2888, #3013, #3180, #2832, #3521, #2492, #4422, #3881, #5934, #3417, #4022, #5949, #3203, #4906 ),
 .UNSPECIFIED., .F., .F.,
 ( 4, 1, 1, 1, 1, 1, 1, 1, 1, 1, 1, 1, 1, 1, 1, 1, 4 ),
 ( 0.0000000000000000000, 0.07430379644281595600, 0.1443936103644178900, 0.2104994961032796700, 0.2735426065034680100, 0.3338247445790734600, 0.3925296724085026700, 0.4500874545995855500, 0.5078206115557881700, 0.5654649127768467400, 0.6231487223336197300, 0.6812971927909354800, 0.7409134981565808100, 0.8018557521958579200, 0.8652412377209430800, 0.9309416570467440300, 1.000000000000000000 ),
 .UNSPECIFIED. ) ;
#5264 = ORIENTED_EDGE ( 'NONE', *, *, #2377, .F. ) ;
#5265 = CARTESIAN_POINT ( 'NONE',  ( 0.1691167082044572100, 0.06691216754312613600, -1.200000000000000200 ) ) ;
#5266 = VECTOR ( 'NONE', #3712, 1000.000000000000000 ) ;
#5267 = LINE ( 'NONE', #1768, #3025 ) ;
#5268 = PLANE ( 'NONE',  #3537 ) ;
#5269 = SURFACE_SIDE_STYLE ('',( #1371 ) ) ;
#5270 = EDGE_LOOP ( 'NONE', ( #790, #85, #3885, #5472, #5824 ) ) ;
#5271 =( LENGTH_UNIT ( ) NAMED_UNIT ( * ) SI_UNIT ( .MILLI., .METRE. ) );
#5272 = ORIENTED_EDGE ( 'NONE', *, *, #979, .T. ) ;
#5273 = DIRECTION ( 'NONE',  ( 0.0000000000000000000, 0.0000000000000000000, -1.000000000000000000 ) ) ;
#5274 = ORIENTED_EDGE ( 'NONE', *, *, #2477, .F. ) ;
#5275 = DIRECTION ( 'NONE',  ( -0.0000000000000000000, 0.0000000000000000000, -1.000000000000000000 ) ) ;
#5276 = DIRECTION ( 'NONE',  ( 0.7071067811865469100, 0.0000000000000000000, 0.7071067811865482400 ) ) ;
#5277 = AXIS2_PLACEMENT_3D ( 'NONE', #5525, #4693, #5275 ) ;
#5278 = VECTOR ( 'NONE', #587, 1000.000000000000000 ) ;
#5279 = ORIENTED_EDGE ( 'NONE', *, *, #4542, .T. ) ;
#5280 = ORIENTED_EDGE ( 'NONE', *, *, #1019, .T. ) ;
#5281 = STYLED_ITEM ( 'NONE', ( #4980 ), #4723 ) ;
#5282 = DIRECTION ( 'NONE',  ( 0.0000000000000000000, 0.7071067811865489100, 0.7071067811865462400 ) ) ;
#5283 = EDGE_CURVE ( 'NONE', #2245, #3868, #2617, .T. ) ;
#5284 = COLOUR_RGB ( '',0.6666666666666666300, 0.6666666666666666300, 0.6666666666666666300 ) ;
#5285 = CARTESIAN_POINT ( 'NONE',  ( 3.075000000000000200, 0.2999999999999999900, -0.9000000000000000200 ) ) ;
#5286 = LINE ( 'NONE', #4178, #5266 ) ;
#5287 = EDGE_LOOP ( 'NONE', ( #2345, #5928, #439, #885 ) ) ;
#5288 = CARTESIAN_POINT ( 'NONE',  ( -1.099999999999999600, 0.4249999999999999300, 1.100000000000000100 ) ) ;
#5289 = ORIENTED_EDGE ( 'NONE', *, *, #3744, .T. ) ;
#5290 = ORIENTED_EDGE ( 'NONE', *, *, #1071, .T. ) ;
#5291 = LINE ( 'NONE', #3152, #4791 ) ;
#5292 = AXIS2_PLACEMENT_3D ( 'NONE', #834, #741, #278 ) ;
#5293 = CARTESIAN_POINT ( 'NONE',  ( 0.2730836270162847500, -0.01342549284735400200, -1.199999999999999700 ) ) ;
#5294 = EDGE_CURVE ( 'NONE', #1036, #4244, #3233, .T. ) ;
#5295 = PRESENTATION_STYLE_ASSIGNMENT (( #259 ) ) ;
#5296 = EDGE_LOOP ( 'NONE', ( #2167, #1672, #4544, #599 ) ) ;
#5297 = CARTESIAN_POINT ( 'NONE',  ( 2.774999999999999900, 1.525000000000000100, -1.200000000000000000 ) ) ;
#5298 = CARTESIAN_POINT ( 'NONE',  ( 0.1357843638661675500, -0.08689471127733124100, -1.200000000000000000 ) ) ;
#5299 = STYLED_ITEM ( 'NONE', ( #2209 ), #2855 ) ;
#5300 = ORIENTED_EDGE ( 'NONE', *, *, #4286, .F. ) ;
#5301 = DIRECTION ( 'NONE',  ( 0.0000000000000000000, 0.0000000000000000000, -1.000000000000000000 ) ) ;
#5302 = EDGE_CURVE ( 'NONE', #5089, #1082, #5465, .T. ) ;
#5303 = VECTOR ( 'NONE', #2966, 1000.000000000000000 ) ;
#5304 = ORIENTED_EDGE ( 'NONE', *, *, #1922, .T. ) ;
#5305 = CARTESIAN_POINT ( 'NONE',  ( 0.2355015395541701100, -0.06140504623047721200, -1.200000000000000000 ) ) ;
#5306 =( GEOMETRIC_REPRESENTATION_CONTEXT ( 3 ) GLOBAL_UNCERTAINTY_ASSIGNED_CONTEXT ( ( #1277 ) ) GLOBAL_UNIT_ASSIGNED_CONTEXT ( ( #1045, #1033, #1032 ) ) REPRESENTATION_CONTEXT ( 'NONE', 'WORKASPACE' ) );
#5307 = CIRCLE ( 'NONE', #2255, 0.2499999999999998900 ) ;
#5308 = CARTESIAN_POINT ( 'NONE',  ( -0.3215320121951219000, 0.04804163663800364900, -1.179999999999999900 ) ) ;
#5309 = VERTEX_POINT ( 'NONE', #1592 ) ;
#5310 = DIRECTION ( 'NONE',  ( 0.0000000000000000000, -0.0000000000000000000, -1.000000000000000000 ) ) ;
#5311 = CARTESIAN_POINT ( 'NONE',  ( 0.2661528228705887800, 0.02585014676871782600, -1.200000000000000200 ) ) ;
#5312 = CARTESIAN_POINT ( 'NONE',  ( 0.1649376273469086700, 0.06684898285240290000, -1.200000000000000400 ) ) ;
#5313 = VECTOR ( 'NONE', #4946, 1000.000000000000000 ) ;
#5314 = VERTEX_POINT ( 'NONE', #4476 ) ;
#5315 = ORIENTED_EDGE ( 'NONE', *, *, #3802, .T. ) ;
#5316 = SURFACE_SIDE_STYLE ('',( #1968 ) ) ;
#5317 = LINE ( 'NONE', #4939, #5313 ) ;
#5318 = SURFACE_STYLE_FILL_AREA ( #1720 ) ;
#5319 = ORIENTED_EDGE ( 'NONE', *, *, #1403, .F. ) ;
#5320 = CARTESIAN_POINT ( 'NONE',  ( 0.2729858971236830400, -0.02803324754007206400, -1.180000000000000200 ) ) ;
#5321 = CARTESIAN_POINT ( 'NONE',  ( -0.1174161585365852000, 0.08645627078434514600, -1.200000000000000000 ) ) ;
#5322 = AXIS2_PLACEMENT_3D ( 'NONE', #5039, #4968, #4802 ) ;
#5323 = COLOUR_RGB ( '',0.6666666666666666300, 0.6666666666666666300, 0.6666666666666666300 ) ;
#5324 = CARTESIAN_POINT ( 'NONE',  ( -0.3121951219512194600, 0.08645627078434514600, -1.179999999999999900 ) ) ;
#5325 = ORIENTED_EDGE ( 'NONE', *, *, #4749, .T. ) ;
#5326 = CARTESIAN_POINT ( 'NONE',  ( -0.1563050106243020200, -0.08349138648533764600, -1.199999999999999700 ) ) ;
#5327 = DIRECTION ( 'NONE',  ( -0.0000000000000000000, -0.0000000000000000000, -1.000000000000000000 ) ) ;
#5328 = SURFACE_STYLE_FILL_AREA ( #213 ) ;
#5329 = CARTESIAN_POINT ( 'NONE',  ( -0.1481230814520069500, -0.1098200431419019300, -1.180000000000000200 ) ) ;
#5330 = DIRECTION ( 'NONE',  ( -1.000000000000000000, 0.0000000000000000000, 0.0000000000000000000 ) ) ;
#5331 = EDGE_CURVE ( 'NONE', #864, #2333, #2829, .T. ) ;
#5332 = CIRCLE ( 'NONE', #728, 0.1585786437626904300 ) ;
#5333 = CARTESIAN_POINT ( 'NONE',  ( -0.3218342969810834000, 0.04895321223935608600, -1.200000000000000200 ) ) ;
#5334 = UNCERTAINTY_MEASURE_WITH_UNIT (LENGTH_MEASURE( 1.000000000000000100E-005 ), #1992, 'distance_accuracy_value', 'NONE');
#5335 = SURFACE_STYLE_USAGE ( .BOTH. , #5519 ) ;
#5336 = ORIENTED_EDGE ( 'NONE', *, *, #5110, .F. ) ;
#5337 = CYLINDRICAL_SURFACE ( 'NONE', #4447, 0.1999999999999999800 ) ;
#5338 = B_SPLINE_CURVE_WITH_KNOTS ( 'NONE', 3,
 ( #2256, #2278, #2205, #2152, #2143, #2119, #2113, #2098, #2090, #2081, #2074 ),
 .UNSPECIFIED., .F., .F.,
 ( 4, 1, 1, 1, 1, 1, 1, 1, 4 ),
 ( 0.0000000000000000000, 0.1124483899088006700, 0.2265276752126778900, 0.3444019493260281900, 0.4658649724874587300, 0.5916594493521169000, 0.7221684870248876700, 0.8586063875549264600, 1.000000000000000000 ),
 .UNSPECIFIED. ) ;
#5339 = MECHANICAL_DESIGN_GEOMETRIC_PRESENTATION_REPRESENTATION (  '', ( #5411 ), #5306 ) ;
#5340 =( NAMED_UNIT ( * ) PLANE_ANGLE_UNIT ( ) SI_UNIT ( $, .RADIAN. ) );
#5341 = ORIENTED_EDGE ( 'NONE', *, *, #4096, .T. ) ;
#5342 = VECTOR ( 'NONE', #4397, 1000.000000000000000 ) ;
#5343 = CARTESIAN_POINT ( 'NONE',  ( 0.1714557926829270400, 0.08889529517458903700, -1.200000000000000000 ) ) ;
#5344 = SURFACE_STYLE_FILL_AREA ( #4572 ) ;
#5345 = DIRECTION ( 'NONE',  ( 0.3363908276654485300, -0.9417224702971435100, 0.0000000000000000000 ) ) ;
#5346 = ORIENTED_EDGE ( 'NONE', *, *, #645, .T. ) ;
#5347 =( NAMED_UNIT ( * ) PLANE_ANGLE_UNIT ( ) SI_UNIT ( $, .RADIAN. ) );
#5348 = CARTESIAN_POINT ( 'NONE',  ( 0.1833373355326561900, -0.09383531736523874300, -1.200000000000000200 ) ) ;
#5349 = FACE_OUTER_BOUND ( 'NONE', #437, .T. ) ;
#5350 = ORIENTED_EDGE ( 'NONE', *, *, #3255, .T. ) ;
#5351 = CARTESIAN_POINT ( 'NONE',  ( -3.254289321881345100, 0.2999999999999999900, -0.9499999999999999600 ) ) ;
#5352 = FILL_AREA_STYLE ('',( #5070 ) ) ;
#5353 = AXIS2_PLACEMENT_3D ( 'NONE', #4685, #3787, #5243 ) ;
#5354 = ORIENTED_EDGE ( 'NONE', *, *, #4905, .F. ) ;
#5355 = EDGE_CURVE ( 'NONE', #5219, #5979, #3470, .T. ) ;
#5356 =( LENGTH_UNIT ( ) NAMED_UNIT ( * ) SI_UNIT ( .MILLI., .METRE. ) );
#5357 = SURFACE_STYLE_USAGE ( .BOTH. , #4660 ) ;
#5358 = VECTOR ( 'NONE', #369, 1000.000000000000000 ) ;
#5359 = ORIENTED_EDGE ( 'NONE', *, *, #5553, .F. ) ;
#5360 =( GEOMETRIC_REPRESENTATION_CONTEXT ( 3 ) GLOBAL_UNCERTAINTY_ASSIGNED_CONTEXT ( ( #2440 ) ) GLOBAL_UNIT_ASSIGNED_CONTEXT ( ( #5271, #5258, #5257 ) ) REPRESENTATION_CONTEXT ( 'NONE', 'WORKASPACE' ) );
#5361 = PRESENTATION_LAYER_ASSIGNMENT (  '', '', ( #5411 ) ) ;
#5362 = FILL_AREA_STYLE ('',( #5653 ) ) ;
#5363 =( GEOMETRIC_REPRESENTATION_CONTEXT ( 3 ) GLOBAL_UNCERTAINTY_ASSIGNED_CONTEXT ( ( #4705 ) ) GLOBAL_UNIT_ASSIGNED_CONTEXT ( ( #372, #391, #360 ) ) REPRESENTATION_CONTEXT ( 'NONE', 'WORKASPACE' ) );
#5364 = UNCERTAINTY_MEASURE_WITH_UNIT (LENGTH_MEASURE( 1.000000000000000100E-005 ), #4375, 'distance_accuracy_value', 'NONE');
#5365 = CARTESIAN_POINT ( 'NONE',  ( -0.3247332317073169900, 0.06206602688190609300, -1.200000000000000000 ) ) ;
#5366 = EDGE_LOOP ( 'NONE', ( #5877, #2557, #5494, #5556 ) ) ;
#5367 = CARTESIAN_POINT ( 'NONE',  ( -2.774999999999999900, -1.525000000000000100, 0.0000000000000000000 ) ) ;
#5368 = CARTESIAN_POINT ( 'NONE',  ( 0.2478134352078894300, -0.08903125916084422800, -1.180000000000000200 ) ) ;
#5369 = FACE_OUTER_BOUND ( 'NONE', #1923, .T. ) ;
#5370 = SURFACE_SIDE_STYLE ('',( #4334 ) ) ;
#5371 = LINE ( 'NONE', #4409, #5342 ) ;
#5372 = LINE ( 'NONE', #168, #2862 ) ;
#5373 = FILL_AREA_STYLE ('',( #5550 ) ) ;
#5374 = VERTEX_POINT ( 'NONE', #5698 ) ;
#5375 = CARTESIAN_POINT ( 'NONE',  ( 0.1714557926829270400, 0.08889529517458903700, -1.179999999999999900 ) ) ;
#5376 = FACE_OUTER_BOUND ( 'NONE', #683, .T. ) ;
#5377 = SURFACE_STYLE_USAGE ( .BOTH. , #5408 ) ;
#5378 = CARTESIAN_POINT ( 'NONE',  ( 0.3926829268292683600, -0.1135437292156548900, -1.179999999999999900 ) ) ;
#5379 = ORIENTED_EDGE ( 'NONE', *, *, #6076, .F. ) ;
#5380 = CARTESIAN_POINT ( 'NONE',  ( 0.2339522418752299500, -0.1009236664434705100, -1.200000000000000400 ) ) ;
#5381 = FACE_BOUND ( 'NONE', #3969, .T. ) ;
#5382 = MECHANICAL_DESIGN_GEOMETRIC_PRESENTATION_REPRESENTATION (  '', ( #5469 ), #5363 ) ;
#5383 = CARTESIAN_POINT ( 'NONE',  ( 0.1712271341463416600, 0.06694407566239389500, -1.200000000000000000 ) ) ;
#5384 = ORIENTED_EDGE ( 'NONE', *, *, #4621, .T. ) ;
#5385 = ORIENTED_EDGE ( 'NONE', *, *, #4426, .T. ) ;
#5386 = FACE_OUTER_BOUND ( 'NONE', #3994, .T. ) ;
#5387 = CARTESIAN_POINT ( 'NONE',  ( 0.1243902439024392600, 0.08096846590629636100, -1.200000000000000200 ) ) ;
#5388 = MECHANICAL_DESIGN_GEOMETRIC_PRESENTATION_REPRESENTATION (  '', ( #5437 ), #5360 ) ;
#5389 = CARTESIAN_POINT ( 'NONE',  ( -0.1762809209111886600, -0.09796758987420398100, -1.180000000000000600 ) ) ;
#5390 = EDGE_CURVE ( 'NONE', #4380, #3438, #1799, .T. ) ;
#5391 = SURFACE_STYLE_USAGE ( .BOTH. , #5370 ) ;
#5392 = PRESENTATION_STYLE_ASSIGNMENT (( #3214 ) ) ;
#5393 = CARTESIAN_POINT ( 'NONE',  ( -0.1173018292682925200, 0.06450505127215000500, -1.179999999999999900 ) ) ;
#5394 = COLOUR_RGB ( '',0.6666666666666666300, 0.6666666666666666300, 0.6666666666666666300 ) ;
#5395 = COLOUR_RGB ( '',0.6666666666666666300, 0.6666666666666666300, 0.6666666666666666300 ) ;
#5396 = PLANE ( 'NONE',  #4226 ) ;
#5397 = AXIS2_PLACEMENT_3D ( 'NONE', #1285, #1255, #1239 ) ;
#5398 = LINE ( 'NONE', #3600, #673 ) ;
#5399 = CARTESIAN_POINT ( 'NONE',  ( 0.2388447287713187400, -0.05490237805974329500, -1.200000000000000000 ) ) ;
#5400 = EDGE_CURVE ( 'NONE', #5203, #5702, #2948, .T. ) ;
#5401 = VERTEX_POINT ( 'NONE', #3876 ) ;
#5402 =( LENGTH_UNIT ( ) NAMED_UNIT ( * ) SI_UNIT ( .MILLI., .METRE. ) );
#5403 = CARTESIAN_POINT ( 'NONE',  ( -0.3253810975609755500, 0.06206602688190609300, -1.200000000000000000 ) ) ;
#5404 = ADVANCED_FACE ( 'NONE', ( #1363 ), #4038, .F. ) ;
#5405 = FACE_OUTER_BOUND ( 'NONE', #1125, .T. ) ;
#5406 = DIRECTION ( 'NONE',  ( -1.000000000000000000, 0.0000000000000000000, 0.0000000000000000000 ) ) ;
#5407 = SURFACE_STYLE_FILL_AREA ( #4139 ) ;
#5408 = SURFACE_SIDE_STYLE ('',( #5710 ) ) ;
#5409 = ORIENTED_EDGE ( 'NONE', *, *, #3675, .T. ) ;
#5410 = CARTESIAN_POINT ( 'NONE',  ( 2.774999999999999900, -1.825000000000000000, 0.2000000000000000100 ) ) ;
#5411 = STYLED_ITEM ( 'NONE', ( #3442 ), #2778 ) ;
#5412 = CIRCLE ( 'NONE', #2268, 0.1999999999999999800 ) ;
#5413 = ADVANCED_FACE ( 'NONE', ( #3100 ), #1621, .T. ) ;
#5414 = CARTESIAN_POINT ( 'NONE',  ( -0.1580284637666989900, -0.1067018925292449500, -1.179999999999999700 ) ) ;
#5415 = SURFACE_STYLE_FILL_AREA ( #3062 ) ;
#5416 = EDGE_LOOP ( 'NONE', ( #3692, #768, #1525, #319 ) ) ;
#5417 =( LENGTH_UNIT ( ) NAMED_UNIT ( * ) SI_UNIT ( .MILLI., .METRE. ) );
#5418 = VERTEX_POINT ( 'NONE', #4134 ) ;
#5419 = CARTESIAN_POINT ( 'NONE',  ( 0.2261657761789653300, -0.1055904525223739500, -1.199999999999999500 ) ) ;
#5420 = LINE ( 'NONE', #750, #1862 ) ;
#5421 = ORIENTED_EDGE ( 'NONE', *, *, #5012, .T. ) ;
#5422 = VERTEX_POINT ( 'NONE', #2921 ) ;
#5423 = DIRECTION ( 'NONE',  ( -1.000000000000000000, 0.0000000000000000000, 0.0000000000000000000 ) ) ;
#5424 = LINE ( 'NONE', #2641, #838 ) ;
#5425 = ORIENTED_EDGE ( 'NONE', *, *, #1628, .F. ) ;
#5426 = CARTESIAN_POINT ( 'NONE',  ( -4.000000000000000000, 0.2999999999999999900, -0.9999999999999997800 ) ) ;
#5427 = PRESENTATION_LAYER_ASSIGNMENT (  '', '', ( #5437 ) ) ;
#5428 = UNCERTAINTY_MEASURE_WITH_UNIT (LENGTH_MEASURE( 1.000000000000000100E-005 ), #1408, 'distance_accuracy_value', 'NONE');
#5429 = LINE ( 'NONE', #3237, #5582 ) ;
#5430 = PRESENTATION_LAYER_ASSIGNMENT (  '', '', ( #5469 ) ) ;
#5431 = CARTESIAN_POINT ( 'NONE',  ( 0.1925421901267217700, 0.08723678921796392000, -1.179999999999999500 ) ) ;
#5432 = CARTESIAN_POINT ( 'NONE',  ( -1.600000000000000100, -1.375000000000001300, 0.2000000000000000400 ) ) ;
#5433 = EDGE_CURVE ( 'NONE', #70, #4744, #4711, .T. ) ;
#5434 = ORIENTED_EDGE ( 'NONE', *, *, #3979, .T. ) ;
#5435 = DIRECTION ( 'NONE',  ( 1.000000000000000000, 0.0000000000000000000, 0.0000000000000000000 ) ) ;
#5436 = UNCERTAINTY_MEASURE_WITH_UNIT (LENGTH_MEASURE( 1.000000000000000100E-005 ), #255, 'distance_accuracy_value', 'NONE');
#5437 = STYLED_ITEM ( 'NONE', ( #1200 ), #279 ) ;
#5438 = AXIS2_PLACEMENT_3D ( 'NONE', #1375, #1369, #1354 ) ;
#5439 =( NAMED_UNIT ( * ) PLANE_ANGLE_UNIT ( ) SI_UNIT ( $, .RADIAN. ) );
#5440 = ORIENTED_EDGE ( 'NONE', *, *, #2190, .F. ) ;
#5441 = CARTESIAN_POINT ( 'NONE',  ( -0.3240594498676427900, 0.05795145692702794600, -1.200000000000000000 ) ) ;
#5442 = CARTESIAN_POINT ( 'NONE',  ( 0.1925421901267217700, 0.08723678921796392000, -1.199999999999999300 ) ) ;
#5443 = SURFACE_STYLE_FILL_AREA ( #3 ) ;
#5444 = FACE_OUTER_BOUND ( 'NONE', #1478, .T. ) ;
#5445 = VERTEX_POINT ( 'NONE', #2043 ) ;
#5446 = CARTESIAN_POINT ( 'NONE',  ( -0.1845358881672223300, -0.09218222742222184600, -1.179999999999999500 ) ) ;
#5447 = EDGE_CURVE ( 'NONE', #2621, #3715, #5398, .T. ) ;
#5448 = LINE ( 'NONE', #1912, #4864 ) ;
#5449 = DIRECTION ( 'NONE',  ( 1.000000000000000000, 0.0000000000000000000, 0.0000000000000000000 ) ) ;
#5450 = ADVANCED_FACE ( 'NONE', ( #4008, #687 ), #5127, .F. ) ;
#5451 = ORIENTED_EDGE ( 'NONE', *, *, #4451, .T. ) ;
#5452 = DIRECTION ( 'NONE',  ( -1.000000000000000000, 0.0000000000000000000, 0.0000000000000000000 ) ) ;
#5453 = PLANE ( 'NONE',  #3841 ) ;
#5454 = CARTESIAN_POINT ( 'NONE',  ( -3.075000000000000200, -1.825000000000000000, 0.2000000000000000100 ) ) ;
#5455 = ORIENTED_EDGE ( 'NONE', *, *, #1364, .F. ) ;
#5456 = VECTOR ( 'NONE', #1235, 1000.000000000000000 ) ;
#5457 = CARTESIAN_POINT ( 'NONE',  ( -0.06097560975609740000, 0.08645627078434514600, -1.179999999999999900 ) ) ;
#5458 = ORIENTED_EDGE ( 'NONE', *, *, #1320, .F. ) ;
#5459 = AXIS2_PLACEMENT_3D ( 'NONE', #4533, #3510, #3353 ) ;
#5460 = SURFACE_SIDE_STYLE ('',( #3023 ) ) ;
#5461 = AXIS2_PLACEMENT_3D ( 'NONE', #1410, #1341, #1258 ) ;
#5462 = ADVANCED_FACE ( 'NONE', ( #358 ), #3117, .T. ) ;
#5463 = EDGE_CURVE ( 'NONE', #3669, #4582, #3819, .T. ) ;
#5464 = ORIENTED_EDGE ( 'NONE', *, *, #4870, .T. ) ;
#5465 = LINE ( 'NONE', #4214, #5501 ) ;
#5466 = CARTESIAN_POINT ( 'NONE',  ( 0.1896820629506213700, -0.1157538963558070200, -1.199999999999999700 ) ) ;
#5467 = AXIS2_PLACEMENT_3D ( 'NONE', #3812, #3762, #3760 ) ;
#5468 = ORIENTED_EDGE ( 'NONE', *, *, #4535, .T. ) ;
#5469 = STYLED_ITEM ( 'NONE', ( #6102 ), #4632 ) ;
#5470 =( NAMED_UNIT ( * ) SI_UNIT ( $, .STERADIAN. ) SOLID_ANGLE_UNIT ( ) );
#5471 = CARTESIAN_POINT ( 'NONE',  ( 0.0000000000000000000, 0.4249999999999999300, 1.100000000000000100 ) ) ;
#5472 = ORIENTED_EDGE ( 'NONE', *, *, #1105, .T. ) ;
#5473 = LINE ( 'NONE', #983, #5935 ) ;
#5474 = CARTESIAN_POINT ( 'NONE',  ( 0.2452450669973031700, -0.03264862623958463000, -1.179999999999999900 ) ) ;
#5475 = CARTESIAN_POINT ( 'NONE',  ( -0.3233157522260817200, 0.05418166143558336700, -1.200000000000000200 ) ) ;
#5476 = ORIENTED_EDGE ( 'NONE', *, *, #4798, .F. ) ;
#5477 = ADVANCED_FACE ( 'NONE', ( #434 ), #3189, .T. ) ;
#5478 = MANIFOLD_SOLID_BREP ( '圆角4', #67 ) ;
#5479 = DIRECTION ( 'NONE',  ( 0.0000000000000000000, 0.0000000000000000000, -1.000000000000000000 ) ) ;
#5480 = ORIENTED_EDGE ( 'NONE', *, *, #4239, .F. ) ;
#5481 = PRESENTATION_STYLE_ASSIGNMENT (( #4 ) ) ;
#5482 = EDGE_CURVE ( 'NONE', #302, #232, #383, .T. ) ;
#5483 = ORIENTED_EDGE ( 'NONE', *, *, #1579, .F. ) ;
#5484 = PLANE ( 'NONE',  #931 ) ;
#5485 = ORIENTED_EDGE ( 'NONE', *, *, #5586, .T. ) ;
#5486 = ORIENTED_EDGE ( 'NONE', *, *, #3559, .T. ) ;
#5487 = VECTOR ( 'NONE', #4467, 1000.000000000000000 ) ;
#5488 = CARTESIAN_POINT ( 'NONE',  ( -1.600000000000000100, 0.8421572875253808800, 0.4500000000000000100 ) ) ;
#5489 = CARTESIAN_POINT ( 'NONE',  ( -0.3215320121951219000, 0.04804163663800364900, -1.200000000000000000 ) ) ;
#5490 = ORIENTED_EDGE ( 'NONE', *, *, #4374, .T. ) ;
#5491 = AXIS2_PLACEMENT_3D ( 'NONE', #3892, #3911, #3820 ) ;
#5492 = CARTESIAN_POINT ( 'NONE',  ( 0.1714557926829270400, 0.08889529517458903700, -1.179999999999999900 ) ) ;
#5493 = EDGE_CURVE ( 'NONE', #4582, #2213, #802, .T. ) ;
#5494 = ORIENTED_EDGE ( 'NONE', *, *, #1150, .F. ) ;
#5495 = CARTESIAN_POINT ( 'NONE',  ( 0.1636729178589644000, -0.1152544622940980700, -1.179999999999999900 ) ) ;
#5496 = DIRECTION ( 'NONE',  ( -0.0000000000000000000, -1.000000000000000000, -0.0000000000000000000 ) ) ;
#5497 = LINE ( 'NONE', #1997, #3648 ) ;
#5498 = EDGE_CURVE ( 'NONE', #2186, #104, #3577, .T. ) ;
#5499 = VERTEX_POINT ( 'NONE', #936 ) ;
#5500 = CARTESIAN_POINT ( 'NONE',  ( 0.1757240853658538500, -0.09403153409370368400, -1.200000000000000000 ) ) ;
#5501 = VECTOR ( 'NONE', #2502, 1000.000000000000000 ) ;
#5502 = COLOUR_RGB ( '',0.6666666666666666300, 0.6666666666666666300, 0.6666666666666666300 ) ;
#5503 = CARTESIAN_POINT ( 'NONE',  ( 1.100000000000000100, 0.6249999999999998900, 0.6500000000000000200 ) ) ;
#5504 = LINE ( 'NONE', #5597, #3414 ) ;
#5505 =( GEOMETRIC_REPRESENTATION_CONTEXT ( 3 ) GLOBAL_UNCERTAINTY_ASSIGNED_CONTEXT ( ( #5428 ) ) GLOBAL_UNIT_ASSIGNED_CONTEXT ( ( #1408, #1399, #1393 ) ) REPRESENTATION_CONTEXT ( 'NONE', 'WORKASPACE' ) );
#5506 = VECTOR ( 'NONE', #592, 1000.000000000000000 ) ;
#5507 = CARTESIAN_POINT ( 'NONE',  ( -1.600000000000000100, 0.8249999999999997300, 0.5914213562373097400 ) ) ;
#5508 = VECTOR ( 'NONE', #3050, 1000.000000000000000 ) ;
#5510 = CARTESIAN_POINT ( 'NONE',  ( -0.1674198854592013900, -0.1027744550066324000, -1.179999999999999900 ) ) ;
#5509 = CARTESIAN_POINT ( 'NONE',  ( 0.2717180696636441500, -0.03838034191718281400, -1.200000000000000200 ) ) ;
#5511 = EDGE_LOOP ( 'NONE', ( #2743, #2912, #4795, #2310 ) ) ;
#5512 = DIRECTION ( 'NONE',  ( 1.000000000000000000, 0.0000000000000000000, 0.0000000000000000000 ) ) ;
#5513 = CARTESIAN_POINT ( 'NONE',  ( -0.3253810975609755500, 0.06206602688190609300, -1.179999999999999900 ) ) ;
#5514 =( NAMED_UNIT ( * ) SI_UNIT ( $, .STERADIAN. ) SOLID_ANGLE_UNIT ( ) );
#5515 = CARTESIAN_POINT ( 'NONE',  ( -0.1174161585365852000, 0.08645627078434514600, -1.179999999999999900 ) ) ;
#5516 = COLOUR_RGB ( '',0.6666666666666666300, 0.6666666666666666300, 0.6666666666666666300 ) ;
#5517 = CYLINDRICAL_SURFACE ( 'NONE', #4713, 0.1999999999999999800 ) ;
#5518 = SURFACE_STYLE_FILL_AREA ( #1679 ) ;
#5519 = SURFACE_SIDE_STYLE ('',( #2273 ) ) ;
#5520 = FACE_OUTER_BOUND ( 'NONE', #4278, .T. ) ;
#5521 = DIRECTION ( 'NONE',  ( 0.0000000000000000000, 0.0000000000000000000, -1.000000000000000000 ) ) ;
#5522 = VERTEX_POINT ( 'NONE', #1477 ) ;
#5523 = AXIS2_PLACEMENT_3D ( 'NONE', #2513, #2623, #2132 ) ;
#5524 = VECTOR ( 'NONE', #2454, 1000.000000000000000 ) ;
#5525 = CARTESIAN_POINT ( 'NONE',  ( 0.05853658536585373100, -0.02329982677663049900, -1.179999999999999900 ) ) ;
#5526 = EDGE_CURVE ( 'NONE', #29, #5374, #2894, .T. ) ;
#5527 = VERTEX_POINT ( 'NONE', #1046 ) ;
#5528 = DIRECTION ( 'NONE',  ( -1.000000000000000000, 0.0000000000000000000, 0.0000000000000000000 ) ) ;
#5529 = MECHANICAL_DESIGN_GEOMETRIC_PRESENTATION_REPRESENTATION (  '', ( #5585 ), #5505 ) ;
#5530 = SURFACE_STYLE_USAGE ( .BOTH. , #5460 ) ;
#5531 = CARTESIAN_POINT ( 'NONE',  ( 0.3926829268292683600, -0.1135437292156548900, -1.200000000000000000 ) ) ;
#5532 = CARTESIAN_POINT ( 'NONE',  ( 0.1418457944630610900, -0.08912952349880565200, -1.200000000000000000 ) ) ;
#5533 = CIRCLE ( 'NONE', #719, 0.1999999999999999800 ) ;
#5534 = EDGE_LOOP ( 'NONE', ( #172, #205, #222, #2203 ) ) ;
#5535 = CARTESIAN_POINT ( 'NONE',  ( 3.075000000000000200, -1.525000000000000100, -0.0000000000000000000 ) ) ;
#5536 = ORIENTED_EDGE ( 'NONE', *, *, #3504, .T. ) ;
#5537 = PRESENTATION_LAYER_ASSIGNMENT (  '', '', ( #5585 ) ) ;
#5538 = EDGE_CURVE ( 'NONE', #882, #4703, #1107, .T. ) ;
#5539 = LINE ( 'NONE', #3732, #1985 ) ;
#5540 = CARTESIAN_POINT ( 'NONE',  ( 0.1712271341463416600, 0.06694407566239389500, -1.200000000000000000 ) ) ;
#5541 = VECTOR ( 'NONE', #1771, 1000.000000000000000 ) ;
#5542 = VERTEX_POINT ( 'NONE', #502 ) ;
#5543 = DIRECTION ( 'NONE',  ( -1.000000000000000000, 0.0000000000000000000, 0.0000000000000000000 ) ) ;
#5544 = ORIENTED_EDGE ( 'NONE', *, *, #4509, .T. ) ;
#5545 = CARTESIAN_POINT ( 'NONE',  ( 1.100000000000000100, 0.4249999999999999300, 1.300000000000000300 ) ) ;
#5546 = ADVANCED_FACE ( 'NONE', ( #2711 ), #2642, .T. ) ;
#5547 = CARTESIAN_POINT ( 'NONE',  ( 0.2589859215994913500, -0.07436390078511656600, -1.199999999999999700 ) ) ;
#5548 = ORIENTED_EDGE ( 'NONE', *, *, #3675, .F. ) ;
#5549 = CARTESIAN_POINT ( 'NONE',  ( 2.774999999999999900, -1.825000000000000000, -1.200000000000000000 ) ) ;
#5550 = FILL_AREA_STYLE_COLOUR ( '', #5394 ) ;
#5551 =( NAMED_UNIT ( * ) PLANE_ANGLE_UNIT ( ) SI_UNIT ( $, .RADIAN. ) );
#5552 = ORIENTED_EDGE ( 'NONE', *, *, #2509, .T. ) ;
#5553 = EDGE_CURVE ( 'NONE', #749, #5896, #1443, .T. ) ;
#5554 = CARTESIAN_POINT ( 'NONE',  ( -3.075000000000000200, -1.525000000000000100, 0.2000000000000000100 ) ) ;
#5555 = DIRECTION ( 'NONE',  ( -0.0000000000000000000, -1.000000000000000000, -0.0000000000000000000 ) ) ;
#5556 = ORIENTED_EDGE ( 'NONE', *, *, #5999, .T. ) ;
#5557 = AXIS2_PLACEMENT_3D ( 'NONE', #3689, #3535, #3609 ) ;
#5558 = CARTESIAN_POINT ( 'NONE',  ( -3.075000000000000200, -0.2999999999999999900, -0.9000000000000000200 ) ) ;
#5559 = AXIS2_PLACEMENT_3D ( 'NONE', #1705, #1629, #1499 ) ;
#5560 = EDGE_CURVE ( 'NONE', #494, #1493, #2367, .T. ) ;
#5561 = EDGE_LOOP ( 'NONE', ( #1540, #1998, #4416, #5740, #1373, #887, #4592, #3147, #5862, #1635, #4719, #569 ) ) ;
#5562 = DIRECTION ( 'NONE',  ( -1.000000000000000000, 0.0000000000000000000, 0.0000000000000000000 ) ) ;
#5563 = DIRECTION ( 'NONE',  ( 0.0000000000000000000, 0.0000000000000000000, 1.000000000000000000 ) ) ;
#5564 =( GEOMETRIC_REPRESENTATION_CONTEXT ( 3 ) GLOBAL_UNCERTAINTY_ASSIGNED_CONTEXT ( ( #3986 ) ) GLOBAL_UNIT_ASSIGNED_CONTEXT ( ( #3848, #3837, #3829 ) ) REPRESENTATION_CONTEXT ( 'NONE', 'WORKASPACE' ) );
#5565 = ORIENTED_EDGE ( 'NONE', *, *, #5864, .T. ) ;
#5566 = CARTESIAN_POINT ( 'NONE',  ( -0.08780487804878033000, 0.06450505127215000500, -1.199999999999999300 ) ) ;
#5567 = EDGE_CURVE ( 'NONE', #5962, #1189, #5765, .T. ) ;
#5568 = ORIENTED_EDGE ( 'NONE', *, *, #3367, .T. ) ;
#5569 = CIRCLE ( 'NONE', #4424, 0.2999999999999999300 ) ;
#5570 = DIRECTION ( 'NONE',  ( -0.0000000000000000000, 0.0000000000000000000, -1.000000000000000000 ) ) ;
#5571 =( NAMED_UNIT ( * ) SI_UNIT ( $, .STERADIAN. ) SOLID_ANGLE_UNIT ( ) );
#5572 = LINE ( 'NONE', #3919, #5524 ) ;
#5573 =( LENGTH_UNIT ( ) NAMED_UNIT ( * ) SI_UNIT ( .MILLI., .METRE. ) );
#5574 = AXIS2_PLACEMENT_3D ( 'NONE', #1497, #1489, #1480 ) ;
#5575 = EDGE_LOOP ( 'NONE', ( #3888, #4636, #3190, #5272 ) ) ;
#5576 = EDGE_CURVE ( 'NONE', #2907, #864, #1465, .T. ) ;
#5577 = LINE ( 'NONE', #2193, #1506 ) ;
#5578 = VECTOR ( 'NONE', #2830, 1000.000000000000000 ) ;
#5579 =( NAMED_UNIT ( * ) PLANE_ANGLE_UNIT ( ) SI_UNIT ( $, .RADIAN. ) );
#5580 = ORIENTED_EDGE ( 'NONE', *, *, #4851, .T. ) ;
#5581 = CYLINDRICAL_SURFACE ( 'NONE', #2714, 0.2999999999999999300 ) ;
#5582 = VECTOR ( 'NONE', #2850, 1000.000000000000000 ) ;
#5583 =( LENGTH_UNIT ( ) NAMED_UNIT ( * ) SI_UNIT ( .MILLI., .METRE. ) );
#5584 = FACE_OUTER_BOUND ( 'NONE', #3763, .T. ) ;
#5585 = STYLED_ITEM ( 'NONE', ( #2473 ), #2695 ) ;
#5586 = EDGE_CURVE ( 'NONE', #2112, #4502, #144, .T. ) ;
#5587 = CARTESIAN_POINT ( 'NONE',  ( -1.758578643762690500, -0.8249999999999998400, 0.5914213562373098500 ) ) ;
#5588 =( LENGTH_UNIT ( ) NAMED_UNIT ( * ) SI_UNIT ( .MILLI., .METRE. ) );
#5589 = ORIENTED_EDGE ( 'NONE', *, *, #1653, .F. ) ;
#5590 = CARTESIAN_POINT ( 'NONE',  ( 0.1261663210279910000, 0.05517123221190923400, -1.179999999999999900 ) ) ;
#5591 = LINE ( 'NONE', #2859, #4034 ) ;
#5592 = ORIENTED_EDGE ( 'NONE', *, *, #2587, .T. ) ;
#5593 = CARTESIAN_POINT ( 'NONE',  ( -0.3121951219512194600, 0.08645627078434514600, -1.179999999999999900 ) ) ;
#5594 = MECHANICAL_DESIGN_GEOMETRIC_PRESENTATION_REPRESENTATION (  '', ( #5689 ), #5564 ) ;
#5595 = VERTEX_POINT ( 'NONE', #2875 ) ;
#5596 =( GEOMETRIC_REPRESENTATION_CONTEXT ( 3 ) GLOBAL_UNCERTAINTY_ASSIGNED_CONTEXT ( ( #3244 ) ) GLOBAL_UNIT_ASSIGNED_CONTEXT ( ( #2260, #2229, #2215 ) ) REPRESENTATION_CONTEXT ( 'NONE', 'WORKASPACE' ) );
#5597 = CARTESIAN_POINT ( 'NONE',  ( 3.678553390593272800, 0.2999999999999999900, -0.9999999999999997800 ) ) ;
#5598 = EDGE_CURVE ( 'NONE', #5622, #3669, #6036, .T. ) ;
#5599 = ORIENTED_EDGE ( 'NONE', *, *, #533, .F. ) ;
#5600 = EDGE_LOOP ( 'NONE', ( #785, #5359, #4072, #6000 ) ) ;
#5601 = CARTESIAN_POINT ( 'NONE',  ( -2.774999999999999900, 1.825000000000000000, -1.200000000000000000 ) ) ;
#5602 = EDGE_CURVE ( 'NONE', #5499, #3079, #6059, .T. ) ;
#5603 = PRESENTATION_STYLE_ASSIGNMENT (( #4065 ) ) ;
#5604 = CARTESIAN_POINT ( 'NONE',  ( 0.1243902439024392300, 0.05413919761361341000, -1.200000000000000000 ) ) ;
#5605 = ORIENTED_EDGE ( 'NONE', *, *, #1937, .T. ) ;
#5606 = ORIENTED_EDGE ( 'NONE', *, *, #3945, .F. ) ;
#5607 = LINE ( 'NONE', #2866, #5620 ) ;
#5608 =( NAMED_UNIT ( * ) PLANE_ANGLE_UNIT ( ) SI_UNIT ( $, .RADIAN. ) );
#5609 = VECTOR ( 'NONE', #1941, 1000.000000000000000 ) ;
#5610 = ORIENTED_EDGE ( 'NONE', *, *, #963, .F. ) ;
#5611 =( GEOMETRIC_REPRESENTATION_CONTEXT ( 3 ) GLOBAL_UNCERTAINTY_ASSIGNED_CONTEXT ( ( #1356 ) ) GLOBAL_UNIT_ASSIGNED_CONTEXT ( ( #1554, #1546, #1539 ) ) REPRESENTATION_CONTEXT ( 'NONE', 'WORKASPACE' ) );
#5612 = EDGE_CURVE ( 'NONE', #2335, #4290, #6122, .T. ) ;
#5613 = CARTESIAN_POINT ( 'NONE',  ( -0.06097560975609740000, 0.08645627078434514600, -1.179999999999999900 ) ) ;
#5614 = ORIENTED_EDGE ( 'NONE', *, *, #5110, .T. ) ;
#5615 = DIRECTION ( 'NONE',  ( 0.0000000000000000000, 1.000000000000000000, 0.0000000000000000000 ) ) ;
#5616 = LINE ( 'NONE', #2998, #2637 ) ;
#5617 = ORIENTED_EDGE ( 'NONE', *, *, #1320, .T. ) ;
#5618 = CARTESIAN_POINT ( 'NONE',  ( 0.2902439024390244800, -0.1135437292156548900, -1.200000000000000000 ) ) ;
#5619 = UNCERTAINTY_MEASURE_WITH_UNIT (LENGTH_MEASURE( 1.000000000000000100E-005 ), #3603, 'distance_accuracy_value', 'NONE');
#5620 = VECTOR ( 'NONE', #2799, 999.9999999999998900 ) ;
#5621 = DIRECTION ( 'NONE',  ( 0.7071067811865468000, 0.0000000000000000000, -0.7071067811865483500 ) ) ;
#5622 = VERTEX_POINT ( 'NONE', #1900 ) ;
#5623 = PRESENTATION_LAYER_ASSIGNMENT (  '', '', ( #5689 ) ) ;
#5624 = CARTESIAN_POINT ( 'NONE',  ( -3.678553390593272800, 0.2999999999999999900, -0.9499999999999998400 ) ) ;
#5625 = MECHANICAL_DESIGN_GEOMETRIC_PRESENTATION_REPRESENTATION (  '', ( #5731 ), #5596 ) ;
#5626 = DIRECTION ( 'NONE',  ( 0.0000000000000000000, 0.0000000000000000000, -1.000000000000000000 ) ) ;
#5627 = PRESENTATION_STYLE_ASSIGNMENT (( #3562 ) ) ;
#5628 = DIRECTION ( 'NONE',  ( 0.0000000000000000000, 1.000000000000000000, 0.0000000000000000000 ) ) ;
#5629 = ORIENTED_EDGE ( 'NONE', *, *, #3591, .T. ) ;
#5630 = PRESENTATION_LAYER_ASSIGNMENT (  '', '', ( #5731 ) ) ;
#5631 = SURFACE_STYLE_FILL_AREA ( #2168 ) ;
#5632 = EDGE_CURVE ( 'NONE', #134, #226, #5925, .T. ) ;
#5633 = ORIENTED_EDGE ( 'NONE', *, *, #1690, .F. ) ;
#5634 = DIRECTION ( 'NONE',  ( 1.000000000000000000, 0.0000000000000000000, 0.0000000000000000000 ) ) ;
#5635 = LINE ( 'NONE', #737, #15 ) ;
#5636 = LINE ( 'NONE', #3946, #5772 ) ;
#5637 = ORIENTED_EDGE ( 'NONE', *, *, #4493, .F. ) ;
#5638 = ORIENTED_EDGE ( 'NONE', *, *, #5878, .T. ) ;
#5639 = PLANE ( 'NONE',  #4531 ) ;
#5640 = COLOUR_RGB ( '',0.6666666666666666300, 0.6666666666666666300, 0.6666666666666666300 ) ;
#5641 = CARTESIAN_POINT ( 'NONE',  ( 0.1782934203680972300, -0.09396531447692702000, -1.179999999999999900 ) ) ;
#5642 = EDGE_LOOP ( 'NONE', ( #5592, #1953, #4670, #4487 ) ) ;
#5643 = CARTESIAN_POINT ( 'NONE',  ( 0.2571755018642342700, 0.04405754226425279800, -1.179999999999999700 ) ) ;
#5644 = CARTESIAN_POINT ( 'NONE',  ( -0.4170731707317072400, -0.1135437292156548900, -1.179999999999999900 ) ) ;
#5645 = FACE_OUTER_BOUND ( 'NONE', #4174, .T. ) ;
#5646 = SURFACE_SIDE_STYLE ('',( #3922 ) ) ;
#5647 = FACE_OUTER_BOUND ( 'NONE', #2131, .T. ) ;
#5648 =( NAMED_UNIT ( * ) SI_UNIT ( $, .STERADIAN. ) SOLID_ANGLE_UNIT ( ) );
#5649 = CARTESIAN_POINT ( 'NONE',  ( -1.099999999999999600, -0.4250000000000001600, 1.300000000000000300 ) ) ;
#5650 = SURFACE_STYLE_USAGE ( .BOTH. , #5669 ) ;
#5651 = ORIENTED_EDGE ( 'NONE', *, *, #4586, .T. ) ;
#5652 = B_SPLINE_SURFACE_WITH_KNOTS ( 'NONE', 3, 1, ( 
 ( #1438, #1587 ),
 ( #1561, #1569 ),
 ( #1538, #2214 ),
 ( #1526, #1544 ),
 ( #4281, #1524 ),
 ( #1517, #1210 ),
 ( #1203, #5160 ),
 ( #4257, #1270 ),
 ( #1269, #1463 ),
 ( #1431, #1450 ),
 ( #1430, #1424 ),
 ( #1418, #1848 ),
 ( #1362, #1398 ),
 ( #1390, #1388 ),
 ( #1379, #1368 ),
 ( #1366, #1446 ),
 ( #1708, #4276 ),
 ( #1358, #1331 ),
 ( #1451, #1404 ) ),
 .UNSPECIFIED., .F., .F., .F.,
 ( 4, 1, 1, 1, 1, 1, 1, 1, 1, 1, 1, 1, 1, 1, 1, 1, 4 ),
 ( 2, 2 ),
 ( 0.0000000000000000000, 0.06806869584499401800, 0.1334274328189550600, 0.1961460338131565100, 0.2570485924493127200, 0.3168826631591619700, 0.3761872086663214400, 0.4359603353635461100, 0.4965352368627262700, 0.5574653434807330700, 0.6176868634101467800, 0.6779436406969060500, 0.7388052848060402400, 0.8009493367665842000, 0.8648146674702265100, 0.9310247810786571600, 1.000000000000000000 ),
 ( 0.0000000000000000000, 1.000000000000000000 ),
 .UNSPECIFIED. ) ;
#5653 = FILL_AREA_STYLE_COLOUR ( '', #3416 ) ;
#5654 = VECTOR ( 'NONE', #3391, 1000.000000000000000 ) ;
#5655 = CARTESIAN_POINT ( 'NONE',  ( -0.3675685975609755400, -0.05744616824004512800, -1.179999999999999900 ) ) ;
#5656 = VERTEX_POINT ( 'NONE', #1374 ) ;
#5657 = AXIS2_PLACEMENT_3D ( 'NONE', #3905, #3903, #3900 ) ;
#5658 = CARTESIAN_POINT ( 'NONE',  ( 0.2661528228705887800, 0.02585014676871782600, -1.180000000000000200 ) ) ;
#5659 = CYLINDRICAL_SURFACE ( 'NONE', #2913, 0.2499999999999998900 ) ;
#5660 = VERTEX_POINT ( 'NONE', #836 ) ;
#5661 = DIRECTION ( 'NONE',  ( 0.0000000000000000000, 1.000000000000000000, 0.0000000000000000000 ) ) ;
#5662 = VERTEX_POINT ( 'NONE', #691 ) ;
#5663 = DIRECTION ( 'NONE',  ( 0.0000000000000000000, -0.0000000000000000000, 1.000000000000000000 ) ) ;
#5664 = VECTOR ( 'NONE', #3677, 1000.000000000000000 ) ;
#5665 = ORIENTED_EDGE ( 'NONE', *, *, #5060, .T. ) ;
#5666 = PRESENTATION_LAYER_ASSIGNMENT (  '', '', ( #64 ) ) ;
#5667 = LINE ( 'NONE', #4456, #2820 ) ;
#5668 = DIRECTION ( 'NONE',  ( 1.000000000000000000, 0.0000000000000000000, 0.0000000000000000000 ) ) ;
#5669 = SURFACE_SIDE_STYLE ('',( #1944 ) ) ;
#5670 = EDGE_CURVE ( 'NONE', #5196, #778, #5961, .T. ) ;
#5671 = CYLINDRICAL_SURFACE ( 'NONE', #2449, 0.2999999999999999300 ) ;
#5672 = SURFACE_SIDE_STYLE ('',( #333 ) ) ;
#5673 = EDGE_LOOP ( 'NONE', ( #5755, #1119, #5145, #250 ) ) ;
#5674 = CARTESIAN_POINT ( 'NONE',  ( -0.1266891977983714800, -0.1133387225547930300, -1.179999999999999900 ) ) ;
#5675 = CYLINDRICAL_SURFACE ( 'NONE', #1221, 0.1999999999999999800 ) ;
#5676 = CARTESIAN_POINT ( 'NONE',  ( 0.3926829268292683600, -0.1135437292156548900, -1.179999999999999900 ) ) ;
#5677 = ORIENTED_EDGE ( 'NONE', *, *, #1141, .F. ) ;
#5678 = MECHANICAL_DESIGN_GEOMETRIC_PRESENTATION_REPRESENTATION (  '', ( #5807 ), #5611 ) ;
#5679 = CARTESIAN_POINT ( 'NONE',  ( 0.2512966416292410400, 0.05226580422170969800, -1.180000000000000400 ) ) ;
#5680 = CARTESIAN_POINT ( 'NONE',  ( 0.2902439024390244800, -0.1135437292156548900, -1.179999999999999900 ) ) ;
#5681 = SURFACE_STYLE_FILL_AREA ( #3619 ) ;
#5682 = CARTESIAN_POINT ( 'NONE',  ( -0.1191863751031185100, -0.1134744681404237800, -1.179999999999999900 ) ) ;
#5683 = ORIENTED_EDGE ( 'NONE', *, *, #1772, .F. ) ;
#5684 = FACE_OUTER_BOUND ( 'NONE', #13, .T. ) ;
#5685 = B_SPLINE_CURVE_WITH_KNOTS ( 'NONE', 3,
 ( #2873, #3384, #4064, #937, #4123, #4041, #332, #1691, #1765, #2177, #3721, #2889, #2887, #669, #3090, #3894, #3374, #3373, #2974 ),
 .UNSPECIFIED., .F., .F.,
 ( 4, 1, 1, 1, 1, 1, 1, 1, 1, 1, 1, 1, 1, 1, 1, 1, 4 ),
 ( 0.0000000000000000000, 0.06863117867660124800, 0.1345664660386773100, 0.1983281540108812200, 0.2607897666408450800, 0.3219991514841585300, 0.3827217465030197100, 0.4435374740357288500, 0.5051334294849250100, 0.5662138747646717800, 0.6261058646175455800, 0.6853493221605165800, 0.7449958703477973500, 0.8054158418145627200, 0.8676362663459531400, 0.9323077823023292500, 1.000000000000000000 ),
 .UNSPECIFIED. ) ;
#5686 = DIRECTION ( 'NONE',  ( 1.000000000000000000, 0.0000000000000000000, -0.0000000000000000000 ) ) ;
#5687 = FILL_AREA_STYLE ('',( #6114 ) ) ;
#5688 = ORIENTED_EDGE ( 'NONE', *, *, #5926, .T. ) ;
#5689 = STYLED_ITEM ( 'NONE', ( #2484 ), #155 ) ;
#5690 = LINE ( 'NONE', #4725, #5703 ) ;
#5691 = ORIENTED_EDGE ( 'NONE', *, *, #1836, .F. ) ;
#5692 = FACE_OUTER_BOUND ( 'NONE', #3119, .T. ) ;
#5693 = CARTESIAN_POINT ( 'NONE',  ( -0.3215320121951219000, 0.04804163663800364900, -1.179999999999999900 ) ) ;
#5694 = CIRCLE ( 'NONE', #2463, 0.2000000000000000900 ) ;
#5695 = CARTESIAN_POINT ( 'NONE',  ( 0.1526736900652979100, 0.06523753399202869600, -1.200000000000000200 ) ) ;
#5696 = PRESENTATION_LAYER_ASSIGNMENT (  '', '', ( #5807 ) ) ;
#5697 = ORIENTED_EDGE ( 'NONE', *, *, #3312, .F. ) ;
#5698 = CARTESIAN_POINT ( 'NONE',  ( -0.2219512195121949900, -0.01102848531321586100, -1.179999999999999900 ) ) ;
#5699 = EDGE_CURVE ( 'NONE', #280, #3017, #6002, .T. ) ;
#5700 = COLOUR_RGB ( '',0.6666666666666666300, 0.6666666666666666300, 0.6666666666666666300 ) ;
#5701 = CARTESIAN_POINT ( 'NONE',  ( -0.1153582317073169100, -0.1135437292156548900, -1.179999999999999900 ) ) ;
#5702 = VERTEX_POINT ( 'NONE', #1762 ) ;
#5703 = VECTOR ( 'NONE', #465, 1000.000000000000000 ) ;
#5704 = PRESENTATION_STYLE_ASSIGNMENT (( #3740 ) ) ;
#5705 = SURFACE_STYLE_FILL_AREA ( #3634 ) ;
#5706 = B_SPLINE_CURVE_WITH_KNOTS ( 'NONE', 3,
 ( #4727, #4616, #4567, #4558, #4555, #4547, #4527, #4520, #4468, #4445, #4417 ),
 .UNSPECIFIED., .F., .F.,
 ( 4, 1, 1, 1, 1, 1, 1, 1, 4 ),
 ( 0.0000000000000000000, 0.1252796967356259700, 0.2494199707420513000, 0.3733567994928193600, 0.4966812787822861300, 0.6202029157439825600, 0.7450863201614560400, 0.8712691950190978300, 1.000000000000000000 ),
 .UNSPECIFIED. ) ;
#5707 = AXIS2_PLACEMENT_3D ( 'NONE', #438, #480, #380 ) ;
#5708 = ORIENTED_EDGE ( 'NONE', *, *, #2747, .T. ) ;
#5709 = PRESENTATION_STYLE_ASSIGNMENT (( #1919 ) ) ;
#5710 = SURFACE_STYLE_FILL_AREA ( #4992 ) ;
#5711 = ORIENTED_EDGE ( 'NONE', *, *, #4395, .F. ) ;
#5712 = CARTESIAN_POINT ( 'NONE',  ( 0.2902439024390244800, -0.09159250970345971000, -1.200000000000000000 ) ) ;
#5713 = CARTESIAN_POINT ( 'NONE',  ( -0.3878048780487804400, -0.1135437292156548900, -1.179999999999999900 ) ) ;
#5714 = LINE ( 'NONE', #5730, #3479 ) ;
#5715 = PLANE ( 'NONE',  #3843 ) ;
#5716 = ORIENTED_EDGE ( 'NONE', *, *, #5822, .F. ) ;
#5717 = CARTESIAN_POINT ( 'NONE',  ( 0.1243902439024392300, 0.05413919761361341000, -1.179999999999999900 ) ) ;
#5718 = UNCERTAINTY_MEASURE_WITH_UNIT (LENGTH_MEASURE( 1.000000000000000100E-005 ), #3150, 'distance_accuracy_value', 'NONE');
#5719 = CARTESIAN_POINT ( 'NONE',  ( -2.150000000000001700, -0.8249999999999998400, 0.2000000000000000400 ) ) ;
#5720 =( NAMED_UNIT ( * ) PLANE_ANGLE_UNIT ( ) SI_UNIT ( $, .RADIAN. ) );
#5721 =( GEOMETRIC_REPRESENTATION_CONTEXT ( 3 ) GLOBAL_UNCERTAINTY_ASSIGNED_CONTEXT ( ( #1389 ) ) GLOBAL_UNIT_ASSIGNED_CONTEXT ( ( #3953, #3938, #3928 ) ) REPRESENTATION_CONTEXT ( 'NONE', 'WORKASPACE' ) );
#5722 = ORIENTED_EDGE ( 'NONE', *, *, #4395, .T. ) ;
#5723 = AXIS2_PLACEMENT_3D ( 'NONE', #1995, #5156, #1146 ) ;
#5724 =( LENGTH_UNIT ( ) NAMED_UNIT ( * ) SI_UNIT ( .MILLI., .METRE. ) );
#5725 = DIRECTION ( 'NONE',  ( 0.0000000000000000000, 0.0000000000000000000, 1.000000000000000000 ) ) ;
#5726 = DIRECTION ( 'NONE',  ( -0.0000000000000000000, -0.0000000000000000000, 1.000000000000000000 ) ) ;
#5727 = VERTEX_POINT ( 'NONE', #603 ) ;
#5728 = ORIENTED_EDGE ( 'NONE', *, *, #754, .T. ) ;
#5729 = MECHANICAL_DESIGN_GEOMETRIC_PRESENTATION_REPRESENTATION (  '', ( #5826 ), #5721 ) ;
#5730 = CARTESIAN_POINT ( 'NONE',  ( -1.299999999999999800, -0.6250000000000001100, 1.100000000000000100 ) ) ;
#5731 = STYLED_ITEM ( 'NONE', ( #5053 ), #4581 ) ;
#5732 = DIRECTION ( 'NONE',  ( -0.0000000000000000000, -0.0000000000000000000, -1.000000000000000000 ) ) ;
#5733 = EDGE_CURVE ( 'NONE', #324, #4644, #6008, .T. ) ;
#5734 = FACE_OUTER_BOUND ( 'NONE', #3301, .T. ) ;
#5735 = ADVANCED_FACE ( 'NONE', ( #5833 ), #5671, .T. ) ;
#5736 = ORIENTED_EDGE ( 'NONE', *, *, #4478, .T. ) ;
#5737 = PLANE ( 'NONE',  #4379 ) ;
#5738 = CARTESIAN_POINT ( 'NONE',  ( 0.1292279707458269800, 0.08293220589003291700, -1.179999999999999900 ) ) ;
#5739 = CARTESIAN_POINT ( 'NONE',  ( -1.299999999999999800, 0.4250000000000000400, 1.300000000000000300 ) ) ;
#5740 = ORIENTED_EDGE ( 'NONE', *, *, #2489, .F. ) ;
#5741 = FILL_AREA_STYLE_COLOUR ( '', #327 ) ;
#5742 = EDGE_CURVE ( 'NONE', #1152, #232, #5694, .T. ) ;
#5743 = LINE ( 'NONE', #2694, #5759 ) ;
#5744 = CARTESIAN_POINT ( 'NONE',  ( 0.2269413560440614000, -0.07294548840673269200, -1.200000000000000000 ) ) ;
#5745 = ORIENTED_EDGE ( 'NONE', *, *, #2747, .F. ) ;
#5746 = CARTESIAN_POINT ( 'NONE',  ( -1.299999999999999800, 0.6249999999999998900, 1.300000000000000300 ) ) ;
#5747 = SURFACE_STYLE_FILL_AREA ( #3878 ) ;
#5748 = ADVANCED_FACE ( 'NONE', ( #5684 ), #5909, .T. ) ;
#5749 = ORIENTED_EDGE ( 'NONE', *, *, #2277, .F. ) ;
#5750 = CARTESIAN_POINT ( 'NONE',  ( 1.600000000000000500, 0.9835786437626902200, 0.5914213562373098500 ) ) ;
#5751 = UNCERTAINTY_MEASURE_WITH_UNIT (LENGTH_MEASURE( 1.000000000000000100E-005 ), #5093, 'distance_accuracy_value', 'NONE');
#5752 = FILL_AREA_STYLE ('',( #5741 ) ) ;
#5753 = CARTESIAN_POINT ( 'NONE',  ( 0.1821543305018489800, 0.08864637489622481700, -1.200000000000000200 ) ) ;
#5754 = SURFACE_SIDE_STYLE ('',( #236 ) ) ;
#5755 = ORIENTED_EDGE ( 'NONE', *, *, #2785, .F. ) ;
#5756 = ORIENTED_EDGE ( 'NONE', *, *, #4464, .T. ) ;
#5757 = CARTESIAN_POINT ( 'NONE',  ( -2.774999999999999900, 1.825000000000000000, -1.200000000000000000 ) ) ;
#5758 = CIRCLE ( 'NONE', #1212, 0.2999999999999999300 ) ;
#5759 = VECTOR ( 'NONE', #2520, 1000.000000000000000 ) ;
#5760 = DIRECTION ( 'NONE',  ( 1.000000000000000000, 0.0000000000000000000, -6.047221112270354800E-016 ) ) ;
#5761 = ADVANCED_FACE ( 'NONE', ( #5381, #5386 ), #5068, .F. ) ;
#5762 = ORIENTED_EDGE ( 'NONE', *, *, #5482, .F. ) ;
#5763 = PRESENTATION_LAYER_ASSIGNMENT (  '', '', ( #5826 ) ) ;
#5764 = SURFACE_STYLE_USAGE ( .BOTH. , #5754 ) ;
#5765 = LINE ( 'NONE', #522, #3758 ) ;
#5766 = FACE_OUTER_BOUND ( 'NONE', #4948, .T. ) ;
#5767 = ORIENTED_EDGE ( 'NONE', *, *, #5294, .T. ) ;
#5768 = DIRECTION ( 'NONE',  ( -0.3363908276654484800, 0.9417224702971436200, 0.0000000000000000000 ) ) ;
#5769 = ORIENTED_EDGE ( 'NONE', *, *, #5586, .F. ) ;
#5770 = FACE_BOUND ( 'NONE', #2854, .T. ) ;
#5771 = UNCERTAINTY_MEASURE_WITH_UNIT (LENGTH_MEASURE( 1.000000000000000100E-005 ), #3701, 'distance_accuracy_value', 'NONE');
#5772 = VECTOR ( 'NONE', #3659, 1000.000000000000000 ) ;
#5773 =( LENGTH_UNIT ( ) NAMED_UNIT ( * ) SI_UNIT ( .MILLI., .METRE. ) );
#5774 = AXIS2_PLACEMENT_3D ( 'NONE', #3105, #2353, #3587 ) ;
#5775 = CARTESIAN_POINT ( 'NONE',  ( 0.2411364396095448700, -0.09532875736740502300, -1.200000000000000000 ) ) ;
#5776 = ORIENTED_EDGE ( 'NONE', *, *, #2148, .F. ) ;
#5777 = PRESENTATION_STYLE_ASSIGNMENT (( #2919 ) ) ;
#5778 = FACE_OUTER_BOUND ( 'NONE', #2054, .T. ) ;
#5779 =( NAMED_UNIT ( * ) PLANE_ANGLE_UNIT ( ) SI_UNIT ( $, .RADIAN. ) );
#5780 =( NAMED_UNIT ( * ) SI_UNIT ( $, .STERADIAN. ) SOLID_ANGLE_UNIT ( ) );
#5781 = EDGE_LOOP ( 'NONE', ( #2720, #5745, #2683, #4262 ) ) ;
#5782 = CARTESIAN_POINT ( 'NONE',  ( -0.1743466185640364400, -0.07064809080514182500, -1.200000000000000000 ) ) ;
#5783 = ORIENTED_EDGE ( 'NONE', *, *, #1922, .F. ) ;
#5784 = DIRECTION ( 'NONE',  ( 0.9417224702971436200, 0.3363908276654484800, -0.0000000000000000000 ) ) ;
#5785 = CARTESIAN_POINT ( 'NONE',  ( 0.1739370065192437400, 0.06688580844519838300, -1.179999999999999900 ) ) ;
#5786 = EDGE_LOOP ( 'NONE', ( #375, #4200, #3350, #928 ) ) ;
#5787 = COLOUR_RGB ( '',0.6666666666666666300, 0.6666666666666666300, 0.6666666666666666300 ) ;
#5788 = SURFACE_STYLE_USAGE ( .BOTH. , #1492 ) ;
#5789 = DIRECTION ( 'NONE',  ( -0.7071067811865469100, 0.0000000000000000000, 0.7071067811865482400 ) ) ;
#5790 = CARTESIAN_POINT ( 'NONE',  ( -0.1871063425472382600, -0.05238117689155032800, -1.180000000000000200 ) ) ;
#5791 = FILL_AREA_STYLE ('',( #3605 ) ) ;
#5792 = ORIENTED_EDGE ( 'NONE', *, *, #1460, .T. ) ;
#5793 = ORIENTED_EDGE ( 'NONE', *, *, #5031, .F. ) ;
#5794 = CARTESIAN_POINT ( 'NONE',  ( 1.100000000000000100, 0.6249999999999998900, 1.300000000000000300 ) ) ;
#5795 = ORIENTED_EDGE ( 'NONE', *, *, #1394, .T. ) ;
#5796 = VECTOR ( 'NONE', #3923, 1000.000000000000000 ) ;
#5797 = FILL_AREA_STYLE_COLOUR ( '', #2075 ) ;
#5798 =( GEOMETRIC_REPRESENTATION_CONTEXT ( 3 ) GLOBAL_UNCERTAINTY_ASSIGNED_CONTEXT ( ( #4779 ) ) GLOBAL_UNIT_ASSIGNED_CONTEXT ( ( #3277, #3747, #3771 ) ) REPRESENTATION_CONTEXT ( 'NONE', 'WORKASPACE' ) );
#5799 = VECTOR ( 'NONE', #231, 1000.000000000000000 ) ;
#5800 = EDGE_CURVE ( 'NONE', #232, #882, #5412, .T. ) ;
#5801 = VERTEX_POINT ( 'NONE', #5008 ) ;
#5802 = DIRECTION ( 'NONE',  ( 1.000000000000000000, 3.388131789017200700E-017, -0.0000000000000000000 ) ) ;
#5803 = COLOUR_RGB ( '',0.6666666666666666300, 0.6666666666666666300, 0.6666666666666666300 ) ;
#5804 = CARTESIAN_POINT ( 'NONE',  ( 3.254289321881345100, -0.2999999999999999900, -0.9499999999999999600 ) ) ;
#5805 = VERTEX_POINT ( 'NONE', #5963 ) ;
#5806 = AXIS2_PLACEMENT_3D ( 'NONE', #4019, #4377, #4425 ) ;
#5807 = STYLED_ITEM ( 'NONE', ( #1545 ), #2661 ) ;
#5808 = VECTOR ( 'NONE', #98, 1000.000000000000000 ) ;
#5809 = DIRECTION ( 'NONE',  ( -1.000000000000000000, 0.0000000000000000000, 0.0000000000000000000 ) ) ;
#5810 = UNCERTAINTY_MEASURE_WITH_UNIT (LENGTH_MEASURE( 1.000000000000000100E-005 ), #229, 'distance_accuracy_value', 'NONE');
#5811 = VERTEX_POINT ( 'NONE', #4800 ) ;
#5812 = DIRECTION ( 'NONE',  ( -1.000000000000000000, 0.0000000000000000000, 0.0000000000000000000 ) ) ;
#5813 =( NAMED_UNIT ( * ) PLANE_ANGLE_UNIT ( ) SI_UNIT ( $, .RADIAN. ) );
#5814 = CARTESIAN_POINT ( 'NONE',  ( -2.774999999999999900, 1.825000000000000000, -1.200000000000000000 ) ) ;
#5815 = PRESENTATION_STYLE_ASSIGNMENT (( #1479 ) ) ;
#5816 = EDGE_CURVE ( 'NONE', #5660, #368, #5317, .T. ) ;
#5817 = CARTESIAN_POINT ( 'NONE',  ( -0.2218713859334401100, -0.007403091999019023400, -1.179999999999999700 ) ) ;
#5818 = DIRECTION ( 'NONE',  ( -0.0000000000000000000, -0.0000000000000000000, 1.000000000000000000 ) ) ;
#5819 = EDGE_LOOP ( 'NONE', ( #5614, #2718, #3523, #4305 ) ) ;
#5820 = FILL_AREA_STYLE ('',( #1733 ) ) ;
#5821 = PRESENTATION_STYLE_ASSIGNMENT (( #6073 ) ) ;
#5822 = EDGE_CURVE ( 'NONE', #1166, #4923, #5706, .T. ) ;
#5823 = CARTESIAN_POINT ( 'NONE',  ( 1.300000000000000300, 0.4250000000000000400, 0.6500000000000000200 ) ) ;
#5824 = ORIENTED_EDGE ( 'NONE', *, *, #2523, .T. ) ;
#5825 = FILL_AREA_STYLE_COLOUR ( '', #1797 ) ;
#5826 = STYLED_ITEM ( 'NONE', ( #148 ), #154 ) ;
#5827 = FACE_OUTER_BOUND ( 'NONE', #1147, .T. ) ;
#5828 = MECHANICAL_DESIGN_GEOMETRIC_PRESENTATION_REPRESENTATION (  '', ( #5971 ), #5798 ) ;
#5829 = DIRECTION ( 'NONE',  ( 0.0000000000000000000, 0.0000000000000000000, 1.000000000000000000 ) ) ;
#5830 = DIRECTION ( 'NONE',  ( -0.0000000000000000000, -1.000000000000000000, -0.0000000000000000000 ) ) ;
#5831 = PRESENTATION_LAYER_ASSIGNMENT (  '', '', ( #5971 ) ) ;
#5832 = FACE_OUTER_BOUND ( 'NONE', #1977, .T. ) ;
#5833 = FACE_OUTER_BOUND ( 'NONE', #8, .T. ) ;
#5834 = CARTESIAN_POINT ( 'NONE',  ( -0.2217152812745243100, -0.0003140851478219452500, -1.179999999999999700 ) ) ;
#5835 = ORIENTED_EDGE ( 'NONE', *, *, #3065, .F. ) ;
#5836 = CARTESIAN_POINT ( 'NONE',  ( 1.100000000000000100, 0.4249999999999999300, 1.100000000000000100 ) ) ;
#5837 = CARTESIAN_POINT ( 'NONE',  ( -2.774999999999999900, -1.825000000000000000, -1.200000000000000000 ) ) ;
#5838 =( GEOMETRIC_REPRESENTATION_CONTEXT ( 3 ) GLOBAL_UNCERTAINTY_ASSIGNED_CONTEXT ( ( #5718 ) ) GLOBAL_UNIT_ASSIGNED_CONTEXT ( ( #3150, #3074, #3056 ) ) REPRESENTATION_CONTEXT ( 'NONE', 'WORKASPACE' ) );
#5839 = ORIENTED_EDGE ( 'NONE', *, *, #1712, .F. ) ;
#5840 = CARTESIAN_POINT ( 'NONE',  ( 0.2452450669973031700, -0.03264862623958463000, -1.200000000000000000 ) ) ;
#5841 = ORIENTED_EDGE ( 'NONE', *, *, #3187, .F. ) ;
#5842 = DIRECTION ( 'NONE',  ( 2.395770963567776300E-017, -0.7071067811865489100, 0.7071067811865462400 ) ) ;
#5843 = PRESENTATION_STYLE_ASSIGNMENT (( #2495 ) ) ;
#5844 = ORIENTED_EDGE ( 'NONE', *, *, #3896, .T. ) ;
#5845 = FILL_AREA_STYLE ('',( #101 ) ) ;
#5846 =( NAMED_UNIT ( * ) SI_UNIT ( $, .STERADIAN. ) SOLID_ANGLE_UNIT ( ) );
#5847 = MECHANICAL_DESIGN_GEOMETRIC_PRESENTATION_REPRESENTATION (  '', ( #5907 ), #5838 ) ;
#5848 = CARTESIAN_POINT ( 'NONE',  ( 0.2731082220089565100, -0.02094088820868451200, -1.179999999999999900 ) ) ;
#5849 = VECTOR ( 'NONE', #4637, 1000.000000000000000 ) ;
#5850 = CARTESIAN_POINT ( 'NONE',  ( 0.1712271341463416600, 0.06694407566239389500, -1.179999999999999900 ) ) ;
#5851 = EDGE_CURVE ( 'NONE', #3868, #2424, #5371, .T. ) ;
#5852 = DIRECTION ( 'NONE',  ( -1.000000000000000000, 0.0000000000000000000, -0.0000000000000000000 ) ) ;
#5853 = VERTEX_POINT ( 'NONE', #4594 ) ;
#5854 = FILL_AREA_STYLE ('',( #5825 ) ) ;
#5855 = VECTOR ( 'NONE', #684, 1000.000000000000000 ) ;
#5856 = CARTESIAN_POINT ( 'NONE',  ( -2.774999999999999900, -1.525000000000000100, 0.2000000000000000100 ) ) ;
#5857 = VERTEX_POINT ( 'NONE', #4388 ) ;
#5858 = PLANE ( 'NONE',  #3633 ) ;
#5859 = COLOUR_RGB ( '',0.2980392156862745100, 0.2980392156862745100, 0.2980392156862745100 ) ;
#5860 = CARTESIAN_POINT ( 'NONE',  ( -0.2147015312140390900, 0.02901703914319027400, -1.180000000000000400 ) ) ;
#5861 = DIRECTION ( 'NONE',  ( 1.000000000000000000, 0.0000000000000000000, 0.0000000000000000000 ) ) ;
#5862 = ORIENTED_EDGE ( 'NONE', *, *, #5733, .T. ) ;
#5863 = DIRECTION ( 'NONE',  ( -0.0000000000000000000, -0.0000000000000000000, -1.000000000000000000 ) ) ;
#5864 = EDGE_CURVE ( 'NONE', #1484, #5139, #5214, .T. ) ;
#5865 = FILL_AREA_STYLE_COLOUR ( '', #5700 ) ;
#5866 = ORIENTED_EDGE ( 'NONE', *, *, #5905, .F. ) ;
#5867 = SURFACE_STYLE_FILL_AREA ( #6112 ) ;
#5868 = AXIS2_PLACEMENT_3D ( 'NONE', #3447, #2942, #2976 ) ;
#5869 =( NAMED_UNIT ( * ) PLANE_ANGLE_UNIT ( ) SI_UNIT ( $, .RADIAN. ) );
#5870 = ADVANCED_FACE ( 'NONE', ( #5369 ), #5018, .T. ) ;
#5871 = EDGE_LOOP ( 'NONE', ( #5795, #827, #5264, #3606 ) ) ;
#5872 = CARTESIAN_POINT ( 'NONE',  ( 1.600000000000000500, 0.8249999999999997300, 0.6500000000000000200 ) ) ;
#5873 = DIRECTION ( 'NONE',  ( 1.000000000000000000, 0.0000000000000000000, 0.0000000000000000000 ) ) ;
#5874 = CARTESIAN_POINT ( 'NONE',  ( 0.1757240853658538500, -0.09403153409370368400, -1.179999999999999900 ) ) ;
#5875 = PRESENTATION_LAYER_ASSIGNMENT (  '', '', ( #5907 ) ) ;
#5876 = CIRCLE ( 'NONE', #5080, 0.05000000000000002400 ) ;
#5877 = ORIENTED_EDGE ( 'NONE', *, *, #3413, .T. ) ;
#5878 = EDGE_CURVE ( 'NONE', #4290, #1989, #4988, .T. ) ;
#5879 = DIRECTION ( 'NONE',  ( 0.0000000000000000000, 0.0000000000000000000, 1.000000000000000000 ) ) ;
#5880 = LINE ( 'NONE', #2957, #720 ) ;
#5881 = CIRCLE ( 'NONE', #3290, 0.1999999999999999800 ) ;
#5882 = DIRECTION ( 'NONE',  ( -1.000000000000000000, 0.0000000000000000000, 0.0000000000000000000 ) ) ;
#5883 = CARTESIAN_POINT ( 'NONE',  ( -0.3390243902439023500, 0.08645627078434514600, -1.179999999999999900 ) ) ;
#5884 = AXIS2_PLACEMENT_3D ( 'NONE', #4083, #4074, #3815 ) ;
#5885 = EDGE_CURVE ( 'NONE', #685, #2504, #4991, .T. ) ;
#5886 = VECTOR ( 'NONE', #2905, 1000.000000000000000 ) ;
#5887 = ORIENTED_EDGE ( 'NONE', *, *, #3055, .F. ) ;
#5888 = VECTOR ( 'NONE', #1040, 1000.000000000000000 ) ;
#5889 = CYLINDRICAL_SURFACE ( 'NONE', #4381, 0.2000000000000000900 ) ;
#5890 = ORIENTED_EDGE ( 'NONE', *, *, #533, .T. ) ;
#5891 = FILL_AREA_STYLE_COLOUR ( '', #1661 ) ;
#5892 = COLOUR_RGB ( '',0.5019607843137254800, 0.0000000000000000000, 0.0000000000000000000 ) ;
#5893 = CARTESIAN_POINT ( 'NONE',  ( 0.2693347597384503400, 0.01588396823282908800, -1.200000000000000000 ) ) ;
#5894 = ADVANCED_FACE ( 'NONE', ( #4975 ), #3761, .T. ) ;
#5895 = LINE ( 'NONE', #3934, #5796 ) ;
#5896 = VERTEX_POINT ( 'NONE', #3658 ) ;
#5897 = CARTESIAN_POINT ( 'NONE',  ( -0.2179565289039059600, 0.01979686665899326900, -1.179999999999999500 ) ) ;
#5898 = ORIENTED_EDGE ( 'NONE', *, *, #6009, .T. ) ;
#5899 = EDGE_CURVE ( 'NONE', #4644, #5973, #4872, .T. ) ;
#5900 = VECTOR ( 'NONE', #4634, 1000.000000000000000 ) ;
#5901 = FILL_AREA_STYLE_COLOUR ( '', #153 ) ;
#5902 = AXIS2_PLACEMENT_3D ( 'NONE', #3268, #3394, #3256 ) ;
#5903 = VECTOR ( 'NONE', #731, 1000.000000000000000 ) ;
#5904 = CARTESIAN_POINT ( 'NONE',  ( 1.600000000000000500, 0.8421572875253808800, 0.4500000000000000100 ) ) ;
#5905 = EDGE_CURVE ( 'NONE', #471, #1305, #4858, .T. ) ;
#5906 = ORIENTED_EDGE ( 'NONE', *, *, #1809, .F. ) ;
#5907 = STYLED_ITEM ( 'NONE', ( #2705 ), #2631 ) ;
#5908 = DIRECTION ( 'NONE',  ( -1.000000000000000000, 0.0000000000000000000, 0.0000000000000000000 ) ) ;
#5909 = PLANE ( 'NONE',  #2295 ) ;
#5910 = DIRECTION ( 'NONE',  ( 0.0000000000000000000, 0.0000000000000000000, 1.000000000000000000 ) ) ;
#5911 = EDGE_CURVE ( 'NONE', #1493, #2639, #3399, .T. ) ;
#5912 = VECTOR ( 'NONE', #3081, 1000.000000000000000 ) ;
#5913 = DIRECTION ( 'NONE',  ( 0.0000000000000000000, -1.000000000000000000, 0.0000000000000000000 ) ) ;
#5914 = FACE_OUTER_BOUND ( 'NONE', #4880, .T. ) ;
#5915 = EDGE_CURVE ( 'NONE', #3814, #4331, #4761, .T. ) ;
#5916 = CARTESIAN_POINT ( 'NONE',  ( 0.3658536585365854100, 0.08645627078434514600, -1.200000000000000000 ) ) ;
#5917 = FILL_AREA_STYLE ('',( #5901 ) ) ;
#5918 = ORIENTED_EDGE ( 'NONE', *, *, #1653, .T. ) ;
#5919 = SURFACE_SIDE_STYLE ('',( #2162 ) ) ;
#5920 = LINE ( 'NONE', #365, #2649 ) ;
#5921 = VERTEX_POINT ( 'NONE', #3272 ) ;
#5922 = EDGE_LOOP ( 'NONE', ( #5490, #4821, #1834, #4120 ) ) ;
#5923 = CARTESIAN_POINT ( 'NONE',  ( -0.3215320121951219000, 0.04804163663800364900, -1.179999999999999900 ) ) ;
#5924 = SURFACE_STYLE_USAGE ( .BOTH. , #5919 ) ;
#5925 = LINE ( 'NONE', #3041, #5888 ) ;
#5926 = EDGE_CURVE ( 'NONE', #1171, #32, #4654, .T. ) ;
#5927 = ORIENTED_EDGE ( 'NONE', *, *, #5226, .F. ) ;
#5928 = ORIENTED_EDGE ( 'NONE', *, *, #5576, .F. ) ;
#5929 = CARTESIAN_POINT ( 'NONE',  ( 0.1645906879885635500, 0.08884608427453127800, -1.180000000000000200 ) ) ;
#5930 =( LENGTH_UNIT ( ) NAMED_UNIT ( * ) SI_UNIT ( .MILLI., .METRE. ) );
#5931 = CARTESIAN_POINT ( 'NONE',  ( 0.1409324567554771100, 0.06202270054184282100, -1.200000000000000200 ) ) ;
#5932 = EDGE_LOOP ( 'NONE', ( #4816, #4545, #5942, #2497 ) ) ;
#5933 = DIRECTION ( 'NONE',  ( -1.000000000000000000, 0.0000000000000000000, 8.673617379884043400E-016 ) ) ;
#5934 = CARTESIAN_POINT ( 'NONE',  ( -0.1488426371532152500, 0.05986921925024838600, -1.200000000000000000 ) ) ;
#5935 = VECTOR ( 'NONE', #5621, 999.9999999999998900 ) ;
#5936 =( NAMED_UNIT ( * ) PLANE_ANGLE_UNIT ( ) SI_UNIT ( $, .RADIAN. ) );
#5937 = ORIENTED_EDGE ( 'NONE', *, *, #51, .F. ) ;
#5938 = EDGE_CURVE ( 'NONE', #5805, #400, #4679, .T. ) ;
#5939 = EDGE_CURVE ( 'NONE', #550, #5527, #4985, .T. ) ;
#5940 = VECTOR ( 'NONE', #1054, 1000.000000000000000 ) ;
#5941 =( NAMED_UNIT ( * ) SI_UNIT ( $, .STERADIAN. ) SOLID_ANGLE_UNIT ( ) );
#5942 = ORIENTED_EDGE ( 'NONE', *, *, #5526, .T. ) ;
#5943 = AXIS2_PLACEMENT_3D ( 'NONE', #4141, #3801, #4132 ) ;
#5944 = CARTESIAN_POINT ( 'NONE',  ( 0.2118596611498688200, 0.08179455634748651600, -1.179999999999999500 ) ) ;
#5945 = EDGE_CURVE ( 'NONE', #2420, #2652, #4647, .T. ) ;
#5946 = UNCERTAINTY_MEASURE_WITH_UNIT (LENGTH_MEASURE( 1.000000000000000100E-005 ), #1445, 'distance_accuracy_value', 'NONE');
#5947 = UNCERTAINTY_MEASURE_WITH_UNIT (LENGTH_MEASURE( 1.000000000000000100E-005 ), #58, 'distance_accuracy_value', 'NONE');
#5948 = ORIENTED_EDGE ( 'NONE', *, *, #235, .F. ) ;
#5949 = CARTESIAN_POINT ( 'NONE',  ( -0.1257069196104235200, 0.06433210410648983200, -1.200000000000000000 ) ) ;
#5950 = COLOUR_RGB ( '',0.2980392156862745100, 0.2980392156862745100, 0.2980392156862745100 ) ;
#5951 = VECTOR ( 'NONE', #44, 1000.000000000000000 ) ;
#5952 = DIRECTION ( 'NONE',  ( 4.710292751991656900E-013, 8.533768474893844000E-013, -1.000000000000000000 ) ) ;
#5953 = DIRECTION ( 'NONE',  ( 0.0000000000000000000, 0.0000000000000000000, -1.000000000000000000 ) ) ;
#5954 = CARTESIAN_POINT ( 'NONE',  ( -0.2217121149522585700, -0.02221064507284789900, -1.179999999999999700 ) ) ;
#5955 = ORIENTED_EDGE ( 'NONE', *, *, #742, .T. ) ;
#5956 = FILL_AREA_STYLE_COLOUR ( '', #1485 ) ;
#5957 = SURFACE_STYLE_FILL_AREA ( #2760 ) ;
#5958 = ORIENTED_EDGE ( 'NONE', *, *, #1289, .T. ) ;
#5959 = CARTESIAN_POINT ( 'NONE',  ( 2.774999999999999900, 1.525000000000000100, -1.200000000000000000 ) ) ;
#5960 = CARTESIAN_POINT ( 'NONE',  ( -4.000000000000000000, 0.2999999999999999900, -0.9999999999999997800 ) ) ;
#5961 = CIRCLE ( 'NONE', #2629, 0.1999999999999999800 ) ;
#5962 = VERTEX_POINT ( 'NONE', #2991 ) ;
#5963 = CARTESIAN_POINT ( 'NONE',  ( -3.501776695296635800, 0.2999999999999999900, -1.126776695296636300 ) ) ;
#5964 = SURFACE_STYLE_FILL_AREA ( #141 ) ;
#5965 = DIRECTION ( 'NONE',  ( 0.0000000000000000000, 0.0000000000000000000, -1.000000000000000000 ) ) ;
#5966 = PRESENTATION_STYLE_ASSIGNMENT (( #193 ) ) ;
#5967 = FILL_AREA_STYLE_COLOUR ( '', #2135 ) ;
#5968 = EDGE_CURVE ( 'NONE', #889, #471, #944, .T. ) ;
#5969 = VERTEX_POINT ( 'NONE', #2985 ) ;
#5970 = DIRECTION ( 'NONE',  ( -1.000000000000000000, 0.0000000000000000000, -0.0000000000000000000 ) ) ;
#5971 = STYLED_ITEM ( 'NONE', ( #5843 ), #4519 ) ;
#5972 = CYLINDRICAL_SURFACE ( 'NONE', #41, 0.2000000000000000900 ) ;
#5973 = VERTEX_POINT ( 'NONE', #3003 ) ;
#5974 = LINE ( 'NONE', #26, #5951 ) ;
#5975 = EDGE_CURVE ( 'NONE', #2907, #998, #4513, .T. ) ;
#5976 = VECTOR ( 'NONE', #251, 1000.000000000000000 ) ;
#5977 = CARTESIAN_POINT ( 'NONE',  ( 0.05853658536585373100, -0.09159250970345976500, -1.179999999999999900 ) ) ;
#5978 = CARTESIAN_POINT ( 'NONE',  ( -0.06097560975609740000, 0.08645627078434514600, -1.179999999999999900 ) ) ;
#5979 = VERTEX_POINT ( 'NONE', #2751 ) ;
#5980 = ORIENTED_EDGE ( 'NONE', *, *, #1512, .T. ) ;
#5981 = CIRCLE ( 'NONE', #4812, 0.2499999999999997800 ) ;
#5982 = FACE_OUTER_BOUND ( 'NONE', #3208, .T. ) ;
#5983 =( NAMED_UNIT ( * ) PLANE_ANGLE_UNIT ( ) SI_UNIT ( $, .RADIAN. ) );
#5984 = ORIENTED_EDGE ( 'NONE', *, *, #5463, .F. ) ;
#5985 = CARTESIAN_POINT ( 'NONE',  ( 0.1467479510664610500, 0.06380130070777954900, -1.179999999999999700 ) ) ;
#5986 = AXIS2_PLACEMENT_3D ( 'NONE', #3678, #3666, #2872 ) ;
#5987 = CARTESIAN_POINT ( 'NONE',  ( 0.2388447287713187400, -0.05490237805974329500, -1.179999999999999900 ) ) ;
#5988 = CARTESIAN_POINT ( 'NONE',  ( -0.3878048780487804400, -0.1135437292156548900, -1.179999999999999900 ) ) ;
#5989 = ORIENTED_EDGE ( 'NONE', *, *, #4374, .F. ) ;
#5990 = COLOUR_RGB ( '',0.6666666666666666300, 0.6666666666666666300, 0.6666666666666666300 ) ;
#5991 = ORIENTED_EDGE ( 'NONE', *, *, #5097, .T. ) ;
#5992 = DIRECTION ( 'NONE',  ( -1.000000000000000000, 0.0000000000000000000, 0.0000000000000000000 ) ) ;
#5993 = DIRECTION ( 'NONE',  ( -1.000000000000000000, 0.0000000000000000000, 0.0000000000000000000 ) ) ;
#5994 = DIRECTION ( 'NONE',  ( 0.3393303772748777500, 0.9406672605435404400, 0.0000000000000000000 ) ) ;
#5995 = FACE_OUTER_BOUND ( 'NONE', #3798, .T. ) ;
#5996 = CARTESIAN_POINT ( 'NONE',  ( 0.1243902439024392300, 0.05413919761361341000, -1.179999999999999900 ) ) ;
#5997 = VECTOR ( 'NONE', #2012, 1000.000000000000000 ) ;
#5998 = VERTEX_POINT ( 'NONE', #2682 ) ;
#5999 = EDGE_CURVE ( 'NONE', #3726, #4691, #4518, .T. ) ;
#6000 = ORIENTED_EDGE ( 'NONE', *, *, #5226, .T. ) ;
#6001 = CARTESIAN_POINT ( 'NONE',  ( 0.3658536585365854100, -0.09159250970345976500, -1.179999999999999900 ) ) ;
#6002 = LINE ( 'NONE', #1884, #5855 ) ;
#6003 =( GEOMETRIC_REPRESENTATION_CONTEXT ( 3 ) GLOBAL_UNCERTAINTY_ASSIGNED_CONTEXT ( ( #3432 ) ) GLOBAL_UNIT_ASSIGNED_CONTEXT ( ( #3332, #3359, #3325 ) ) REPRESENTATION_CONTEXT ( 'NONE', 'WORKASPACE' ) );
#6004 = CARTESIAN_POINT ( 'NONE',  ( 0.1587407471333427400, 0.06620085613459153500, -1.179999999999999900 ) ) ;
#6005 = EDGE_CURVE ( 'NONE', #1498, #4867, #4917, .T. ) ;
#6006 = ORIENTED_EDGE ( 'NONE', *, *, #1304, .T. ) ;
#6007 =( NAMED_UNIT ( * ) SI_UNIT ( $, .STERADIAN. ) SOLID_ANGLE_UNIT ( ) );
#6008 = LINE ( 'NONE', #114, #5808 ) ;
#6009 = EDGE_CURVE ( 'NONE', #4219, #134, #4537, .T. ) ;
#6010 = ORIENTED_EDGE ( 'NONE', *, *, #5699, .F. ) ;
#6011 = MECHANICAL_DESIGN_GEOMETRIC_PRESENTATION_REPRESENTATION (  '', ( #6081 ), #6003 ) ;
#6012 = PLANE ( 'NONE',  #5074 ) ;
#6013 = EDGE_CURVE ( 'NONE', #1749, #1018, #4455, .T. ) ;
#6014 = FILL_AREA_STYLE_COLOUR ( '', #6061 ) ;
#6015 = DIRECTION ( 'NONE',  ( -0.0000000000000000000, -0.0000000000000000000, -1.000000000000000000 ) ) ;
#6016 = ORIENTED_EDGE ( 'NONE', *, *, #202, .F. ) ;
#6017 = EDGE_CURVE ( 'NONE', #2301, #6121, #4452, .T. ) ;
#6018 = LINE ( 'NONE', #2419, #5065 ) ;
#6019 =( NAMED_UNIT ( * ) SI_UNIT ( $, .STERADIAN. ) SOLID_ANGLE_UNIT ( ) );
#6020 = VECTOR ( 'NONE', #2005, 1000.000000000000000 ) ;
#6021 = CARTESIAN_POINT ( 'NONE',  ( -0.3585746951219511700, -0.03549494872785000800, -1.179999999999999900 ) ) ;
#6022 = ORIENTED_EDGE ( 'NONE', *, *, #1948, .F. ) ;
#6023 = CARTESIAN_POINT ( 'NONE',  ( -0.4170731707317072400, -0.1135437292156548900, -1.179999999999999900 ) ) ;
#6024 = CARTESIAN_POINT ( 'NONE',  ( -0.2202614917343633800, 0.01002351506956192800, -1.180000000000000400 ) ) ;
#6025 = VECTOR ( 'NONE', #1974, 1000.000000000000000 ) ;
#6026 = PLANE ( 'NONE',  #3410 ) ;
#6027 = ORIENTED_EDGE ( 'NONE', *, *, #858, .T. ) ;
#6028 = ORIENTED_EDGE ( 'NONE', *, *, #742, .F. ) ;
#6029 = CARTESIAN_POINT ( 'NONE',  ( 0.1714557926829270400, 0.08889529517458903700, -1.179999999999999900 ) ) ;
#6030 = COLOUR_RGB ( '',0.6666666666666666300, 0.6666666666666666300, 0.6666666666666666300 ) ;
#6031 = CARTESIAN_POINT ( 'NONE',  ( 1.600000000000000500, -0.9835786437626904400, 0.5914213562373097400 ) ) ;
#6032 = DIRECTION ( 'NONE',  ( 0.3390537954853694600, 0.9407669869669987900, 0.0000000000000000000 ) ) ;
#6033 = ORIENTED_EDGE ( 'NONE', *, *, #1606, .T. ) ;
#6034 = SURFACE_SIDE_STYLE ('',( #5443 ) ) ;
#6035 = ORIENTED_EDGE ( 'NONE', *, *, #3463, .F. ) ;
#6036 = LINE ( 'NONE', #3234, #6020 ) ;
#6037 = CARTESIAN_POINT ( 'NONE',  ( 0.2461773843219637900, -0.02431309065502015200, -1.179999999999999900 ) ) ;
#6038 = SPHERICAL_SURFACE ( 'NONE', #4092, 0.2000000000000000100 ) ;
#6039 =( NAMED_UNIT ( * ) PLANE_ANGLE_UNIT ( ) SI_UNIT ( $, .RADIAN. ) );
#6040 = PLANE ( 'NONE',  #3492 ) ;
#6041 = UNCERTAINTY_MEASURE_WITH_UNIT (LENGTH_MEASURE( 1.000000000000000100E-005 ), #5417, 'distance_accuracy_value', 'NONE');
#6042 = DIRECTION ( 'NONE',  ( 0.0000000000000000000, 0.0000000000000000000, -1.000000000000000000 ) ) ;
#6043 = ORIENTED_EDGE ( 'NONE', *, *, #2270, .T. ) ;
#6044 = PRESENTATION_LAYER_ASSIGNMENT (  '', '', ( #6081 ) ) ;
#6045 = VERTEX_POINT ( 'NONE', #2546 ) ;
#6046 = AXIS2_PLACEMENT_3D ( 'NONE', #2402, #4489, #1876 ) ;
#6047 = FILL_AREA_STYLE ('',( #6014 ) ) ;
#6048 = ADVANCED_FACE ( 'NONE', ( #4393 ), #2515, .T. ) ;
#6049 = PRESENTATION_STYLE_ASSIGNMENT (( #223 ) ) ;
#6050 = EDGE_CURVE ( 'NONE', #2963, #5067, #5338, .T. ) ;
#6051 = VERTEX_POINT ( 'NONE', #2466 ) ;
#6052 = ORIENTED_EDGE ( 'NONE', *, *, #97, .F. ) ;
#6053 = ADVANCED_FACE ( 'NONE', ( #2678 ), #4158, .T. ) ;
#6054 = DIRECTION ( 'NONE',  ( 0.0000000000000000000, 1.000000000000000000, 0.0000000000000000000 ) ) ;
#6055 = PRESENTATION_STYLE_ASSIGNMENT (( #6066 ) ) ;
#6056 = EDGE_LOOP ( 'NONE', ( #5887, #4552, #2848, #4284 ) ) ;
#6057 = CARTESIAN_POINT ( 'NONE',  ( 0.0000000000000000000, 0.0000000000000000000, 0.2000000000000000100 ) ) ;
#6058 = ORIENTED_EDGE ( 'NONE', *, *, #3212, .F. ) ;
#6059 = LINE ( 'NONE', #2328, #4316 ) ;
#6060 = SURFACE_SIDE_STYLE ('',( #3269 ) ) ;
#6061 = COLOUR_RGB ( '',0.6666666666666666300, 0.6666666666666666300, 0.6666666666666666300 ) ;
#6062 = ORIENTED_EDGE ( 'NONE', *, *, #5433, .T. ) ;
#6063 = CARTESIAN_POINT ( 'NONE',  ( 0.05853658536585373100, -0.09159250970345976500, -1.179999999999999900 ) ) ;
#6064 = CARTESIAN_POINT ( 'NONE',  ( 0.1526736900652979100, 0.06523753399202869600, -1.200000000000000200 ) ) ;
#6065 = VECTOR ( 'NONE', #4260, 1000.000000000000100 ) ;
#6066 = SURFACE_STYLE_USAGE ( .BOTH. , #6060 ) ;
#6067 = VECTOR ( 'NONE', #6032, 999.9999999999998900 ) ;
#6068 = B_SPLINE_CURVE_WITH_KNOTS ( 'NONE', 3,
 ( #379, #357, #351, #343, #335, #329, #322 ),
 .UNSPECIFIED., .F., .F.,
 ( 4, 1, 1, 1, 4 ),
 ( 0.0000000000000000000, 0.1744817153170505100, 0.3982857591281122000, 0.6738978473986664300, 1.000000000000000000 ),
 .UNSPECIFIED. ) ;
#6069 = ORIENTED_EDGE ( 'NONE', *, *, #5553, .T. ) ;
#6070 =( LENGTH_UNIT ( ) NAMED_UNIT ( * ) SI_UNIT ( .MILLI., .METRE. ) );
#6071 = CARTESIAN_POINT ( 'NONE',  ( -0.3390243902439023500, 0.08645627078434514600, -1.179999999999999900 ) ) ;
#6072 = FACE_OUTER_BOUND ( 'NONE', #5819, .T. ) ;
#6073 = SURFACE_STYLE_USAGE ( .BOTH. , #6094 ) ;
#6074 = CARTESIAN_POINT ( 'NONE',  ( 0.1243902439024392300, 0.08096846590629634700, -1.179999999999999900 ) ) ;
#6075 = AXIS2_PLACEMENT_3D ( 'NONE', #3506, #3501, #3476 ) ;
#6076 = EDGE_CURVE ( 'NONE', #2301, #445, #4142, .T. ) ;
#6077 = VECTOR ( 'NONE', #1813, 1000.000000000000000 ) ;
#6078 =( NAMED_UNIT ( * ) SI_UNIT ( $, .STERADIAN. ) SOLID_ANGLE_UNIT ( ) );
#6079 = ORIENTED_EDGE ( 'NONE', *, *, #3788, .F. ) ;
#6080 =( GEOMETRIC_REPRESENTATION_CONTEXT ( 3 ) GLOBAL_UNCERTAINTY_ASSIGNED_CONTEXT ( ( #722 ) ) GLOBAL_UNIT_ASSIGNED_CONTEXT ( ( #4210, #2455, #2426 ) ) REPRESENTATION_CONTEXT ( 'NONE', 'WORKASPACE' ) );
#6081 = STYLED_ITEM ( 'NONE', ( #4596 ), #4449 ) ;
#6082 = VECTOR ( 'NONE', #6015, 1000.000000000000000 ) ;
#6083 = EDGE_CURVE ( 'NONE', #4031, #1097, #4109, .T. ) ;
#6084 = CARTESIAN_POINT ( 'NONE',  ( -1.600000000000000100, -0.9249999999999999300, 0.6500000000000000200 ) ) ;
#6085 = VERTEX_POINT ( 'NONE', #2064 ) ;
#6086 = DIRECTION ( 'NONE',  ( 0.0000000000000000000, -0.7071067811865462400, 0.7071067811865489100 ) ) ;
#6087 = PLANE ( 'NONE',  #4684 ) ;
#6088 = LINE ( 'NONE', #1999, #1214 ) ;
#6089 = LINE ( 'NONE', #6021, #6067 ) ;
#6090 = VECTOR ( 'NONE', #3768, 1000.000000000000000 ) ;
#6091 = CARTESIAN_POINT ( 'NONE',  ( 1.600000000000000500, -0.8249999999999998400, 0.6500000000000000200 ) ) ;
#6092 = EDGE_LOOP ( 'NONE', ( #3698, #2827, #2646, #5955 ) ) ;
#6093 = MECHANICAL_DESIGN_GEOMETRIC_PRESENTATION_REPRESENTATION (  '', ( #18 ), #6080 ) ;
#6094 = SURFACE_SIDE_STYLE ('',( #5867 ) ) ;
#6095 = VECTOR ( 'NONE', #10, 1000.000000000000000 ) ;
#6096 = DIRECTION ( 'NONE',  ( 0.0000000000000000000, -0.7071067811865489100, -0.7071067811865462400 ) ) ;
#6097 = COLOUR_RGB ( '',0.5019607843137254800, 0.0000000000000000000, 0.0000000000000000000 ) ;
#6098 = LINE ( 'NONE', #5883, #6082 ) ;
#6099 = ORIENTED_EDGE ( 'NONE', *, *, #3110, .T. ) ;
#6100 = VECTOR ( 'NONE', #5992, 1000.000000000000000 ) ;
#6101 = CARTESIAN_POINT ( 'NONE',  ( 3.075000000000000200, -0.2999999999999999900, -0.9000000000000000200 ) ) ;
#6102 = PRESENTATION_STYLE_ASSIGNMENT (( #412 ) ) ;
#6103 = LINE ( 'NONE', #5977, #6100 ) ;
#6104 = PRODUCT_DEFINITION_CONTEXT ( 'detailed design', #1162, 'design' ) ;
#6105 = CARTESIAN_POINT ( 'NONE',  ( 0.2697671622985958200, -0.04819448520369004600, -1.199999999999999700 ) ) ;
#6106 = SURFACE_STYLE_USAGE ( .BOTH. , #1121 ) ;
#6107 = ORIENTED_EDGE ( 'NONE', *, *, #5670, .T. ) ;
#6108 = EDGE_CURVE ( 'NONE', #3706, #2963, #3319, .T. ) ;
#6109 = UNCERTAINTY_MEASURE_WITH_UNIT (LENGTH_MEASURE( 1.000000000000000100E-005 ), #3070, 'distance_accuracy_value', 'NONE');
#6110 = FACE_OUTER_BOUND ( 'NONE', #2543, .T. ) ;
#6111 = CARTESIAN_POINT ( 'NONE',  ( -3.075000000000000200, 1.525000000000000100, 0.2000000000000000100 ) ) ;
#6112 = FILL_AREA_STYLE ('',( #91 ) ) ;
#6113 = DIRECTION ( 'NONE',  ( 0.0000000000000000000, -1.000000000000000000, 0.0000000000000000000 ) ) ;
#6114 = FILL_AREA_STYLE_COLOUR ( '', #1885 ) ;
#6115 = EDGE_CURVE ( 'NONE', #1715, #321, #4084, .T. ) ;
#6116 = VERTEX_POINT ( 'NONE', #1645 ) ;
#6117 = LINE ( 'NONE', #3304, #4801 ) ;
#6118 = EDGE_CURVE ( 'NONE', #3720, #3438, #4066, .T. ) ;
#6119 = FACE_OUTER_BOUND ( 'NONE', #724, .T. ) ;
#6120 = DIRECTION ( 'NONE',  ( 0.0000000000000000000, -0.0000000000000000000, -1.000000000000000000 ) ) ;
#6121 = VERTEX_POINT ( 'NONE', #1580 ) ;
#6122 = CIRCLE ( 'NONE', #2685, 0.01715728752538117600 ) ;
#6123 = SURFACE_STYLE_FILL_AREA ( #547 ) ;
ENDSEC;
END-ISO-10303-21;
