#VRML V2.0 utf8
# 3D model generated by easyeda2kicad.py (https://github.com/uPesy/easyeda2kicad.py)

Shape{
    appearance Appearance {
        material  Material 	{
            diffuseColor 0.25098039215686274 0.25098039215686274 0.25098039215686274
            specularColor 0.12549019607843137 0.12549019607843137 0.12549019607843137
            ambientIntensity 0.251
            transparency 0.0
            shininess 0.5
        }
    }
    geometry IndexedFaceSet {
        ccw TRUE
        solid FALSE
        coord DEF co Coordinate {
            point [
                -1.6274 -1.0217 0.8833, -1.6274 -1.0217 0.8442, -1.499 -1.0217 0.8442, -1.448 -1.0217 1.0178, -1.4379 -1.0217 1.019, -1.491 -1.0217 1.019, -1.2402 -1.0217 0.2362, -1.2402 -1.0217 0.0, -1.2122 -1.0217 0.0, -1.3531 -1.0217 1.0025, -1.3531 -1.0217 0.9598, -1.3171 -1.0217 0.9598, -1.3449 -1.0217 0.6723, -1.3504 -1.0217 0.6716, -1.3171 -1.0217 0.6716, -1.186 -1.0217 0.7329, -1.186 -1.0217 0.688, -1.161 -1.0217 0.688, -1.7431 -1.0217 0.9138, -1.7174 -1.0217 0.892, -1.6274 -1.0217 1.019, -1.8483 -1.0217 1.019, -1.8273 -1.0217 1.0044, -1.7941 -1.0217 0.9654, -1.776 -1.0217 0.9294, -1.7713 -1.0217 0.9278, -2.5512 -1.0217 2.0197, -2.5394 -1.0217 2.0079, -1.6274 -1.0217 3.4646, -2.0425 -1.0217 1.0333, -1.9985 -1.0217 1.0491, -1.9107 -1.0217 1.0481, -1.8637 -1.0217 1.0297, -1.9563 -1.0217 1.0537, -2.0663 -1.0217 1.019, -2.5394 -1.0217 1.019, -2.0702 -1.0217 1.0167, -2.5394 -1.0217 0.8833, -2.274 -1.0217 0.8833, -2.2656 -1.0217 0.9021, -2.2428 -1.0217 0.9313, -2.1711 -1.0217 0.9722, -2.1337 -1.0217 0.9768, -2.0924 -1.0217 0.9976, -2.1228 -1.0217 0.9763, -2.1119 -1.0217 0.975, -2.2364 -1.0217 0.9374, -2.2062 -1.0217 0.9586, -2.2182 -1.0217 0.6946, -2.2476 -1.0217 0.7197, -2.5394 -1.0217 0.6716, -2.1839 -1.0217 0.6779, -2.2693 -1.0217 0.7507, -2.2828 -1.0217 0.786, -2.5394 -1.0217 0.8442, -2.2874 -1.0217 0.8231, -2.2872 -1.0217 0.8323, -2.285 -1.0217 0.8442, -2.2808 -1.0217 0.8679, -2.1717 -1.0217 0.6742, -2.1705 -1.0217 0.6716, -2.1622 -1.0217 0.6538, -2.5394 -1.0217 0.6188, -2.1481 -1.0217 0.6364, -2.1295 -1.0217 0.6224, -1.499 -1.0217 0.2362, -1.6274 -1.0217 0.6188, -1.6274 -1.0217 0.2362, -2.0423 -1.0217 0.6188, -2.5394 -1.0217 0.2362, -2.1076 -1.0217 0.6132, -2.1208 -1.0217 0.6188, -2.0586 -1.0217 0.6125, -2.0815 -1.0217 0.6097, -2.0852 -1.0217 0.6097, -1.9926 -1.0217 0.6716, -1.9927 -1.0217 0.6713, -2.0039 -1.0217 0.6501, -2.0185 -1.0217 0.6338, -2.0374 -1.0217 0.6206, -1.6864 -1.0217 0.8361, -1.6821 -1.0217 0.8051, -1.8715 -1.0217 0.7276, -1.865 -1.0217 0.7302, -1.8538 -1.0217 0.7842, -2.0104 -1.0217 0.7681, -1.8832 -1.0217 0.8345, -2.027 -1.0217 0.7832, -2.0471 -1.0217 0.794, -1.8773 -1.0217 0.7235, -1.6984 -1.0217 0.7412, -1.7172 -1.0217 0.715, -1.6274 -1.0217 0.6716, -1.7414 -1.0217 0.8125, -1.7458 -1.0217 0.8307, -1.7531 -1.0217 0.8442, -2.2253 -1.0217 0.8442, -1.6864 -1.0217 0.7712, -1.8576 -1.0217 0.7311, -1.8567 -1.0217 0.731, -1.8538 -1.0217 0.7304, -2.2197 -1.0217 0.7872, -2.2084 -1.0217 0.768, -2.1602 -1.0217 0.7582, -2.1914 -1.0217 0.7505, -2.1707 -1.0217 0.7377, -2.1251 -1.0217 0.7896, -2.1445 -1.0217 0.7761, -2.2277 -1.0217 0.825, -2.2265 -1.0217 0.8104, -2.1042 -1.0217 0.7976, -2.0815 -1.0217 0.8004, -2.07 -1.0217 0.7997, -1.743 -1.0217 0.6931, -1.772 -1.0217 0.679, -1.8035 -1.0217 0.6723, -1.887 -1.0217 0.7017, -1.8868 -1.0217 0.7054, -1.9867 -1.0217 0.714, -1.8849 -1.0217 0.7127, -1.8812 -1.0217 0.7191, -1.7602 -1.0217 0.754, -1.7497 -1.0217 0.7688, -1.7432 -1.0217 0.7857, -1.7409 -1.0217 0.8042, -1.8595 -1.0217 0.6723, -1.8649 -1.0217 0.6731, -1.8711 -1.0217 0.6756, -1.8773 -1.0217 0.68, -1.8795 -1.0217 0.6822, -1.8836 -1.0217 0.6882, -1.8861 -1.0217 0.6946, -1.9872 -1.0217 0.6947, -1.9867 -1.0217 0.7045, -1.8519 -1.0217 0.7302, -1.8092 -1.0217 0.7302, -1.7922 -1.0217 0.7334, -1.7755 -1.0217 0.7412, -1.7614 -1.0217 0.7526, -1.8225 -1.0217 0.8782, -2.2167 -1.0217 0.8692, -2.2248 -1.0217 0.848, -1.8149 -1.0217 0.8782, -1.7546 -1.0217 0.8471, -1.7656 -1.0217 0.8593, -1.7803 -1.0217 0.8696, -1.7969 -1.0217 0.8759, -1.8429 -1.0217 0.9351, -1.8643 -1.0217 0.9607, -2.0825 -1.0217 0.9057, -1.8668 -1.0217 0.9629, -1.8934 -1.0217 0.9814, -2.068 -1.0217 0.9357, -2.2068 -1.0217 0.8833, -2.0893 -1.0217 0.9094, -1.8236 -1.0217 0.8833, -1.8283 -1.0217 0.9046, -2.1106 -1.0217 0.9172, -2.1328 -1.0217 0.9199, -2.1426 -1.0217 0.9194, -2.0467 -1.0217 0.9611, -1.9232 -1.0217 0.9928, -2.0213 -1.0217 0.9797, -1.9553 -1.0217 0.9968, -1.9903 -1.0217 0.9923, -2.166 -1.0217 0.9139, -2.1872 -1.0217 0.9026, -2.2036 -1.0217 0.8881, -1.7111 -1.0217 0.8833, -1.698 -1.0217 0.865, -1.6897 -1.0217 0.8442, -1.1314 -1.0217 0.688, -1.1314 -1.0217 0.6727, -1.1188 -1.0217 0.6716, -1.161 -1.0217 0.6716, -1.1188 -1.0217 0.8442, -1.1345 -1.0217 0.8062, -1.1345 -1.0217 0.7908, -1.1383 -1.0217 0.7481, -1.1383 -1.0217 0.7329, -1.161 -1.0217 0.7329, -1.161 -1.0217 0.7908, -1.161 -1.0217 0.7481, -1.186 -1.0217 0.7908, -1.186 -1.0217 0.7481, -1.161 -1.0217 0.6727, -1.2032 -1.0217 0.6727, -1.2122 -1.0217 0.6716, -1.2032 -1.0217 0.8062, -1.4454 -1.0217 0.6716, -1.4456 -1.0217 0.6716, -1.4252 -1.0217 0.6727, -1.478 -1.0217 0.7185, -1.4757 -1.0217 0.7451, -1.4814 -1.0217 0.7138, -1.4838 -1.0217 0.708, -1.4084 -1.0217 0.6727, -1.3858 -1.0217 0.6933, -1.4084 -1.0217 0.7341, -1.3858 -1.0217 0.6761, -1.4648 -1.0217 0.6717, -1.4712 -1.0217 0.6741, -1.491 -1.0217 0.6716, -1.4822 -1.0217 0.685, -1.4842 -1.0217 0.6906, -1.4598 -1.0217 0.7682, -1.491 -1.0217 0.8442, -1.4722 -1.0217 0.7634, -1.4757 -1.0217 0.7614, -1.4727 -1.0217 0.7229, -1.4653 -1.0217 0.7265, -1.466 -1.0217 0.7515, -1.4534 -1.0217 0.7294, -1.4388 -1.0217 0.7561, -1.4445 -1.0217 0.7567, -1.4556 -1.0217 0.7554, -1.4252 -1.0217 0.6875, -1.4256 -1.0217 0.6875, -1.4297 -1.0217 0.6816, -1.4768 -1.0217 0.678, -1.4787 -1.0217 0.6799, -1.4352 -1.0217 0.6765, -1.4388 -1.0217 0.6742, -1.485 -1.0217 0.6983, -1.4849 -1.0217 0.7009, -1.3789 -1.0217 0.6891, -1.3781 -1.0217 0.6888, -1.3781 -1.0217 0.7243, -1.385 -1.0217 0.7483, -1.383 -1.0217 0.7537, -1.4155 -1.0217 0.7595, -1.4429 -1.0217 0.7702, -1.4324 -1.0217 0.7692, -1.4255 -1.0217 0.7671, -1.4252 -1.0217 0.7333, -1.4257 -1.0217 0.7407, -1.4275 -1.0217 0.7467, -1.4294 -1.0217 0.7501, -1.4096 -1.0217 0.7462, -1.385 -1.0217 0.7358, -1.4122 -1.0217 0.754, -1.3857 -1.0217 0.7423, -1.432 -1.0217 0.7528, -1.4349 -1.0217 0.7547, -1.3782 -1.0217 0.7244, -1.3809 -1.0217 0.7273, -1.3831 -1.0217 0.7307, -1.3781 -1.0217 0.6732, -1.3781 -1.0217 0.6716, -1.3758 -1.0217 0.6724, -1.3694 -1.0217 0.6716, -1.326 -1.0217 0.766, -1.326 -1.0217 0.7498, -1.3799 -1.0217 0.7582, -1.3781 -1.0217 0.7599, -1.3781 -1.0217 0.8442, -1.375 -1.0217 0.7627, -1.3694 -1.0217 0.7659, -1.3222 -1.0217 0.692, -1.3243 -1.0217 0.6867, -1.3274 -1.0217 0.6822, -1.3601 -1.0217 0.7691, -1.3486 -1.0217 0.7702, -1.3171 -1.0217 0.8442, -1.3368 -1.0217 0.7692, -1.327 -1.0217 0.7144, -1.3239 -1.0217 0.7098, -1.3221 -1.0217 0.7049, -1.3214 -1.0217 0.6987, -1.3322 -1.0217 0.6781, -1.3361 -1.0217 0.6756, -1.3502 -1.0217 0.7567, -1.3552 -1.0217 0.7563, -1.3685 -1.0217 0.7438, -1.3596 -1.0217 0.7551, -1.3634 -1.0217 0.7531, -1.3683 -1.0217 0.7416, -1.3676 -1.0217 0.739, -1.3664 -1.0217 0.7368, -1.3648 -1.0217 0.735, -1.3589 -1.0217 0.7313, -1.3397 -1.0217 0.7555, -1.3486 -1.0217 0.7268, -1.3302 -1.0217 0.7522, -1.3421 -1.0217 0.7242, -1.331 -1.0217 0.718, -1.3659 -1.0217 0.7509, -1.3673 -1.0217 0.7488, -1.3682 -1.0217 0.7465, -1.3684 -1.0217 0.6853, -1.3604 -1.0217 0.7146, -1.3703 -1.0217 0.7192, -1.3583 -1.0217 0.6841, -1.3576 -1.0217 0.6841, -1.3494 -1.0217 0.71, -1.349 -1.0217 0.6851, -1.3386 -1.0217 0.697, -1.3387 -1.0217 0.6991, -1.3447 -1.0217 0.6867, -1.3431 -1.0217 0.6876, -1.3412 -1.0217 0.6893, -1.3398 -1.0217 0.6915, -1.3389 -1.0217 0.6938, -1.3395 -1.0217 0.7017, -1.3408 -1.0217 0.7039, -1.3429 -1.0217 0.7061, -1.0699 -1.0217 0.9209, -1.1188 -1.0217 0.9209, -1.0563 -1.0217 0.8844, -1.1188 -1.0217 0.8833, -1.0372 -1.0217 0.8844, 2.6575 -1.0217 0.8833, 2.6575 -1.0217 1.019, -1.0881 -1.0217 1.0179, -1.1188 -1.0217 1.019, -1.1254 -1.0217 0.9209, -1.1383 -1.0217 0.8844, -1.161 -1.0217 0.8833, -1.1573 -1.0217 0.8844, -1.161 -1.0217 1.019, -1.1188 -1.0217 0.9854, -1.1065 -1.0217 1.0179, -1.2122 -1.0217 0.8833, -1.214 -1.0217 0.8872, -1.2366 -1.0217 0.8844, -1.2353 -1.0217 1.0179, -1.2122 -1.0217 1.019, -1.286 -1.0217 1.019, -1.286 -1.0217 0.8833, -1.2734 -1.0217 0.8844, -1.2734 -1.0217 1.0179, -1.1683 -1.0217 0.9288, -1.1749 -1.0217 0.9149, -1.1801 -1.0217 0.9956, -1.1719 -1.0217 0.984, -1.1848 -1.0217 0.9031, -1.1988 -1.0217 0.8931, -1.2122 -1.0217 0.8879, -1.1848 -1.0217 1.0002, -1.2149 -1.0217 1.0156, -1.2122 -1.0217 1.0147, -1.1988 -1.0217 1.0098, -1.1669 -1.0217 0.9713, -1.1647 -1.0217 0.9529, -1.1651 -1.0217 0.9444, -1.3171 -1.0217 1.019, -1.3016 -1.0217 1.0179, -1.3171 -1.0217 1.0179, -1.3531 -1.0217 0.8997, -1.3171 -1.0217 0.8997, -1.3531 -1.0217 0.9446, -1.3171 -1.0217 0.9446, -1.3054 -1.0217 0.9446, -1.2986 -1.0217 0.8997, -1.3054 -1.0217 0.9598, -1.3016 -1.0217 1.0025, -1.3171 -1.0217 1.0025, -1.3703 -1.0217 0.8844, -1.3781 -1.0217 0.8833, -1.3171 -1.0217 0.8833, -1.2986 -1.0217 0.8844, -1.3171 -1.0217 0.8844, -1.3703 -1.0217 1.0179, -1.3781 -1.0217 1.019, -2.5512 -1.0217 3.4646, -2.815 -1.0217 3.4646, -2.815 -1.0217 2.2835, -1.286 -1.0217 0.2362, -1.2122 -1.0217 0.6188, -1.499 -1.0217 0.6188, -1.4143 -1.0217 1.019, -1.4112 -1.0217 1.0188, -1.397 -1.0217 1.0147, -1.397 -1.0217 0.9967, -1.397 -1.0217 0.9065, -1.397 -1.0217 0.89, -1.3993 -1.0217 0.8888, -1.4137 -1.0217 0.8841, -1.4222 -1.0217 0.8833, -1.4121 -1.0217 1.0026, -1.4285 -1.0217 1.0046, -1.3985 -1.0217 0.9975, -1.435 -1.0217 1.0043, -1.4464 -1.0217 1.0018, -1.4568 -1.0217 0.9966, -1.4767 -1.0217 0.968, -1.4789 -1.0217 0.9497, -1.4315 -1.0217 0.8975, -1.4649 -1.0217 0.9898, -1.4658 -1.0217 0.9888, -1.4102 -1.0217 0.9006, -1.4253 -1.0217 0.8978, -1.4722 -1.0217 0.9795, -1.4786 -1.0217 0.9434, -1.4763 -1.0217 0.9304, -1.4718 -1.0217 0.9198, -1.4658 -1.0217 0.9116, -1.4619 -1.0217 0.9079, -1.443 -1.0217 0.8987, -1.4528 -1.0217 0.902, -1.4287 -1.0217 1.0201, -1.491 -1.0217 3.4646, -1.3781 -1.0217 3.4646, -1.4874 -1.0217 0.9879, -1.4777 -1.0217 1.0005, -1.4744 -1.0217 1.0036, -1.4619 -1.0217 1.0124, -1.491 -1.0217 0.9184, -1.4943 -1.0217 0.9269, -1.499 -1.0217 0.8833, -1.497 -1.0217 0.9486, -1.4967 -1.0217 0.9556, -1.499 -1.0217 1.019, -1.4937 -1.0217 0.973, -1.491 -1.0217 0.9794, -1.4691 -1.0217 0.8915, -1.4798 -1.0217 0.9004, -1.491 -1.0217 0.8833, -1.4809 -1.0217 0.9016, -1.4889 -1.0217 0.913, -1.434 -1.0217 0.8822, -1.4421 -1.0217 0.8826, -1.4457 -1.0217 0.8833, -1.4565 -1.0217 0.8856, -1.42 -1.0217 0.7638, -1.3599 -1.0217 0.6705, -1.3781 -1.0217 0.6188, -1.491 -1.0217 0.6188, -1.4645 -1.0217 0.6716, -1.4548 -1.0217 0.6705, -1.2386 -1.0217 0.7681, -1.2212 -1.0217 0.7681, -1.2122 -1.0217 0.8442, -1.161 -1.0217 0.8062, -1.161 -1.0217 0.8442, -1.2593 -1.0217 0.6716, -1.2691 -1.0217 0.6964, -1.2671 -1.0217 0.6886, -1.2666 -1.0217 0.6886, -1.286 -1.0217 0.8442, -1.286 -1.0217 0.7448, -1.2646 -1.0217 0.6963, -1.2659 -1.0217 0.6918, -1.286 -1.0217 0.6716, -1.286 -1.0217 0.7, -1.3127 -1.0217 0.7681, -1.294 -1.0217 0.7681, -1.2753 -1.0217 0.6729, -1.2759 -1.0217 0.6716, -1.2827 -1.0217 0.6556, -1.3171 -1.0217 0.6188, -1.3093 -1.0217 0.6292, -1.3093 -1.0217 0.6441, -1.286 -1.0217 0.6188, -1.2917 -1.0217 0.6286, -1.2985 -1.0217 0.6279, -1.2891 -1.0217 0.6461, -1.286 -1.0217 0.6495, -1.286 -1.0217 0.6496, -1.3059 -1.0217 0.643, -1.2998 -1.0217 0.6422, -1.3022 -1.0217 0.628, -1.2955 -1.0217 0.6427, -1.2919 -1.0217 0.6441, -1.2793 -1.0217 0.6352, -1.2851 -1.0217 0.6311, -1.286 -1.0217 0.6308, -1.2645 -1.0217 0.6583, -1.2721 -1.0217 0.6436, -1.2782 -1.0217 0.6363, -1.3171 -1.0217 0.2362, -1.3781 -1.0217 0.2362, -1.491 -1.0217 0.2362, -1.5024 -1.0217 0.8997, -1.5024 -1.0217 0.8844, -1.5728 -1.0217 0.8844, -1.5556 -1.0217 1.0179, -1.5556 -1.0217 0.8997, -1.5728 -1.0217 1.0179, -1.499 -1.0217 0.6716, -1.501 -1.0217 0.6727, -1.5728 -1.0217 0.6727, -1.501 -1.0217 0.688, -1.5041 -1.0217 0.7908, -1.5556 -1.0217 0.7329, -1.5556 -1.0217 0.688, -1.5078 -1.0217 0.7329, -1.5078 -1.0217 0.7481, -1.5556 -1.0217 0.7481, -1.5556 -1.0217 0.7908, -1.5728 -1.0217 0.8062, -1.5041 -1.0217 0.8062, -1.499 -1.0217 3.4646, -1.3171 -1.0217 3.4646, -1.286 -1.0217 3.4646, -1.2122 -1.0217 3.4646, -1.161 -1.0217 3.4646, -1.1188 -1.0217 3.4646, 2.6575 -1.0217 3.4646, -1.1062 -1.0217 0.6727, -1.1062 -1.0217 0.8062, -1.0695 -1.0217 0.6727, -0.8891 -1.0217 0.6727, -0.8701 -1.0217 0.6727, 2.6575 -1.0217 0.6716, -0.9209 -1.0217 0.8062, 2.6575 -1.0217 0.8442, -0.9028 -1.0217 0.7092, -0.9583 -1.0217 0.7092, -0.9711 -1.0217 0.6727, -0.9902 -1.0217 0.6727, -0.9394 -1.0217 0.8062, -1.0078 -1.0217 0.7032, -1.0177 -1.0217 0.6914, -1.0317 -1.0217 0.6814, -1.0469 -1.0217 0.6755, -1.0177 -1.0217 0.7885, -1.013 -1.0217 0.7839, -1.0047 -1.0217 0.7723, -0.9998 -1.0217 0.7596, -1.0682 -1.0217 0.8062, -1.0478 -1.0217 0.8039, -1.0317 -1.0217 0.7981, -0.9976 -1.0217 0.7412, -0.998 -1.0217 0.7327, -1.0012 -1.0217 0.717, -1.161 -1.0217 0.6188, -1.1188 -1.0217 0.6188, 2.6575 -1.0217 0.6188, -1.161 -1.0217 0.0, -1.1188 -1.0217 0.0, 2.6575 -1.0217 0.0, -2.815 -0.1161 2.2835, -2.815 -0.1161 2.9528, -2.815 0.1201 2.9528, -2.815 1.0256 3.4646, -2.815 0.1201 2.2835, -2.815 1.0256 2.2835, -2.5394 1.0256 2.0079, -2.5394 0.1201 2.0079
            ]
        }
        coordIndex [
            0,1,2,-1,3,4,5,-1,6,7,8,-1,9,10,11,-1,12,13,14,-1,15,16,17,-1,18,19,20,-1,20,19,0,-1,21,22,20,-1,20,22,23,-1,23,24,20,-1,20,24,25,-1,20,25,18,-1,26,27,28,-1,29,30,27,-1,28,31,32,-1,27,30,28,-1,28,30,33,-1,28,33,31,-1,29,27,34,-1,34,27,35,-1,34,35,36,-1,37,38,35,-1,35,38,39,-1,35,39,40,-1,35,41,36,-1,36,41,42,-1,36,42,43,-1,43,42,44,-1,43,44,45,-1,40,46,35,-1,35,46,47,-1,35,47,41,-1,48,49,50,-1,48,50,51,-1,49,52,50,-1,50,52,53,-1,50,53,54,-1,54,53,55,-1,55,56,54,-1,54,56,57,-1,54,57,37,-1,37,57,58,-1,37,58,38,-1,59,51,60,-1,60,51,50,-1,60,50,61,-1,61,50,62,-1,61,62,63,-1,63,62,64,-1,65,66,67,-1,67,66,68,-1,69,70,62,-1,62,70,71,-1,62,71,64,-1,68,72,67,-1,67,72,73,-1,67,73,69,-1,69,73,74,-1,69,74,70,-1,75,76,66,-1,66,76,77,-1,77,78,66,-1,66,78,79,-1,66,79,68,-1,80,81,1,-1,82,83,84,-1,85,86,87,-1,87,86,88,-1,82,84,89,-1,90,91,92,-1,93,94,86,-1,86,94,95,-1,86,95,96,-1,1,81,92,-1,92,81,97,-1,92,97,90,-1,83,98,84,-1,84,98,99,-1,84,99,100,-1,101,102,103,-1,103,102,104,-1,103,104,105,-1,106,96,107,-1,107,96,108,-1,107,108,103,-1,103,108,109,-1,103,109,101,-1,106,110,96,-1,96,110,111,-1,96,111,86,-1,86,111,112,-1,86,112,88,-1,91,113,92,-1,92,113,114,-1,92,114,115,-1,116,117,118,-1,118,117,119,-1,118,119,84,-1,84,119,120,-1,84,120,89,-1,121,122,84,-1,84,122,123,-1,84,123,86,-1,86,123,124,-1,86,124,93,-1,125,126,75,-1,126,127,75,-1,75,127,128,-1,75,128,129,-1,129,130,75,-1,75,130,131,-1,75,131,132,-1,132,131,116,-1,132,116,133,-1,133,116,118,-1,100,134,84,-1,84,134,135,-1,84,135,136,-1,136,137,84,-1,84,137,138,-1,84,138,121,-1,139,140,141,-1,141,96,139,-1,139,96,95,-1,139,95,142,-1,142,95,143,-1,143,144,142,-1,142,144,145,-1,142,145,146,-1,147,148,149,-1,148,150,149,-1,149,150,151,-1,149,151,152,-1,153,149,154,-1,140,139,153,-1,153,139,155,-1,153,155,149,-1,149,155,156,-1,149,156,147,-1,154,157,153,-1,153,157,158,-1,153,158,159,-1,152,151,160,-1,160,151,161,-1,160,161,162,-1,162,161,163,-1,162,163,164,-1,165,166,159,-1,159,166,167,-1,159,167,153,-1,19,168,0,-1,0,168,169,-1,0,169,1,-1,1,169,170,-1,1,170,80,-1,171,172,173,-1,173,172,174,-1,175,176,177,-1,178,179,171,-1,171,179,17,-1,17,179,180,-1,17,180,15,-1,177,181,182,-1,182,181,183,-1,182,183,184,-1,172,185,174,-1,174,185,186,-1,174,186,187,-1,187,186,188,-1,189,190,191,-1,192,193,194,-1,194,193,195,-1,191,190,196,-1,197,198,199,-1,199,198,196,-1,200,201,202,-1,202,203,204,-1,205,206,207,-1,207,206,208,-1,192,209,193,-1,193,209,210,-1,193,210,211,-1,211,210,212,-1,213,214,212,-1,212,214,215,-1,212,215,211,-1,216,217,191,-1,191,217,218,-1,201,219,202,-1,202,219,220,-1,202,220,203,-1,218,221,191,-1,191,221,222,-1,191,222,189,-1,204,223,202,-1,202,223,224,-1,202,224,206,-1,206,224,195,-1,206,195,208,-1,208,195,193,-1,225,226,227,-1,228,229,230,-1,205,231,206,-1,206,231,232,-1,206,232,233,-1,234,235,212,-1,212,235,236,-1,212,236,237,-1,238,198,239,-1,225,227,197,-1,230,240,228,-1,228,240,238,-1,228,238,241,-1,241,238,239,-1,237,242,212,-1,212,242,243,-1,212,243,213,-1,227,244,197,-1,197,244,245,-1,197,245,198,-1,198,245,246,-1,198,246,239,-1,247,248,249,-1,249,248,250,-1,251,252,14,-1,253,254,255,-1,255,254,256,-1,255,256,257,-1,258,259,14,-1,14,259,260,-1,257,261,255,-1,255,261,262,-1,255,262,263,-1,263,262,264,-1,263,264,251,-1,265,266,252,-1,252,266,267,-1,252,267,14,-1,14,267,268,-1,14,268,258,-1,260,269,14,-1,14,269,270,-1,14,270,12,-1,271,272,273,-1,273,272,274,-1,273,274,275,-1,273,276,271,-1,271,276,277,-1,271,277,278,-1,278,279,271,-1,271,279,280,-1,271,280,281,-1,281,280,282,-1,281,282,283,-1,283,282,284,-1,283,284,252,-1,252,284,285,-1,252,285,265,-1,286,287,275,-1,275,287,288,-1,275,288,273,-1,289,290,226,-1,226,290,291,-1,226,291,227,-1,289,292,290,-1,290,292,293,-1,290,293,294,-1,294,293,295,-1,294,296,297,-1,295,298,294,-1,294,298,299,-1,294,299,300,-1,300,301,294,-1,294,301,302,-1,294,302,296,-1,297,303,294,-1,294,303,304,-1,294,304,305,-1,306,307,308,-1,308,307,309,-1,308,309,310,-1,311,312,313,-1,313,312,314,-1,307,315,309,-1,309,315,316,-1,309,316,317,-1,317,316,318,-1,317,318,319,-1,319,318,320,-1,319,320,314,-1,314,320,321,-1,314,321,313,-1,322,323,324,-1,325,326,327,-1,322,324,328,-1,328,324,329,-1,328,329,327,-1,327,329,330,-1,327,330,325,-1,331,332,317,-1,333,334,319,-1,332,335,317,-1,317,335,336,-1,317,336,322,-1,322,336,337,-1,322,337,323,-1,333,319,338,-1,325,339,326,-1,326,339,340,-1,326,340,319,-1,319,340,341,-1,319,341,338,-1,334,342,319,-1,319,342,343,-1,319,343,317,-1,317,343,344,-1,317,344,331,-1,327,345,346,-1,346,345,347,-1,348,349,350,-1,350,349,351,-1,351,349,352,-1,352,349,353,-1,352,353,354,-1,354,353,355,-1,354,355,11,-1,11,355,356,-1,11,356,9,-1,357,358,359,-1,346,355,327,-1,327,355,353,-1,327,353,328,-1,328,353,360,-1,328,360,359,-1,359,360,361,-1,359,361,357,-1,347,345,362,-1,362,345,363,-1,362,363,357,-1,28,364,26,-1,26,364,365,-1,26,365,366,-1,367,6,368,-1,65,369,66,-1,66,369,92,-1,66,92,75,-1,75,92,115,-1,75,115,125,-1,370,371,363,-1,363,371,372,-1,363,372,373,-1,374,375,358,-1,375,376,358,-1,358,376,377,-1,358,377,378,-1,379,380,374,-1,357,363,358,-1,358,363,373,-1,358,373,374,-1,374,373,381,-1,374,381,379,-1,380,382,374,-1,374,382,383,-1,374,383,384,-1,385,386,387,-1,384,388,374,-1,374,388,389,-1,374,389,390,-1,390,389,391,-1,391,389,387,-1,387,389,392,-1,387,392,385,-1,386,393,387,-1,387,393,394,-1,387,394,395,-1,395,396,387,-1,387,396,397,-1,387,397,398,-1,398,397,399,-1,4,400,401,-1,401,400,370,-1,401,370,402,-1,5,403,404,-1,404,405,5,-1,5,405,406,-1,5,406,3,-1,407,408,409,-1,410,411,412,-1,412,411,413,-1,412,413,5,-1,5,413,414,-1,5,414,403,-1,415,416,417,-1,417,416,418,-1,417,418,419,-1,420,421,206,-1,206,421,422,-1,206,422,417,-1,417,422,423,-1,417,423,415,-1,378,420,255,-1,255,420,206,-1,255,206,253,-1,253,206,233,-1,253,233,229,-1,229,233,424,-1,229,424,230,-1,425,250,426,-1,426,250,248,-1,426,248,427,-1,200,202,428,-1,428,202,427,-1,428,427,429,-1,429,427,190,-1,190,427,248,-1,190,248,196,-1,196,248,247,-1,196,247,199,-1,430,431,432,-1,176,175,433,-1,433,175,434,-1,433,434,188,-1,188,434,432,-1,188,432,187,-1,187,432,431,-1,187,431,435,-1,436,437,438,-1,432,439,430,-1,430,439,440,-1,430,440,441,-1,441,440,436,-1,441,436,442,-1,442,436,438,-1,443,444,14,-1,14,444,445,-1,251,14,263,-1,263,14,445,-1,263,445,439,-1,439,445,446,-1,439,446,440,-1,447,444,448,-1,448,444,443,-1,448,443,449,-1,450,451,452,-1,453,454,455,-1,456,457,443,-1,443,457,458,-1,443,458,449,-1,425,426,13,-1,13,426,450,-1,13,450,14,-1,14,450,452,-1,14,452,443,-1,443,452,459,-1,443,459,460,-1,453,455,450,-1,450,455,461,-1,450,461,451,-1,460,462,443,-1,443,462,463,-1,443,463,456,-1,464,465,453,-1,453,465,466,-1,453,466,454,-1,435,467,368,-1,368,467,468,-1,368,468,469,-1,469,464,368,-1,368,464,453,-1,368,453,367,-1,367,453,450,-1,367,450,470,-1,470,450,426,-1,470,426,471,-1,471,426,427,-1,471,427,472,-1,473,474,409,-1,409,474,475,-1,476,412,20,-1,408,410,409,-1,409,410,412,-1,409,412,473,-1,473,412,476,-1,473,476,477,-1,2,409,0,-1,0,409,475,-1,0,475,20,-1,20,475,478,-1,20,478,476,-1,479,480,481,-1,480,479,482,-1,482,479,2,-1,482,2,483,-1,484,485,486,-1,486,485,482,-1,486,482,487,-1,487,482,483,-1,487,483,488,-1,488,483,489,-1,369,479,92,-1,92,479,481,-1,92,481,1,-1,1,481,490,-1,1,490,2,-1,2,490,491,-1,2,491,483,-1,4,401,5,-1,5,401,492,-1,5,492,412,-1,412,492,28,-1,412,28,20,-1,20,28,32,-1,20,32,21,-1,65,472,369,-1,369,472,427,-1,369,427,479,-1,479,427,202,-1,479,202,2,-1,2,202,206,-1,2,206,409,-1,409,206,417,-1,409,417,407,-1,407,417,419,-1,378,255,358,-1,358,255,263,-1,358,263,359,-1,359,263,439,-1,359,439,328,-1,328,439,432,-1,328,432,322,-1,322,432,434,-1,322,434,317,-1,317,434,175,-1,317,175,309,-1,370,363,402,-1,402,363,345,-1,402,345,493,-1,493,345,327,-1,493,327,494,-1,494,327,326,-1,494,326,495,-1,495,326,319,-1,495,319,496,-1,496,319,314,-1,496,314,497,-1,497,314,312,-1,497,312,498,-1,499,500,175,-1,182,178,177,-1,177,178,171,-1,177,171,175,-1,175,171,173,-1,175,173,499,-1,499,173,501,-1,502,173,503,-1,503,173,504,-1,503,504,505,-1,505,504,506,-1,507,508,502,-1,502,508,509,-1,502,509,173,-1,173,509,510,-1,173,510,501,-1,313,310,311,-1,311,310,309,-1,311,309,506,-1,506,309,175,-1,506,175,505,-1,505,175,511,-1,510,512,513,-1,513,514,510,-1,510,514,515,-1,510,515,501,-1,516,517,511,-1,511,517,518,-1,511,518,519,-1,500,520,175,-1,175,520,521,-1,175,521,511,-1,511,521,522,-1,511,522,516,-1,519,523,511,-1,511,523,524,-1,511,524,510,-1,510,524,525,-1,510,525,512,-1,435,368,187,-1,187,368,526,-1,187,526,174,-1,174,526,527,-1,174,527,173,-1,173,527,528,-1,173,528,504,-1,6,8,368,-1,368,8,529,-1,368,529,526,-1,526,529,530,-1,526,530,527,-1,527,530,531,-1,527,531,528,-1,532,366,533,-1,533,366,365,-1,533,365,534,-1,534,365,535,-1,534,535,536,-1,536,535,537,-1,537,538,536,-1,536,538,539,-1,
        ]
    }
}
Shape{
    appearance Appearance {
        material  Material 	{
            diffuseColor 1.0 1.0 0.0
            specularColor 0.5019607843137255 0.5019607843137255 0.0
            ambientIntensity 0.886
            transparency 0.0
            shininess 0.5
        }
    }
    geometry IndexedFaceSet {
        ccw TRUE
        solid FALSE
        coord DEF co Coordinate {
            point [
                1.7759 -0.3448 2.6772, 1.8101 -0.3274 2.6772, 1.8059 -0.321 2.7544, 1.8536 -0.2917 2.6772, 1.8764 -0.2729 2.6772, 1.8709 -0.2675 2.7544, 1.9165 -0.2216 2.6772, 1.9292 -0.2053 2.6772, 1.9227 -0.2013 2.7544, 1.9611 -0.1385 2.6772, 1.9662 -0.1278 2.6772, 1.959 -0.1253 2.7544, 1.6879 -0.3783 2.6772, 1.7336 -0.3663 2.6772, 1.7309 -0.3592 2.7544, 1.6535 -0.0472 3.0633, 1.6535 -0.0603 3.06, 1.6852 -0.0472 3.0545, 1.7006 -0.1015 3.0419, 1.733 -0.0472 3.0413, 1.7204 -0.076 3.0419, 1.7387 -0.0472 3.0397, 1.7788 -0.1122 3.0058, 1.7992 -0.0695 3.0058, 1.8044 -0.0472 3.0043, 1.7424 -0.0472 3.0387, 1.823 -0.0472 2.994, 1.8561 -0.0894 2.9568, 1.8654 -0.0472 2.9551, 1.8908 -0.0472 2.9316, 1.9028 -0.1057 2.897, 1.9151 -0.0472 2.8956, 1.9422 -0.0472 2.8551, 1.9376 -0.1178 2.8287, 1.9523 -0.0472 2.8279, 1.9742 -0.0472 2.7687, 1.9759 -0.0472 2.7543, 1.9851 -0.0472 2.6772, 1.6535 -0.3873 2.6772, 1.6535 -0.378 2.7542, 1.6535 -0.3761 2.7699, 1.7229 -0.338 2.8287, 1.6535 -0.3542 2.8278, 1.6535 -0.343 2.8574, 1.7099 -0.3035 2.897, 1.6535 -0.3169 2.8955, 1.6535 -0.1602 3.0286, 1.6535 -0.2055 3.0045, 1.6711 -0.2009 3.0058, 1.6535 -0.2204 2.9966, 1.6924 -0.2573 2.9568, 1.6535 -0.267 2.9551, 1.6535 -0.2902 2.9344, 1.6535 -0.1015 3.0496, 1.6535 -0.133 3.0417, 1.6756 -0.122 3.0419, 1.6535 -0.1379 3.0404, 1.7132 -0.1795 3.0058, 1.9034 -0.1893 2.8287, 1.8722 -0.17 2.897, 1.8301 -0.1439 2.9568, 1.8547 -0.2517 2.8287, 1.8283 -0.226 2.897, 1.7929 -0.1915 2.9568, 1.7497 -0.1494 3.0058, 1.7935 -0.3021 2.8287, 1.7734 -0.2713 2.897, 1.7463 -0.2299 2.9568, -0.1926 -0.3448 2.6772, -0.1584 -0.3274 2.6772, -0.1626 -0.321 2.7544, -0.115 -0.2917 2.6772, -0.0921 -0.2729 2.6772, -0.0976 -0.2675 2.7544, -0.052 -0.2216 2.6772, -0.0393 -0.2053 2.6772, -0.0458 -0.2013 2.7544, -0.0074 -0.1385 2.6772, -0.0023 -0.1278 2.6772, -0.0096 -0.1253 2.7544, -0.2806 -0.3783 2.6772, -0.2349 -0.3663 2.6772, -0.2376 -0.3592 2.7544, -0.315 -0.0472 3.0633, -0.315 -0.0603 3.06, -0.2833 -0.0472 3.0545, -0.268 -0.1015 3.0419, -0.2355 -0.0472 3.0413, -0.2481 -0.076 3.0419, -0.2298 -0.0472 3.0397, -0.1897 -0.1122 3.0058, -0.1693 -0.0695 3.0058, -0.1641 -0.0472 3.0043, -0.2261 -0.0472 3.0387, -0.1455 -0.0472 2.994, -0.1124 -0.0894 2.9568, -0.1032 -0.0472 2.9551, -0.0777 -0.0472 2.9316, -0.0657 -0.1057 2.897, -0.0534 -0.0472 2.8956, -0.0263 -0.0472 2.8551, -0.0309 -0.1178 2.8287, -0.0162 -0.0472 2.8279, 0.0057 -0.0472 2.7687, 0.0074 -0.0472 2.7543, 0.0166 -0.0472 2.6772, -0.315 -0.3873 2.6772, -0.315 -0.378 2.7542, -0.315 -0.3761 2.7699, -0.2456 -0.338 2.8287, -0.315 -0.3542 2.8278, -0.315 -0.343 2.8574, -0.2586 -0.3035 2.897, -0.315 -0.3169 2.8955, -0.315 -0.1602 3.0286, -0.315 -0.2055 3.0045, -0.2974 -0.2009 3.0058, -0.315 -0.2204 2.9966, -0.2761 -0.2573 2.9568, -0.315 -0.267 2.9551, -0.315 -0.2902 2.9344, -0.315 -0.1015 3.0496, -0.315 -0.133 3.0417, -0.2929 -0.122 3.0419, -0.315 -0.1379 3.0404, -0.2553 -0.1795 3.0058, -0.0651 -0.1893 2.8287, -0.0963 -0.17 2.897, -0.1384 -0.1439 2.9568, -0.1138 -0.2517 2.8287, -0.1402 -0.226 2.897, -0.1756 -0.1915 2.9568, -0.2188 -0.1494 3.0058, -0.175 -0.3021 2.8287, -0.1951 -0.2713 2.897, -0.2222 -0.2299 2.9568, 1.9611 0.1425 2.6772, 1.9292 0.2092 2.6772, 1.9227 0.2052 2.7544, 1.9165 0.2255 2.6772, 1.8764 0.2768 2.6772, 1.8709 0.2715 2.7544, 1.8536 0.2956 2.6772, 1.8101 0.3314 2.6772, 1.8059 0.325 2.7544, 1.6535 0.2244 2.9966, 1.6535 0.2094 3.0045, 1.6711 0.2048 3.0058, 1.6535 0.1054 3.0496, 1.6756 0.1259 3.0419, 1.6535 0.1369 3.0417, 1.9662 0.1318 2.6772, 1.959 0.1292 2.7544, 1.9851 0.0512 2.6772, 1.9759 0.0512 2.7543, 1.9742 0.0512 2.7687, 1.9376 0.1218 2.8287, 1.9523 0.0512 2.8279, 1.9422 0.0512 2.8551, 1.9028 0.1096 2.897, 1.9151 0.0512 2.8956, 1.8908 0.0512 2.9316, 1.8561 0.0933 2.9568, 1.8654 0.0512 2.9551, 1.7387 0.0512 3.0397, 1.7424 0.0512 3.0387, 1.7992 0.0735 3.0058, 1.8044 0.0512 3.0043, 1.823 0.0512 2.994, 1.7006 0.1054 3.0419, 1.6535 0.0643 3.06, 1.6535 0.0512 3.0633, 1.7132 0.1834 3.0058, 1.6535 0.1641 3.0286, 1.6535 0.1418 3.0404, 1.6535 0.2709 2.9551, 1.6924 0.2612 2.9568, 1.6535 0.2941 2.9344, 1.7099 0.3075 2.897, 1.6535 0.3208 2.8955, 1.6535 0.347 2.8574, 1.7229 0.3419 2.8287, 1.6535 0.3582 2.8278, 1.7759 0.3488 2.6772, 1.7336 0.3703 2.6772, 1.7309 0.3631 2.7544, 1.6879 0.3822 2.6772, 1.6535 0.38 2.7699, 1.6535 0.3819 2.7542, 1.6535 0.3912 2.6772, 1.7935 0.306 2.8287, 1.7734 0.2752 2.897, 1.7463 0.2338 2.9568, 1.8547 0.2557 2.8287, 1.8283 0.23 2.897, 1.7929 0.1954 2.9568, 1.7497 0.1533 3.0058, 1.9034 0.1933 2.8287, 1.8722 0.1739 2.897, 1.8301 0.1478 2.9568, 1.7788 0.1161 3.0058, 1.7204 0.08 3.0419, 1.6852 0.0512 3.0545, 1.733 0.0512 3.0413, -0.0074 0.1425 2.6772, -0.0393 0.2092 2.6772, -0.0458 0.2052 2.7544, -0.052 0.2255 2.6772, -0.0921 0.2768 2.6772, -0.0976 0.2715 2.7544, -0.115 0.2956 2.6772, -0.1584 0.3314 2.6772, -0.1626 0.325 2.7544, -0.315 0.2244 2.9966, -0.315 0.2094 3.0045, -0.2974 0.2048 3.0058, -0.315 0.1054 3.0496, -0.2929 0.1259 3.0419, -0.315 0.1369 3.0417, -0.0023 0.1318 2.6772, -0.0096 0.1292 2.7544, 0.0166 0.0512 2.6772, 0.0074 0.0512 2.7543, 0.0057 0.0512 2.7687, -0.0309 0.1218 2.8287, -0.0162 0.0512 2.8279, -0.0263 0.0512 2.8551, -0.0657 0.1096 2.897, -0.0534 0.0512 2.8956, -0.0777 0.0512 2.9316, -0.1124 0.0933 2.9568, -0.1032 0.0512 2.9551, -0.2298 0.0512 3.0397, -0.2261 0.0512 3.0387, -0.1693 0.0735 3.0058, -0.1641 0.0512 3.0043, -0.1455 0.0512 2.994, -0.268 0.1054 3.0419, -0.315 0.0643 3.06, -0.315 0.0512 3.0633, -0.2553 0.1834 3.0058, -0.315 0.1641 3.0286, -0.315 0.1418 3.0404, -0.315 0.2709 2.9551, -0.2761 0.2612 2.9568, -0.315 0.2941 2.9344, -0.2586 0.3075 2.897, -0.315 0.3208 2.8955, -0.315 0.347 2.8574, -0.2456 0.3419 2.8287, -0.315 0.3582 2.8278, -0.1926 0.3488 2.6772, -0.2349 0.3703 2.6772, -0.2376 0.3631 2.7544, -0.2806 0.3822 2.6772, -0.315 0.38 2.7699, -0.315 0.3819 2.7542, -0.315 0.3912 2.6772, -0.175 0.306 2.8287, -0.1951 0.2752 2.897, -0.2222 0.2338 2.9568, -0.1138 0.2557 2.8287, -0.1402 0.23 2.897, -0.1756 0.1954 2.9568, -0.2188 0.1533 3.0058, -0.0651 0.1933 2.8287, -0.0963 0.1739 2.897, -0.1384 0.1478 2.9568, -0.1897 0.1161 3.0058, -0.2481 0.08 3.0419, -0.2833 0.0512 3.0545, -0.2355 0.0512 3.0413, 1.5354 -0.3873 1.4961, 1.5006 -0.3804 1.1024, 1.5945 -0.3917 1.4961, 1.5945 -0.3917 1.1024, 1.6535 -0.3873 1.4961, 1.6884 -0.3804 1.1024, 1.2039 -0.0472 2.6772, 1.2039 -0.0472 1.1024, 1.2228 -0.1278 2.6772, 1.2269 -0.139 1.1024, 1.2279 -0.1385 2.6772, 1.2598 -0.2053 2.6772, 1.2712 -0.2226 1.1024, 1.2725 -0.2216 2.6772, 1.3126 -0.2729 2.6772, 1.3341 -0.2933 1.1024, 1.3354 -0.2917 2.6772, 1.3789 -0.3274 2.6772, 1.412 -0.3469 1.1024, 1.4131 -0.3448 2.6772, 1.4554 -0.3663 2.6772, 1.5011 -0.3783 2.6772, 1.5354 -0.3873 2.6772, 1.7769 -0.3469 1.1024, 1.8549 -0.2933 1.1024, 1.9178 -0.2226 1.1024, 1.9621 -0.139 1.1024, 1.9851 -0.0472 1.1024, -0.4331 -0.3873 1.4961, -0.4679 -0.3804 1.1024, -0.374 -0.3917 1.4961, -0.374 -0.3917 1.1024, -0.315 -0.3873 1.4961, -0.2801 -0.3804 1.1024, -0.7646 -0.0472 2.6772, -0.7646 -0.0472 1.1024, -0.7457 -0.1278 2.6772, -0.7416 -0.139 1.1024, -0.7406 -0.1385 2.6772, -0.7088 -0.2053 2.6772, -0.6974 -0.2226 1.1024, -0.696 -0.2216 2.6772, -0.6559 -0.2729 2.6772, -0.6344 -0.2933 1.1024, -0.6331 -0.2917 2.6772, -0.5896 -0.3274 2.6772, -0.5565 -0.3469 1.1024, -0.5554 -0.3448 2.6772, -0.5132 -0.3663 2.6772, -0.4674 -0.3783 2.6772, -0.4331 -0.3873 2.6772, -0.1916 -0.3469 1.1024, -0.1136 -0.2933 1.1024, -0.0507 -0.2226 1.1024, -0.0064 -0.139 1.1024, 0.0166 -0.0472 1.1024, 1.2663 -0.2013 2.7544, 1.3181 -0.2675 2.7544, 1.3831 -0.321 2.7544, 1.5354 -0.2204 2.9966, 1.5354 -0.2055 3.0045, 1.5179 -0.2009 3.0058, 1.5354 -0.1015 3.0496, 1.5134 -0.122 3.0419, 1.5354 -0.133 3.0417, 1.23 -0.1253 2.7544, 1.213 -0.0472 2.7543, 1.2147 -0.0472 2.7687, 1.2514 -0.1178 2.8287, 1.2367 -0.0472 2.8279, 1.2468 -0.0472 2.8551, 1.2862 -0.1057 2.897, 1.2739 -0.0472 2.8956, 1.2981 -0.0472 2.9316, 1.3329 -0.0894 2.9568, 1.3236 -0.0472 2.9551, 1.4503 -0.0472 3.0397, 1.4466 -0.0472 3.0387, 1.3898 -0.0695 3.0058, 1.3846 -0.0472 3.0043, 1.366 -0.0472 2.994, 1.4884 -0.1015 3.0419, 1.5354 -0.0603 3.06, 1.5354 -0.0472 3.0633, 1.4757 -0.1795 3.0058, 1.5354 -0.1602 3.0286, 1.5354 -0.1379 3.0404, 1.5354 -0.267 2.9551, 1.4966 -0.2573 2.9568, 1.5354 -0.2902 2.9344, 1.4791 -0.3035 2.897, 1.5354 -0.3169 2.8955, 1.5354 -0.343 2.8574, 1.4661 -0.338 2.8287, 1.5354 -0.3542 2.8278, 1.4581 -0.3592 2.7544, 1.5354 -0.3761 2.7699, 1.5354 -0.378 2.7542, 1.3955 -0.3021 2.8287, 1.4156 -0.2713 2.897, 1.4427 -0.2299 2.9568, 1.3343 -0.2517 2.8287, 1.3607 -0.226 2.897, 1.3961 -0.1915 2.9568, 1.4392 -0.1494 3.0058, 1.2855 -0.1893 2.8287, 1.3168 -0.17 2.897, 1.3589 -0.1439 2.9568, 1.4101 -0.1122 3.0058, 1.4685 -0.076 3.0419, 1.5038 -0.0472 3.0545, 1.456 -0.0472 3.0413, -0.7022 -0.2013 2.7544, -0.6504 -0.2675 2.7544, -0.5855 -0.321 2.7544, -0.4331 -0.2204 2.9966, -0.4331 -0.2055 3.0045, -0.4506 -0.2009 3.0058, -0.4331 -0.1015 3.0496, -0.4552 -0.122 3.0419, -0.4331 -0.133 3.0417, -0.7385 -0.1253 2.7544, -0.7555 -0.0472 2.7543, -0.7538 -0.0472 2.7687, -0.7171 -0.1178 2.8287, -0.7318 -0.0472 2.8279, -0.7217 -0.0472 2.8551, -0.6823 -0.1057 2.897, -0.6946 -0.0472 2.8956, -0.6704 -0.0472 2.9316, -0.6356 -0.0894 2.9568, -0.6449 -0.0472 2.9551, -0.5182 -0.0472 3.0397, -0.5219 -0.0472 3.0387, -0.5787 -0.0695 3.0058, -0.584 -0.0472 3.0043, -0.6025 -0.0472 2.994, -0.4801 -0.1015 3.0419, -0.4331 -0.0603 3.06, -0.4331 -0.0472 3.0633, -0.4928 -0.1795 3.0058, -0.4331 -0.1602 3.0286, -0.4331 -0.1379 3.0404, -0.4331 -0.267 2.9551, -0.4719 -0.2573 2.9568, -0.4331 -0.2902 2.9344, -0.4894 -0.3035 2.897, -0.4331 -0.3169 2.8955, -0.4331 -0.343 2.8574, -0.5024 -0.338 2.8287, -0.4331 -0.3542 2.8278, -0.5104 -0.3592 2.7544, -0.4331 -0.3761 2.7699, -0.4331 -0.378 2.7542, -0.573 -0.3021 2.8287, -0.5529 -0.2713 2.897, -0.5258 -0.2299 2.9568, -0.6342 -0.2517 2.8287, -0.6078 -0.226 2.897, -0.5724 -0.1915 2.9568, -0.5293 -0.1494 3.0058, -0.683 -0.1893 2.8287, -0.6517 -0.17 2.897, -0.6096 -0.1439 2.9568, -0.5584 -0.1122 3.0058, -0.5 -0.076 3.0419, -0.4647 -0.0472 3.0545, -0.5125 -0.0472 3.0413
            ]
        }
        coordIndex [
            0,1,2,-1,3,4,5,-1,6,7,8,-1,9,10,11,-1,12,13,14,-1,15,16,17,-1,17,16,18,-1,19,20,21,-1,21,20,22,-1,23,24,25,-1,24,23,26,-1,26,23,27,-1,26,27,28,-1,28,27,29,-1,29,27,30,-1,29,30,31,-1,31,30,32,-1,32,30,33,-1,32,33,34,-1,34,33,35,-1,35,33,11,-1,35,11,36,-1,36,11,10,-1,36,10,37,-1,38,12,39,-1,39,12,14,-1,39,14,40,-1,40,14,41,-1,40,41,42,-1,42,41,43,-1,43,41,44,-1,43,44,45,-1,46,47,48,-1,48,47,49,-1,48,49,50,-1,50,49,51,-1,50,51,44,-1,44,51,52,-1,44,52,45,-1,53,54,55,-1,55,54,56,-1,55,56,57,-1,7,9,8,-1,8,9,11,-1,8,11,58,-1,58,11,33,-1,58,33,59,-1,59,33,30,-1,59,30,60,-1,60,30,27,-1,60,27,22,-1,22,27,23,-1,22,23,21,-1,21,23,25,-1,4,6,5,-1,5,6,8,-1,5,8,61,-1,61,8,58,-1,61,58,62,-1,62,58,59,-1,62,59,63,-1,63,59,60,-1,63,60,64,-1,64,60,22,-1,64,22,18,-1,18,22,20,-1,18,20,17,-1,17,20,19,-1,1,3,2,-1,2,3,5,-1,2,5,65,-1,65,5,61,-1,65,61,66,-1,66,61,62,-1,66,62,67,-1,67,62,63,-1,67,63,57,-1,57,63,64,-1,57,64,55,-1,55,64,18,-1,55,18,53,-1,53,18,16,-1,13,0,14,-1,14,0,2,-1,14,2,41,-1,41,2,65,-1,41,65,44,-1,44,65,66,-1,44,66,50,-1,50,66,67,-1,50,67,48,-1,48,67,57,-1,48,57,46,-1,46,57,56,-1,68,69,70,-1,71,72,73,-1,74,75,76,-1,77,78,79,-1,80,81,82,-1,83,84,85,-1,85,84,86,-1,87,88,89,-1,89,88,90,-1,91,92,93,-1,92,91,94,-1,94,91,95,-1,94,95,96,-1,96,95,97,-1,97,95,98,-1,97,98,99,-1,99,98,100,-1,100,98,101,-1,100,101,102,-1,102,101,103,-1,103,101,79,-1,103,79,104,-1,104,79,78,-1,104,78,105,-1,106,80,107,-1,107,80,82,-1,107,82,108,-1,108,82,109,-1,108,109,110,-1,110,109,111,-1,111,109,112,-1,111,112,113,-1,114,115,116,-1,116,115,117,-1,116,117,118,-1,118,117,119,-1,118,119,112,-1,112,119,120,-1,112,120,113,-1,121,122,123,-1,123,122,124,-1,123,124,125,-1,75,77,76,-1,76,77,79,-1,76,79,126,-1,126,79,101,-1,126,101,127,-1,127,101,98,-1,127,98,128,-1,128,98,95,-1,128,95,90,-1,90,95,91,-1,90,91,89,-1,89,91,93,-1,72,74,73,-1,73,74,76,-1,73,76,129,-1,129,76,126,-1,129,126,130,-1,130,126,127,-1,130,127,131,-1,131,127,128,-1,131,128,132,-1,132,128,90,-1,132,90,86,-1,86,90,88,-1,86,88,85,-1,85,88,87,-1,69,71,70,-1,70,71,73,-1,70,73,133,-1,133,73,129,-1,133,129,134,-1,134,129,130,-1,134,130,135,-1,135,130,131,-1,135,131,125,-1,125,131,132,-1,125,132,123,-1,123,132,86,-1,123,86,121,-1,121,86,84,-1,81,68,82,-1,82,68,70,-1,82,70,109,-1,109,70,133,-1,109,133,112,-1,112,133,134,-1,112,134,118,-1,118,134,135,-1,118,135,116,-1,116,135,125,-1,116,125,114,-1,114,125,124,-1,136,137,138,-1,139,140,141,-1,142,143,144,-1,145,146,147,-1,148,149,150,-1,151,152,153,-1,153,152,154,-1,154,152,155,-1,155,152,156,-1,155,156,157,-1,157,156,158,-1,158,156,159,-1,158,159,160,-1,160,159,161,-1,161,159,162,-1,161,162,163,-1,164,165,166,-1,166,165,167,-1,166,167,162,-1,162,167,168,-1,162,168,163,-1,169,170,171,-1,172,173,149,-1,149,173,174,-1,149,174,150,-1,145,147,175,-1,175,147,176,-1,175,176,177,-1,177,176,178,-1,177,178,179,-1,179,178,180,-1,180,178,181,-1,180,181,182,-1,183,184,185,-1,185,184,186,-1,182,181,187,-1,187,181,185,-1,187,185,188,-1,188,185,186,-1,188,186,189,-1,143,183,144,-1,144,183,185,-1,144,185,190,-1,190,185,181,-1,190,181,191,-1,191,181,178,-1,191,178,192,-1,192,178,176,-1,192,176,172,-1,172,176,147,-1,172,147,173,-1,173,147,146,-1,140,142,141,-1,141,142,144,-1,141,144,193,-1,193,144,190,-1,193,190,194,-1,194,190,191,-1,194,191,195,-1,195,191,192,-1,195,192,196,-1,196,192,172,-1,196,172,169,-1,169,172,149,-1,169,149,170,-1,170,149,148,-1,137,139,138,-1,138,139,141,-1,138,141,197,-1,197,141,193,-1,197,193,198,-1,198,193,194,-1,198,194,199,-1,199,194,195,-1,199,195,200,-1,200,195,196,-1,200,196,201,-1,201,196,169,-1,201,169,202,-1,202,169,171,-1,151,136,152,-1,152,136,138,-1,152,138,156,-1,156,138,197,-1,156,197,159,-1,159,197,198,-1,159,198,162,-1,162,198,199,-1,162,199,166,-1,166,199,200,-1,166,200,164,-1,164,200,201,-1,164,201,203,-1,203,201,202,-1,204,205,206,-1,207,208,209,-1,210,211,212,-1,213,214,215,-1,216,217,218,-1,219,220,221,-1,221,220,222,-1,222,220,223,-1,223,220,224,-1,223,224,225,-1,225,224,226,-1,226,224,227,-1,226,227,228,-1,228,227,229,-1,229,227,230,-1,229,230,231,-1,232,233,234,-1,234,233,235,-1,234,235,230,-1,230,235,236,-1,230,236,231,-1,237,238,239,-1,240,241,217,-1,217,241,242,-1,217,242,218,-1,213,215,243,-1,243,215,244,-1,243,244,245,-1,245,244,246,-1,245,246,247,-1,247,246,248,-1,248,246,249,-1,248,249,250,-1,251,252,253,-1,253,252,254,-1,250,249,255,-1,255,249,253,-1,255,253,256,-1,256,253,254,-1,256,254,257,-1,211,251,212,-1,212,251,253,-1,212,253,258,-1,258,253,249,-1,258,249,259,-1,259,249,246,-1,259,246,260,-1,260,246,244,-1,260,244,240,-1,240,244,215,-1,240,215,241,-1,241,215,214,-1,208,210,209,-1,209,210,212,-1,209,212,261,-1,261,212,258,-1,261,258,262,-1,262,258,259,-1,262,259,263,-1,263,259,260,-1,263,260,264,-1,264,260,240,-1,264,240,237,-1,237,240,217,-1,237,217,238,-1,238,217,216,-1,205,207,206,-1,206,207,209,-1,206,209,265,-1,265,209,261,-1,265,261,266,-1,266,261,262,-1,266,262,267,-1,267,262,263,-1,267,263,268,-1,268,263,264,-1,268,264,269,-1,269,264,237,-1,269,237,270,-1,270,237,239,-1,219,204,220,-1,220,204,206,-1,220,206,224,-1,224,206,265,-1,224,265,227,-1,227,265,266,-1,227,266,230,-1,230,266,267,-1,230,267,234,-1,234,267,268,-1,234,268,232,-1,232,268,269,-1,232,269,271,-1,271,269,270,-1,272,273,274,-1,274,273,275,-1,274,275,276,-1,276,275,277,-1,278,279,280,-1,280,279,281,-1,280,281,282,-1,282,281,283,-1,283,281,284,-1,283,284,285,-1,285,284,286,-1,286,284,287,-1,286,287,288,-1,288,287,289,-1,289,287,290,-1,289,290,291,-1,291,290,292,-1,292,290,273,-1,292,273,293,-1,293,273,272,-1,293,272,294,-1,38,276,12,-1,12,276,277,-1,12,277,13,-1,13,277,295,-1,13,295,0,-1,0,295,1,-1,1,295,296,-1,1,296,3,-1,3,296,4,-1,4,296,297,-1,4,297,6,-1,6,297,7,-1,7,297,298,-1,7,298,9,-1,9,298,10,-1,10,298,299,-1,10,299,37,-1,300,301,302,-1,302,301,303,-1,302,303,304,-1,304,303,305,-1,306,307,308,-1,308,307,309,-1,308,309,310,-1,310,309,311,-1,311,309,312,-1,311,312,313,-1,313,312,314,-1,314,312,315,-1,314,315,316,-1,316,315,317,-1,317,315,318,-1,317,318,319,-1,319,318,320,-1,320,318,301,-1,320,301,321,-1,321,301,300,-1,321,300,322,-1,106,304,80,-1,80,304,305,-1,80,305,81,-1,81,305,323,-1,81,323,68,-1,68,323,69,-1,69,323,324,-1,69,324,71,-1,71,324,72,-1,72,324,325,-1,72,325,74,-1,74,325,75,-1,75,325,326,-1,75,326,77,-1,77,326,78,-1,78,326,327,-1,78,327,105,-1,282,283,328,-1,285,286,329,-1,288,289,330,-1,331,332,333,-1,334,335,336,-1,280,337,278,-1,278,337,338,-1,338,337,339,-1,339,337,340,-1,339,340,341,-1,341,340,342,-1,342,340,343,-1,342,343,344,-1,344,343,345,-1,345,343,346,-1,345,346,347,-1,348,349,350,-1,350,349,351,-1,350,351,346,-1,346,351,352,-1,346,352,347,-1,353,354,355,-1,356,357,335,-1,335,357,358,-1,335,358,336,-1,331,333,359,-1,359,333,360,-1,359,360,361,-1,361,360,362,-1,361,362,363,-1,363,362,364,-1,364,362,365,-1,364,365,366,-1,291,292,367,-1,367,292,293,-1,366,365,368,-1,368,365,367,-1,368,367,369,-1,369,367,293,-1,369,293,294,-1,289,291,330,-1,330,291,367,-1,330,367,370,-1,370,367,365,-1,370,365,371,-1,371,365,362,-1,371,362,372,-1,372,362,360,-1,372,360,356,-1,356,360,333,-1,356,333,357,-1,357,333,332,-1,286,288,329,-1,329,288,330,-1,329,330,373,-1,373,330,370,-1,373,370,374,-1,374,370,371,-1,374,371,375,-1,375,371,372,-1,375,372,376,-1,376,372,356,-1,376,356,353,-1,353,356,335,-1,353,335,354,-1,354,335,334,-1,283,285,328,-1,328,285,329,-1,328,329,377,-1,377,329,373,-1,377,373,378,-1,378,373,374,-1,378,374,379,-1,379,374,375,-1,379,375,380,-1,380,375,376,-1,380,376,381,-1,381,376,353,-1,381,353,382,-1,382,353,355,-1,280,282,337,-1,337,282,328,-1,337,328,340,-1,340,328,377,-1,340,377,343,-1,343,377,378,-1,343,378,346,-1,346,378,379,-1,346,379,350,-1,350,379,380,-1,350,380,348,-1,348,380,381,-1,348,381,383,-1,383,381,382,-1,310,311,384,-1,313,314,385,-1,316,317,386,-1,387,388,389,-1,390,391,392,-1,308,393,306,-1,306,393,394,-1,394,393,395,-1,395,393,396,-1,395,396,397,-1,397,396,398,-1,398,396,399,-1,398,399,400,-1,400,399,401,-1,401,399,402,-1,401,402,403,-1,404,405,406,-1,406,405,407,-1,406,407,402,-1,402,407,408,-1,402,408,403,-1,409,410,411,-1,412,413,391,-1,391,413,414,-1,391,414,392,-1,387,389,415,-1,415,389,416,-1,415,416,417,-1,417,416,418,-1,417,418,419,-1,419,418,420,-1,420,418,421,-1,420,421,422,-1,319,320,423,-1,423,320,321,-1,422,421,424,-1,424,421,423,-1,424,423,425,-1,425,423,321,-1,425,321,322,-1,317,319,386,-1,386,319,423,-1,386,423,426,-1,426,423,421,-1,426,421,427,-1,427,421,418,-1,427,418,428,-1,428,418,416,-1,428,416,412,-1,412,416,389,-1,412,389,413,-1,413,389,388,-1,314,316,385,-1,385,316,386,-1,385,386,429,-1,429,386,426,-1,429,426,430,-1,430,426,427,-1,430,427,431,-1,431,427,428,-1,431,428,432,-1,432,428,412,-1,432,412,409,-1,409,412,391,-1,409,391,410,-1,410,391,390,-1,311,313,384,-1,384,313,385,-1,384,385,433,-1,433,385,429,-1,433,429,434,-1,434,429,430,-1,434,430,435,-1,435,430,431,-1,435,431,436,-1,436,431,432,-1,436,432,437,-1,437,432,409,-1,437,409,438,-1,438,409,411,-1,308,310,393,-1,393,310,384,-1,393,384,396,-1,396,384,433,-1,396,433,399,-1,399,433,434,-1,399,434,402,-1,402,434,435,-1,402,435,406,-1,406,435,436,-1,406,436,404,-1,404,436,437,-1,404,437,439,-1,439,437,438,-1,
        ]
    }
}
Shape{
    appearance Appearance {
        material  Material 	{
            diffuseColor 0.25098039215686274 0.25098039215686274 0.25098039215686274
            specularColor 0.12549019607843137 0.12549019607843137 0.12549019607843137
            ambientIntensity 0.251
            transparency 0.0
            shininess 0.5
        }
    }
    geometry IndexedFaceSet {
        ccw TRUE
        solid FALSE
        coord DEF co Coordinate {
            point [
                1.0039 0.7894 1.1024, 2.4213 0.7894 1.1024, 1.0039 0.7894 3.4646, 2.4213 0.7894 3.4646, 0.689 0.7894 3.4646, -0.7283 0.7894 3.4646, 0.689 0.7894 1.1024, -0.7283 0.7894 1.1024, 1.0039 0.6516 1.1024, -0.7416 -0.139 1.1024, -0.7646 -0.0472 1.1024, -1.122 -0.3917 1.1024, -1.122 0.3957 1.1024, -0.7646 0.0512 1.1024, 0.0166 0.0512 1.1024, 0.0166 -0.0472 1.1024, 0.689 0.6516 1.1024, -0.0064 -0.139 1.1024, 1.9178 -0.2226 1.1024, 1.8549 -0.2933 1.1024, 2.4213 -0.7854 1.1024, 1.7769 -0.3469 1.1024, 1.6884 -0.3804 1.1024, 1.3341 -0.2933 1.1024, 1.2712 -0.2226 1.1024, -0.7283 -0.7854 1.1024, 1.2269 -0.139 1.1024, 1.2039 -0.0472 1.1024, -0.1916 -0.3469 1.1024, -0.2801 -0.3804 1.1024, -0.374 -0.3917 1.1024, -0.4679 -0.3804 1.1024, -0.7416 0.143 1.1024, -0.6974 0.2266 1.1024, -0.6344 0.2972 1.1024, -0.5565 0.3508 1.1024, -0.4679 0.3843 1.1024, -0.374 0.3957 1.1024, -0.2801 0.3843 1.1024, -0.1916 0.3508 1.1024, 1.5945 -0.3917 1.1024, 1.5006 -0.3804 1.1024, 1.412 -0.3469 1.1024, -0.1136 0.2972 1.1024, -0.0507 0.2266 1.1024, -0.0064 0.143 1.1024, 1.412 0.3508 1.1024, 1.5006 0.3843 1.1024, 1.7769 0.3508 1.1024, 1.8549 0.2972 1.1024, 1.9178 0.2266 1.1024, 1.9621 0.143 1.1024, 1.9851 0.0512 1.1024, 1.2269 0.143 1.1024, 1.2039 0.0512 1.1024, 1.9851 -0.0472 1.1024, 1.9621 -0.139 1.1024, 1.5945 0.3957 1.1024, 1.6884 0.3843 1.1024, -0.0507 -0.2226 1.1024, -0.1136 -0.2933 1.1024, 1.3341 0.2972 1.1024, 1.2712 0.2266 1.1024, -0.5565 -0.3469 1.1024, -0.6344 -0.2933 1.1024, -0.6974 -0.2226 1.1024, 2.6575 1.0256 3.4646, 2.6575 -1.0217 3.4646, 0.689 0.6516 3.4646, 1.0039 0.6516 3.4646, -1.3976 -0.8248 3.4646, -2.815 -1.0217 3.4646, -2.4213 -0.8248 3.4646, -2.815 1.0256 3.4646, -2.4213 0.8287 3.4646, -1.3976 0.8287 3.4646, 2.4213 -0.7854 3.4646, -0.7283 -0.7854 3.4646, -1.122 -0.3917 3.4646, -1.122 0.3957 3.4646, 2.6575 0.1201 2.9528, 2.6575 -0.1161 2.9528, 2.6575 -0.1161 2.0079, 2.6575 -1.0217 0.0, 2.6575 0.1201 2.0079, 2.6575 1.0256 0.0, -1.2402 1.0256 0.0, -1.2402 1.0256 0.2362, -2.815 1.0256 2.2835, -2.5394 1.0256 2.0079, -2.5394 1.0256 0.2362, 1.3217 -0.1555 0.0, 1.3718 -0.2207 0.0, -1.2402 -1.0217 0.0, 1.8673 -0.1555 0.0, 1.8987 -0.0795 0.0, 1.9094 0.002 0.0, 1.8987 0.0835 0.0, 1.437 0.2747 0.0, 1.3718 0.2247 0.0, 1.3217 0.1594 0.0, 1.2903 0.0835 0.0, -0.6782 -0.0795 0.0, -0.6468 -0.1555 0.0, -0.5967 -0.2207 0.0, -0.5315 -0.2708 0.0, -0.4555 -0.3023 0.0, -0.374 -0.313 0.0, -0.2925 -0.3023 0.0, 1.676 -0.3023 0.0, 1.752 -0.2708 0.0, 1.8172 -0.2207 0.0, 1.2795 0.002 0.0, -0.1513 -0.2207 0.0, -0.1013 -0.1555 0.0, 1.2903 -0.0795 0.0, -0.2165 -0.2708 0.0, 1.437 -0.2708 0.0, 1.513 -0.3023 0.0, 1.5945 -0.313 0.0, 1.8673 0.1594 0.0, 1.8172 0.2247 0.0, 1.752 0.2747 0.0, 1.676 0.3062 0.0, 1.5945 0.3169 0.0, 1.513 0.3062 0.0, -0.0698 -0.0795 0.0, -0.0591 0.002 0.0, -0.5967 0.2247 0.0, -0.5315 0.2747 0.0, -0.4555 0.3062 0.0, -0.6468 0.1594 0.0, -0.6782 0.0835 0.0, -0.689 0.002 0.0, -0.0698 0.0835 0.0, -0.1013 0.1594 0.0, -0.1513 0.2247 0.0, -0.2165 0.2747 0.0, -0.2925 0.3062 0.0, -0.374 0.3169 0.0, -2.5394 -0.1161 2.0079, -2.5394 -1.0217 2.0079, -2.815 -0.1161 2.2835, -2.815 -1.0217 2.2835, -2.5394 0.1201 2.0079, -2.5394 -1.0217 0.2362, -1.811 -0.313 0.2362, -1.811 -0.4705 0.2362, -1.2402 -1.0217 0.2362, -1.9685 -0.4705 0.2362, -1.9685 -0.313 0.2362, -1.9685 0.3169 0.2362, -1.811 0.3169 0.2362, -1.811 0.4744 0.2362, -1.9685 0.4744 0.2362, -2.4213 -0.8248 3.0709, -2.4213 0.8287 3.0709, -1.3976 0.8287 3.0709, -1.3976 -0.8248 3.0709, -2.3819 0.7894 3.0709, -2.3819 -0.7854 3.0709, -1.437 -0.7854 3.0709, -1.437 0.7894 3.0709, -2.3819 0.7894 1.1024, -1.437 0.7894 1.1024, -1.437 -0.7854 1.1024, -2.3819 -0.7854 1.1024, -1.811 0.4744 1.1024, -1.9685 0.4744 1.1024, -1.9685 0.3169 1.1024, -1.9685 -0.313 1.1024, -1.811 -0.313 1.1024, -1.811 0.3169 1.1024, -1.9685 -0.4705 1.1024, -1.811 -0.4705 1.1024, 2.4213 0.1201 2.0079, 2.4213 -0.1161 2.0079, 2.4213 -0.1161 2.9528, 2.4213 0.1201 2.9528
            ]
        }
        coordIndex [
            0,1,2,-1,2,1,3,-1,4,5,6,-1,6,5,7,-1,1,0,8,-1,9,10,11,-1,12,11,13,-1,13,11,10,-1,13,10,14,-1,14,10,15,-1,14,15,16,-1,17,1,15,-1,15,1,8,-1,15,8,16,-1,18,19,20,-1,20,19,21,-1,20,21,22,-1,23,24,25,-1,25,24,26,-1,25,26,27,-1,28,29,25,-1,25,29,30,-1,25,30,31,-1,13,32,12,-1,12,32,33,-1,12,33,7,-1,7,33,34,-1,7,34,35,-1,35,36,7,-1,7,36,37,-1,7,37,6,-1,6,37,38,-1,6,38,39,-1,22,40,20,-1,20,40,41,-1,20,41,25,-1,25,41,42,-1,25,42,23,-1,39,43,6,-1,6,43,44,-1,6,44,16,-1,16,44,45,-1,16,45,14,-1,46,47,1,-1,48,49,1,-1,1,49,50,-1,50,51,1,-1,1,51,52,-1,1,52,20,-1,53,25,54,-1,54,25,27,-1,54,27,52,-1,52,27,55,-1,52,55,20,-1,20,55,56,-1,20,56,18,-1,47,57,1,-1,1,57,58,-1,1,58,48,-1,17,59,1,-1,1,59,60,-1,1,60,46,-1,46,60,28,-1,46,28,61,-1,61,28,25,-1,61,25,62,-1,62,25,53,-1,31,63,25,-1,25,63,64,-1,25,64,11,-1,11,64,65,-1,11,65,9,-1,2,3,66,-1,66,3,67,-1,68,69,4,-1,4,69,2,-1,67,70,71,-1,71,70,72,-1,71,72,73,-1,73,72,74,-1,73,74,75,-1,3,76,67,-1,67,76,77,-1,67,77,70,-1,70,77,78,-1,70,78,75,-1,75,78,79,-1,75,79,5,-1,66,73,2,-1,2,73,75,-1,2,75,4,-1,4,75,5,-1,80,66,81,-1,81,66,67,-1,81,67,82,-1,82,67,83,-1,82,83,84,-1,84,83,85,-1,84,85,80,-1,80,85,66,-1,85,86,66,-1,66,86,87,-1,88,73,89,-1,89,73,66,-1,89,66,90,-1,90,66,87,-1,91,92,93,-1,94,95,83,-1,83,95,96,-1,83,96,85,-1,85,96,97,-1,98,99,86,-1,86,99,100,-1,86,100,101,-1,102,103,93,-1,93,103,104,-1,93,104,105,-1,105,106,93,-1,93,106,107,-1,93,107,108,-1,109,110,83,-1,83,110,111,-1,83,111,94,-1,112,113,114,-1,91,93,115,-1,115,93,108,-1,115,108,112,-1,112,108,116,-1,112,116,113,-1,92,117,93,-1,93,117,118,-1,93,118,83,-1,83,118,119,-1,83,119,109,-1,97,120,85,-1,85,120,121,-1,85,121,122,-1,122,123,85,-1,85,123,124,-1,85,124,86,-1,86,124,125,-1,86,125,98,-1,114,126,112,-1,112,126,127,-1,112,127,101,-1,128,86,129,-1,129,86,130,-1,128,131,86,-1,86,131,132,-1,86,132,93,-1,93,132,133,-1,93,133,102,-1,127,134,101,-1,101,134,135,-1,101,135,136,-1,136,137,101,-1,101,137,138,-1,101,138,86,-1,86,138,139,-1,86,139,130,-1,140,141,142,-1,142,141,143,-1,89,90,144,-1,144,90,145,-1,144,145,140,-1,140,145,141,-1,146,87,147,-1,147,87,148,-1,147,148,149,-1,149,148,145,-1,149,145,150,-1,145,90,150,-1,150,90,151,-1,150,151,146,-1,146,151,152,-1,146,152,87,-1,87,152,153,-1,87,153,90,-1,90,153,154,-1,90,154,151,-1,87,86,148,-1,148,86,93,-1,155,156,72,-1,72,156,74,-1,156,157,74,-1,74,157,75,-1,157,158,75,-1,75,158,70,-1,158,155,70,-1,70,155,72,-1,159,156,160,-1,160,156,155,-1,160,155,161,-1,161,155,158,-1,161,158,162,-1,162,158,157,-1,162,157,159,-1,159,157,156,-1,163,164,159,-1,159,164,162,-1,164,165,162,-1,162,165,161,-1,165,166,161,-1,161,166,160,-1,166,163,160,-1,160,163,159,-1,167,164,168,-1,168,164,163,-1,168,163,169,-1,170,171,172,-1,172,169,170,-1,170,169,163,-1,170,163,173,-1,173,163,166,-1,173,166,174,-1,174,166,165,-1,174,165,171,-1,171,165,164,-1,171,164,172,-1,172,164,167,-1,175,1,176,-1,176,1,20,-1,176,20,177,-1,177,20,76,-1,177,76,178,-1,178,76,3,-1,178,3,175,-1,175,3,1,-1,77,76,25,-1,25,76,20,-1,11,12,78,-1,78,12,79,-1,78,77,11,-1,11,77,25,-1,5,79,7,-1,7,79,12,-1,69,8,2,-1,2,8,0,-1,16,68,6,-1,6,68,4,-1,16,8,68,-1,68,8,69,-1,
        ]
    }
}
Shape{
    appearance Appearance {
        material  Material 	{
            diffuseColor 1.0 1.0 0.0
            specularColor 0.5019607843137255 0.5019607843137255 0.0
            ambientIntensity 0.886
            transparency 0.0
            shininess 0.5
        }
    }
    geometry IndexedFaceSet {
        ccw TRUE
        solid FALSE
        coord DEF co Coordinate {
            point [
                1.5006 0.3843 1.1024, 1.5354 0.3912 1.4961, 1.5945 0.3957 1.1024, 1.5945 0.3957 1.4961, 1.6884 0.3843 1.1024, 1.6535 0.3912 1.4961, 1.9851 0.0512 2.6772, 1.9851 0.0512 1.1024, 1.9662 0.1318 2.6772, 1.9621 0.143 1.1024, 1.9611 0.1425 2.6772, 1.9292 0.2092 2.6772, 1.9178 0.2266 1.1024, 1.9165 0.2255 2.6772, 1.8764 0.2768 2.6772, 1.8549 0.2972 1.1024, 1.8536 0.2956 2.6772, 1.8101 0.3314 2.6772, 1.7769 0.3508 1.1024, 1.7759 0.3488 2.6772, 1.7336 0.3703 2.6772, 1.6879 0.3822 2.6772, 1.6535 0.3912 2.6772, 1.5354 0.3912 2.6772, 1.5011 0.3822 2.6772, 1.4554 0.3703 2.6772, 1.412 0.3508 1.1024, 1.4131 0.3488 2.6772, 1.3789 0.3314 2.6772, 1.3341 0.2972 1.1024, 1.3354 0.2956 2.6772, 1.3126 0.2768 2.6772, 1.2712 0.2266 1.1024, 1.2725 0.2255 2.6772, 1.2598 0.2092 2.6772, 1.2269 0.143 1.1024, 1.2279 0.1425 2.6772, 1.2228 0.1318 2.6772, 1.2039 0.0512 1.1024, 1.2039 0.0512 2.6772, -0.4679 0.3843 1.1024, -0.4331 0.3912 1.4961, -0.374 0.3957 1.1024, -0.374 0.3957 1.4961, -0.2801 0.3843 1.1024, -0.315 0.3912 1.4961, 0.0166 0.0512 2.6772, 0.0166 0.0512 1.1024, -0.0023 0.1318 2.6772, -0.0064 0.143 1.1024, -0.0074 0.1425 2.6772, -0.0393 0.2092 2.6772, -0.0507 0.2266 1.1024, -0.052 0.2255 2.6772, -0.0921 0.2768 2.6772, -0.1136 0.2972 1.1024, -0.115 0.2956 2.6772, -0.1584 0.3314 2.6772, -0.1916 0.3508 1.1024, -0.1926 0.3488 2.6772, -0.2349 0.3703 2.6772, -0.2806 0.3822 2.6772, -0.315 0.3912 2.6772, -0.4331 0.3912 2.6772, -0.4674 0.3822 2.6772, -0.5132 0.3703 2.6772, -0.5565 0.3508 1.1024, -0.5554 0.3488 2.6772, -0.5896 0.3314 2.6772, -0.6344 0.2972 1.1024, -0.6331 0.2956 2.6772, -0.6559 0.2768 2.6772, -0.6974 0.2266 1.1024, -0.696 0.2255 2.6772, -0.7088 0.2092 2.6772, -0.7416 0.143 1.1024, -0.7406 0.1425 2.6772, -0.7457 0.1318 2.6772, -0.7646 0.0512 1.1024, -0.7646 0.0512 2.6772, 1.3831 0.325 2.7544, 1.3181 0.2715 2.7544, 1.2663 0.2052 2.7544, 1.23 0.1292 2.7544, 1.4581 0.3631 2.7544, 1.5354 0.0512 3.0633, 1.5354 0.0643 3.06, 1.5038 0.0512 3.0545, 1.4884 0.1054 3.0419, 1.456 0.0512 3.0413, 1.4685 0.08 3.0419, 1.4503 0.0512 3.0397, 1.4101 0.1161 3.0058, 1.3898 0.0735 3.0058, 1.3846 0.0512 3.0043, 1.4466 0.0512 3.0387, 1.366 0.0512 2.994, 1.3329 0.0933 2.9568, 1.3236 0.0512 2.9551, 1.2981 0.0512 2.9316, 1.2862 0.1096 2.897, 1.2739 0.0512 2.8956, 1.2468 0.0512 2.8551, 1.2514 0.1218 2.8287, 1.2367 0.0512 2.8279, 1.2147 0.0512 2.7687, 1.213 0.0512 2.7543, 1.5354 0.3819 2.7542, 1.5354 0.38 2.7699, 1.4661 0.3419 2.8287, 1.5354 0.3582 2.8278, 1.5354 0.347 2.8574, 1.4791 0.3075 2.897, 1.5354 0.3208 2.8955, 1.5354 0.1641 3.0286, 1.5354 0.2094 3.0045, 1.5179 0.2048 3.0058, 1.5354 0.2244 2.9966, 1.4966 0.2612 2.9568, 1.5354 0.2709 2.9551, 1.5354 0.2941 2.9344, 1.5354 0.1054 3.0496, 1.5354 0.1369 3.0417, 1.5134 0.1259 3.0419, 1.5354 0.1418 3.0404, 1.4757 0.1834 3.0058, 1.2855 0.1933 2.8287, 1.3168 0.1739 2.897, 1.3589 0.1478 2.9568, 1.3343 0.2557 2.8287, 1.3607 0.23 2.897, 1.3961 0.1954 2.9568, 1.4392 0.1533 3.0058, 1.3955 0.306 2.8287, 1.4156 0.2752 2.897, 1.4427 0.2338 2.9568, -0.5855 0.325 2.7544, -0.6504 0.2715 2.7544, -0.7022 0.2052 2.7544, -0.7385 0.1292 2.7544, -0.5104 0.3631 2.7544, -0.4331 0.0512 3.0633, -0.4331 0.0643 3.06, -0.4647 0.0512 3.0545, -0.4801 0.1054 3.0419, -0.5125 0.0512 3.0413, -0.5 0.08 3.0419, -0.5182 0.0512 3.0397, -0.5584 0.1161 3.0058, -0.5787 0.0735 3.0058, -0.584 0.0512 3.0043, -0.5219 0.0512 3.0387, -0.6025 0.0512 2.994, -0.6356 0.0933 2.9568, -0.6449 0.0512 2.9551, -0.6704 0.0512 2.9316, -0.6823 0.1096 2.897, -0.6946 0.0512 2.8956, -0.7217 0.0512 2.8551, -0.7171 0.1218 2.8287, -0.7318 0.0512 2.8279, -0.7538 0.0512 2.7687, -0.7555 0.0512 2.7543, -0.4331 0.3819 2.7542, -0.4331 0.38 2.7699, -0.5024 0.3419 2.8287, -0.4331 0.3582 2.8278, -0.4331 0.347 2.8574, -0.4894 0.3075 2.897, -0.4331 0.3208 2.8955, -0.4331 0.1641 3.0286, -0.4331 0.2094 3.0045, -0.4506 0.2048 3.0058, -0.4331 0.2244 2.9966, -0.4719 0.2612 2.9568, -0.4331 0.2709 2.9551, -0.4331 0.2941 2.9344, -0.4331 0.1054 3.0496, -0.4331 0.1369 3.0417, -0.4552 0.1259 3.0419, -0.4331 0.1418 3.0404, -0.4928 0.1834 3.0058, -0.683 0.1933 2.8287, -0.6517 0.1739 2.897, -0.6096 0.1478 2.9568, -0.6342 0.2557 2.8287, -0.6078 0.23 2.897, -0.5724 0.1954 2.9568, -0.5293 0.1533 3.0058, -0.573 0.306 2.8287, -0.5529 0.2752 2.897, -0.5258 0.2338 2.9568, -0.6025 -0.0472 2.994, -0.584 -0.0472 3.0043, -0.4331 -0.0472 1.4961, -0.2355 -0.0472 3.0413, -0.315 -0.0472 1.4961, -0.2833 -0.0472 3.0545, -0.315 -0.0472 3.0633, -0.7217 -0.0472 2.8551, -0.6946 -0.0472 2.8956, -0.4331 -0.0472 3.0633, -0.4647 -0.0472 3.0545, -0.5125 -0.0472 3.0413, -0.1032 -0.0472 2.9551, -0.0777 -0.0472 2.9316, -0.0534 -0.0472 2.8956, -0.0263 -0.0472 2.8551, -0.0162 -0.0472 2.8279, 0.0057 -0.0472 2.7687, -0.6704 -0.0472 2.9316, -0.6449 -0.0472 2.9551, -0.5219 -0.0472 3.0387, -0.5182 -0.0472 3.0397, -0.1641 -0.0472 3.0043, -0.1455 -0.0472 2.994, -0.7646 -0.0472 2.6772, -0.7555 -0.0472 2.7543, 0.0074 -0.0472 2.7543, 0.0166 -0.0472 2.6772, 0.0166 -0.0472 1.1024, -0.7646 -0.0472 1.1024, -0.7538 -0.0472 2.7687, -0.7318 -0.0472 2.8279, -0.2261 -0.0472 3.0387, -0.2298 -0.0472 3.0397, -0.2833 0.0512 3.0545, -0.315 0.0512 3.0633, -0.315 0.0512 1.4961, -0.0534 0.0512 2.8956, -0.0777 0.0512 2.9316, -0.1032 0.0512 2.9551, -0.2355 0.0512 3.0413, -0.4331 0.0512 1.4961, -0.1641 0.0512 3.0043, -0.1455 0.0512 2.994, -0.2261 0.0512 3.0387, -0.2298 0.0512 3.0397, 0.0074 0.0512 2.7543, 0.0057 0.0512 2.7687, -0.0162 0.0512 2.8279, -0.0263 0.0512 2.8551, 1.5038 -0.0472 3.0545, 1.5354 -0.0472 3.0633, 1.213 -0.0472 2.7543, 1.6535 -0.0472 1.4961, 1.6535 -0.0472 3.0633, 1.6852 -0.0472 3.0545, 1.2739 -0.0472 2.8956, 1.2981 -0.0472 2.9316, 1.3236 -0.0472 2.9551, 1.9742 -0.0472 2.7687, 1.9759 -0.0472 2.7543, 1.456 -0.0472 3.0413, 1.9851 -0.0472 2.6772, 1.9851 -0.0472 1.1024, 1.5354 -0.0472 1.4961, 1.2039 -0.0472 1.1024, 1.2039 -0.0472 2.6772, 1.8044 -0.0472 3.0043, 1.823 -0.0472 2.994, 1.8654 -0.0472 2.9551, 1.8908 -0.0472 2.9316, 1.9151 -0.0472 2.8956, 1.9422 -0.0472 2.8551, 1.9523 -0.0472 2.8279, 1.2468 -0.0472 2.8551, 1.2367 -0.0472 2.8279, 1.2147 -0.0472 2.7687, 1.733 -0.0472 3.0413, 1.7387 -0.0472 3.0397, 1.7424 -0.0472 3.0387, 1.366 -0.0472 2.994, 1.3846 -0.0472 3.0043, 1.4466 -0.0472 3.0387, 1.4503 -0.0472 3.0397, 1.6852 0.0512 3.0545, 1.6535 0.0512 3.0633, 1.6535 0.0512 1.4961, 1.9759 0.0512 2.7543, 1.9742 0.0512 2.7687, 1.9523 0.0512 2.8279, 1.5354 0.0512 1.4961, 1.9422 0.0512 2.8551, 1.9151 0.0512 2.8956, 1.8908 0.0512 2.9316, 1.733 0.0512 3.0413, 1.8654 0.0512 2.9551, 1.823 0.0512 2.994, 1.8044 0.0512 3.0043, 1.7424 0.0512 3.0387, 1.7387 0.0512 3.0397, 1.6535 0.2941 2.9344, 1.6535 0.3208 2.8955, 1.6535 0.0643 3.06, 1.6535 0.1054 3.0496, 1.6535 0.1369 3.0417, 1.6535 0.2094 3.0045, 1.6535 0.2244 2.9966, 1.6535 0.2709 2.9551, 1.6535 0.1418 3.0404, 1.6535 0.1641 3.0286, 1.6535 0.347 2.8574, 1.6535 0.3582 2.8278, 1.6535 0.38 2.7699, 1.6535 0.3819 2.7542, 1.6535 -0.0603 3.06, 1.6535 -0.1015 3.0496, 1.6535 -0.343 2.8574, 1.6535 -0.3169 2.8955, 1.6535 -0.2902 2.9344, 1.6535 -0.267 2.9551, 1.6535 -0.2204 2.9966, 1.6535 -0.2055 3.0045, 1.6535 -0.1602 3.0286, 1.6535 -0.378 2.7542, 1.6535 -0.3873 2.6772, 1.6535 -0.3873 1.4961, 1.6535 -0.3761 2.7699, 1.6535 -0.3542 2.8278, 1.6535 -0.1379 3.0404, 1.6535 -0.133 3.0417, 1.5354 -0.0603 3.06, 1.5354 -0.1015 3.0496, 1.5354 -0.133 3.0417, 1.5354 -0.1379 3.0404, 1.5354 -0.1602 3.0286, 1.5354 -0.267 2.9551, 1.5354 -0.2902 2.9344, 1.5354 -0.3169 2.8955, 1.5354 -0.3542 2.8278, 1.5354 -0.3761 2.7699, 1.5354 -0.3873 1.4961, 1.5354 -0.3873 2.6772, 1.5354 -0.378 2.7542, 1.5354 -0.2204 2.9966, 1.5354 -0.2055 3.0045, 1.5354 -0.343 2.8574, 1.5945 -0.3917 1.4961, -0.315 0.0643 3.06, -0.315 0.1054 3.0496, -0.315 0.1369 3.0417, -0.315 0.1418 3.0404, -0.315 0.1641 3.0286, -0.315 0.2094 3.0045, -0.315 0.2244 2.9966, -0.315 0.2709 2.9551, -0.315 0.2941 2.9344, -0.315 0.3208 2.8955, -0.315 0.347 2.8574, -0.315 0.3582 2.8278, -0.315 0.38 2.7699, -0.315 0.3819 2.7542, -0.315 -0.2902 2.9344, -0.315 -0.267 2.9551, -0.315 -0.0603 3.06, -0.315 -0.1015 3.0496, -0.315 -0.3873 1.4961, -0.315 -0.3873 2.6772, -0.315 -0.378 2.7542, -0.315 -0.3761 2.7699, -0.315 -0.3542 2.8278, -0.315 -0.343 2.8574, -0.315 -0.3169 2.8955, -0.315 -0.2204 2.9966, -0.315 -0.2055 3.0045, -0.315 -0.1602 3.0286, -0.315 -0.1379 3.0404, -0.315 -0.133 3.0417, -0.4331 -0.0603 3.06, -0.4331 -0.1015 3.0496, -0.4331 -0.133 3.0417, -0.4331 -0.1379 3.0404, -0.4331 -0.1602 3.0286, -0.4331 -0.2055 3.0045, -0.4331 -0.2204 2.9966, -0.4331 -0.267 2.9551, -0.4331 -0.2902 2.9344, -0.4331 -0.3169 2.8955, -0.4331 -0.343 2.8574, -0.4331 -0.3542 2.8278, -0.4331 -0.3761 2.7699, -0.4331 -0.378 2.7542, -0.4331 -0.3873 2.6772, -0.4331 -0.3873 1.4961, -0.374 -0.3917 1.4961, -0.0591 0.002 0.0, -0.0698 0.0835 -0.9055, -0.0698 0.0835 0.0, -0.1013 0.1594 -0.9055, -0.1013 0.1594 0.0, -0.1513 0.2247 -0.9055, -0.1513 0.2247 0.0, -0.2165 0.2747 -0.9055, -0.2165 0.2747 0.0, -0.2925 0.3062 -0.9055, -0.2925 0.3062 0.0, -0.374 0.3169 -0.9055, -0.374 0.3169 0.0, -0.4555 0.3062 -0.9055, -0.4555 0.3062 0.0, -0.5315 0.2747 -0.9055, -0.5315 0.2747 0.0, -0.5967 0.2247 -0.9055, -0.5967 0.2247 0.0, -0.6468 0.1594 -0.9055, -0.6468 0.1594 0.0, -0.6782 0.0835 -0.9055, -0.6782 0.0835 0.0, -0.689 0.002 -0.9055, -0.689 0.002 0.0, -0.6782 -0.0795 -0.9055, -0.6782 -0.0795 0.0, -0.6468 -0.1555 -0.9055, -0.6468 -0.1555 0.0, -0.5967 -0.2207 -0.9055, -0.5967 -0.2207 0.0, -0.5315 -0.2708 -0.9055, -0.5315 -0.2708 0.0, -0.4555 -0.3023 -0.9055, -0.4555 -0.3023 0.0, -0.374 -0.313 -0.9055, -0.374 -0.313 0.0, -0.2925 -0.3023 -0.9055, -0.2925 -0.3023 0.0, -0.2165 -0.2708 -0.9055, -0.2165 -0.2708 0.0, -0.1513 -0.2207 -0.9055, -0.1513 -0.2207 0.0, -0.1013 -0.1555 -0.9055, -0.1013 -0.1555 0.0, -0.0698 -0.0795 -0.9055, -0.0698 -0.0795 0.0, -0.0591 0.002 -0.9055, -0.5786 -0.1161 -0.9842, -0.6022 -0.0592 -0.9842, -0.374 0.002 -0.9842, -0.6102 0.002 -0.9842, -0.6022 0.0631 -0.9842, -0.4352 -0.2262 -0.9842, -0.4921 -0.2026 -0.9842, -0.541 -0.1651 -0.9842, -0.2559 -0.2026 -0.9842, -0.3129 -0.2262 -0.9842, -0.374 -0.2343 -0.9842, -0.1458 -0.0592 -0.9842, -0.1694 -0.1161 -0.9842, -0.207 -0.1651 -0.9842, -0.1694 0.1201 -0.9842, -0.1458 0.0631 -0.9842, -0.1378 0.002 -0.9842, -0.3129 0.2301 -0.9842, -0.2559 0.2065 -0.9842, -0.207 0.169 -0.9842, -0.4921 0.2065 -0.9842, -0.4352 0.2301 -0.9842, -0.374 0.2382 -0.9842, -0.5786 0.1201 -0.9842, -0.541 0.169 -0.9842, 1.9094 0.002 0.0, 1.8987 0.0835 -0.9055, 1.8987 0.0835 0.0, 1.8673 0.1594 -0.9055, 1.8673 0.1594 0.0, 1.8172 0.2247 -0.9055, 1.8172 0.2247 0.0, 1.752 0.2747 -0.9055, 1.752 0.2747 0.0, 1.676 0.3062 -0.9055, 1.676 0.3062 0.0, 1.5945 0.3169 -0.9055, 1.5945 0.3169 0.0, 1.513 0.3062 -0.9055, 1.513 0.3062 0.0, 1.437 0.2747 -0.9055, 1.437 0.2747 0.0, 1.3718 0.2247 -0.9055, 1.3718 0.2247 0.0, 1.3217 0.1594 -0.9055, 1.3217 0.1594 0.0, 1.2903 0.0835 -0.9055, 1.2903 0.0835 0.0, 1.2795 0.002 -0.9055, 1.2795 0.002 0.0, 1.2903 -0.0795 -0.9055, 1.2903 -0.0795 0.0, 1.3217 -0.1555 -0.9055, 1.3217 -0.1555 0.0, 1.3718 -0.2207 -0.9055, 1.3718 -0.2207 0.0, 1.437 -0.2708 -0.9055, 1.437 -0.2708 0.0, 1.513 -0.3023 -0.9055, 1.513 -0.3023 0.0, 1.5945 -0.313 -0.9055, 1.5945 -0.313 0.0, 1.676 -0.3023 -0.9055, 1.676 -0.3023 0.0, 1.752 -0.2708 -0.9055, 1.752 -0.2708 0.0, 1.8172 -0.2207 -0.9055, 1.8172 -0.2207 0.0, 1.8673 -0.1555 -0.9055, 1.8673 -0.1555 0.0, 1.8987 -0.0795 -0.9055, 1.8987 -0.0795 0.0, 1.9094 0.002 -0.9055, 1.3899 -0.1161 -0.9842, 1.3663 -0.0592 -0.9842, 1.5945 0.002 -0.9842, 1.3583 0.002 -0.9842, 1.3663 0.0631 -0.9842, 1.5334 -0.2262 -0.9842, 1.4764 -0.2026 -0.9842, 1.4275 -0.1651 -0.9842, 1.7126 -0.2026 -0.9842, 1.6556 -0.2262 -0.9842, 1.5945 -0.2343 -0.9842, 1.8227 -0.0592 -0.9842, 1.7991 -0.1161 -0.9842, 1.7615 -0.1651 -0.9842, 1.7991 0.1201 -0.9842, 1.8227 0.0631 -0.9842, 1.8307 0.002 -0.9842, 1.6556 0.2301 -0.9842, 1.7126 0.2065 -0.9842, 1.7615 0.169 -0.9842, 1.4764 0.2065 -0.9842, 1.5334 0.2301 -0.9842, 1.5945 0.2382 -0.9842, 1.3899 0.1201 -0.9842, 1.4275 0.169 -0.9842, -1.8638 -0.4177 2.5984, -1.8638 -0.3657 2.5984, -1.9158 -0.4177 2.5984, -1.9158 -0.3657 2.5984, -1.9685 -0.4705 2.4016, -1.9685 -0.4705 1.1024, -1.811 -0.4705 2.4016, -1.811 -0.4705 1.1024, -1.9685 -0.313 2.4016, -1.9685 -0.313 1.1024, -1.811 -0.313 2.4016, -1.811 -0.313 1.1024, -1.811 -0.313 -0.7874, -1.811 -0.313 0.2362, -1.811 -0.4705 -0.7874, -1.811 -0.4705 0.2362, -1.9685 -0.313 -0.7874, -1.9685 -0.313 0.2362, -1.9685 -0.4705 -0.7874, -1.9685 -0.4705 0.2362, -1.9158 -0.3657 -0.9842, -1.8638 -0.3657 -0.9842, -1.9158 -0.4177 -0.9842, -1.8638 -0.4177 -0.9842, -1.9158 0.4217 2.5984, -1.9158 0.3697 2.5984, -1.8638 0.4217 2.5984, -1.8638 0.3697 2.5984, -1.811 0.4744 2.4016, -1.811 0.4744 1.1024, -1.9685 0.4744 2.4016, -1.9685 0.4744 1.1024, -1.811 0.3169 2.4016, -1.811 0.3169 1.1024, -1.9685 0.3169 2.4016, -1.9685 0.3169 1.1024, -1.9685 0.3169 -0.7874, -1.9685 0.3169 0.2362, -1.9685 0.4744 -0.7874, -1.9685 0.4744 0.2362, -1.811 0.3169 -0.7874, -1.811 0.3169 0.2362, -1.811 0.4744 -0.7874, -1.811 0.4744 0.2362, -1.8638 0.3697 -0.9842, -1.9158 0.3697 -0.9842, -1.8638 0.4217 -0.9842, -1.9158 0.4217 -0.9842
            ]
        }
        coordIndex [
            0,1,2,-1,2,1,3,-1,2,3,4,-1,4,3,5,-1,6,7,8,-1,8,7,9,-1,8,9,10,-1,10,9,11,-1,11,9,12,-1,11,12,13,-1,13,12,14,-1,14,12,15,-1,14,15,16,-1,16,15,17,-1,17,15,18,-1,17,18,19,-1,19,18,20,-1,20,18,4,-1,20,4,21,-1,21,4,5,-1,21,5,22,-1,23,1,24,-1,24,1,0,-1,24,0,25,-1,25,0,26,-1,25,26,27,-1,27,26,28,-1,28,26,29,-1,28,29,30,-1,30,29,31,-1,31,29,32,-1,31,32,33,-1,33,32,34,-1,34,32,35,-1,34,35,36,-1,36,35,37,-1,37,35,38,-1,37,38,39,-1,40,41,42,-1,42,41,43,-1,42,43,44,-1,44,43,45,-1,46,47,48,-1,48,47,49,-1,48,49,50,-1,50,49,51,-1,51,49,52,-1,51,52,53,-1,53,52,54,-1,54,52,55,-1,54,55,56,-1,56,55,57,-1,57,55,58,-1,57,58,59,-1,59,58,60,-1,60,58,44,-1,60,44,61,-1,61,44,45,-1,61,45,62,-1,63,41,64,-1,64,41,40,-1,64,40,65,-1,65,40,66,-1,65,66,67,-1,67,66,68,-1,68,66,69,-1,68,69,70,-1,70,69,71,-1,71,69,72,-1,71,72,73,-1,73,72,74,-1,74,72,75,-1,74,75,76,-1,76,75,77,-1,77,75,78,-1,77,78,79,-1,27,28,80,-1,30,31,81,-1,33,34,82,-1,36,37,83,-1,24,25,84,-1,85,86,87,-1,87,86,88,-1,89,90,91,-1,91,90,92,-1,93,94,95,-1,94,93,96,-1,96,93,97,-1,96,97,98,-1,98,97,99,-1,99,97,100,-1,99,100,101,-1,101,100,102,-1,102,100,103,-1,102,103,104,-1,104,103,105,-1,105,103,83,-1,105,83,106,-1,106,83,37,-1,106,37,39,-1,23,24,107,-1,107,24,84,-1,107,84,108,-1,108,84,109,-1,108,109,110,-1,110,109,111,-1,111,109,112,-1,111,112,113,-1,114,115,116,-1,116,115,117,-1,116,117,118,-1,118,117,119,-1,118,119,112,-1,112,119,120,-1,112,120,113,-1,121,122,123,-1,123,122,124,-1,123,124,125,-1,34,36,82,-1,82,36,83,-1,82,83,126,-1,126,83,103,-1,126,103,127,-1,127,103,100,-1,127,100,128,-1,128,100,97,-1,128,97,92,-1,92,97,93,-1,92,93,91,-1,91,93,95,-1,31,33,81,-1,81,33,82,-1,81,82,129,-1,129,82,126,-1,129,126,130,-1,130,126,127,-1,130,127,131,-1,131,127,128,-1,131,128,132,-1,132,128,92,-1,132,92,88,-1,88,92,90,-1,88,90,87,-1,87,90,89,-1,28,30,80,-1,80,30,81,-1,80,81,133,-1,133,81,129,-1,133,129,134,-1,134,129,130,-1,134,130,135,-1,135,130,131,-1,135,131,125,-1,125,131,132,-1,125,132,123,-1,123,132,88,-1,123,88,121,-1,121,88,86,-1,25,27,84,-1,84,27,80,-1,84,80,109,-1,109,80,133,-1,109,133,112,-1,112,133,134,-1,112,134,118,-1,118,134,135,-1,118,135,116,-1,116,135,125,-1,116,125,114,-1,114,125,124,-1,67,68,136,-1,70,71,137,-1,73,74,138,-1,76,77,139,-1,64,65,140,-1,141,142,143,-1,143,142,144,-1,145,146,147,-1,147,146,148,-1,149,150,151,-1,150,149,152,-1,152,149,153,-1,152,153,154,-1,154,153,155,-1,155,153,156,-1,155,156,157,-1,157,156,158,-1,158,156,159,-1,158,159,160,-1,160,159,161,-1,161,159,139,-1,161,139,162,-1,162,139,77,-1,162,77,79,-1,63,64,163,-1,163,64,140,-1,163,140,164,-1,164,140,165,-1,164,165,166,-1,166,165,167,-1,167,165,168,-1,167,168,169,-1,170,171,172,-1,172,171,173,-1,172,173,174,-1,174,173,175,-1,174,175,168,-1,168,175,176,-1,168,176,169,-1,177,178,179,-1,179,178,180,-1,179,180,181,-1,74,76,138,-1,138,76,139,-1,138,139,182,-1,182,139,159,-1,182,159,183,-1,183,159,156,-1,183,156,184,-1,184,156,153,-1,184,153,148,-1,148,153,149,-1,148,149,147,-1,147,149,151,-1,71,73,137,-1,137,73,138,-1,137,138,185,-1,185,138,182,-1,185,182,186,-1,186,182,183,-1,186,183,187,-1,187,183,184,-1,187,184,188,-1,188,184,148,-1,188,148,144,-1,144,148,146,-1,144,146,143,-1,143,146,145,-1,68,70,136,-1,136,70,137,-1,136,137,189,-1,189,137,185,-1,189,185,190,-1,190,185,186,-1,190,186,191,-1,191,186,187,-1,191,187,181,-1,181,187,188,-1,181,188,179,-1,179,188,144,-1,179,144,177,-1,177,144,142,-1,65,67,140,-1,140,67,136,-1,140,136,165,-1,165,136,189,-1,165,189,168,-1,168,189,190,-1,168,190,174,-1,174,190,191,-1,174,191,172,-1,172,191,181,-1,172,181,170,-1,170,181,180,-1,192,193,194,-1,195,196,197,-1,197,196,198,-1,199,200,194,-1,201,194,202,-1,202,194,203,-1,204,205,206,-1,207,208,195,-1,195,208,209,-1,200,210,194,-1,194,210,211,-1,194,211,192,-1,193,212,194,-1,194,212,213,-1,194,213,203,-1,214,215,204,-1,216,217,194,-1,209,218,195,-1,195,218,219,-1,195,219,196,-1,196,219,220,-1,196,220,194,-1,194,220,221,-1,194,221,216,-1,217,222,194,-1,194,222,223,-1,194,223,199,-1,224,214,225,-1,225,214,204,-1,225,204,195,-1,195,204,206,-1,195,206,207,-1,226,227,228,-1,229,230,231,-1,226,228,232,-1,233,141,143,-1,234,228,235,-1,235,228,231,-1,234,236,228,-1,228,236,237,-1,228,237,232,-1,143,145,233,-1,233,145,147,-1,233,147,151,-1,151,150,233,-1,233,150,152,-1,233,152,154,-1,238,239,231,-1,231,239,240,-1,231,240,229,-1,229,240,241,-1,154,155,233,-1,233,155,157,-1,233,157,158,-1,158,160,233,-1,233,160,161,-1,233,161,162,-1,162,79,233,-1,233,79,78,-1,233,78,228,-1,228,78,47,-1,228,47,231,-1,231,47,46,-1,231,46,238,-1,242,243,244,-1,245,246,247,-1,248,249,250,-1,251,252,245,-1,242,244,253,-1,252,254,245,-1,245,254,255,-1,245,255,256,-1,256,255,257,-1,256,257,243,-1,243,257,258,-1,243,258,244,-1,245,259,260,-1,260,261,245,-1,245,261,262,-1,245,262,263,-1,263,264,245,-1,245,264,265,-1,245,265,251,-1,266,248,267,-1,267,248,244,-1,267,244,268,-1,247,269,245,-1,245,269,270,-1,245,270,259,-1,259,270,271,-1,248,250,244,-1,244,250,272,-1,244,272,273,-1,273,274,244,-1,244,274,275,-1,244,275,253,-1,276,277,278,-1,278,7,6,-1,6,279,278,-1,278,279,280,-1,278,280,281,-1,89,282,87,-1,87,282,85,-1,281,283,278,-1,278,283,284,-1,278,284,285,-1,276,278,286,-1,95,94,106,-1,106,94,96,-1,106,96,98,-1,98,99,101,-1,101,102,104,-1,7,278,38,-1,38,278,282,-1,38,282,39,-1,39,282,89,-1,39,89,106,-1,106,89,91,-1,106,91,95,-1,98,101,106,-1,106,101,104,-1,106,104,105,-1,285,287,278,-1,278,287,288,-1,278,288,289,-1,289,290,278,-1,278,290,291,-1,278,291,286,-1,1,282,3,-1,3,282,278,-1,3,278,5,-1,85,282,86,-1,86,282,121,-1,117,115,282,-1,282,115,114,-1,23,107,119,-1,110,111,113,-1,114,124,282,-1,282,124,122,-1,282,122,121,-1,117,282,119,-1,119,282,1,-1,119,1,23,-1,120,119,113,-1,113,119,107,-1,113,107,110,-1,110,107,108,-1,292,293,278,-1,277,294,278,-1,278,294,295,-1,278,295,296,-1,297,298,278,-1,278,298,299,-1,278,299,292,-1,296,300,278,-1,278,300,301,-1,278,301,297,-1,293,302,278,-1,278,302,303,-1,278,303,304,-1,304,305,278,-1,278,305,22,-1,278,22,5,-1,306,246,245,-1,306,245,307,-1,308,309,245,-1,245,309,310,-1,245,310,311,-1,311,312,245,-1,245,312,313,-1,245,313,314,-1,315,245,316,-1,316,245,317,-1,315,318,245,-1,245,318,319,-1,245,319,308,-1,314,320,245,-1,245,320,321,-1,245,321,307,-1,243,322,256,-1,256,322,323,-1,323,324,256,-1,256,324,325,-1,256,325,326,-1,327,328,329,-1,326,330,331,-1,332,256,333,-1,333,256,326,-1,333,326,334,-1,334,326,331,-1,335,327,336,-1,336,327,329,-1,336,329,326,-1,326,329,337,-1,326,337,330,-1,317,245,338,-1,338,245,256,-1,338,256,332,-1,41,233,43,-1,43,233,228,-1,43,228,45,-1,173,171,233,-1,167,169,233,-1,169,176,233,-1,233,176,175,-1,233,175,173,-1,171,170,233,-1,233,170,180,-1,233,180,178,-1,178,177,233,-1,233,177,142,-1,233,142,141,-1,163,233,63,-1,63,233,41,-1,163,164,233,-1,233,164,166,-1,233,166,167,-1,228,227,339,-1,339,340,228,-1,228,340,341,-1,228,341,342,-1,342,343,228,-1,228,343,344,-1,228,344,345,-1,345,346,228,-1,228,346,347,-1,228,347,348,-1,348,349,228,-1,228,349,350,-1,228,350,351,-1,351,352,228,-1,228,352,62,-1,228,62,45,-1,353,354,196,-1,198,196,355,-1,355,196,356,-1,196,357,358,-1,358,359,196,-1,196,359,360,-1,196,360,361,-1,361,362,196,-1,196,362,363,-1,196,363,353,-1,354,364,196,-1,196,364,365,-1,196,365,366,-1,366,367,196,-1,196,367,368,-1,196,368,356,-1,194,201,369,-1,369,370,194,-1,194,370,371,-1,194,371,372,-1,372,373,194,-1,194,373,374,-1,194,374,375,-1,375,376,194,-1,194,376,377,-1,194,377,378,-1,378,379,194,-1,194,379,380,-1,194,380,381,-1,381,382,194,-1,194,382,383,-1,194,383,384,-1,357,196,385,-1,385,196,194,-1,385,194,384,-1,386,387,388,-1,388,387,389,-1,388,389,390,-1,390,389,391,-1,390,391,392,-1,392,391,393,-1,392,393,394,-1,394,393,395,-1,394,395,396,-1,396,395,397,-1,396,397,398,-1,398,397,399,-1,398,399,400,-1,400,399,401,-1,400,401,402,-1,402,401,403,-1,402,403,404,-1,404,403,405,-1,404,405,406,-1,406,405,407,-1,406,407,408,-1,408,407,409,-1,408,409,410,-1,410,409,411,-1,410,411,412,-1,412,411,413,-1,412,413,414,-1,414,413,415,-1,414,415,416,-1,416,415,417,-1,416,417,418,-1,418,417,419,-1,418,419,420,-1,420,419,421,-1,420,421,422,-1,422,421,423,-1,422,423,424,-1,424,423,425,-1,424,425,426,-1,426,425,427,-1,426,427,428,-1,428,427,429,-1,428,429,430,-1,430,429,431,-1,430,431,432,-1,432,431,433,-1,432,433,386,-1,386,433,387,-1,434,435,436,-1,436,435,437,-1,436,437,438,-1,439,440,436,-1,436,440,441,-1,436,441,434,-1,442,443,436,-1,436,443,444,-1,436,444,439,-1,445,446,436,-1,436,446,447,-1,436,447,442,-1,448,449,436,-1,436,449,450,-1,436,450,445,-1,451,452,436,-1,436,452,453,-1,436,453,448,-1,454,455,436,-1,436,455,456,-1,436,456,451,-1,438,457,436,-1,436,457,458,-1,436,458,454,-1,459,460,461,-1,461,460,462,-1,461,462,463,-1,463,462,464,-1,463,464,465,-1,465,464,466,-1,465,466,467,-1,467,466,468,-1,467,468,469,-1,469,468,470,-1,469,470,471,-1,471,470,472,-1,471,472,473,-1,473,472,474,-1,473,474,475,-1,475,474,476,-1,475,476,477,-1,477,476,478,-1,477,478,479,-1,479,478,480,-1,479,480,481,-1,481,480,482,-1,481,482,483,-1,483,482,484,-1,483,484,485,-1,485,484,486,-1,485,486,487,-1,487,486,488,-1,487,488,489,-1,489,488,490,-1,489,490,491,-1,491,490,492,-1,491,492,493,-1,493,492,494,-1,493,494,495,-1,495,494,496,-1,495,496,497,-1,497,496,498,-1,497,498,499,-1,499,498,500,-1,499,500,501,-1,501,500,502,-1,501,502,503,-1,503,502,504,-1,503,504,505,-1,505,504,506,-1,505,506,459,-1,459,506,460,-1,507,508,509,-1,509,508,510,-1,509,510,511,-1,512,513,509,-1,509,513,514,-1,509,514,507,-1,515,516,509,-1,509,516,517,-1,509,517,512,-1,518,519,509,-1,509,519,520,-1,509,520,515,-1,521,522,509,-1,509,522,523,-1,509,523,518,-1,524,525,509,-1,509,525,526,-1,509,526,521,-1,527,528,509,-1,509,528,529,-1,509,529,524,-1,511,530,509,-1,509,530,531,-1,509,531,527,-1,506,522,460,-1,460,522,521,-1,460,521,462,-1,462,521,526,-1,462,526,464,-1,464,526,525,-1,464,525,466,-1,466,525,524,-1,466,524,468,-1,468,524,529,-1,468,529,470,-1,470,529,528,-1,470,528,472,-1,472,528,527,-1,472,527,474,-1,474,527,531,-1,474,531,476,-1,476,531,530,-1,476,530,478,-1,478,530,511,-1,478,511,480,-1,480,511,510,-1,480,510,482,-1,482,510,508,-1,482,508,484,-1,484,508,507,-1,484,507,486,-1,486,507,514,-1,486,514,488,-1,488,514,513,-1,488,513,490,-1,490,513,512,-1,490,512,492,-1,492,512,517,-1,492,517,494,-1,494,517,516,-1,494,516,496,-1,496,516,515,-1,496,515,498,-1,498,515,520,-1,498,520,500,-1,500,520,519,-1,500,519,502,-1,502,519,518,-1,502,518,504,-1,504,518,523,-1,504,523,506,-1,506,523,522,-1,433,449,387,-1,387,449,448,-1,387,448,389,-1,389,448,453,-1,389,453,391,-1,391,453,452,-1,391,452,393,-1,393,452,451,-1,393,451,395,-1,395,451,456,-1,395,456,397,-1,397,456,455,-1,397,455,399,-1,399,455,454,-1,399,454,401,-1,401,454,458,-1,401,458,403,-1,403,458,457,-1,403,457,405,-1,405,457,438,-1,405,438,407,-1,407,438,437,-1,407,437,409,-1,409,437,435,-1,409,435,411,-1,411,435,434,-1,411,434,413,-1,413,434,441,-1,413,441,415,-1,415,441,440,-1,415,440,417,-1,417,440,439,-1,417,439,419,-1,419,439,444,-1,419,444,421,-1,421,444,443,-1,421,443,423,-1,423,443,442,-1,423,442,425,-1,425,442,447,-1,425,447,427,-1,427,447,446,-1,427,446,429,-1,429,446,445,-1,429,445,431,-1,431,445,450,-1,431,450,433,-1,433,450,449,-1,532,533,534,-1,534,533,535,-1,536,537,538,-1,538,537,539,-1,540,541,536,-1,536,541,537,-1,542,543,540,-1,540,543,541,-1,538,539,542,-1,542,539,543,-1,544,545,546,-1,546,545,547,-1,548,549,544,-1,544,549,545,-1,550,551,548,-1,548,551,549,-1,546,547,550,-1,550,547,551,-1,552,553,554,-1,554,553,555,-1,556,557,558,-1,558,557,559,-1,560,561,562,-1,562,561,563,-1,564,565,560,-1,560,565,561,-1,566,567,564,-1,564,567,565,-1,562,563,566,-1,566,563,567,-1,568,569,570,-1,570,569,571,-1,572,573,568,-1,568,573,569,-1,574,575,572,-1,572,575,573,-1,570,571,574,-1,574,571,575,-1,576,577,578,-1,578,577,579,-1,570,579,568,-1,568,579,577,-1,574,578,570,-1,570,578,579,-1,576,572,577,-1,577,572,568,-1,572,576,574,-1,574,576,578,-1,546,555,544,-1,544,555,553,-1,550,554,546,-1,546,554,555,-1,552,548,553,-1,553,548,544,-1,548,552,550,-1,550,552,554,-1,533,542,535,-1,535,542,540,-1,532,538,533,-1,533,538,542,-1,536,534,540,-1,540,534,535,-1,534,536,532,-1,532,536,538,-1,557,566,559,-1,559,566,564,-1,556,562,557,-1,557,562,566,-1,560,558,564,-1,564,558,559,-1,558,560,556,-1,556,560,562,-1,
        ]
    }
}
Shape{
    appearance Appearance {
        material  Material 	{
            diffuseColor 0.25098039215686274 0.25098039215686274 0.25098039215686274
            specularColor 0.12549019607843137 0.12549019607843137 0.12549019607843137
            ambientIntensity 0.251
            transparency 0.0
            shininess 0.5
        }
    }
    geometry IndexedFaceSet {
        ccw TRUE
        solid FALSE
        coord DEF co Coordinate {
            point [
                -2.815 0.1201 2.9528, -3.1299 0.1201 2.9528, -2.815 -0.1161 2.9528, -3.1299 -0.1161 2.9528, -3.1299 0.1201 2.0079, -3.1299 0.1201 2.3228, -2.5394 0.1201 2.0079, -3.0315 0.1201 2.3228, -3.1299 0.1201 2.6378, -3.0315 0.1201 2.6378, -2.815 0.1201 2.2835, -3.0315 -0.1161 2.3228, -3.1299 -0.1161 2.3228, -3.1299 -0.1161 2.0079, -3.1299 -0.1161 2.6378, -3.0315 -0.1161 2.6378, -2.815 -0.1161 2.2835, -2.5394 -0.1161 2.0079, 2.2638 0.1201 2.9528, 2.2638 0.1201 2.0079, 2.2638 -0.1161 2.9528, 2.2638 -0.1161 2.0079, 2.4213 -0.1161 2.9528, 2.4213 -0.1161 2.0079, 2.4213 0.1201 2.0079, 2.4213 0.1201 2.9528, 2.6575 0.1201 2.0079, 2.9724 0.1201 2.0079, 2.6575 -0.1161 2.0079, 2.9724 -0.1161 2.0079, 2.6575 -0.1161 2.9528, 2.9724 -0.1161 2.9528, 2.6575 0.1201 2.9528, 2.9724 0.1201 2.9528, 2.9724 0.1201 2.3228, 2.874 0.1201 2.3228, 2.874 0.1201 2.6378, 2.9724 0.1201 2.6378, 2.9724 -0.1161 2.6378, 2.874 -0.1161 2.6378, 2.874 -0.1161 2.3228, 2.9724 -0.1161 2.3228
            ]
        }
        coordIndex [
            0,1,2,-1,2,1,3,-1,4,5,6,-1,6,5,7,-1,8,1,9,-1,9,1,0,-1,9,0,7,-1,7,0,10,-1,7,10,6,-1,11,12,13,-1,3,14,2,-1,2,14,15,-1,2,15,16,-1,16,15,11,-1,16,11,17,-1,17,11,13,-1,17,13,6,-1,6,13,4,-1,1,8,3,-1,3,8,14,-1,5,4,12,-1,12,4,13,-1,7,5,11,-1,11,5,12,-1,9,7,15,-1,15,7,11,-1,8,9,14,-1,14,9,15,-1,18,19,20,-1,20,19,21,-1,20,21,22,-1,22,21,23,-1,24,19,25,-1,25,19,18,-1,18,20,25,-1,25,20,22,-1,21,19,23,-1,23,19,24,-1,26,27,28,-1,28,27,29,-1,30,31,32,-1,32,31,33,-1,34,27,35,-1,35,27,26,-1,35,26,36,-1,36,26,32,-1,36,32,37,-1,37,32,33,-1,38,31,39,-1,39,31,30,-1,39,30,40,-1,40,30,28,-1,40,28,41,-1,41,28,29,-1,37,33,38,-1,38,33,31,-1,36,37,39,-1,39,37,38,-1,35,36,40,-1,40,36,39,-1,34,35,41,-1,41,35,40,-1,27,34,29,-1,29,34,41,-1,
        ]
    }
}
Shape{
    appearance Appearance {
        material  Material 	{
            diffuseColor 1.0 1.0 1.0
            specularColor 0.5019607843137255 0.5019607843137255 0.5019607843137255
            ambientIntensity 1.0
            transparency 0.0
            shininess 0.5
        }
    }
    geometry IndexedFaceSet {
        ccw TRUE
        solid FALSE
        coord DEF co Coordinate {
            point [
                -1.5024 -1.0256 0.8997, -1.5024 -1.0256 0.8844, -1.5024 -1.0217 0.8997, -1.5024 -1.0217 0.8844, -1.5556 -1.0256 0.8997, -1.5556 -1.0217 0.8997, -1.5556 -1.0256 1.0179, -1.5556 -1.0217 1.0179, -1.5728 -1.0256 1.0179, -1.5728 -1.0217 1.0179, -1.5728 -1.0256 0.8844, -1.5728 -1.0217 0.8844, -1.434 -1.0256 0.8822, -1.434 -1.0217 0.8822, -1.4137 -1.0256 0.8841, -1.4222 -1.0217 0.8833, -1.4137 -1.0217 0.8841, -1.3993 -1.0217 0.8888, -1.3993 -1.0256 0.8888, -1.397 -1.0217 0.89, -1.397 -1.0256 0.89, -1.397 -1.0256 0.9065, -1.397 -1.0217 0.9065, -1.4102 -1.0217 0.9006, -1.4102 -1.0256 0.9006, -1.4253 -1.0217 0.8978, -1.4253 -1.0256 0.8978, -1.4315 -1.0217 0.8975, -1.4315 -1.0256 0.8975, -1.443 -1.0217 0.8987, -1.443 -1.0256 0.8987, -1.4528 -1.0217 0.902, -1.4528 -1.0256 0.902, -1.4619 -1.0217 0.9079, -1.4619 -1.0256 0.9079, -1.4658 -1.0217 0.9116, -1.4658 -1.0256 0.9116, -1.4718 -1.0217 0.9198, -1.4718 -1.0256 0.9198, -1.4763 -1.0217 0.9304, -1.4763 -1.0256 0.9304, -1.4786 -1.0217 0.9434, -1.4786 -1.0256 0.9434, -1.4789 -1.0217 0.9497, -1.4789 -1.0256 0.9497, -1.4767 -1.0217 0.968, -1.4767 -1.0256 0.968, -1.4722 -1.0217 0.9795, -1.4722 -1.0256 0.9795, -1.4658 -1.0217 0.9888, -1.4658 -1.0256 0.9888, -1.4649 -1.0217 0.9898, -1.4649 -1.0256 0.9898, -1.4568 -1.0217 0.9966, -1.4568 -1.0256 0.9966, -1.4464 -1.0217 1.0018, -1.4464 -1.0256 1.0018, -1.435 -1.0217 1.0043, -1.435 -1.0256 1.0043, -1.4285 -1.0217 1.0046, -1.4285 -1.0256 1.0046, -1.4121 -1.0217 1.0026, -1.4121 -1.0256 1.0026, -1.3985 -1.0217 0.9975, -1.3985 -1.0256 0.9975, -1.397 -1.0217 0.9967, -1.397 -1.0256 0.9967, -1.397 -1.0256 1.0147, -1.397 -1.0217 1.0147, -1.4287 -1.0217 1.0201, -1.4287 -1.0256 1.0201, -1.4143 -1.0217 1.019, -1.4112 -1.0256 1.0188, -1.4112 -1.0217 1.0188, -1.4379 -1.0217 1.019, -1.448 -1.0256 1.0178, -1.448 -1.0217 1.0178, -1.4619 -1.0217 1.0124, -1.4619 -1.0256 1.0124, -1.4744 -1.0217 1.0036, -1.4744 -1.0256 1.0036, -1.4777 -1.0217 1.0005, -1.4777 -1.0256 1.0005, -1.4874 -1.0217 0.9879, -1.491 -1.0217 0.9794, -1.4937 -1.0256 0.973, -1.4874 -1.0256 0.9879, -1.4937 -1.0217 0.973, -1.4967 -1.0217 0.9556, -1.4967 -1.0256 0.9556, -1.497 -1.0217 0.9486, -1.497 -1.0256 0.9486, -1.4943 -1.0217 0.9269, -1.491 -1.0217 0.9184, -1.4889 -1.0256 0.913, -1.4943 -1.0256 0.9269, -1.4889 -1.0217 0.913, -1.4809 -1.0217 0.9016, -1.4809 -1.0256 0.9016, -1.4798 -1.0217 0.9004, -1.4798 -1.0256 0.9004, -1.4565 -1.0217 0.8856, -1.4691 -1.0256 0.8915, -1.4691 -1.0217 0.8915, -1.4457 -1.0217 0.8833, -1.4421 -1.0256 0.8826, -1.4565 -1.0256 0.8856, -1.4421 -1.0217 0.8826, -1.2986 -1.0256 0.8997, -1.2986 -1.0256 0.8844, -1.2986 -1.0217 0.8997, -1.2986 -1.0217 0.8844, -1.3531 -1.0217 0.8997, -1.3531 -1.0256 0.8997, -1.3171 -1.0217 0.8997, -1.3531 -1.0256 0.9446, -1.3531 -1.0217 0.9446, -1.3054 -1.0256 0.9446, -1.3171 -1.0217 0.9446, -1.3054 -1.0217 0.9446, -1.3054 -1.0256 0.9598, -1.3054 -1.0217 0.9598, -1.3531 -1.0217 0.9598, -1.3531 -1.0256 0.9598, -1.3171 -1.0217 0.9598, -1.3531 -1.0256 1.0025, -1.3531 -1.0217 1.0025, -1.3016 -1.0217 1.0025, -1.3016 -1.0256 1.0025, -1.3171 -1.0217 1.0025, -1.3016 -1.0256 1.0179, -1.3016 -1.0217 1.0179, -1.3703 -1.0217 1.0179, -1.3703 -1.0256 1.0179, -1.3171 -1.0217 1.0179, -1.3703 -1.0256 0.8844, -1.3703 -1.0217 0.8844, -1.3171 -1.0217 0.8844, -1.1848 -1.0256 0.9031, -1.1986 -1.0256 0.9121, -1.1988 -1.0256 0.8931, -1.2072 -1.0256 0.9061, -1.214 -1.0256 0.8872, -1.2183 -1.0256 0.9019, -1.2366 -1.0256 0.8844, -1.2367 -1.0256 0.8997, -1.2734 -1.0256 0.8844, -1.2561 -1.0256 0.8997, -1.2734 -1.0256 1.0179, -1.2561 -1.0256 1.0025, -1.2353 -1.0256 1.0179, -1.236 -1.0256 1.0025, -1.2344 -1.0256 1.0025, -1.2149 -1.0256 1.0156, -1.2174 -1.0256 1.0003, -1.1988 -1.0256 1.0098, -1.206 -1.0256 0.9959, -1.1848 -1.0256 1.0002, -1.1975 -1.0256 0.99, -1.1801 -1.0256 0.9956, -1.1937 -1.0256 0.9863, -1.1719 -1.0256 0.984, -1.1886 -1.0256 0.9788, -1.1669 -1.0256 0.9713, -1.1848 -1.0256 0.9691, -1.1647 -1.0256 0.9529, -1.1828 -1.0256 0.9524, -1.1651 -1.0256 0.9444, -1.1834 -1.0256 0.9431, -1.1683 -1.0256 0.9288, -1.1861 -1.0256 0.931, -1.1749 -1.0256 0.9149, -1.1908 -1.0256 0.9212, -1.1971 -1.0256 0.9136, -1.2366 -1.0217 0.8844, -1.2734 -1.0217 0.8844, -1.1848 -1.0217 0.9031, -1.214 -1.0217 0.8872, -1.2122 -1.0217 0.8879, -1.1988 -1.0217 0.8931, -1.1749 -1.0217 0.9149, -1.1683 -1.0217 0.9288, -1.1651 -1.0217 0.9444, -1.1647 -1.0217 0.9529, -1.1669 -1.0217 0.9713, -1.1719 -1.0217 0.984, -1.1801 -1.0217 0.9956, -1.1848 -1.0217 1.0002, -1.1988 -1.0217 1.0098, -1.2122 -1.0217 1.0147, -1.2149 -1.0217 1.0156, -1.2353 -1.0217 1.0179, -1.2734 -1.0217 1.0179, -1.236 -1.0217 1.0025, -1.2561 -1.0217 1.0025, -1.2561 -1.0217 0.8997, -1.2367 -1.0217 0.8997, -1.1971 -1.0217 0.9136, -1.1986 -1.0217 0.9121, -1.2072 -1.0217 0.9061, -1.2183 -1.0217 0.9019, -1.1828 -1.0217 0.9524, -1.1834 -1.0217 0.9431, -1.1861 -1.0217 0.931, -1.1908 -1.0217 0.9212, -1.1975 -1.0217 0.99, -1.1937 -1.0217 0.9863, -1.1886 -1.0217 0.9788, -1.1848 -1.0217 0.9691, -1.2344 -1.0217 1.0025, -1.2174 -1.0217 1.0003, -1.206 -1.0217 0.9959
            ]
        }
        coordIndex [
            0,1,2,-1,2,1,3,-1,4,0,5,-1,5,0,2,-1,6,4,7,-1,7,4,5,-1,8,6,9,-1,9,6,7,-1,10,8,11,-1,11,8,9,-1,1,10,3,-1,3,10,11,-1,6,8,4,-1,4,8,10,-1,4,10,0,-1,0,10,1,-1,12,13,14,-1,14,13,15,-1,15,16,14,-1,14,16,17,-1,14,17,18,-1,18,17,19,-1,18,19,20,-1,21,20,22,-1,22,20,19,-1,21,22,23,-1,21,23,24,-1,24,23,25,-1,24,25,26,-1,26,25,27,-1,26,27,28,-1,28,27,29,-1,28,29,30,-1,30,29,31,-1,30,31,32,-1,32,31,33,-1,32,33,34,-1,34,33,35,-1,34,35,36,-1,36,35,37,-1,36,37,38,-1,38,37,39,-1,38,39,40,-1,40,39,41,-1,40,41,42,-1,42,41,43,-1,42,43,44,-1,44,43,45,-1,44,45,46,-1,46,45,47,-1,46,47,48,-1,48,47,49,-1,48,49,50,-1,50,49,51,-1,50,51,52,-1,52,51,53,-1,52,53,54,-1,54,53,55,-1,54,55,56,-1,56,55,57,-1,56,57,58,-1,58,57,59,-1,58,59,60,-1,60,59,61,-1,60,61,62,-1,62,61,63,-1,62,63,64,-1,64,63,65,-1,64,65,66,-1,67,66,68,-1,68,66,65,-1,69,70,71,-1,71,70,72,-1,71,72,73,-1,73,72,67,-1,73,67,68,-1,70,69,74,-1,70,74,75,-1,74,76,75,-1,75,76,77,-1,75,77,78,-1,78,77,79,-1,78,79,80,-1,80,79,81,-1,80,81,82,-1,82,81,83,-1,84,85,83,-1,83,85,86,-1,83,86,82,-1,84,87,85,-1,85,87,88,-1,85,88,89,-1,89,88,90,-1,89,90,91,-1,91,90,92,-1,93,94,92,-1,92,94,95,-1,92,95,91,-1,93,96,94,-1,94,96,97,-1,94,97,98,-1,98,97,99,-1,98,99,100,-1,101,102,103,-1,103,102,100,-1,103,100,99,-1,104,105,101,-1,101,105,106,-1,101,106,102,-1,104,107,105,-1,105,107,13,-1,105,13,12,-1,54,56,75,-1,46,48,86,-1,86,48,82,-1,75,56,70,-1,91,44,89,-1,89,44,46,-1,89,46,85,-1,85,46,86,-1,56,58,70,-1,70,58,60,-1,70,60,72,-1,72,60,62,-1,72,62,67,-1,67,62,64,-1,67,64,66,-1,20,21,18,-1,18,21,24,-1,18,24,14,-1,14,24,26,-1,14,26,12,-1,12,26,28,-1,12,28,105,-1,105,28,30,-1,105,30,106,-1,106,30,32,-1,106,32,102,-1,102,32,34,-1,102,34,100,-1,100,34,36,-1,100,36,98,-1,98,36,38,-1,98,38,94,-1,94,38,95,-1,95,38,40,-1,95,40,91,-1,91,40,42,-1,91,42,44,-1,48,50,82,-1,82,50,52,-1,82,52,80,-1,80,52,54,-1,80,54,78,-1,78,54,75,-1,108,109,110,-1,110,109,111,-1,112,113,114,-1,114,113,108,-1,114,108,110,-1,115,113,116,-1,116,113,112,-1,115,116,117,-1,117,116,118,-1,117,118,119,-1,120,117,121,-1,121,117,119,-1,122,123,124,-1,124,123,120,-1,124,120,121,-1,125,123,126,-1,126,123,122,-1,127,128,129,-1,129,128,125,-1,129,125,126,-1,130,128,131,-1,131,128,127,-1,132,133,134,-1,134,133,130,-1,134,130,131,-1,135,133,136,-1,136,133,132,-1,111,109,137,-1,137,109,135,-1,137,135,136,-1,135,109,108,-1,108,113,135,-1,135,113,115,-1,135,115,133,-1,128,130,125,-1,125,130,133,-1,125,133,123,-1,123,133,115,-1,123,115,120,-1,120,115,117,-1,138,139,140,-1,140,139,141,-1,140,141,142,-1,142,141,143,-1,142,143,144,-1,144,143,145,-1,144,145,146,-1,146,145,147,-1,146,147,148,-1,148,147,149,-1,148,149,150,-1,149,151,150,-1,150,151,152,-1,150,152,153,-1,153,152,154,-1,153,154,155,-1,155,154,156,-1,155,156,157,-1,157,156,158,-1,157,158,159,-1,159,158,160,-1,159,160,161,-1,161,160,162,-1,161,162,163,-1,163,162,164,-1,163,164,165,-1,165,164,166,-1,165,166,167,-1,167,166,168,-1,167,168,169,-1,169,168,170,-1,169,170,171,-1,171,170,172,-1,171,172,138,-1,138,172,173,-1,138,173,139,-1,144,146,174,-1,174,146,175,-1,176,138,140,-1,144,174,177,-1,144,177,142,-1,142,177,178,-1,142,178,140,-1,140,178,179,-1,140,179,176,-1,138,176,180,-1,138,180,171,-1,171,180,181,-1,171,181,169,-1,169,181,182,-1,169,182,167,-1,167,182,183,-1,167,183,165,-1,165,183,184,-1,165,184,163,-1,163,184,185,-1,163,185,161,-1,161,185,186,-1,161,186,159,-1,159,186,187,-1,159,187,157,-1,157,187,188,-1,189,153,188,-1,188,153,155,-1,188,155,157,-1,189,190,153,-1,153,190,191,-1,153,191,150,-1,148,150,192,-1,192,150,191,-1,146,148,175,-1,175,148,192,-1,151,149,193,-1,193,149,194,-1,149,147,194,-1,194,147,195,-1,147,145,195,-1,195,145,196,-1,173,197,198,-1,173,198,139,-1,139,198,199,-1,139,199,141,-1,141,199,200,-1,141,200,143,-1,143,200,196,-1,143,196,145,-1,166,201,202,-1,166,202,168,-1,168,202,203,-1,168,203,170,-1,170,203,204,-1,170,204,172,-1,172,204,197,-1,172,197,173,-1,158,205,206,-1,158,206,160,-1,160,206,207,-1,160,207,162,-1,162,207,208,-1,162,208,164,-1,164,208,201,-1,164,201,166,-1,151,193,209,-1,151,209,152,-1,152,209,210,-1,152,210,154,-1,154,210,211,-1,154,211,156,-1,156,211,205,-1,156,205,158,-1,
        ]
    }
}
Shape{
    appearance Appearance {
        material  Material 	{
            diffuseColor 0.25098039215686274 0.25098039215686274 0.25098039215686274
            specularColor 0.12549019607843137 0.12549019607843137 0.12549019607843137
            ambientIntensity 0.251
            transparency 0.0
            shininess 0.5
        }
    }
    geometry IndexedFaceSet {
        ccw TRUE
        solid FALSE
        coord DEF co Coordinate {
            point [
                -1.2072 -1.0217 0.9061, -1.1986 -1.0217 0.9121, -1.2344 -1.0217 1.0025, -1.2561 -1.0217 1.0025, -1.2561 -1.0217 0.8997, -1.236 -1.0217 1.0025, -1.2367 -1.0217 0.8997, -1.2183 -1.0217 0.9019, -1.1971 -1.0217 0.9136, -1.1908 -1.0217 0.9212, -1.1861 -1.0217 0.931, -1.1828 -1.0217 0.9524, -1.1975 -1.0217 0.99, -1.206 -1.0217 0.9959, -1.1848 -1.0217 0.9691, -1.1886 -1.0217 0.9788, -1.1937 -1.0217 0.9863, -1.1834 -1.0217 0.9431, -1.2174 -1.0217 1.0003
            ]
        }
        coordIndex [
            0,1,2,-1,3,4,5,-1,5,4,6,-1,5,6,2,-1,2,6,7,-1,2,7,0,-1,1,8,2,-1,2,8,9,-1,2,9,10,-1,11,12,13,-1,14,15,11,-1,11,15,16,-1,11,16,12,-1,10,17,2,-1,2,17,11,-1,2,11,18,-1,18,11,13,-1,
        ]
    }
}
Shape{
    appearance Appearance {
        material  Material 	{
            diffuseColor 1.0 1.0 1.0
            specularColor 0.5019607843137255 0.5019607843137255 0.5019607843137255
            ambientIntensity 1.0
            transparency 0.0
            shininess 0.5
        }
    }
    geometry IndexedFaceSet {
        ccw TRUE
        solid FALSE
        coord DEF co Coordinate {
            point [
                -1.12 -1.0256 0.936, -1.1254 -1.0256 0.9209, -1.0752 -1.0256 0.936, -1.0699 -1.0256 0.9209, -1.1 -1.0256 0.9915, -1.1065 -1.0256 1.0179, -1.1573 -1.0256 0.8844, -1.1383 -1.0256 0.8844, -1.0989 -1.0256 0.9955, -1.0978 -1.0256 1.0008, -1.0881 -1.0256 1.0179, -1.0974 -1.0256 1.0008, -1.0964 -1.0256 0.9952, -1.0954 -1.0256 0.9915, -1.0372 -1.0256 0.8844, -1.0563 -1.0256 0.8844, -1.0881 -1.0217 1.0179, -1.0372 -1.0217 0.8844, -1.1065 -1.0217 1.0179, -1.1573 -1.0217 0.8844, -1.1188 -1.0217 0.9854, -1.1383 -1.0217 0.8844, -1.1254 -1.0217 0.9209, -1.0699 -1.0217 0.9209, -1.1188 -1.0217 0.9209, -1.0563 -1.0217 0.8844, -1.12 -1.0217 0.936, -1.0752 -1.0217 0.936, -1.0954 -1.0217 0.9915, -1.0974 -1.0217 1.0008, -1.0964 -1.0217 0.9952, -1.0978 -1.0217 1.0008, -1.1 -1.0217 0.9915, -1.0989 -1.0217 0.9955
            ]
        }
        coordIndex [
            0,1,2,-1,2,1,3,-1,4,5,0,-1,0,5,6,-1,0,6,1,-1,1,6,7,-1,4,8,5,-1,5,8,9,-1,5,9,10,-1,10,9,11,-1,10,11,12,-1,12,13,10,-1,10,13,2,-1,10,2,14,-1,14,2,3,-1,14,3,15,-1,10,14,16,-1,16,14,17,-1,5,10,18,-1,18,10,16,-1,19,6,20,-1,20,6,5,-1,20,5,18,-1,7,6,21,-1,21,6,19,-1,1,7,22,-1,22,7,21,-1,23,3,24,-1,24,3,1,-1,24,1,22,-1,15,3,25,-1,25,3,23,-1,14,15,17,-1,17,15,25,-1,0,2,26,-1,26,2,27,-1,2,13,27,-1,27,13,28,-1,11,29,30,-1,11,30,12,-1,12,30,28,-1,12,28,13,-1,11,9,29,-1,29,9,31,-1,4,32,33,-1,4,33,8,-1,8,33,31,-1,8,31,9,-1,4,0,32,-1,32,0,26,-1,
        ]
    }
}
Shape{
    appearance Appearance {
        material  Material 	{
            diffuseColor 0.25098039215686274 0.25098039215686274 0.25098039215686274
            specularColor 0.12549019607843137 0.12549019607843137 0.12549019607843137
            ambientIntensity 0.251
            transparency 0.0
            shininess 0.5
        }
    }
    geometry IndexedFaceSet {
        ccw TRUE
        solid FALSE
        coord DEF co Coordinate {
            point [
                -1.0974 -1.0217 1.0008, -1.0978 -1.0217 1.0008, -1.0964 -1.0217 0.9952, -1.0989 -1.0217 0.9955, -1.0954 -1.0217 0.9915, -1.1 -1.0217 0.9915, -1.0752 -1.0217 0.936, -1.12 -1.0217 0.936
            ]
        }
        coordIndex [
            0,1,2,-1,2,1,3,-1,2,3,4,-1,4,3,5,-1,4,5,6,-1,6,5,7,-1,
        ]
    }
}
Shape{
    appearance Appearance {
        material  Material 	{
            diffuseColor 1.0 1.0 1.0
            specularColor 0.5019607843137255 0.5019607843137255 0.5019607843137255
            ambientIntensity 1.0
            transparency 0.0
            shininess 0.5
        }
    }
    geometry IndexedFaceSet {
        ccw TRUE
        solid FALSE
        coord DEF co Coordinate {
            point [
                -1.501 -1.0256 0.688, -1.501 -1.0256 0.6727, -1.501 -1.0217 0.688, -1.501 -1.0217 0.6727, -1.5556 -1.0256 0.688, -1.5556 -1.0217 0.688, -1.5556 -1.0256 0.7329, -1.5556 -1.0217 0.7329, -1.5078 -1.0256 0.7329, -1.5078 -1.0217 0.7329, -1.5078 -1.0256 0.7481, -1.5078 -1.0217 0.7481, -1.5556 -1.0256 0.7481, -1.5556 -1.0217 0.7481, -1.5556 -1.0256 0.7908, -1.5556 -1.0217 0.7908, -1.5041 -1.0256 0.7908, -1.5041 -1.0217 0.7908, -1.5041 -1.0256 0.8062, -1.5041 -1.0217 0.8062, -1.5728 -1.0256 0.8062, -1.5728 -1.0217 0.8062, -1.5728 -1.0256 0.6727, -1.5728 -1.0217 0.6727, -1.4256 -1.0256 0.6875, -1.4252 -1.0256 0.6875, -1.4262 -1.0256 0.7029, -1.4252 -1.0256 0.6727, -1.4084 -1.0256 0.6727, -1.4084 -1.0256 0.7341, -1.4252 -1.0256 0.7103, -1.4727 -1.0256 0.7229, -1.478 -1.0256 0.7185, -1.4656 -1.0256 0.7092, -1.4252 -1.0256 0.7333, -1.4257 -1.0256 0.7407, -1.4096 -1.0256 0.7462, -1.4275 -1.0256 0.7467, -1.4122 -1.0256 0.754, -1.4294 -1.0256 0.7501, -1.4155 -1.0256 0.7595, -1.432 -1.0256 0.7528, -1.42 -1.0256 0.7638, -1.4349 -1.0256 0.7547, -1.4255 -1.0256 0.7671, -1.4388 -1.0256 0.7561, -1.4324 -1.0256 0.7692, -1.4445 -1.0256 0.7567, -1.4429 -1.0256 0.7702, -1.4556 -1.0256 0.7554, -1.4598 -1.0256 0.7682, -1.466 -1.0256 0.7515, -1.4722 -1.0256 0.7634, -1.4757 -1.0256 0.7451, -1.4757 -1.0256 0.7614, -1.4287 -1.0256 0.6969, -1.4323 -1.0256 0.692, -1.4297 -1.0256 0.6816, -1.4344 -1.0256 0.6899, -1.4352 -1.0256 0.6765, -1.4391 -1.0256 0.6867, -1.4388 -1.0256 0.6742, -1.4442 -1.0256 0.6849, -1.4454 -1.0256 0.6716, -1.4505 -1.0256 0.6842, -1.4548 -1.0256 0.6705, -1.4561 -1.0256 0.6848, -1.4648 -1.0256 0.6717, -1.4599 -1.0256 0.6862, -1.4712 -1.0256 0.6741, -1.4632 -1.0256 0.6885, -1.4768 -1.0256 0.678, -1.4646 -1.0256 0.6899, -1.4671 -1.0256 0.7061, -1.4814 -1.0256 0.7138, -1.4679 -1.0256 0.7023, -1.4636 -1.0256 0.7117, -1.4622 -1.0256 0.7129, -1.4653 -1.0256 0.7265, -1.4587 -1.0256 0.7148, -1.4534 -1.0256 0.7294, -1.4475 -1.0256 0.7176, -1.4252 -1.0256 0.7206, -1.4252 -1.0256 0.7114, -1.4838 -1.0256 0.708, -1.4849 -1.0256 0.7009, -1.4681 -1.0256 0.6996, -1.485 -1.0256 0.6983, -1.4676 -1.0256 0.6958, -1.4842 -1.0256 0.6906, -1.4665 -1.0256 0.6928, -1.4822 -1.0256 0.685, -1.4787 -1.0256 0.6799, -1.4429 -1.0217 0.7702, -1.4598 -1.0217 0.7682, -1.4722 -1.0217 0.7634, -1.4757 -1.0217 0.7614, -1.4757 -1.0217 0.7451, -1.466 -1.0217 0.7515, -1.4556 -1.0217 0.7554, -1.4445 -1.0217 0.7567, -1.4388 -1.0217 0.7561, -1.4349 -1.0217 0.7547, -1.432 -1.0217 0.7528, -1.4294 -1.0217 0.7501, -1.4275 -1.0217 0.7467, -1.4257 -1.0217 0.7407, -1.4252 -1.0217 0.7333, -1.4534 -1.0217 0.7294, -1.4653 -1.0217 0.7265, -1.4727 -1.0217 0.7229, -1.478 -1.0217 0.7185, -1.4814 -1.0217 0.7138, -1.4838 -1.0217 0.708, -1.4849 -1.0217 0.7009, -1.485 -1.0217 0.6983, -1.4842 -1.0217 0.6906, -1.4822 -1.0217 0.685, -1.4787 -1.0217 0.6799, -1.4768 -1.0217 0.678, -1.4548 -1.0217 0.6705, -1.4645 -1.0217 0.6716, -1.4648 -1.0217 0.6717, -1.4712 -1.0217 0.6741, -1.4456 -1.0217 0.6716, -1.4454 -1.0217 0.6716, -1.4388 -1.0217 0.6742, -1.4352 -1.0217 0.6765, -1.4297 -1.0217 0.6816, -1.4256 -1.0217 0.6875, -1.4252 -1.0217 0.6875, -1.4252 -1.0217 0.6727, -1.4084 -1.0217 0.6727, -1.4084 -1.0217 0.7341, -1.4096 -1.0217 0.7462, -1.4122 -1.0217 0.754, -1.4155 -1.0217 0.7595, -1.42 -1.0217 0.7638, -1.4255 -1.0217 0.7671, -1.4324 -1.0217 0.7692, -1.4636 -1.0217 0.7117, -1.4622 -1.0217 0.7129, -1.4587 -1.0217 0.7148, -1.4475 -1.0217 0.7176, -1.4681 -1.0217 0.6996, -1.4679 -1.0217 0.7023, -1.4671 -1.0217 0.7061, -1.4656 -1.0217 0.7092, -1.4632 -1.0217 0.6885, -1.4646 -1.0217 0.6899, -1.4665 -1.0217 0.6928, -1.4676 -1.0217 0.6958, -1.4505 -1.0217 0.6842, -1.4561 -1.0217 0.6848, -1.4599 -1.0217 0.6862, -1.4323 -1.0217 0.692, -1.4344 -1.0217 0.6899, -1.4391 -1.0217 0.6867, -1.4442 -1.0217 0.6849, -1.4252 -1.0217 0.7114, -1.4252 -1.0217 0.7103, -1.4262 -1.0217 0.7029, -1.4287 -1.0217 0.6969, -1.4252 -1.0217 0.7206
            ]
        }
        coordIndex [
            0,1,2,-1,2,1,3,-1,4,0,5,-1,5,0,2,-1,6,4,7,-1,7,4,5,-1,8,6,9,-1,9,6,7,-1,10,8,11,-1,11,8,9,-1,12,10,13,-1,13,10,11,-1,14,12,15,-1,15,12,13,-1,16,14,17,-1,17,14,15,-1,18,16,19,-1,19,16,17,-1,20,18,21,-1,21,18,19,-1,22,20,23,-1,23,20,21,-1,1,22,3,-1,3,22,23,-1,22,1,0,-1,0,4,22,-1,22,4,6,-1,22,6,20,-1,16,18,14,-1,14,18,20,-1,14,20,12,-1,12,20,6,-1,12,6,10,-1,10,6,8,-1,24,25,26,-1,27,28,25,-1,25,28,29,-1,25,29,26,-1,26,29,30,-1,31,32,33,-1,34,29,35,-1,35,29,36,-1,35,36,37,-1,37,36,38,-1,37,38,39,-1,39,38,40,-1,39,40,41,-1,41,40,42,-1,41,42,43,-1,43,42,44,-1,43,44,45,-1,45,44,46,-1,45,46,47,-1,47,46,48,-1,47,48,49,-1,49,48,50,-1,49,50,51,-1,51,50,52,-1,51,52,53,-1,53,52,54,-1,26,55,24,-1,24,55,56,-1,24,56,57,-1,57,56,58,-1,57,58,59,-1,59,58,60,-1,59,60,61,-1,61,60,62,-1,61,62,63,-1,63,62,64,-1,63,64,65,-1,65,64,66,-1,65,66,67,-1,67,66,68,-1,67,68,69,-1,69,68,70,-1,69,70,71,-1,71,70,72,-1,33,32,73,-1,73,32,74,-1,73,74,75,-1,33,76,31,-1,31,76,77,-1,31,77,78,-1,78,77,79,-1,78,79,80,-1,80,79,81,-1,80,81,34,-1,34,81,82,-1,34,82,29,-1,29,82,83,-1,29,83,30,-1,74,84,75,-1,75,84,85,-1,75,85,86,-1,86,85,87,-1,86,87,88,-1,88,87,89,-1,88,89,90,-1,90,89,91,-1,90,91,72,-1,72,91,92,-1,72,92,71,-1,48,93,94,-1,48,94,50,-1,50,94,95,-1,50,95,52,-1,52,95,96,-1,52,96,54,-1,53,54,97,-1,97,54,96,-1,53,97,98,-1,53,98,51,-1,51,98,99,-1,51,99,49,-1,49,99,100,-1,49,100,47,-1,47,100,101,-1,47,101,45,-1,45,101,102,-1,45,102,43,-1,43,102,103,-1,43,103,41,-1,41,103,104,-1,41,104,39,-1,39,104,105,-1,39,105,37,-1,37,105,106,-1,37,106,35,-1,35,106,107,-1,35,107,34,-1,80,34,108,-1,108,34,107,-1,80,108,109,-1,80,109,78,-1,78,109,110,-1,78,110,31,-1,31,110,111,-1,31,111,32,-1,32,111,112,-1,32,112,74,-1,74,112,113,-1,74,113,84,-1,84,113,114,-1,84,114,85,-1,85,114,115,-1,85,115,87,-1,87,115,116,-1,87,116,89,-1,89,116,117,-1,89,117,91,-1,91,117,118,-1,91,118,92,-1,92,118,119,-1,92,119,71,-1,120,65,121,-1,121,65,67,-1,121,67,122,-1,122,67,69,-1,122,69,123,-1,123,69,71,-1,123,71,119,-1,120,124,65,-1,65,124,63,-1,124,125,63,-1,63,125,126,-1,63,126,61,-1,61,126,127,-1,61,127,59,-1,59,127,128,-1,59,128,57,-1,57,128,129,-1,57,129,24,-1,25,24,130,-1,130,24,129,-1,27,25,131,-1,131,25,130,-1,28,27,132,-1,132,27,131,-1,29,28,133,-1,133,28,132,-1,29,133,134,-1,29,134,36,-1,36,134,135,-1,36,135,38,-1,38,135,136,-1,38,136,40,-1,40,136,137,-1,40,137,42,-1,42,137,138,-1,42,138,44,-1,44,138,139,-1,44,139,46,-1,46,139,93,-1,46,93,48,-1,76,140,141,-1,76,141,77,-1,77,141,142,-1,77,142,79,-1,79,142,143,-1,79,143,81,-1,86,144,145,-1,86,145,75,-1,75,145,146,-1,75,146,73,-1,73,146,147,-1,73,147,33,-1,33,147,140,-1,33,140,76,-1,70,148,149,-1,70,149,72,-1,72,149,150,-1,72,150,90,-1,90,150,151,-1,90,151,88,-1,88,151,144,-1,88,144,86,-1,64,152,153,-1,64,153,66,-1,66,153,154,-1,66,154,68,-1,68,154,148,-1,68,148,70,-1,56,155,156,-1,56,156,58,-1,58,156,157,-1,58,157,60,-1,60,157,158,-1,60,158,62,-1,62,158,152,-1,62,152,64,-1,83,159,160,-1,83,160,30,-1,30,160,161,-1,30,161,26,-1,26,161,162,-1,26,162,55,-1,55,162,155,-1,55,155,56,-1,83,82,159,-1,159,82,163,-1,82,81,163,-1,163,81,143,-1,
        ]
    }
}
Shape{
    appearance Appearance {
        material  Material 	{
            diffuseColor 0.25098039215686274 0.25098039215686274 0.25098039215686274
            specularColor 0.12549019607843137 0.12549019607843137 0.12549019607843137
            ambientIntensity 0.251
            transparency 0.0
            shininess 0.5
        }
    }
    geometry IndexedFaceSet {
        ccw TRUE
        solid FALSE
        coord DEF co Coordinate {
            point [
                -1.4252 -1.0217 0.7103, -1.4252 -1.0217 0.7114, -1.4636 -1.0217 0.7117, -1.4252 -1.0217 0.7206, -1.4475 -1.0217 0.7176, -1.4587 -1.0217 0.7148, -1.4622 -1.0217 0.7129, -1.4262 -1.0217 0.7029, -1.4656 -1.0217 0.7092, -1.4287 -1.0217 0.6969, -1.4646 -1.0217 0.6899, -1.4632 -1.0217 0.6885, -1.4344 -1.0217 0.6899, -1.4665 -1.0217 0.6928, -1.4391 -1.0217 0.6867, -1.4442 -1.0217 0.6849, -1.4505 -1.0217 0.6842, -1.4671 -1.0217 0.7061, -1.4679 -1.0217 0.7023, -1.4323 -1.0217 0.692, -1.4681 -1.0217 0.6996, -1.4676 -1.0217 0.6958, -1.4599 -1.0217 0.6862, -1.4561 -1.0217 0.6848
            ]
        }
        coordIndex [
            0,1,2,-1,1,3,4,-1,4,5,1,-1,1,5,6,-1,1,6,2,-1,0,2,7,-1,7,2,8,-1,7,8,9,-1,10,11,12,-1,10,12,13,-1,14,12,15,-1,15,12,16,-1,8,17,9,-1,9,17,18,-1,9,18,19,-1,19,18,20,-1,19,20,12,-1,12,20,21,-1,12,21,13,-1,11,22,12,-1,12,22,23,-1,12,23,16,-1,
        ]
    }
}
Shape{
    appearance Appearance {
        material  Material 	{
            diffuseColor 1.0 1.0 1.0
            specularColor 0.5019607843137255 0.5019607843137255 0.5019607843137255
            ambientIntensity 1.0
            transparency 0.0
            shininess 0.5
        }
    }
    geometry IndexedFaceSet {
        ccw TRUE
        solid FALSE
        coord DEF co Coordinate {
            point [
                -1.3858 -1.0217 0.6933, -1.3858 -1.0256 0.6933, -1.3789 -1.0256 0.6891, -1.3583 -1.0256 0.6841, -1.3583 -1.0217 0.6841, -1.3684 -1.0217 0.6853, -1.3684 -1.0256 0.6853, -1.3781 -1.0217 0.6888, -1.3789 -1.0217 0.6891, -1.3858 -1.0256 0.6761, -1.3858 -1.0217 0.6761, -1.3758 -1.0256 0.6724, -1.3781 -1.0217 0.6732, -1.3599 -1.0217 0.6705, -1.3599 -1.0256 0.6705, -1.3694 -1.0217 0.6716, -1.3758 -1.0217 0.6724, -1.3449 -1.0256 0.6723, -1.3504 -1.0217 0.6716, -1.3449 -1.0217 0.6723, -1.3361 -1.0217 0.6756, -1.3361 -1.0256 0.6756, -1.3322 -1.0217 0.6781, -1.3322 -1.0256 0.6781, -1.3274 -1.0217 0.6822, -1.3274 -1.0256 0.6822, -1.3243 -1.0217 0.6867, -1.3243 -1.0256 0.6867, -1.3222 -1.0217 0.692, -1.3222 -1.0256 0.692, -1.3214 -1.0217 0.6987, -1.3214 -1.0256 0.6987, -1.3221 -1.0217 0.7049, -1.3221 -1.0256 0.7049, -1.3239 -1.0217 0.7098, -1.3239 -1.0256 0.7098, -1.327 -1.0217 0.7144, -1.327 -1.0256 0.7144, -1.331 -1.0217 0.718, -1.331 -1.0256 0.718, -1.3421 -1.0217 0.7242, -1.3421 -1.0256 0.7242, -1.3486 -1.0217 0.7268, -1.3486 -1.0256 0.7268, -1.3589 -1.0217 0.7313, -1.3589 -1.0256 0.7313, -1.3648 -1.0217 0.735, -1.3648 -1.0256 0.735, -1.3664 -1.0217 0.7368, -1.3664 -1.0256 0.7368, -1.3676 -1.0217 0.739, -1.3676 -1.0256 0.739, -1.3683 -1.0217 0.7416, -1.3683 -1.0256 0.7416, -1.3685 -1.0217 0.7438, -1.3685 -1.0256 0.7438, -1.3682 -1.0217 0.7465, -1.3682 -1.0256 0.7465, -1.3673 -1.0217 0.7488, -1.3673 -1.0256 0.7488, -1.3659 -1.0217 0.7509, -1.3659 -1.0256 0.7509, -1.3634 -1.0217 0.7531, -1.3634 -1.0256 0.7531, -1.3596 -1.0217 0.7551, -1.3596 -1.0256 0.7551, -1.3552 -1.0217 0.7563, -1.3552 -1.0256 0.7563, -1.3502 -1.0217 0.7567, -1.3502 -1.0256 0.7567, -1.3397 -1.0217 0.7555, -1.3397 -1.0256 0.7555, -1.3302 -1.0217 0.7522, -1.3302 -1.0256 0.7522, -1.326 -1.0217 0.7498, -1.326 -1.0256 0.7498, -1.326 -1.0256 0.766, -1.326 -1.0217 0.766, -1.3368 -1.0217 0.7692, -1.3368 -1.0256 0.7692, -1.3486 -1.0217 0.7702, -1.3486 -1.0256 0.7702, -1.3601 -1.0217 0.7691, -1.3601 -1.0256 0.7691, -1.3694 -1.0217 0.7659, -1.3694 -1.0256 0.7659, -1.375 -1.0217 0.7627, -1.375 -1.0256 0.7627, -1.3799 -1.0256 0.7582, -1.3781 -1.0217 0.7599, -1.3799 -1.0217 0.7582, -1.383 -1.0217 0.7537, -1.383 -1.0256 0.7537, -1.385 -1.0217 0.7483, -1.385 -1.0256 0.7483, -1.3857 -1.0217 0.7423, -1.3857 -1.0256 0.7423, -1.385 -1.0217 0.7358, -1.385 -1.0256 0.7358, -1.3831 -1.0217 0.7307, -1.3831 -1.0256 0.7307, -1.3809 -1.0217 0.7273, -1.3809 -1.0256 0.7273, -1.3604 -1.0217 0.7146, -1.3604 -1.0256 0.7146, -1.3703 -1.0256 0.7192, -1.3782 -1.0217 0.7244, -1.3782 -1.0256 0.7244, -1.3781 -1.0217 0.7243, -1.3703 -1.0217 0.7192, -1.3494 -1.0217 0.71, -1.3494 -1.0256 0.71, -1.3429 -1.0217 0.7061, -1.3429 -1.0256 0.7061, -1.3408 -1.0217 0.7039, -1.3408 -1.0256 0.7039, -1.3395 -1.0217 0.7017, -1.3395 -1.0256 0.7017, -1.3387 -1.0217 0.6991, -1.3387 -1.0256 0.6991, -1.3386 -1.0217 0.697, -1.3386 -1.0256 0.697, -1.3389 -1.0217 0.6938, -1.3389 -1.0256 0.6938, -1.3398 -1.0217 0.6915, -1.3398 -1.0256 0.6915, -1.3412 -1.0217 0.6893, -1.3412 -1.0256 0.6893, -1.3431 -1.0217 0.6876, -1.3431 -1.0256 0.6876, -1.3447 -1.0217 0.6867, -1.3447 -1.0256 0.6867, -1.349 -1.0217 0.6851, -1.349 -1.0256 0.6851, -1.3576 -1.0217 0.6841, -1.3576 -1.0256 0.6841, -1.2386 -1.0256 0.7681, -1.2212 -1.0256 0.7681, -1.2386 -1.0217 0.7681, -1.2212 -1.0217 0.7681, -1.2646 -1.0256 0.6963, -1.2646 -1.0217 0.6963, -1.2659 -1.0217 0.6918, -1.2659 -1.0256 0.6918, -1.2666 -1.0217 0.6886, -1.2666 -1.0256 0.6886, -1.2671 -1.0256 0.6886, -1.2671 -1.0217 0.6886, -1.2691 -1.0256 0.6964, -1.2691 -1.0217 0.6964, -1.294 -1.0217 0.7681, -1.294 -1.0256 0.7681, -1.286 -1.0217 0.7448, -1.3127 -1.0256 0.7681, -1.3127 -1.0217 0.7681, -1.2753 -1.0217 0.6729, -1.2753 -1.0256 0.6729, -1.286 -1.0217 0.7, -1.2827 -1.0217 0.6556, -1.2827 -1.0256 0.6556, -1.2759 -1.0217 0.6716, -1.286 -1.0217 0.6496, -1.286 -1.0256 0.6495, -1.286 -1.0217 0.6495, -1.2891 -1.0217 0.6461, -1.2891 -1.0256 0.6461, -1.2919 -1.0217 0.6441, -1.2919 -1.0256 0.6441, -1.2955 -1.0217 0.6427, -1.2955 -1.0256 0.6427, -1.2998 -1.0217 0.6422, -1.2998 -1.0256 0.6422, -1.3059 -1.0217 0.643, -1.3059 -1.0256 0.643, -1.3093 -1.0217 0.6441, -1.3093 -1.0256 0.6441, -1.3093 -1.0256 0.6292, -1.3093 -1.0217 0.6292, -1.3022 -1.0217 0.628, -1.3022 -1.0256 0.628, -1.2985 -1.0217 0.6279, -1.2985 -1.0256 0.6279, -1.2917 -1.0217 0.6286, -1.2917 -1.0256 0.6286, -1.286 -1.0217 0.6308, -1.2851 -1.0256 0.6311, -1.2851 -1.0217 0.6311, -1.2793 -1.0217 0.6352, -1.2793 -1.0256 0.6352, -1.2782 -1.0217 0.6363, -1.2782 -1.0256 0.6363, -1.2721 -1.0217 0.6436, -1.2721 -1.0256 0.6436, -1.2645 -1.0217 0.6583, -1.2645 -1.0256 0.6583, -1.2593 -1.0217 0.6716, -1.1314 -1.0256 0.688, -1.1314 -1.0256 0.6727, -1.1314 -1.0217 0.688, -1.1314 -1.0217 0.6727, -1.186 -1.0217 0.688, -1.186 -1.0256 0.688, -1.161 -1.0217 0.688, -1.186 -1.0256 0.7329, -1.186 -1.0217 0.7329, -1.1383 -1.0217 0.7329, -1.1383 -1.0256 0.7329, -1.161 -1.0217 0.7329, -1.1383 -1.0256 0.7481, -1.1383 -1.0217 0.7481, -1.186 -1.0217 0.7481, -1.186 -1.0256 0.7481, -1.161 -1.0217 0.7481, -1.186 -1.0256 0.7908, -1.186 -1.0217 0.7908, -1.1345 -1.0217 0.7908, -1.1345 -1.0256 0.7908, -1.161 -1.0217 0.7908, -1.1345 -1.0256 0.8062, -1.1345 -1.0217 0.8062, -1.2032 -1.0217 0.8062, -1.2032 -1.0256 0.8062, -1.161 -1.0217 0.8062, -1.2032 -1.0256 0.6727, -1.2032 -1.0217 0.6727, -1.161 -1.0217 0.6727, -1.0177 -1.0256 0.6914, -1.0315 -1.0256 0.7004, -1.0317 -1.0256 0.6814, -1.0401 -1.0256 0.6944, -1.0469 -1.0256 0.6755, -1.0511 -1.0256 0.6902, -1.0695 -1.0256 0.6727, -1.0696 -1.0256 0.688, -1.1062 -1.0256 0.6727, -1.089 -1.0256 0.688, -1.1062 -1.0256 0.8062, -1.089 -1.0256 0.7908, -1.0682 -1.0256 0.8062, -1.0688 -1.0256 0.7908, -1.0673 -1.0256 0.7908, -1.0478 -1.0256 0.8039, -1.0503 -1.0256 0.7886, -1.0317 -1.0256 0.7981, -1.0389 -1.0256 0.7842, -1.0177 -1.0256 0.7885, -1.0303 -1.0256 0.7783, -1.013 -1.0256 0.7839, -1.0266 -1.0256 0.7746, -1.0047 -1.0256 0.7723, -1.0214 -1.0256 0.7671, -0.9998 -1.0256 0.7596, -1.0177 -1.0256 0.7574, -0.9976 -1.0256 0.7412, -1.0157 -1.0256 0.7407, -0.998 -1.0256 0.7327, -1.0162 -1.0256 0.7313, -1.0012 -1.0256 0.717, -1.019 -1.0256 0.7193, -1.0078 -1.0256 0.7032, -1.0237 -1.0256 0.7095, -1.03 -1.0256 0.7019, -1.0695 -1.0217 0.6727, -1.1062 -1.0217 0.6727, -1.0469 -1.0217 0.6755, -1.0317 -1.0217 0.6814, -1.0177 -1.0217 0.6914, -1.0078 -1.0217 0.7032, -1.0012 -1.0217 0.717, -0.998 -1.0217 0.7327, -0.9976 -1.0217 0.7412, -0.9998 -1.0217 0.7596, -1.0047 -1.0217 0.7723, -1.013 -1.0217 0.7839, -1.0177 -1.0217 0.7885, -1.0317 -1.0217 0.7981, -1.0478 -1.0217 0.8039, -1.0682 -1.0217 0.8062, -1.1062 -1.0217 0.8062, -1.0688 -1.0217 0.7908, -1.089 -1.0217 0.7908, -1.089 -1.0217 0.688, -1.0696 -1.0217 0.688, -1.03 -1.0217 0.7019, -1.0315 -1.0217 0.7004, -1.0401 -1.0217 0.6944, -1.0511 -1.0217 0.6902, -1.0157 -1.0217 0.7407, -1.0162 -1.0217 0.7313, -1.019 -1.0217 0.7193, -1.0237 -1.0217 0.7095, -1.0303 -1.0217 0.7783, -1.0266 -1.0217 0.7746, -1.0214 -1.0217 0.7671, -1.0177 -1.0217 0.7574, -1.0673 -1.0217 0.7908, -1.0503 -1.0217 0.7886, -1.0389 -1.0217 0.7842
            ]
        }
        coordIndex [
            0,1,2,-1,3,4,5,-1,3,5,6,-1,6,5,7,-1,6,7,2,-1,2,7,8,-1,2,8,0,-1,9,1,10,-1,10,1,0,-1,9,10,11,-1,11,10,12,-1,13,14,15,-1,15,14,11,-1,15,11,16,-1,16,11,12,-1,14,13,17,-1,17,13,18,-1,18,19,17,-1,17,19,20,-1,17,20,21,-1,21,20,22,-1,21,22,23,-1,23,22,24,-1,23,24,25,-1,25,24,26,-1,25,26,27,-1,27,26,28,-1,27,28,29,-1,29,28,30,-1,29,30,31,-1,31,30,32,-1,31,32,33,-1,33,32,34,-1,33,34,35,-1,35,34,36,-1,35,36,37,-1,37,36,38,-1,37,38,39,-1,39,38,40,-1,39,40,41,-1,41,40,42,-1,41,42,43,-1,43,42,44,-1,43,44,45,-1,45,44,46,-1,45,46,47,-1,47,46,48,-1,47,48,49,-1,49,48,50,-1,49,50,51,-1,51,50,52,-1,51,52,53,-1,53,52,54,-1,53,54,55,-1,55,54,56,-1,55,56,57,-1,57,56,58,-1,57,58,59,-1,59,58,60,-1,59,60,61,-1,61,60,62,-1,61,62,63,-1,63,62,64,-1,63,64,65,-1,65,64,66,-1,65,66,67,-1,67,66,68,-1,67,68,69,-1,69,68,70,-1,69,70,71,-1,71,70,72,-1,71,72,73,-1,73,72,74,-1,73,74,75,-1,76,75,77,-1,77,75,74,-1,76,77,78,-1,76,78,79,-1,79,78,80,-1,79,80,81,-1,81,80,82,-1,81,82,83,-1,83,82,84,-1,83,84,85,-1,85,84,86,-1,85,86,87,-1,87,86,88,-1,88,86,89,-1,89,90,88,-1,88,90,91,-1,88,91,92,-1,92,91,93,-1,92,93,94,-1,94,93,95,-1,94,95,96,-1,96,95,97,-1,96,97,98,-1,98,97,99,-1,98,99,100,-1,100,99,101,-1,100,101,102,-1,103,104,105,-1,102,101,106,-1,102,106,107,-1,107,106,108,-1,107,108,105,-1,105,108,109,-1,105,109,103,-1,104,103,110,-1,104,110,111,-1,111,110,112,-1,111,112,113,-1,113,112,114,-1,113,114,115,-1,115,114,116,-1,115,116,117,-1,117,116,118,-1,117,118,119,-1,119,118,120,-1,119,120,121,-1,121,120,122,-1,121,122,123,-1,123,122,124,-1,123,124,125,-1,125,124,126,-1,125,126,127,-1,127,126,128,-1,127,128,129,-1,129,128,130,-1,129,130,131,-1,131,130,132,-1,131,132,133,-1,133,132,134,-1,133,134,135,-1,135,134,4,-1,135,4,3,-1,61,63,85,-1,85,63,83,-1,111,43,104,-1,104,43,45,-1,21,23,127,-1,127,23,25,-1,127,25,125,-1,125,25,27,-1,125,27,123,-1,123,27,29,-1,123,29,121,-1,121,29,31,-1,121,31,119,-1,119,31,33,-1,119,33,117,-1,117,33,35,-1,117,35,115,-1,115,35,37,-1,115,37,113,-1,113,37,39,-1,113,39,111,-1,111,39,41,-1,111,41,43,-1,14,3,11,-1,11,3,6,-1,11,6,9,-1,9,6,2,-1,9,2,1,-1,63,65,83,-1,83,65,67,-1,83,67,81,-1,81,67,69,-1,81,69,79,-1,79,69,71,-1,79,71,76,-1,76,71,73,-1,76,73,75,-1,127,129,21,-1,21,129,131,-1,21,131,17,-1,17,131,133,-1,17,133,14,-1,14,133,135,-1,14,135,3,-1,85,87,61,-1,61,87,88,-1,61,88,59,-1,59,88,92,-1,59,92,57,-1,57,92,94,-1,57,94,55,-1,55,94,96,-1,55,96,53,-1,53,96,98,-1,53,98,51,-1,51,98,100,-1,51,100,49,-1,49,100,102,-1,49,102,47,-1,47,102,107,-1,47,107,45,-1,45,107,105,-1,45,105,104,-1,136,137,138,-1,138,137,139,-1,140,136,141,-1,141,136,138,-1,140,141,142,-1,140,142,143,-1,143,142,144,-1,143,144,145,-1,146,145,147,-1,147,145,144,-1,148,146,149,-1,149,146,147,-1,150,151,152,-1,152,151,148,-1,152,148,149,-1,153,151,154,-1,154,151,150,-1,155,156,157,-1,157,156,153,-1,157,153,154,-1,158,159,160,-1,160,159,156,-1,160,156,155,-1,158,161,159,-1,159,161,162,-1,161,163,162,-1,162,163,164,-1,162,164,165,-1,165,164,166,-1,165,166,167,-1,167,166,168,-1,167,168,169,-1,169,168,170,-1,169,170,171,-1,171,170,172,-1,171,172,173,-1,173,172,174,-1,173,174,175,-1,176,175,177,-1,177,175,174,-1,176,177,178,-1,176,178,179,-1,179,178,180,-1,179,180,181,-1,181,180,182,-1,181,182,183,-1,183,182,184,-1,183,184,185,-1,184,186,185,-1,185,186,187,-1,185,187,188,-1,188,187,189,-1,188,189,190,-1,190,189,191,-1,190,191,192,-1,192,191,193,-1,192,193,194,-1,139,137,195,-1,195,137,194,-1,195,194,193,-1,143,145,194,-1,137,136,194,-1,194,136,140,-1,194,140,143,-1,151,153,148,-1,148,153,156,-1,148,156,146,-1,175,176,173,-1,173,176,179,-1,173,179,171,-1,171,179,181,-1,171,181,169,-1,169,181,183,-1,169,183,167,-1,167,183,185,-1,167,185,165,-1,145,146,194,-1,194,146,156,-1,194,156,192,-1,156,159,192,-1,192,159,162,-1,192,162,190,-1,190,162,165,-1,190,165,188,-1,188,165,185,-1,196,197,198,-1,198,197,199,-1,200,201,202,-1,202,201,196,-1,202,196,198,-1,203,201,204,-1,204,201,200,-1,205,206,207,-1,207,206,203,-1,207,203,204,-1,208,206,209,-1,209,206,205,-1,210,211,212,-1,212,211,208,-1,212,208,209,-1,213,211,214,-1,214,211,210,-1,215,216,217,-1,217,216,213,-1,217,213,214,-1,218,216,219,-1,219,216,215,-1,220,221,222,-1,222,221,218,-1,222,218,219,-1,223,221,224,-1,224,221,220,-1,199,197,225,-1,225,197,223,-1,225,223,224,-1,223,197,196,-1,196,201,223,-1,223,201,203,-1,223,203,221,-1,216,218,213,-1,213,218,221,-1,213,221,211,-1,211,221,203,-1,211,203,208,-1,208,203,206,-1,226,227,228,-1,228,227,229,-1,228,229,230,-1,230,229,231,-1,230,231,232,-1,232,231,233,-1,232,233,234,-1,234,233,235,-1,234,235,236,-1,236,235,237,-1,236,237,238,-1,237,239,238,-1,238,239,240,-1,238,240,241,-1,241,240,242,-1,241,242,243,-1,243,242,244,-1,243,244,245,-1,245,244,246,-1,245,246,247,-1,247,246,248,-1,247,248,249,-1,249,248,250,-1,249,250,251,-1,251,250,252,-1,251,252,253,-1,253,252,254,-1,253,254,255,-1,255,254,256,-1,255,256,257,-1,257,256,258,-1,257,258,259,-1,259,258,260,-1,259,260,226,-1,226,260,261,-1,226,261,227,-1,232,234,262,-1,262,234,263,-1,232,262,264,-1,232,264,230,-1,230,264,265,-1,230,265,228,-1,228,265,266,-1,228,266,226,-1,226,266,267,-1,226,267,259,-1,259,267,268,-1,259,268,257,-1,257,268,269,-1,257,269,255,-1,255,269,270,-1,255,270,253,-1,253,270,271,-1,253,271,251,-1,251,271,272,-1,251,272,249,-1,249,272,273,-1,249,273,247,-1,247,273,274,-1,247,274,245,-1,245,274,275,-1,245,275,243,-1,243,275,276,-1,243,276,241,-1,241,276,277,-1,241,277,238,-1,236,238,278,-1,278,238,277,-1,234,236,263,-1,263,236,278,-1,239,237,279,-1,279,237,280,-1,237,235,280,-1,280,235,281,-1,235,233,281,-1,281,233,282,-1,261,283,284,-1,261,284,227,-1,227,284,285,-1,227,285,229,-1,229,285,286,-1,229,286,231,-1,231,286,282,-1,231,282,233,-1,254,287,288,-1,254,288,256,-1,256,288,289,-1,256,289,258,-1,258,289,290,-1,258,290,260,-1,260,290,283,-1,260,283,261,-1,246,291,292,-1,246,292,248,-1,248,292,293,-1,248,293,250,-1,250,293,294,-1,250,294,252,-1,252,294,287,-1,252,287,254,-1,239,279,295,-1,239,295,240,-1,240,295,296,-1,240,296,242,-1,242,296,297,-1,242,297,244,-1,244,297,291,-1,244,291,246,-1,
        ]
    }
}
Shape{
    appearance Appearance {
        material  Material 	{
            diffuseColor 0.25098039215686274 0.25098039215686274 0.25098039215686274
            specularColor 0.12549019607843137 0.12549019607843137 0.12549019607843137
            ambientIntensity 0.251
            transparency 0.0
            shininess 0.5
        }
    }
    geometry IndexedFaceSet {
        ccw TRUE
        solid FALSE
        coord DEF co Coordinate {
            point [
                -1.0401 -1.0217 0.6944, -1.0315 -1.0217 0.7004, -1.0673 -1.0217 0.7908, -1.089 -1.0217 0.7908, -1.089 -1.0217 0.688, -1.0688 -1.0217 0.7908, -1.0696 -1.0217 0.688, -1.0511 -1.0217 0.6902, -1.03 -1.0217 0.7019, -1.0237 -1.0217 0.7095, -1.019 -1.0217 0.7193, -1.0157 -1.0217 0.7407, -1.0303 -1.0217 0.7783, -1.0389 -1.0217 0.7842, -1.0177 -1.0217 0.7574, -1.0214 -1.0217 0.7671, -1.0266 -1.0217 0.7746, -1.0162 -1.0217 0.7313, -1.0503 -1.0217 0.7886
            ]
        }
        coordIndex [
            0,1,2,-1,3,4,5,-1,5,4,6,-1,5,6,2,-1,2,6,7,-1,2,7,0,-1,1,8,2,-1,2,8,9,-1,2,9,10,-1,11,12,13,-1,14,15,11,-1,11,15,16,-1,11,16,12,-1,10,17,2,-1,2,17,11,-1,2,11,18,-1,18,11,13,-1,
        ]
    }
}
Shape{
    appearance Appearance {
        material  Material 	{
            diffuseColor 1.0 1.0 1.0
            specularColor 0.5019607843137255 0.5019607843137255 0.5019607843137255
            ambientIntensity 1.0
            transparency 0.0
            shininess 0.5
        }
    }
    geometry IndexedFaceSet {
        ccw TRUE
        solid FALSE
        coord DEF co Coordinate {
            point [
                -0.9529 -1.0256 0.7243, -0.9583 -1.0256 0.7092, -0.9081 -1.0256 0.7243, -0.9028 -1.0256 0.7092, -0.9329 -1.0256 0.7798, -0.9394 -1.0256 0.8062, -0.9902 -1.0256 0.6727, -0.9711 -1.0256 0.6727, -0.9318 -1.0256 0.7838, -0.9307 -1.0256 0.7891, -0.9209 -1.0256 0.8062, -0.9303 -1.0256 0.7891, -0.9292 -1.0256 0.7835, -0.9282 -1.0256 0.7798, -0.8701 -1.0256 0.6727, -0.8891 -1.0256 0.6727, -0.9209 -1.0217 0.8062, -0.8701 -1.0217 0.6727, -0.9394 -1.0217 0.8062, -0.9902 -1.0217 0.6727, -0.9711 -1.0217 0.6727, -0.9583 -1.0217 0.7092, -0.9028 -1.0217 0.7092, -0.8891 -1.0217 0.6727, -0.9529 -1.0217 0.7243, -0.9081 -1.0217 0.7243, -0.9282 -1.0217 0.7798, -0.9303 -1.0217 0.7891, -0.9292 -1.0217 0.7835, -0.9307 -1.0217 0.7891, -0.9329 -1.0217 0.7798, -0.9318 -1.0217 0.7838
            ]
        }
        coordIndex [
            0,1,2,-1,2,1,3,-1,4,5,0,-1,0,5,6,-1,0,6,1,-1,1,6,7,-1,4,8,5,-1,5,8,9,-1,5,9,10,-1,10,9,11,-1,10,11,12,-1,12,13,10,-1,10,13,2,-1,10,2,14,-1,14,2,3,-1,14,3,15,-1,10,14,16,-1,16,14,17,-1,5,10,18,-1,18,10,16,-1,6,5,19,-1,19,5,18,-1,7,6,20,-1,20,6,19,-1,1,7,21,-1,21,7,20,-1,3,1,22,-1,22,1,21,-1,15,3,23,-1,23,3,22,-1,14,15,17,-1,17,15,23,-1,0,2,24,-1,24,2,25,-1,2,13,25,-1,25,13,26,-1,11,27,28,-1,11,28,12,-1,12,28,26,-1,12,26,13,-1,11,9,27,-1,27,9,29,-1,4,30,31,-1,4,31,8,-1,8,31,29,-1,8,29,9,-1,4,0,30,-1,30,0,24,-1,
        ]
    }
}
Shape{
    appearance Appearance {
        material  Material 	{
            diffuseColor 0.25098039215686274 0.25098039215686274 0.25098039215686274
            specularColor 0.12549019607843137 0.12549019607843137 0.12549019607843137
            ambientIntensity 0.251
            transparency 0.0
            shininess 0.5
        }
    }
    geometry IndexedFaceSet {
        ccw TRUE
        solid FALSE
        coord DEF co Coordinate {
            point [
                -0.9303 -1.0217 0.7891, -0.9307 -1.0217 0.7891, -0.9292 -1.0217 0.7835, -0.9318 -1.0217 0.7838, -0.9282 -1.0217 0.7798, -0.9329 -1.0217 0.7798, -0.9081 -1.0217 0.7243, -0.9529 -1.0217 0.7243
            ]
        }
        coordIndex [
            0,1,2,-1,2,1,3,-1,2,3,4,-1,4,3,5,-1,4,5,6,-1,6,5,7,-1,
        ]
    }
}
Shape{
    appearance Appearance {
        material  Material 	{
            diffuseColor 1.0 1.0 1.0
            specularColor 0.5019607843137255 0.5019607843137255 0.5019607843137255
            ambientIntensity 1.0
            transparency 0.0
            shininess 0.5
        }
    }
    geometry IndexedFaceSet {
        ccw TRUE
        solid FALSE
        coord DEF co Coordinate {
            point [
                -2.1622 -1.0256 0.6538, -2.1481 -1.0256 0.6364, -2.1707 -1.0256 0.7377, -2.1872 -1.0256 0.9026, -2.166 -1.0256 0.9139, -2.1711 -1.0256 0.9722, -2.0039 -1.0256 0.6501, -1.9927 -1.0256 0.6713, -1.9872 -1.0256 0.6947, -2.1119 -1.0256 0.975, -2.0825 -1.0256 0.9057, -2.068 -1.0256 0.9357, -2.1914 -1.0256 0.7505, -2.1839 -1.0256 0.6779, -2.1717 -1.0256 0.6742, -2.1337 -1.0256 0.9768, -1.8538 -1.0256 0.7842, -1.8832 -1.0256 0.8345, -1.9867 -1.0256 0.714, -2.0104 -1.0256 0.7681, -1.9867 -1.0256 0.7045, -2.0374 -1.0256 0.6206, -2.0185 -1.0256 0.6338, -2.1071 -1.0256 0.676, -2.0996 -1.0256 0.6708, -2.1295 -1.0256 0.6224, -2.0908 -1.0256 0.6675, -2.0484 -1.0256 0.7181, -2.0459 -1.0256 0.7094, -2.0456 -1.0256 0.7002, -2.0477 -1.0256 0.6911, -2.0519 -1.0256 0.6828, -1.8225 -1.0256 0.8782, -1.8149 -1.0256 0.8782, -1.776 -1.0256 0.9294, -1.7969 -1.0256 0.8759, -1.7713 -1.0256 0.9278, -1.7803 -1.0256 0.8696, -1.7431 -1.0256 0.9138, -1.7174 -1.0256 0.892, -2.0924 -1.0256 0.9976, -2.0467 -1.0256 0.9611, -2.0702 -1.0256 1.0167, -2.0213 -1.0256 0.9797, -2.0425 -1.0256 1.0333, -2.1426 -1.0256 0.9194, -2.1328 -1.0256 0.9199, -2.1228 -1.0256 0.9763, -2.1106 -1.0256 0.9172, -2.0893 -1.0256 0.9094, -2.1193 -1.0256 0.6995, -2.1172 -1.0256 0.6908, -2.1132 -1.0256 0.6829, -2.1076 -1.0256 0.6132, -2.0852 -1.0256 0.6097, -2.0825 -1.0256 0.6666, -2.0815 -1.0256 0.6097, -2.0735 -1.0256 0.6677, -2.0586 -1.0256 0.6125, -2.0653 -1.0256 0.6708, -2.058 -1.0256 0.6759, -1.7172 -1.0256 0.715, -1.7614 -1.0256 0.7526, -1.743 -1.0256 0.6931, -1.7755 -1.0256 0.7412, -1.772 -1.0256 0.679, -1.7922 -1.0256 0.7334, -1.8035 -1.0256 0.6723, -1.8092 -1.0256 0.7302, -1.8595 -1.0256 0.6723, -1.8519 -1.0256 0.7302, -1.8649 -1.0256 0.6731, -1.7656 -1.0256 0.8593, -1.7546 -1.0256 0.8471, -1.698 -1.0256 0.865, -1.7458 -1.0256 0.8307, -1.6864 -1.0256 0.8361, -1.7414 -1.0256 0.8125, -1.6821 -1.0256 0.8051, -1.7409 -1.0256 0.8042, -1.6864 -1.0256 0.7712, -1.7432 -1.0256 0.7857, -1.6984 -1.0256 0.7412, -1.7497 -1.0256 0.7688, -1.7602 -1.0256 0.754, -1.8273 -1.0256 1.0044, -1.8643 -1.0256 0.9607, -1.7941 -1.0256 0.9654, -1.8429 -1.0256 0.9351, -1.8283 -1.0256 0.9046, -2.2248 -1.0256 0.848, -2.2872 -1.0256 0.8323, -2.2277 -1.0256 0.825, -2.2874 -1.0256 0.8231, -2.2265 -1.0256 0.8104, -2.2828 -1.0256 0.786, -2.2197 -1.0256 0.7872, -2.2693 -1.0256 0.7507, -2.2084 -1.0256 0.768, -2.2476 -1.0256 0.7197, -2.2182 -1.0256 0.6946, -2.1191 -1.0256 0.7088, -2.1167 -1.0256 0.7178, -2.1602 -1.0256 0.7582, -2.112 -1.0256 0.7259, -2.1445 -1.0256 0.7761, -2.1071 -1.0256 0.7311, -2.1251 -1.0256 0.7896, -2.0997 -1.0256 0.7363, -2.1042 -1.0256 0.7976, -2.0914 -1.0256 0.7395, -2.0815 -1.0256 0.8004, -2.0825 -1.0256 0.7406, -2.07 -1.0256 0.7997, -2.0759 -1.0256 0.74, -2.0471 -1.0256 0.794, -2.067 -1.0256 0.7372, -2.027 -1.0256 0.7832, -2.0592 -1.0256 0.7323, -2.0528 -1.0256 0.7257, -1.9985 -1.0256 1.0491, -1.9903 -1.0256 0.9923, -1.9563 -1.0256 1.0537, -1.9553 -1.0256 0.9968, -1.9107 -1.0256 1.0481, -1.9232 -1.0256 0.9928, -1.8637 -1.0256 1.0297, -1.8934 -1.0256 0.9814, -1.8668 -1.0256 0.9629, -2.2062 -1.0256 0.9586, -2.2364 -1.0256 0.9374, -2.2036 -1.0256 0.8881, -2.2428 -1.0256 0.9313, -2.2167 -1.0256 0.8692, -2.2656 -1.0256 0.9021, -2.2808 -1.0256 0.8679, -1.8567 -1.0256 0.731, -1.8795 -1.0256 0.6822, -1.8773 -1.0256 0.68, -1.8538 -1.0256 0.7304, -1.8711 -1.0256 0.6756, -1.887 -1.0256 0.7017, -1.8861 -1.0256 0.6946, -1.8836 -1.0256 0.6882, -1.865 -1.0256 0.7302, -1.8715 -1.0256 0.7276, -1.8868 -1.0256 0.7054, -1.8773 -1.0256 0.7235, -1.8812 -1.0256 0.7191, -1.8849 -1.0256 0.7127, -1.8576 -1.0256 0.7311, -1.7111 -1.0217 0.8833, -1.698 -1.0217 0.865, -1.6897 -1.0217 0.8442, -1.6864 -1.0217 0.8361, -1.6821 -1.0217 0.8051, -1.7174 -1.0217 0.892, -1.7431 -1.0217 0.9138, -1.7713 -1.0217 0.9278, -1.776 -1.0217 0.9294, -1.7941 -1.0217 0.9654, -1.8273 -1.0217 1.0044, -1.8483 -1.0217 1.019, -1.8637 -1.0217 1.0297, -1.9107 -1.0217 1.0481, -1.9563 -1.0217 1.0537, -1.9985 -1.0217 1.0491, -2.0425 -1.0217 1.0333, -2.0663 -1.0217 1.019, -2.0702 -1.0217 1.0167, -2.0924 -1.0217 0.9976, -2.1119 -1.0217 0.975, -2.1228 -1.0217 0.9763, -2.1337 -1.0217 0.9768, -2.1711 -1.0217 0.9722, -2.2062 -1.0217 0.9586, -2.2364 -1.0217 0.9374, -2.2428 -1.0217 0.9313, -2.285 -1.0217 0.8442, -2.2808 -1.0217 0.8679, -2.274 -1.0217 0.8833, -2.2656 -1.0217 0.9021, -2.2872 -1.0217 0.8323, -2.2874 -1.0217 0.8231, -2.2828 -1.0217 0.786, -2.2693 -1.0217 0.7507, -2.2476 -1.0217 0.7197, -2.2182 -1.0217 0.6946, -2.1839 -1.0217 0.6779, -2.1717 -1.0217 0.6742, -2.1705 -1.0217 0.6716, -2.1622 -1.0217 0.6538, -2.1481 -1.0217 0.6364, -2.1295 -1.0217 0.6224, -2.1208 -1.0217 0.6188, -2.1076 -1.0217 0.6132, -2.0852 -1.0217 0.6097, -2.0815 -1.0217 0.6097, -1.9867 -1.0217 0.7045, -2.0586 -1.0217 0.6125, -2.0423 -1.0217 0.6188, -2.0374 -1.0217 0.6206, -2.0185 -1.0217 0.6338, -2.0039 -1.0217 0.6501, -1.9927 -1.0217 0.6713, -1.9926 -1.0217 0.6716, -1.9872 -1.0217 0.6947, -1.9867 -1.0217 0.714, -1.8538 -1.0217 0.7842, -1.8832 -1.0217 0.8345, -2.0104 -1.0217 0.7681, -2.027 -1.0217 0.7832, -2.0471 -1.0217 0.794, -2.07 -1.0217 0.7997, -2.0815 -1.0217 0.8004, -2.1042 -1.0217 0.7976, -2.1251 -1.0217 0.7896, -2.1445 -1.0217 0.7761, -2.1602 -1.0217 0.7582, -2.1707 -1.0217 0.7377, -2.1914 -1.0217 0.7505, -2.2084 -1.0217 0.768, -2.2197 -1.0217 0.7872, -2.2265 -1.0217 0.8104, -2.2277 -1.0217 0.825, -2.2253 -1.0217 0.8442, -2.2248 -1.0217 0.848, -2.2167 -1.0217 0.8692, -2.2068 -1.0217 0.8833, -2.2036 -1.0217 0.8881, -2.1872 -1.0217 0.9026, -2.166 -1.0217 0.9139, -2.1426 -1.0217 0.9194, -2.1328 -1.0217 0.9199, -2.1106 -1.0217 0.9172, -2.0893 -1.0217 0.9094, -2.0825 -1.0217 0.9057, -2.068 -1.0217 0.9357, -2.0467 -1.0217 0.9611, -2.0213 -1.0217 0.9797, -1.9903 -1.0217 0.9923, -1.9553 -1.0217 0.9968, -1.9232 -1.0217 0.9928, -1.8934 -1.0217 0.9814, -1.8668 -1.0217 0.9629, -1.8643 -1.0217 0.9607, -1.8429 -1.0217 0.9351, -1.8283 -1.0217 0.9046, -1.8236 -1.0217 0.8833, -1.8225 -1.0217 0.8782, -1.8149 -1.0217 0.8782, -1.7969 -1.0217 0.8759, -1.7803 -1.0217 0.8696, -1.7656 -1.0217 0.8593, -1.7546 -1.0217 0.8471, -1.7531 -1.0217 0.8442, -1.7458 -1.0217 0.8307, -1.7414 -1.0217 0.8125, -1.7409 -1.0217 0.8042, -1.7432 -1.0217 0.7857, -1.7497 -1.0217 0.7688, -1.7602 -1.0217 0.754, -1.7614 -1.0217 0.7526, -1.7755 -1.0217 0.7412, -1.7922 -1.0217 0.7334, -1.8092 -1.0217 0.7302, -1.8519 -1.0217 0.7302, -1.8538 -1.0217 0.7304, -1.8567 -1.0217 0.731, -1.8576 -1.0217 0.7311, -1.865 -1.0217 0.7302, -1.8715 -1.0217 0.7276, -1.8773 -1.0217 0.7235, -1.8812 -1.0217 0.7191, -1.8849 -1.0217 0.7127, -1.8868 -1.0217 0.7054, -1.887 -1.0217 0.7017, -1.8861 -1.0217 0.6946, -1.8836 -1.0217 0.6882, -1.8795 -1.0217 0.6822, -1.8773 -1.0217 0.68, -1.8711 -1.0217 0.6756, -1.8649 -1.0217 0.6731, -1.8595 -1.0217 0.6723, -1.8035 -1.0217 0.6723, -1.772 -1.0217 0.679, -1.743 -1.0217 0.6931, -1.7172 -1.0217 0.715, -1.6984 -1.0217 0.7412, -1.6864 -1.0217 0.7712, -2.0825 -1.0217 0.7406, -2.0759 -1.0217 0.74, -2.067 -1.0217 0.7372, -2.0592 -1.0217 0.7323, -2.0528 -1.0217 0.7257, -2.0484 -1.0217 0.7181, -2.0459 -1.0217 0.7094, -2.0456 -1.0217 0.7002, -2.0477 -1.0217 0.6911, -2.0519 -1.0217 0.6828, -2.058 -1.0217 0.6759, -2.0653 -1.0217 0.6708, -2.0735 -1.0217 0.6677, -2.0825 -1.0217 0.6666, -2.0908 -1.0217 0.6675, -2.0996 -1.0217 0.6708, -2.1071 -1.0217 0.676, -2.1132 -1.0217 0.6829, -2.1172 -1.0217 0.6908, -2.1193 -1.0217 0.6995, -2.1191 -1.0217 0.7088, -2.1167 -1.0217 0.7178, -2.112 -1.0217 0.7259, -2.1071 -1.0217 0.7311, -2.0997 -1.0217 0.7363, -2.0914 -1.0217 0.7395
            ]
        }
        coordIndex [
            0,1,2,-1,3,4,5,-1,6,7,8,-1,9,10,11,-1,12,13,2,-1,2,13,14,-1,2,14,0,-1,5,4,15,-1,16,17,18,-1,18,17,19,-1,18,19,20,-1,20,19,21,-1,20,21,8,-1,8,21,22,-1,8,22,6,-1,23,1,24,-1,24,1,25,-1,24,25,26,-1,27,28,19,-1,19,28,29,-1,19,29,21,-1,21,29,30,-1,21,30,31,-1,32,33,34,-1,34,33,35,-1,34,35,36,-1,36,35,37,-1,36,37,38,-1,38,37,39,-1,9,11,40,-1,40,11,41,-1,40,41,42,-1,42,41,43,-1,42,43,44,-1,4,45,15,-1,15,45,46,-1,15,46,47,-1,47,46,48,-1,47,48,9,-1,9,48,49,-1,9,49,10,-1,50,2,51,-1,51,2,1,-1,51,1,52,-1,52,1,23,-1,25,53,26,-1,26,53,54,-1,26,54,55,-1,55,54,56,-1,55,56,57,-1,57,56,58,-1,57,58,59,-1,59,58,21,-1,59,21,60,-1,60,21,31,-1,61,62,63,-1,63,62,64,-1,63,64,65,-1,65,64,66,-1,65,66,67,-1,67,66,68,-1,67,68,69,-1,69,68,70,-1,69,70,71,-1,37,72,39,-1,39,72,73,-1,39,73,74,-1,74,73,75,-1,74,75,76,-1,76,75,77,-1,76,77,78,-1,78,77,79,-1,78,79,80,-1,80,79,81,-1,80,81,82,-1,82,81,83,-1,82,83,61,-1,61,83,84,-1,61,84,62,-1,85,86,87,-1,87,86,88,-1,87,88,34,-1,34,88,89,-1,34,89,32,-1,90,91,92,-1,92,91,93,-1,92,93,94,-1,94,93,95,-1,94,95,96,-1,96,95,97,-1,96,97,98,-1,98,97,99,-1,98,99,12,-1,12,99,100,-1,12,100,13,-1,50,101,2,-1,2,101,102,-1,2,102,103,-1,103,102,104,-1,103,104,105,-1,105,104,106,-1,105,106,107,-1,107,106,108,-1,107,108,109,-1,109,108,110,-1,109,110,111,-1,111,110,112,-1,111,112,113,-1,113,112,114,-1,113,114,115,-1,115,114,116,-1,115,116,117,-1,117,116,118,-1,117,118,19,-1,19,118,119,-1,19,119,27,-1,44,43,120,-1,120,43,121,-1,120,121,122,-1,122,121,123,-1,122,123,124,-1,124,123,125,-1,124,125,126,-1,126,125,127,-1,126,127,85,-1,85,127,128,-1,85,128,86,-1,5,129,3,-1,3,129,130,-1,3,130,131,-1,131,130,132,-1,131,132,133,-1,133,132,134,-1,133,134,90,-1,90,134,135,-1,90,135,91,-1,136,137,138,-1,70,139,71,-1,71,139,136,-1,71,136,140,-1,140,136,138,-1,141,142,136,-1,136,142,143,-1,136,143,137,-1,144,145,146,-1,145,147,146,-1,146,147,148,-1,146,148,149,-1,141,136,146,-1,146,136,150,-1,146,150,144,-1,151,39,152,-1,152,39,74,-1,152,74,153,-1,153,74,76,-1,153,76,154,-1,154,76,78,-1,154,78,155,-1,151,156,39,-1,39,156,157,-1,39,157,38,-1,38,157,158,-1,38,158,36,-1,36,158,159,-1,36,159,34,-1,34,159,160,-1,34,160,87,-1,87,160,161,-1,87,161,85,-1,126,85,162,-1,162,85,161,-1,162,163,126,-1,126,163,164,-1,126,164,124,-1,124,164,165,-1,124,165,122,-1,122,165,166,-1,122,166,120,-1,120,166,167,-1,120,167,44,-1,44,167,42,-1,42,167,168,-1,42,168,169,-1,42,169,170,-1,42,170,40,-1,40,170,171,-1,40,171,9,-1,9,171,172,-1,9,172,47,-1,47,172,173,-1,47,173,15,-1,15,173,174,-1,15,174,5,-1,5,174,175,-1,5,175,129,-1,129,175,176,-1,129,176,130,-1,130,176,177,-1,130,177,132,-1,178,91,179,-1,179,91,135,-1,179,135,180,-1,180,135,134,-1,180,134,181,-1,181,134,132,-1,181,132,177,-1,178,182,91,-1,91,182,183,-1,91,183,93,-1,93,183,184,-1,93,184,95,-1,95,184,185,-1,95,185,97,-1,97,185,186,-1,97,186,99,-1,99,186,187,-1,99,187,100,-1,100,187,188,-1,100,188,13,-1,13,188,189,-1,13,189,14,-1,14,189,190,-1,14,190,0,-1,190,191,0,-1,0,191,192,-1,0,192,1,-1,1,192,193,-1,1,193,25,-1,25,193,194,-1,25,194,53,-1,194,195,53,-1,53,195,196,-1,53,196,54,-1,54,196,197,-1,54,197,56,-1,198,20,8,-1,56,197,199,-1,200,21,199,-1,199,21,58,-1,199,58,56,-1,200,201,21,-1,21,201,202,-1,21,202,22,-1,22,202,203,-1,22,203,6,-1,6,203,204,-1,6,204,7,-1,7,204,205,-1,7,205,8,-1,8,205,206,-1,8,206,198,-1,18,20,207,-1,207,20,198,-1,16,18,208,-1,208,18,207,-1,17,16,209,-1,209,16,208,-1,19,17,210,-1,210,17,209,-1,19,210,211,-1,19,211,117,-1,117,211,212,-1,117,212,115,-1,115,212,213,-1,115,213,113,-1,113,213,214,-1,113,214,111,-1,111,214,215,-1,111,215,109,-1,109,215,216,-1,109,216,107,-1,107,216,217,-1,107,217,105,-1,105,217,218,-1,105,218,103,-1,103,218,219,-1,103,219,2,-1,2,219,220,-1,2,220,12,-1,12,220,221,-1,12,221,98,-1,98,221,222,-1,98,222,96,-1,96,222,223,-1,96,223,94,-1,94,223,224,-1,94,224,92,-1,90,92,224,-1,224,225,90,-1,90,225,226,-1,90,226,227,-1,228,131,227,-1,227,131,133,-1,227,133,90,-1,228,229,131,-1,131,229,230,-1,131,230,3,-1,3,230,231,-1,3,231,4,-1,4,231,232,-1,4,232,45,-1,45,232,233,-1,45,233,46,-1,46,233,234,-1,46,234,48,-1,48,234,235,-1,48,235,49,-1,49,235,236,-1,49,236,10,-1,10,236,237,-1,10,237,11,-1,11,237,238,-1,11,238,41,-1,41,238,239,-1,41,239,43,-1,43,239,240,-1,43,240,121,-1,121,240,241,-1,121,241,123,-1,123,241,242,-1,123,242,125,-1,125,242,243,-1,125,243,127,-1,127,243,244,-1,127,244,128,-1,128,244,245,-1,128,245,86,-1,86,245,246,-1,86,246,88,-1,88,246,247,-1,88,247,89,-1,89,247,32,-1,32,247,248,-1,32,248,249,-1,33,32,250,-1,250,32,249,-1,33,250,251,-1,33,251,35,-1,35,251,252,-1,35,252,37,-1,37,252,253,-1,37,253,72,-1,72,253,254,-1,72,254,73,-1,73,254,255,-1,73,255,75,-1,255,256,75,-1,75,256,257,-1,75,257,77,-1,77,257,258,-1,77,258,79,-1,79,258,259,-1,79,259,81,-1,81,259,260,-1,81,260,83,-1,83,260,261,-1,83,261,84,-1,84,261,262,-1,84,262,62,-1,62,262,263,-1,62,263,64,-1,64,263,264,-1,64,264,66,-1,66,264,265,-1,66,265,68,-1,70,68,266,-1,266,68,265,-1,70,266,267,-1,70,267,139,-1,139,267,268,-1,139,268,136,-1,136,268,269,-1,136,269,150,-1,150,269,270,-1,150,270,144,-1,144,270,271,-1,144,271,145,-1,145,271,272,-1,145,272,147,-1,147,272,273,-1,147,273,148,-1,148,273,274,-1,148,274,149,-1,149,274,275,-1,149,275,146,-1,146,275,276,-1,146,276,141,-1,141,276,277,-1,141,277,142,-1,142,277,278,-1,142,278,143,-1,143,278,279,-1,143,279,137,-1,137,279,280,-1,137,280,138,-1,138,280,281,-1,138,281,140,-1,140,281,282,-1,140,282,71,-1,71,282,283,-1,71,283,69,-1,67,69,284,-1,284,69,283,-1,67,284,285,-1,67,285,65,-1,65,285,286,-1,65,286,63,-1,63,286,287,-1,63,287,61,-1,61,287,288,-1,61,288,82,-1,82,288,289,-1,82,289,80,-1,80,289,155,-1,80,155,78,-1,112,290,291,-1,112,291,114,-1,114,291,292,-1,114,292,116,-1,116,292,293,-1,116,293,118,-1,118,293,294,-1,118,294,119,-1,119,294,295,-1,119,295,27,-1,27,295,296,-1,27,296,28,-1,28,296,297,-1,28,297,29,-1,29,297,298,-1,29,298,30,-1,30,298,299,-1,30,299,31,-1,31,299,300,-1,31,300,60,-1,60,300,301,-1,60,301,59,-1,59,301,302,-1,59,302,57,-1,57,302,303,-1,57,303,55,-1,55,303,304,-1,55,304,26,-1,26,304,305,-1,26,305,24,-1,24,305,306,-1,24,306,23,-1,23,306,307,-1,23,307,52,-1,52,307,308,-1,52,308,51,-1,51,308,309,-1,51,309,50,-1,50,309,310,-1,50,310,101,-1,101,310,311,-1,101,311,102,-1,102,311,312,-1,102,312,104,-1,104,312,313,-1,104,313,106,-1,106,313,314,-1,106,314,108,-1,108,314,315,-1,108,315,110,-1,110,315,290,-1,110,290,112,-1,
        ]
    }
}
Shape{
    appearance Appearance {
        material  Material 	{
            diffuseColor 0.25098039215686274 0.25098039215686274 0.25098039215686274
            specularColor 0.12549019607843137 0.12549019607843137 0.12549019607843137
            ambientIntensity 0.251
            transparency 0.0
            shininess 0.5
        }
    }
    geometry IndexedFaceSet {
        ccw TRUE
        solid FALSE
        coord DEF co Coordinate {
            point [
                -2.0825 -1.0217 0.6666, -2.1071 -1.0217 0.7311, -2.112 -1.0217 0.7259, -2.0825 -1.0217 0.7406, -2.0759 -1.0217 0.74, -2.0735 -1.0217 0.6677, -2.0914 -1.0217 0.7395, -2.0997 -1.0217 0.7363, -2.058 -1.0217 0.6759, -2.0528 -1.0217 0.7257, -2.0592 -1.0217 0.7323, -2.1172 -1.0217 0.6908, -2.1132 -1.0217 0.6829, -2.1071 -1.0217 0.676, -2.0653 -1.0217 0.6708, -2.067 -1.0217 0.7372, -2.0996 -1.0217 0.6708, -2.0908 -1.0217 0.6675, -2.1167 -1.0217 0.7178, -2.1191 -1.0217 0.7088, -2.1193 -1.0217 0.6995, -2.0477 -1.0217 0.6911, -2.0456 -1.0217 0.7002, -2.0519 -1.0217 0.6828, -2.0459 -1.0217 0.7094, -2.0484 -1.0217 0.7181
            ]
        }
        coordIndex [
            0,1,2,-1,3,0,4,-1,4,0,5,-1,3,6,0,-1,0,6,7,-1,0,7,1,-1,8,9,10,-1,11,12,2,-1,2,12,13,-1,5,14,4,-1,4,14,8,-1,4,8,15,-1,15,8,10,-1,13,16,2,-1,2,16,17,-1,2,17,0,-1,18,19,2,-1,2,19,20,-1,2,20,11,-1,21,22,23,-1,23,22,24,-1,23,24,8,-1,8,24,25,-1,8,25,9,-1,
        ]
    }
}