#VRML V2.0 utf8
# 3D model generated by easyeda2kicad.py (https://github.com/uPesy/easyeda2kicad.py)

Shape{
    appearance Appearance {
        material  Material 	{
            diffuseColor 1.0 0.8352941176470589 0.3411764705882353
            specularColor 0.5019607843137255 0.41568627450980394 0.16862745098039217
            ambientIntensity 0.8282
            transparency 0.0
            shininess 0.5
        }
    }
    geometry IndexedFaceSet {
        ccw TRUE
        solid FALSE
        coord DEF co Coordinate {
            point [
                0.4112 -2.1437 0.519, 0.4112 -2.1437 0.4344, 0.6168 -2.1437 0.4344, 0.4112 -2.1437 0.8577, 0.4112 -2.1437 0.7951, 0.6168 -2.1437 0.7951, 1.1176 -2.1437 0.7098, 1.1176 -2.1437 0.6414, 1.1575 -2.1437 0.6414, 0.8599 -2.1437 0.5192, 0.8576 -2.1437 0.519, 0.9078 -2.1437 0.519, 0.8502 -2.1437 1.0485, 0.8502 -2.1437 0.9801, 0.9078 -2.1437 0.9801, 0.6985 -2.1437 1.0729, 0.7144 -2.1437 1.0748, 0.6296 -2.1437 1.0748, 0.7533 -2.1437 0.859, 0.7396 -2.1437 0.8577, 0.8103 -2.1437 0.8577, 1.0335 -2.1437 0.6733, 1.0612 -2.1437 0.6733, 1.0756 -2.1437 0.7951, 0.9846 -2.1437 0.5587, 0.9878 -2.1437 0.5461, 0.9885 -2.1437 0.5461, 0.9576 -2.1437 0.7951, 0.9576 -2.1437 0.6362, 0.9918 -2.1437 0.5585, 0.9898 -2.1437 0.5514, 0.9576 -2.1437 0.519, 0.9576 -2.1437 0.5644, 0.9148 -2.1437 0.6733, 0.9078 -2.1437 0.7951, 0.9447 -2.1437 0.6733, 0.9746 -2.1437 0.5211, 0.9737 -2.1437 0.519, 0.9629 -2.1437 0.4934, 0.9078 -2.1437 0.4344, 0.9203 -2.1437 0.4512, 0.9203 -2.1437 0.475, 0.9526 -2.1437 0.4782, 0.9576 -2.1437 0.4837, 0.9576 -2.1437 0.4838, 0.9576 -2.1437 0.4537, 0.9484 -2.1437 0.4502, 0.9576 -2.1437 0.4344, 0.9376 -2.1437 0.449, 0.9317 -2.1437 0.4492, 0.9355 -2.1437 0.4719, 0.9421 -2.1437 0.4727, 0.948 -2.1437 0.4749, 0.992 -2.1437 0.4978, 0.9799 -2.1437 0.4742, 1.0756 -2.1437 0.4344, 1.0003 -2.1437 0.519, 0.9701 -2.1437 0.4624, 0.9683 -2.1437 0.4608, 0.9589 -2.1437 0.4542, 0.7122 -2.1437 0.5227, 0.702 -2.1437 0.519, 0.7349 -2.1437 0.5208, 0.6501 -2.1437 0.5937, 0.654 -2.1437 0.6366, 0.6447 -2.1437 0.5861, 0.641 -2.1437 0.5767, 0.7214 -2.1437 0.5288, 0.6296 -2.1437 0.519, 0.6437 -2.1437 0.5404, 0.6404 -2.1437 0.5495, 0.6296 -2.1437 0.7951, 0.654 -2.1437 0.6626, 0.6596 -2.1437 0.6658, 0.734 -2.1437 0.6719, 0.8023 -2.1437 0.6503, 0.8073 -2.1437 0.6575, 0.6584 -2.1437 0.6008, 0.67 -2.1437 0.6066, 0.6701 -2.1437 0.6471, 0.6897 -2.1437 0.6114, 0.7131 -2.1437 0.6541, 0.704 -2.1437 0.6551, 0.6868 -2.1437 0.6531, 0.6612 -2.1437 0.5229, 0.6522 -2.1437 0.5292, 0.6492 -2.1437 0.5322, 0.7349 -2.1437 0.5444, 0.7342 -2.1437 0.5444, 0.7299 -2.1437 0.5378, 0.6795 -2.1437 0.6735, 0.7065 -2.1437 0.6768, 0.7228 -2.1437 0.6753, 0.6391 -2.1437 0.5616, 0.6392 -2.1437 0.5653, 0.7429 -2.1437 0.6668, 0.75 -2.1437 0.6599, 0.7991 -2.1437 0.6417, 0.7555 -2.1437 0.6512, 0.7596 -2.1437 0.639, 0.7349 -2.1437 0.6177, 0.734 -2.1437 0.6296, 0.7312 -2.1437 0.6391, 0.7281 -2.1437 0.6446, 0.81 -2.1437 0.6034, 0.7979 -2.1437 0.5538, 0.8103 -2.1437 0.6033, 0.8083 -2.1437 0.5473, 0.8103 -2.1437 0.5466, 0.8056 -2.1437 0.608, 0.8022 -2.1437 0.6136, 0.7616 -2.1437 0.6189, 0.7992 -2.1437 0.6218, 0.7981 -2.1437 0.6321, 0.724 -2.1437 0.6489, 0.7193 -2.1437 0.652, 0.7013 -2.1437 0.5187, 0.8103 -2.1437 0.4344, 0.6296 -2.1437 0.4344, 0.6875 -2.1437 0.5172, 0.672 -2.1437 0.519, 0.6715 -2.1437 0.5191, 0.8103 -2.1437 1.0748, 0.7522 -2.1437 1.0748, 0.7572 -2.1437 1.0745, 0.7799 -2.1437 1.0679, 0.7799 -2.1437 1.0391, 0.7762 -2.1437 0.8666, 0.7296 -2.1437 1.0518, 0.7199 -2.1437 1.0513, 0.7057 -2.1437 0.8825, 0.7248 -2.1437 0.8805, 0.7347 -2.1437 0.8809, 0.7775 -2.1437 1.0404, 0.7588 -2.1437 0.8853, 0.7799 -2.1437 0.8948, 0.7799 -2.1437 0.8684, 0.6757 -2.1437 0.8974, 0.6493 -2.1437 0.9547, 0.6699 -2.1437 0.903, 0.6529 -2.1437 0.9336, 0.6599 -2.1437 0.9166, 0.7558 -2.1437 1.0486, 0.7015 -2.1437 1.0475, 0.6848 -2.1437 1.0394, 0.6714 -2.1437 1.0281, 0.6699 -2.1437 1.0264, 0.6596 -2.1437 1.0116, 0.6524 -2.1437 0.9931, 0.6489 -2.1437 0.9639, 0.6901 -2.1437 0.8879, 0.7293 -2.1437 1.0766, 0.6296 -2.1437 8.1496, 0.8103 -2.1437 8.1496, 0.6354 -2.1437 1.025, 0.6508 -2.1437 1.0452, 0.6562 -2.1437 1.0503, 0.6762 -2.1437 1.0643, 0.6296 -2.1437 0.9138, 0.6242 -2.1437 0.9276, 0.6168 -2.1437 0.8577, 0.62 -2.1437 0.9622, 0.6204 -2.1437 0.9734, 0.6168 -2.1437 1.0748, 0.6252 -2.1437 1.0013, 0.6296 -2.1437 1.0114, 0.6296 -2.1437 0.8577, 0.6817 -2.1437 0.8624, 0.6619 -2.1437 0.8726, 0.6474 -2.1437 0.8851, 0.6456 -2.1437 0.8871, 0.6329 -2.1437 0.9053, 0.701 -2.1437 0.8577, 0.7042 -2.1437 0.8569, 0.7208 -2.1437 0.8559, 0.8103 -2.1437 0.7951, 0.9576 -2.1437 1.0748, 0.9078 -2.1437 1.0748, 0.9326 -2.1437 1.073, 0.9078 -2.1437 1.073, 0.8502 -2.1437 0.8839, 0.9078 -2.1437 0.8839, 0.8502 -2.1437 0.9557, 0.9078 -2.1437 0.9557, 0.9265 -2.1437 0.9557, 0.9375 -2.1437 0.8839, 0.9265 -2.1437 0.9801, 0.9326 -2.1437 1.0485, 0.9078 -2.1437 1.0485, 0.9576 -2.1437 0.8577, 0.9375 -2.1437 0.8595, 0.9078 -2.1437 0.8577, 0.9078 -2.1437 0.8595, 0.8226 -2.1437 0.8595, 0.8226 -2.1437 1.073, 1.0756 -2.1437 0.8577, 1.0727 -2.1437 0.8639, 1.0365 -2.1437 0.8595, 1.0387 -2.1437 1.073, 1.0756 -2.1437 1.0748, 0.9778 -2.1437 0.8595, 0.9778 -2.1437 1.073, 1.1458 -2.1437 0.9304, 1.1353 -2.1437 0.9083, 1.1575 -2.1437 0.8577, 1.127 -2.1437 1.0374, 1.1402 -2.1437 1.0187, 1.1575 -2.1437 1.0748, 1.1194 -2.1437 0.8894, 1.097 -2.1437 0.8734, 1.0756 -2.1437 0.8651, 1.1194 -2.1437 1.0448, 1.0713 -2.1437 1.0694, 1.0756 -2.1437 1.0679, 1.0971 -2.1437 1.06, 1.1481 -2.1437 0.9983, 1.1516 -2.1437 0.969, 1.151 -2.1437 0.9554, 1.3034 -2.1437 0.9179, 1.225 -2.1437 0.9179, 1.3251 -2.1437 0.8595, 1.225 -2.1437 0.8577, 1.3556 -2.1437 0.8595, 4.311 -2.1437 0.8577, 4.311 -2.1437 1.0748, 1.2743 -2.1437 1.073, 1.225 -2.1437 1.0748, 1.2144 -2.1437 0.9179, 1.1939 -2.1437 0.8595, 1.1635 -2.1437 0.8595, 1.225 -2.1437 1.0211, 1.2448 -2.1437 1.073, 0.7979 -2.1437 0.5261, 0.7616 -2.1437 0.5208, 0.8103 -2.1437 0.5216, 0.8103 -2.1437 0.519, 0.8146 -2.1437 0.52, 0.8236 -2.1437 0.519, 0.8393 -2.1437 0.5172, 0.9258 -2.1437 0.4732, 0.8919 -2.1437 0.5875, 0.8969 -2.1437 0.5801, 0.8936 -2.1437 0.644, 0.8152 -2.1437 0.6647, 0.8236 -2.1437 0.6696, 0.8963 -2.1437 0.5431, 0.8913 -2.1437 0.536, 0.8103 -2.1437 0.6602, 0.8998 -2.1437 0.5722, 0.9009 -2.1437 0.5623, 0.8996 -2.1437 0.5515, 0.8383 -2.1437 0.6748, 0.8574 -2.1437 0.6768, 0.8936 -2.1437 0.67, 0.8758 -2.1437 0.6752, 0.8837 -2.1437 0.5293, 0.8748 -2.1437 0.5242, 0.8548 -2.1437 0.6551, 0.8469 -2.1437 0.6545, 0.8256 -2.1437 0.6345, 0.8397 -2.1437 0.6526, 0.8337 -2.1437 0.6494, 0.8259 -2.1437 0.631, 0.8269 -2.1437 0.6268, 0.8288 -2.1437 0.6232, 0.8315 -2.1437 0.6204, 0.8409 -2.1437 0.6145, 0.8723 -2.1437 0.6531, 0.8574 -2.1437 0.6073, 0.8874 -2.1437 0.6476, 0.8678 -2.1437 0.6031, 0.8856 -2.1437 0.5932, 0.8297 -2.1437 0.6458, 0.8274 -2.1437 0.6424, 0.8261 -2.1437 0.6388, 0.825 -2.1437 0.541, 0.8386 -2.1437 0.5878, 0.8226 -2.1437 0.5951, 0.8419 -2.1437 0.539, 0.8431 -2.1437 0.539, 0.8561 -2.1437 0.5805, 0.8568 -2.1437 0.5406, 0.8734 -2.1437 0.5597, 0.8732 -2.1437 0.563, 0.8637 -2.1437 0.5431, 0.8661 -2.1437 0.5446, 0.8692 -2.1437 0.5473, 0.8715 -2.1437 0.5508, 0.8729 -2.1437 0.5546, 0.872 -2.1437 0.5672, 0.8699 -2.1437 0.5707, 0.8666 -2.1437 0.5742, 1.2 -2.1437 0.7343, 1.2 -2.1437 0.7098, 1.225 -2.1437 0.7951, 1.2048 -2.1437 0.5451, 1.225 -2.1437 0.519, 1.2048 -2.1437 0.5208, 1.1575 -2.1437 0.519, 1.1176 -2.1437 0.5451, 1.1575 -2.1437 0.5451, 1.1176 -2.1437 0.617, 1.1575 -2.1437 0.617, 1.1939 -2.1437 0.617, 1.1939 -2.1437 0.6414, 1.1575 -2.1437 0.7098, 1.1575 -2.1437 0.5208, 1.09 -2.1437 0.5208, 1.0756 -2.1437 0.519, 1.09 -2.1437 0.7343, 1.1575 -2.1437 0.7343, 1.1575 -2.1437 0.7951, 0.2262 -2.1437 0.9065, 0.2673 -2.1437 0.8717, 0.4112 -2.1437 1.0748, 0.0575 -2.1437 1.0748, 0.0915 -2.1437 1.0514, 0.1432 -2.1437 0.9912, 0.1735 -2.1437 0.9315, 0.181 -2.1437 0.929, -0.2554 -2.1437 1.0965, -0.1851 -2.1437 1.1223, -1.5527 -2.1437 8.1496, 0.4112 -2.1437 8.1496, -0.0447 -2.1437 1.122, 0.0308 -2.1437 1.0933, -0.1149 -2.1437 1.1303, -0.291 -2.1437 1.0748, -1.5527 -2.1437 1.0748, -0.2971 -2.1437 1.0711, -1.5527 -2.1437 0.8577, -0.6232 -2.1437 0.8577, -0.6099 -2.1437 0.8877, -0.5734 -2.1437 0.9345, -0.4586 -2.1437 1.0, -0.3988 -2.1437 1.0074, -0.3328 -2.1437 1.0406, -0.3813 -2.1437 1.0064, -0.3639 -2.1437 1.0043, -0.5631 -2.1437 0.9442, -0.5148 -2.1437 0.9782, -0.5336 -2.1437 0.5555, -0.581 -2.1437 0.596, -1.5527 -2.1437 0.519, -0.4787 -2.1437 0.5288, -0.6157 -2.1437 0.6455, -0.6374 -2.1437 0.702, -1.5527 -2.1437 0.7951, -0.6447 -2.1437 0.7614, -0.6443 -2.1437 0.776, -0.6409 -2.1437 0.7951, -0.6341 -2.1437 0.8331, -0.4595 -2.1437 0.5231, -0.4576 -2.1437 0.519, -0.4443 -2.1437 0.4905, -1.5527 -2.1437 0.4344, -0.4217 -2.1437 0.4626, -0.392 -2.1437 0.4403, -1.5527 -2.1437 0.3937, -0.357 -2.1437 0.4256, -0.3781 -2.1437 0.4344, -0.2525 -2.1437 0.4344, -0.2786 -2.1437 0.4244, 0.4112 -2.1437 0.3937, -0.3153 -2.1437 0.4199, -0.3211 -2.1437 0.42, -0.1731 -2.1437 0.519, -0.1732 -2.1437 0.5184, -0.1912 -2.1437 0.4846, -0.2145 -2.1437 0.4584, -0.2447 -2.1437 0.4374, 0.3169 -2.1437 0.7821, 0.3238 -2.1437 0.7326, 0.0208 -2.1437 0.6086, 0.0312 -2.1437 0.6127, 0.049 -2.1437 0.6992, 0.2676 -2.1437 0.5884, 0.2263 -2.1437 0.5534, -0.2015 -2.1437 0.6734, 0.002 -2.1437 0.7797, -0.228 -2.1437 0.6975, -0.2602 -2.1437 0.7148, 0.0114 -2.1437 0.6019, 0.2978 -2.1437 0.6303, 0.2289 -2.1437 0.7444, 0.2218 -2.1437 0.7736, 0.2102 -2.1437 0.7951, -0.5453 -2.1437 0.7951, 0.3168 -2.1437 0.6784, 0.043 -2.1437 0.6142, 0.0444 -2.1437 0.6141, 0.049 -2.1437 0.6131, -0.5364 -2.1437 0.7039, -0.5183 -2.1437 0.6732, -0.4412 -2.1437 0.6574, -0.4911 -2.1437 0.6452, -0.458 -2.1437 0.6248, -0.3851 -2.1437 0.7077, -0.4161 -2.1437 0.6861, -0.5491 -2.1437 0.7645, -0.5473 -2.1437 0.7411, -0.3516 -2.1437 0.7205, -0.3153 -2.1437 0.725, -0.2968 -2.1437 0.7239, -0.0041 -2.1437 0.5671, -0.0037 -2.1437 0.5731, -0.1635 -2.1437 0.5869, -0.0007 -2.1437 0.5847, 0.0052 -2.1437 0.595, 0.1989 -2.1437 0.6508, 0.2156 -2.1437 0.6745, 0.226 -2.1437 0.7015, 0.2297 -2.1437 0.7311, 0.0314 -2.1437 0.5214, 0.0213 -2.1437 0.5254, 0.0115 -2.1437 0.5324, 0.008 -2.1437 0.536, 0.0013 -2.1437 0.5455, -0.0027 -2.1437 0.5558, -0.1643 -2.1437 0.5559, -0.1635 -2.1437 0.5717, 0.18 -2.1437 0.5307, 0.1295 -2.1437 0.5201, 0.0399 -2.1437 0.5201, 0.0521 -2.1437 0.6127, 0.1204 -2.1437 0.6127, 0.1477 -2.1437 0.6179, 0.1744 -2.1437 0.6303, 0.1969 -2.1437 0.6486, 0.0991 -2.1437 0.8495, -0.5316 -2.1437 0.8351, -0.5446 -2.1437 0.8012, 0.1113 -2.1437 0.8495, 0.2077 -2.1437 0.7997, 0.1902 -2.1437 0.8193, 0.1667 -2.1437 0.8357, 0.1402 -2.1437 0.8459, 0.0664 -2.1437 0.9407, 0.0322 -2.1437 0.9816, -0.3168 -2.1437 0.8935, 0.0283 -2.1437 0.9851, -0.0143 -2.1437 1.0147, -0.2936 -2.1437 0.9415, -0.5158 -2.1437 0.8577, -0.3276 -2.1437 0.8994, 0.0973 -2.1437 0.8577, 0.0898 -2.1437 0.8918, -0.3617 -2.1437 0.9119, -0.3973 -2.1437 0.9163, -0.4131 -2.1437 0.9155, -0.2596 -2.1437 0.9822, -0.0619 -2.1437 1.0329, -0.2189 -2.1437 1.012, -0.1134 -2.1437 1.0392, -0.1693 -2.1437 1.0321, -0.4506 -2.1437 0.9066, -0.4844 -2.1437 0.8886, -0.5105 -2.1437 0.8653, 0.2774 -2.1437 0.8577, 0.2983 -2.1437 0.8285, 0.3117 -2.1437 0.7951, -2.4606 -2.1437 0.3937, -2.4606 -2.1437 0.4344, -2.4606 -2.1437 0.519, -2.4606 -2.1437 0.7951, -2.4606 -2.1437 0.8577, -2.4606 -2.1437 1.0748, -2.4606 -2.1437 8.1496, 0.6113 -2.1437 0.8839, 0.6113 -2.1437 0.8595, 0.4987 -2.1437 0.8595, 0.5262 -2.1437 1.073, 0.5262 -2.1437 0.8839, 0.4987 -2.1437 1.073, 0.6168 -2.1437 0.519, 0.6135 -2.1437 0.5208, 0.4987 -2.1437 0.5208, 0.6135 -2.1437 0.5451, 0.6087 -2.1437 0.7098, 0.5262 -2.1437 0.617, 0.5262 -2.1437 0.5451, 0.6026 -2.1437 0.617, 0.6026 -2.1437 0.6414, 0.5262 -2.1437 0.6414, 0.5262 -2.1437 0.7098, 0.4987 -2.1437 0.7343, 0.6087 -2.1437 0.7343, 0.6168 -2.1437 8.1496, 0.9078 -2.1437 8.1496, 0.9576 -2.1437 8.1496, 1.0756 -2.1437 8.1496, 1.1575 -2.1437 8.1496, 1.225 -2.1437 8.1496, 4.311 -2.1437 8.1496, 1.5925 -2.1437 0.5208, 1.5707 -2.1437 0.5792, 1.4818 -2.1437 0.5792, 4.311 -2.1437 0.519, 4.311 -2.1437 0.7951, 1.5417 -2.1437 0.7343, 1.4184 -2.1437 0.6167, 1.4132 -2.1437 0.5917, 1.4309 -2.1437 0.5208, 1.4027 -2.1437 0.5696, 1.3868 -2.1437 0.5507, 1.5122 -2.1437 0.7343, 1.419 -2.1437 0.6303, 1.4155 -2.1437 0.6596, 1.3061 -2.1437 0.7343, 1.3387 -2.1437 0.7307, 1.3644 -2.1437 0.5347, 1.3401 -2.1437 0.5252, 1.3039 -2.1437 0.5208, 1.3868 -2.1437 0.706, 1.3944 -2.1437 0.6986, 1.4076 -2.1437 0.68, 1.3645 -2.1437 0.7213, 1.4613 -2.1437 0.5208, 1.623 -2.1437 0.5208, 1.2452 -2.1437 0.5208, 1.2452 -2.1437 0.7343, 1.1575 -2.1437 0.4344, 1.225 -2.1437 0.4344, 4.311 -2.1437 0.4344, 0.6168 -2.1437 0.3937, 0.6296 -2.1437 0.3937, 0.8103 -2.1437 0.3937, 0.9078 -2.1437 0.3937, 0.9576 -2.1437 0.3937, 1.0756 -2.1437 0.3937, 1.1575 -2.1437 0.3937, 1.225 -2.1437 0.3937, 4.311 -2.1437 0.3937, 4.4291 2.0295 8.1496, 4.4291 -2.0256 8.1496, 4.4291 2.0295 0.3937, 4.4291 -2.0256 0.3937, -2.4606 2.1476 8.1496, 4.311 2.1476 8.1496, -2.4606 2.1476 0.3937, 4.311 2.1476 0.3937, -4.4291 -0.1752 8.1496, -4.4291 0.1791 8.1496, -4.4291 -0.1752 0.3937, -4.4291 0.1791 0.3937, -2.8025 2.1177 0.3937, -2.8025 2.1177 8.1496, -3.1339 2.0289 0.3937, -3.1339 2.0289 8.1496, -3.4449 1.8839 0.3937, -3.4449 1.8839 8.1496, -3.726 1.6871 0.3937, -3.726 1.6871 8.1496, -3.9686 1.4445 0.3937, -3.9686 1.4445 8.1496, -4.1654 1.1634 0.3937, -4.1654 1.1634 8.1496, -4.3104 0.8524 0.3937, -4.3104 0.8524 8.1496, -4.3992 0.521 0.3937, -4.3992 0.521 8.1496, -4.3992 -0.517 0.3937, -2.8025 -2.1138 0.3937, -4.3992 -0.517 8.1496, -4.3104 -0.8485 0.3937, -4.3104 -0.8485 8.1496, -4.1654 -1.1594 0.3937, -4.1654 -1.1594 8.1496, -3.9686 -1.4405 0.3937, -3.9686 -1.4405 8.1496, -3.726 -1.6832 0.3937, -3.726 -1.6832 8.1496, -3.4449 -1.88 0.3937, -3.4449 -1.88 8.1496, -3.1339 -2.025 0.3937, -3.1339 -2.025 8.1496, -2.8025 -2.1138 8.1496, 4.4251 2.0601 0.3937, 4.4251 2.0601 8.1496, 4.4133 2.0886 0.3937, 4.4133 2.0886 8.1496, 4.3945 2.113 0.3937, 4.3945 2.113 8.1496, 4.3701 2.1318 0.3937, 4.3701 2.1318 8.1496, 4.3416 2.1436 0.3937, 4.3416 2.1436 8.1496, 4.3373 -2.1407 8.1496, 4.3373 -2.1407 0.3937, 4.3623 -2.132 0.3937, 4.3623 -2.132 8.1496, 4.3847 -2.1179 0.3937, 4.3847 -2.1179 8.1496, 4.4034 -2.0992 0.3937, 4.4034 -2.0992 8.1496, 4.4174 -2.0768 0.3937, 4.4174 -2.0768 8.1496, 4.4262 -2.0519 0.3937, 4.4262 -2.0519 8.1496
            ]
        }
        coordIndex [
            0,1,2,-1,3,4,5,-1,6,7,8,-1,9,10,11,-1,12,13,14,-1,15,16,17,-1,18,19,20,-1,21,22,23,-1,24,25,26,-1,23,27,21,-1,21,27,28,-1,21,28,29,-1,29,28,24,-1,29,24,30,-1,30,24,26,-1,31,32,11,-1,11,32,33,-1,11,33,34,-1,34,33,27,-1,27,33,35,-1,27,35,28,-1,36,32,37,-1,37,32,31,-1,37,31,38,-1,39,40,41,-1,42,43,31,-1,31,43,44,-1,31,44,38,-1,45,46,47,-1,47,46,48,-1,47,48,39,-1,39,48,49,-1,39,49,40,-1,50,51,31,-1,31,51,52,-1,31,52,42,-1,53,54,55,-1,53,55,56,-1,54,57,55,-1,55,57,58,-1,55,58,47,-1,47,58,59,-1,47,59,45,-1,60,61,62,-1,63,64,65,-1,65,64,66,-1,60,62,67,-1,68,69,70,-1,71,72,73,-1,74,75,76,-1,63,77,64,-1,64,77,78,-1,64,78,79,-1,79,78,80,-1,81,82,80,-1,80,82,83,-1,80,83,79,-1,84,85,68,-1,68,85,86,-1,68,86,69,-1,87,88,62,-1,62,88,89,-1,62,89,67,-1,73,90,71,-1,71,90,91,-1,71,91,92,-1,70,93,68,-1,68,93,94,-1,68,94,71,-1,71,94,66,-1,71,66,72,-1,72,66,64,-1,74,95,75,-1,75,95,96,-1,75,96,97,-1,97,96,98,-1,97,98,99,-1,100,101,80,-1,80,101,102,-1,80,102,103,-1,104,105,106,-1,106,105,107,-1,106,107,108,-1,109,110,111,-1,111,110,112,-1,111,112,99,-1,99,112,113,-1,99,113,97,-1,103,114,80,-1,80,114,115,-1,80,115,81,-1,61,116,117,-1,117,116,118,-1,116,119,118,-1,118,119,120,-1,118,120,68,-1,68,120,121,-1,68,121,84,-1,122,123,124,-1,124,125,122,-1,122,125,126,-1,122,126,20,-1,18,20,127,-1,128,129,130,-1,131,132,133,-1,133,132,134,-1,133,134,126,-1,126,134,135,-1,126,135,20,-1,20,135,136,-1,20,136,127,-1,137,138,139,-1,139,138,140,-1,139,140,141,-1,131,133,130,-1,130,133,142,-1,130,142,128,-1,129,143,130,-1,130,143,144,-1,130,144,145,-1,145,146,130,-1,130,146,147,-1,130,147,148,-1,148,149,130,-1,130,149,138,-1,130,138,150,-1,150,138,137,-1,16,151,152,-1,152,151,123,-1,152,123,153,-1,17,154,155,-1,155,156,17,-1,17,156,157,-1,17,157,15,-1,158,159,160,-1,161,162,163,-1,163,162,164,-1,163,164,17,-1,17,164,165,-1,17,165,154,-1,166,167,168,-1,168,169,166,-1,166,169,170,-1,166,170,171,-1,167,166,172,-1,172,166,71,-1,172,71,173,-1,173,71,174,-1,174,71,175,-1,174,175,19,-1,176,177,178,-1,178,177,179,-1,180,181,182,-1,182,181,183,-1,183,181,184,-1,184,181,185,-1,184,185,186,-1,186,185,187,-1,186,187,14,-1,14,187,188,-1,14,188,12,-1,178,187,176,-1,176,187,185,-1,176,185,189,-1,189,185,190,-1,189,190,191,-1,191,190,192,-1,191,192,193,-1,179,177,194,-1,194,177,122,-1,194,122,193,-1,193,122,20,-1,193,20,191,-1,195,196,197,-1,198,199,176,-1,195,197,189,-1,189,197,200,-1,189,200,176,-1,176,200,201,-1,176,201,198,-1,202,203,204,-1,205,206,207,-1,203,208,204,-1,204,208,209,-1,204,209,195,-1,195,209,210,-1,195,210,196,-1,205,207,211,-1,198,212,199,-1,199,212,213,-1,199,213,207,-1,207,213,214,-1,207,214,211,-1,206,215,207,-1,207,215,216,-1,207,216,204,-1,204,216,217,-1,204,217,202,-1,218,219,220,-1,220,219,221,-1,220,221,222,-1,223,224,225,-1,225,224,226,-1,219,227,221,-1,221,227,228,-1,221,228,204,-1,204,228,229,-1,204,229,207,-1,207,229,230,-1,207,230,226,-1,226,230,231,-1,226,231,225,-1,104,109,105,-1,105,109,111,-1,105,111,232,-1,232,111,233,-1,232,233,234,-1,234,233,235,-1,234,235,236,-1,236,235,237,-1,238,237,117,-1,117,237,235,-1,117,235,61,-1,61,235,233,-1,61,233,62,-1,238,117,10,-1,10,117,39,-1,10,39,11,-1,11,39,41,-1,11,41,31,-1,31,41,239,-1,31,239,50,-1,240,241,242,-1,243,244,175,-1,11,245,246,-1,92,74,71,-1,71,74,76,-1,71,76,175,-1,175,76,247,-1,175,247,243,-1,248,249,11,-1,11,249,250,-1,11,250,245,-1,244,251,175,-1,175,251,252,-1,175,252,34,-1,241,248,242,-1,242,248,11,-1,242,11,253,-1,253,11,34,-1,253,34,254,-1,254,34,252,-1,246,255,11,-1,11,255,256,-1,11,256,9,-1,257,258,259,-1,259,258,260,-1,259,260,261,-1,259,262,257,-1,257,262,263,-1,257,263,264,-1,264,265,257,-1,257,265,266,-1,257,266,267,-1,267,266,268,-1,267,268,269,-1,269,268,270,-1,269,270,242,-1,242,270,271,-1,242,271,240,-1,272,273,261,-1,261,273,274,-1,261,274,259,-1,275,276,108,-1,108,276,277,-1,108,277,106,-1,275,278,276,-1,276,278,279,-1,276,279,280,-1,280,279,281,-1,280,282,283,-1,281,284,280,-1,280,284,285,-1,280,285,286,-1,286,287,280,-1,280,287,288,-1,280,288,282,-1,283,289,280,-1,280,289,290,-1,280,290,291,-1,292,293,294,-1,294,293,295,-1,294,295,296,-1,296,295,297,-1,296,297,298,-1,299,300,301,-1,301,300,302,-1,302,300,303,-1,303,300,295,-1,303,295,304,-1,304,295,293,-1,304,293,8,-1,8,293,305,-1,8,305,6,-1,297,306,298,-1,298,306,307,-1,298,307,308,-1,308,307,309,-1,292,294,310,-1,310,294,311,-1,310,311,309,-1,309,311,23,-1,309,23,308,-1,308,23,22,-1,308,22,56,-1,312,313,314,-1,314,313,3,-1,315,316,314,-1,314,316,317,-1,317,318,314,-1,314,318,319,-1,314,319,312,-1,320,321,322,-1,323,324,325,-1,322,321,323,-1,323,321,326,-1,323,326,324,-1,320,322,327,-1,327,322,328,-1,327,328,329,-1,330,331,328,-1,328,331,332,-1,328,332,333,-1,328,334,329,-1,329,334,335,-1,329,335,336,-1,336,335,337,-1,336,337,338,-1,333,339,328,-1,328,339,340,-1,328,340,334,-1,341,342,343,-1,341,343,344,-1,342,345,343,-1,343,345,346,-1,343,346,347,-1,347,346,348,-1,348,349,347,-1,347,349,350,-1,347,350,330,-1,330,350,351,-1,330,351,331,-1,352,344,353,-1,353,344,343,-1,353,343,354,-1,354,343,355,-1,354,355,356,-1,356,355,357,-1,358,359,355,-1,355,359,360,-1,355,360,357,-1,361,362,363,-1,363,362,364,-1,363,364,358,-1,358,364,365,-1,358,365,359,-1,0,366,1,-1,1,366,367,-1,1,367,368,-1,368,369,1,-1,1,369,370,-1,1,370,361,-1,371,372,4,-1,373,374,375,-1,376,377,0,-1,378,379,380,-1,380,379,381,-1,373,375,382,-1,376,0,383,-1,384,385,379,-1,379,385,386,-1,379,386,387,-1,4,372,0,-1,0,372,388,-1,0,388,383,-1,374,389,375,-1,375,389,390,-1,375,390,391,-1,392,393,394,-1,394,393,395,-1,394,395,396,-1,397,387,398,-1,398,387,399,-1,398,399,394,-1,394,399,400,-1,394,400,392,-1,397,401,387,-1,387,401,402,-1,387,402,379,-1,379,402,403,-1,379,403,381,-1,404,405,406,-1,406,405,407,-1,406,407,375,-1,375,407,408,-1,375,408,382,-1,409,410,375,-1,375,410,411,-1,375,411,379,-1,379,411,412,-1,379,412,384,-1,413,414,366,-1,366,414,415,-1,366,415,416,-1,416,417,366,-1,366,417,418,-1,366,418,419,-1,419,418,404,-1,419,404,420,-1,420,404,406,-1,377,421,0,-1,0,421,422,-1,0,422,366,-1,366,422,423,-1,366,423,413,-1,391,424,375,-1,375,424,425,-1,375,425,426,-1,426,427,375,-1,375,427,428,-1,375,428,409,-1,429,430,431,-1,431,387,429,-1,429,387,386,-1,429,386,432,-1,432,386,433,-1,433,434,432,-1,432,434,435,-1,432,435,436,-1,437,438,439,-1,438,440,439,-1,439,440,441,-1,439,441,442,-1,443,439,444,-1,430,429,443,-1,443,429,445,-1,443,445,439,-1,439,445,446,-1,439,446,437,-1,444,447,443,-1,443,447,448,-1,443,448,449,-1,442,441,450,-1,450,441,451,-1,450,451,452,-1,452,451,453,-1,452,453,454,-1,455,456,449,-1,449,456,457,-1,449,457,443,-1,313,458,3,-1,3,458,459,-1,3,459,4,-1,4,459,460,-1,4,460,371,-1,461,358,462,-1,462,358,355,-1,462,355,463,-1,463,355,343,-1,463,343,464,-1,464,343,347,-1,464,347,465,-1,465,347,330,-1,465,330,466,-1,466,330,328,-1,466,328,467,-1,467,328,322,-1,468,469,160,-1,160,469,470,-1,471,163,314,-1,159,161,160,-1,160,161,163,-1,160,163,468,-1,468,163,471,-1,468,471,472,-1,5,160,3,-1,3,160,470,-1,3,470,314,-1,314,470,473,-1,314,473,471,-1,474,475,476,-1,475,474,477,-1,477,474,5,-1,477,5,478,-1,479,480,481,-1,481,480,477,-1,481,477,482,-1,482,477,478,-1,482,478,483,-1,483,478,484,-1,2,474,0,-1,0,474,476,-1,0,476,4,-1,4,476,485,-1,4,485,5,-1,5,485,486,-1,5,486,478,-1,16,152,17,-1,17,152,487,-1,17,487,163,-1,163,487,323,-1,163,323,314,-1,314,323,325,-1,314,325,315,-1,2,118,474,-1,474,118,68,-1,474,68,5,-1,5,68,71,-1,5,71,160,-1,160,71,166,-1,160,166,158,-1,158,166,171,-1,19,175,20,-1,20,175,34,-1,20,34,191,-1,191,34,27,-1,191,27,189,-1,189,27,23,-1,189,23,195,-1,195,23,311,-1,195,311,204,-1,204,311,294,-1,204,294,221,-1,123,122,153,-1,153,122,177,-1,153,177,488,-1,488,177,176,-1,488,176,489,-1,489,176,199,-1,489,199,490,-1,490,199,207,-1,490,207,491,-1,491,207,226,-1,491,226,492,-1,492,226,224,-1,492,224,493,-1,494,495,496,-1,497,498,499,-1,500,501,502,-1,502,501,503,-1,502,503,504,-1,225,222,223,-1,223,222,221,-1,223,221,498,-1,498,221,294,-1,498,294,499,-1,499,294,505,-1,500,502,506,-1,506,502,505,-1,506,505,507,-1,508,509,294,-1,504,510,502,-1,502,510,511,-1,502,511,512,-1,513,514,505,-1,505,514,515,-1,505,515,507,-1,294,509,505,-1,505,509,516,-1,505,516,513,-1,496,517,494,-1,494,517,497,-1,494,497,518,-1,518,497,499,-1,517,502,497,-1,497,502,512,-1,497,512,296,-1,296,512,519,-1,296,519,294,-1,294,519,520,-1,294,520,508,-1,56,55,308,-1,308,55,521,-1,308,521,298,-1,298,521,522,-1,298,522,296,-1,296,522,523,-1,296,523,497,-1,361,363,1,-1,1,363,524,-1,1,524,2,-1,2,524,525,-1,2,525,118,-1,118,525,526,-1,118,526,117,-1,117,526,527,-1,117,527,39,-1,39,527,528,-1,39,528,47,-1,47,528,529,-1,47,529,55,-1,55,529,530,-1,55,530,521,-1,521,530,531,-1,521,531,522,-1,522,531,532,-1,522,532,523,-1,533,534,535,-1,535,534,536,-1,537,538,539,-1,539,538,540,-1,541,542,543,-1,543,542,544,-1,537,539,545,-1,537,545,546,-1,546,545,547,-1,546,547,548,-1,548,547,549,-1,548,549,550,-1,550,549,551,-1,550,551,552,-1,552,551,553,-1,552,553,554,-1,554,553,555,-1,554,555,556,-1,556,555,557,-1,556,557,558,-1,558,557,559,-1,558,559,560,-1,560,559,544,-1,560,544,542,-1,541,543,561,-1,461,462,562,-1,562,462,463,-1,463,464,562,-1,562,464,465,-1,562,465,466,-1,541,561,563,-1,563,561,564,-1,563,564,565,-1,565,564,566,-1,565,566,567,-1,567,566,568,-1,567,568,569,-1,569,568,570,-1,569,570,571,-1,571,570,572,-1,571,572,573,-1,573,572,574,-1,573,574,575,-1,575,574,562,-1,575,562,576,-1,576,562,466,-1,576,466,467,-1,533,535,577,-1,533,577,578,-1,578,577,579,-1,578,579,580,-1,580,579,581,-1,580,581,582,-1,582,581,583,-1,582,583,584,-1,584,583,585,-1,584,585,586,-1,586,585,540,-1,586,540,538,-1,587,493,224,-1,224,223,588,-1,588,223,498,-1,498,497,588,-1,588,497,523,-1,588,523,532,-1,224,588,587,-1,587,588,589,-1,587,589,590,-1,590,589,591,-1,590,591,592,-1,592,591,593,-1,592,593,594,-1,594,593,595,-1,594,595,596,-1,596,595,597,-1,596,597,598,-1,598,597,536,-1,598,536,534,-1,
        ]
    }
}
Shape{
    appearance Appearance {
        material  Material 	{
            diffuseColor 1.0 1.0 0.0
            specularColor 0.5019607843137255 0.5019607843137255 0.0
            ambientIntensity 0.886
            transparency 0.0
            shininess 0.5
        }
    }
    geometry IndexedFaceSet {
        ccw TRUE
        solid FALSE
        coord DEF co Coordinate {
            point [
                -1.6517 -0.3957 7.7559, -1.7677 -0.5117 7.7559, -1.6923 -0.5518 7.7559, -1.7846 -0.6189 7.7559, -1.4437 -0.0965 7.7559, -1.5232 -0.0965 7.7559, -1.4573 -0.1686 7.7559, -1.5684 -0.2542 7.7559, -1.8863 -0.6708 7.7559, -1.9091 -0.595 7.7559, -1.9948 -0.7061 7.7559, -2.0669 -0.6401 7.7559, -2.0669 -0.7197 7.7559, -1.6116 -0.4711 7.7559, -1.5445 -0.3788 7.7559, -1.4926 -0.2771 7.7559, -1.7681 -1.0451 7.3622, -1.7354 -1.0344 7.3622, -1.7406 -1.0221 7.4641, -1.5298 -0.9189 7.3622, -1.4366 -0.8512 7.3622, -1.4453 -0.841 7.4641, -1.3265 -0.7411 7.3622, -1.3122 -0.7268 7.3622, -1.3224 -0.7181 7.4641, -1.1748 -0.5179 7.3622, -1.1289 -0.428 7.3622, -1.1413 -0.4228 7.4641, -1.0763 -0.2664 7.3622, -1.0745 -0.2608 7.3622, -1.0875 -0.2576 7.4641, -2.0305 -1.1098 7.3622, -1.9026 -1.0889 7.3622, -1.9058 -1.0758 7.4641, -1.3957 -0.0965 7.753, -1.3582 -0.1924 7.7425, -1.3412 -0.0965 7.7413, -1.3238 -0.0965 7.7375, -1.2665 -0.0965 7.7144, -1.2659 -0.2147 7.7032, -1.2462 -0.0965 7.7019, -1.2041 -0.0965 7.6758, -1.1866 -0.2338 7.6406, -1.1638 -0.0965 7.6402, -1.1586 -0.0965 7.6356, -1.1258 -0.2484 7.5591, -1.1127 -0.0965 7.5786, -1.0836 -0.0965 7.5262, -1.1015 -0.0965 7.5585, -1.0476 -0.0965 7.3622, -1.0493 -0.0965 7.3986, -1.0593 -0.0965 7.4572, -1.0617 -0.0965 7.4639, -2.0669 -1.1118 7.418, -2.0669 -1.1158 7.3622, -2.0669 -1.1008 7.4637, -2.0669 -1.0947 7.4889, -1.9296 -0.9768 7.6406, -2.0669 -0.9987 7.6394, -1.915 -1.0376 7.5591, -2.0669 -1.0262 7.6117, -2.0669 -1.0604 7.5632, -2.0669 -1.0624 7.5589, -2.0669 -1.0918 7.4971, -1.9487 -0.8975 7.7032, -2.0669 -0.9264 7.6982, -2.0669 -0.9746 7.6637, -1.971 -0.8052 7.7425, -2.0669 -0.8603 7.7304, -2.0669 -0.9176 7.7025, -2.0669 -0.7301 7.7558, -2.0669 -0.8033 7.7471, -2.0669 -0.8221 7.7416, -1.1777 -0.4077 7.5591, -1.2354 -0.3838 7.6406, -1.3108 -0.3525 7.7032, -1.3985 -0.3161 7.7425, -1.2088 -0.5846 7.3622, -1.2203 -0.5776 7.4641, -1.2538 -0.557 7.5591, -1.3071 -0.5243 7.6406, -1.3766 -0.4817 7.7032, -1.4576 -0.432 7.7425, -1.5341 -0.5373 7.7425, -1.4619 -0.599 7.7032, -1.3999 -0.6519 7.6406, -1.3523 -0.6926 7.5591, -1.4708 -0.8111 7.5591, -1.5115 -0.7635 7.6406, -1.5644 -0.7015 7.7032, -1.6261 -0.6293 7.7425, -1.5788 -0.9546 7.3622, -1.5858 -0.9431 7.4641, -1.6064 -0.9096 7.5591, -1.6391 -0.8563 7.6406, -1.6817 -0.7867 7.7032, -1.7313 -0.7058 7.7425, -1.8472 -0.7649 7.7425, -1.8109 -0.8526 7.7032, -1.7796 -0.9279 7.6406, -1.7556 -0.9857 7.5591, -2.0669 -0.6401 3.8189, -1.9091 -0.595 3.8189, -1.7677 -0.5117 3.8189, -1.6517 -0.3957 3.8189, -1.5684 -0.2542 3.8189, -1.5232 -0.0965 3.8189, -1.7677 0.5157 7.7559, -1.6517 0.3996 7.7559, -1.6116 0.475 7.7559, -1.5232 0.1004 7.7559, -1.4437 0.1004 7.7559, -1.4573 0.1725 7.7559, -2.0669 0.7236 7.7559, -2.0669 0.6441 7.7559, -1.9948 0.7101 7.7559, -1.9091 0.5989 7.7559, -1.5684 0.2582 7.7559, -1.4926 0.281 7.7559, -1.5445 0.3827 7.7559, -1.6923 0.5558 7.7559, -1.7846 0.6229 7.7559, -1.8863 0.6747 7.7559, -1.0763 0.2704 7.3622, -1.1289 0.4319 7.3622, -1.1381 0.4281 7.4498, -1.3265 0.745 7.3622, -1.4366 0.8551 7.3622, -1.443 0.8476 7.4498, -1.0476 0.1004 7.3622, -1.0745 0.2647 7.3622, -1.0544 0.1004 7.4348, -1.0841 0.2624 7.4498, -1.0577 0.1004 7.4498, -1.1124 0.2556 7.533, -1.084 0.1004 7.5271, -1.0596 0.1004 7.4582, -1.158 0.2446 7.6077, -1.1127 0.1004 7.5787, -1.0872 0.1004 7.5328, -1.2186 0.23 7.67, -1.1587 0.1004 7.6358, -1.1352 0.1004 7.6066, -1.2718 0.1004 7.7165, -1.2652 0.1004 7.7138, -1.2912 0.2125 7.7169, -1.2028 0.1004 7.6749, -1.1969 0.1004 7.6696, -1.32 0.1004 7.7363, -1.3721 0.193 7.746, -1.3558 0.1004 7.7444, -1.3919 0.1004 7.7525, -1.9743 0.7952 7.746, -2.0669 0.8007 7.7484, -2.0669 0.7274 7.7559, -1.9548 0.8761 7.7169, -2.0669 0.8606 7.7317, -2.0669 0.8118 7.7453, -1.9373 0.9487 7.67, -2.0669 0.9269 7.7002, -2.0669 0.895 7.7154, -2.0669 1.033 7.6074, -2.0669 1.0287 7.6134, -1.9227 1.0093 7.6077, -2.0669 0.9768 7.6651, -2.0669 0.9705 7.6696, -2.0669 1.0636 7.5644, -1.9118 1.0549 7.533, -2.0669 1.079 7.5323, -2.0669 1.0953 7.4984, -1.9049 1.0832 7.4498, -2.0669 1.1092 7.4497, -2.0669 1.1197 7.3622, -2.0669 1.1117 7.4412, -2.0305 1.1137 7.3622, -1.9026 1.0928 7.3622, -1.7681 1.049 7.3622, -1.7388 0.6976 7.746, -1.6354 0.6224 7.746, -1.6953 0.7685 7.7169, -1.5813 0.6856 7.7169, -1.6563 0.8321 7.67, -1.5328 0.7424 7.67, -1.6237 0.8853 7.6077, -1.4923 0.7898 7.6077, -1.5992 0.9253 7.533, -1.4619 0.8255 7.533, -1.584 0.9501 7.4498, -1.4698 0.4285 7.746, -1.4117 0.3146 7.746, -1.3988 0.472 7.7169, -1.3348 0.3465 7.7169, -1.3352 0.511 7.67, -1.2659 0.3751 7.67, -1.2821 0.5436 7.6077, -1.2083 0.399 7.6077, -1.2421 0.5681 7.533, -1.165 0.4169 7.533, -1.2172 0.5834 7.4498, -1.7354 1.0384 7.3622, -1.7392 1.0293 7.4498, -1.7504 1.0024 7.533, -1.7683 0.959 7.6077, -1.7922 0.9015 7.67, -1.8208 0.8325 7.7169, -1.8527 0.7557 7.746, -1.5788 0.9585 7.3622, -1.5298 0.9229 7.3622, -1.3122 0.7308 7.3622, -1.3197 0.7244 7.4498, -1.3419 0.7054 7.533, -1.3775 0.675 7.6077, -1.4249 0.6345 7.67, -1.4817 0.586 7.7169, -1.545 0.532 7.746, -1.2088 0.5885 7.3622, -1.1748 0.5219 7.3622, -1.5232 0.1004 3.8189, -1.5684 0.2582 3.8189, -1.6517 0.3996 3.8189, -1.7677 0.5157 3.8189, -1.9091 0.5989 3.8189, -2.0669 0.6441 3.8189, -2.8075 -0.0965 7.7559, -2.887 -0.0965 7.7559, -2.8735 -0.1686 7.7559, -2.2638 -0.7197 7.7559, -2.2638 -0.6401 7.7559, -2.3359 -0.7061 7.7559, -2.4216 -0.595 7.7559, -2.563 -0.5117 7.7559, -2.679 -0.3957 7.7559, -2.7191 -0.4711 7.7559, -2.6384 -0.5518 7.7559, -2.5461 -0.6189 7.7559, -2.4444 -0.6708 7.7559, -2.7623 -0.2542 7.7559, -2.8381 -0.2771 7.7559, -2.7863 -0.3788 7.7559, -3.2544 -0.2664 7.3622, -3.2018 -0.428 7.3622, -3.1894 -0.4228 7.4641, -3.0042 -0.7411 7.3622, -2.8942 -0.8512 7.3622, -2.8854 -0.841 7.4641, -3.2831 -0.0965 7.3622, -3.2562 -0.2608 7.3622, -3.2782 -0.0965 7.424, -3.2432 -0.2576 7.4641, -3.268 -0.0965 7.4637, -3.2601 -0.0965 7.4946, -3.1661 -0.0965 7.6394, -3.1897 -0.0965 7.6163, -3.1441 -0.2338 7.6406, -3.2246 -0.0965 7.5683, -3.2049 -0.2484 7.5591, -3.2293 -0.0965 7.5587, -3.2571 -0.0965 7.5027, -3.1372 -0.0965 7.6676, -3.0648 -0.2147 7.7032, -3.0885 -0.0965 7.7013, -3.0219 -0.0965 7.7325, -2.9725 -0.1924 7.7425, -2.9894 -0.0965 7.7414, -2.9646 -0.0965 7.7483, -2.2638 -0.7931 7.7491, -2.3597 -0.8052 7.7425, -2.2638 -0.8221 7.7415, -2.2638 -0.8488 7.7345, -2.382 -0.8975 7.7032, -2.2638 -0.9158 7.7044, -2.2638 -0.9665 7.6703, -2.4011 -0.9768 7.6406, -2.2638 -0.9988 7.6394, -2.4157 -1.0376 7.5591, -2.2638 -1.0554 7.5714, -2.2638 -1.0195 7.6197, -2.2638 -1.1006 7.4637, -2.2638 -1.0918 7.4971, -2.4249 -1.0758 7.4641, -2.2638 -1.0883 7.5062, -2.2638 -1.0618 7.5586, -2.3003 -1.1098 7.3622, -2.2638 -1.1158 7.3622, -2.2638 -1.1157 7.3675, -2.2638 -1.1105 7.4263, -2.4281 -1.0889 7.3622, -2.5626 -1.0451 7.3622, -2.5994 -0.7058 7.7425, -2.7046 -0.6293 7.7425, -2.649 -0.7867 7.7032, -2.7663 -0.7015 7.7032, -2.6916 -0.8563 7.6406, -2.8193 -0.7635 7.6406, -2.7243 -0.9096 7.5591, -2.8599 -0.8111 7.5591, -2.7449 -0.9431 7.4641, -2.8731 -0.432 7.7425, -2.9322 -0.3161 7.7425, -2.9541 -0.4817 7.7032, -3.0199 -0.3525 7.7032, -3.0236 -0.5243 7.6406, -3.0953 -0.3838 7.6406, -3.0769 -0.557 7.5591, -3.153 -0.4077 7.5591, -3.1104 -0.5776 7.4641, -2.5953 -1.0344 7.3622, -2.5901 -1.0221 7.4641, -2.5751 -0.9857 7.5591, -2.5511 -0.9279 7.6406, -2.5198 -0.8526 7.7032, -2.4835 -0.7649 7.7425, -2.7519 -0.9546 7.3622, -2.8009 -0.9189 7.3622, -3.0185 -0.7268 7.3622, -3.0083 -0.7181 7.4641, -2.9784 -0.6926 7.5591, -2.9308 -0.6519 7.6406, -2.8688 -0.599 7.7032, -2.7966 -0.5373 7.7425, -3.1219 -0.5846 7.3622, -3.1559 -0.5179 7.3622, -2.8075 -0.0965 3.8189, -2.7623 -0.2542 3.8189, -2.679 -0.3957 3.8189, -2.563 -0.5117 3.8189, -2.4216 -0.595 3.8189, -2.2638 -0.6401 3.8189, 2.679 -0.3957 7.7559, 2.563 -0.5117 7.7559, 2.6384 -0.5518 7.7559, 2.5461 -0.6189 7.7559, 2.887 -0.0965 7.7559, 2.8075 -0.0965 7.7559, 2.8735 -0.1686 7.7559, 2.7623 -0.2542 7.7559, 2.4444 -0.6708 7.7559, 2.4216 -0.595 7.7559, 2.3359 -0.7061 7.7559, 2.2638 -0.6401 7.7559, 2.2638 -0.7197 7.7559, 2.7191 -0.4711 7.7559, 2.7863 -0.3788 7.7559, 2.8381 -0.2771 7.7559, 2.5626 -1.0451 7.3622, 2.5953 -1.0344 7.3622, 2.5901 -1.0221 7.4641, 2.8009 -0.9189 7.3622, 2.8942 -0.8512 7.3622, 2.8854 -0.841 7.4641, 3.0042 -0.7411 7.3622, 3.0185 -0.7268 7.3622, 3.0083 -0.7181 7.4641, 3.1559 -0.5179 7.3622, 3.2018 -0.428 7.3622, 3.1894 -0.4228 7.4641, 3.2544 -0.2664 7.3622, 3.2562 -0.2608 7.3622, 3.2432 -0.2576 7.4641, 2.3003 -1.1098 7.3622, 2.4281 -1.0889 7.3622, 2.4249 -1.0758 7.4641, 2.935 -0.0965 7.753, 2.9725 -0.1924 7.7425, 2.9895 -0.0965 7.7413, 3.0069 -0.0965 7.7375, 3.0642 -0.0965 7.7144, 3.0648 -0.2147 7.7032, 3.0845 -0.0965 7.7019, 3.1267 -0.0965 7.6758, 3.1441 -0.2338 7.6406, 3.1669 -0.0965 7.6402, 3.1722 -0.0965 7.6356, 3.2049 -0.2484 7.5591, 3.218 -0.0965 7.5786, 3.2471 -0.0965 7.5262, 3.2292 -0.0965 7.5585, 3.2831 -0.0965 7.3622, 3.2814 -0.0965 7.3986, 3.2714 -0.0965 7.4572, 3.269 -0.0965 7.4639, 2.2638 -1.1118 7.418, 2.2638 -1.1158 7.3622, 2.2638 -1.1008 7.4637, 2.2638 -1.0947 7.4889, 2.4011 -0.9768 7.6406, 2.2638 -0.9987 7.6394, 2.4157 -1.0376 7.5591, 2.2638 -1.0262 7.6117, 2.2638 -1.0604 7.5632, 2.2638 -1.0624 7.5589, 2.2638 -1.0918 7.4971, 2.382 -0.8975 7.7032, 2.2638 -0.9264 7.6982, 2.2638 -0.9746 7.6637, 2.3597 -0.8052 7.7425, 2.2638 -0.8603 7.7304, 2.2638 -0.9176 7.7025, 2.2638 -0.7301 7.7558, 2.2638 -0.8033 7.7471, 2.2638 -0.8221 7.7416, 3.153 -0.4077 7.5591, 3.0953 -0.3838 7.6406, 3.0199 -0.3525 7.7032, 2.9322 -0.3161 7.7425, 3.1219 -0.5846 7.3622, 3.1104 -0.5776 7.4641, 3.0769 -0.557 7.5591, 3.0236 -0.5243 7.6406, 2.9541 -0.4817 7.7032, 2.8731 -0.432 7.7425, 2.7966 -0.5373 7.7425, 2.8688 -0.599 7.7032, 2.9308 -0.6519 7.6406, 2.9784 -0.6926 7.5591, 2.8599 -0.8111 7.5591, 2.8193 -0.7635 7.6406, 2.7663 -0.7015 7.7032, 2.7046 -0.6293 7.7425, 2.7519 -0.9546 7.3622, 2.7449 -0.9431 7.4641, 2.7243 -0.9096 7.5591, 2.6916 -0.8563 7.6406, 2.649 -0.7867 7.7032, 2.5994 -0.7058 7.7425, 2.4835 -0.7649 7.7425, 2.5198 -0.8526 7.7032, 2.5511 -0.9279 7.6406, 2.5751 -0.9857 7.5591, 2.2638 -0.6401 3.8189, 2.4216 -0.595 3.8189, 2.563 -0.5117 3.8189, 2.679 -0.3957 3.8189, 2.7623 -0.2542 3.8189, 2.8075 -0.0965 3.8189, 2.8075 0.1004 7.7559, 2.887 0.1004 7.7559, 2.8735 0.1725 7.7559, 2.2638 0.7236 7.7559, 2.2638 0.6441 7.7559, 2.3359 0.7101 7.7559, 2.4216 0.5989 7.7559, 2.563 0.5157 7.7559, 2.679 0.3996 7.7559, 2.7191 0.475 7.7559, 2.6384 0.5558 7.7559, 2.5461 0.6229 7.7559, 2.4444 0.6747 7.7559, 2.7623 0.2582 7.7559, 2.8381 0.281 7.7559, 2.7863 0.3827 7.7559, 3.2544 0.2704 7.3622, 3.2018 0.4319 7.3622, 3.1927 0.4281 7.4498, 3.0042 0.745 7.3622, 2.8942 0.8551 7.3622, 2.8877 0.8476 7.4498, 3.2831 0.1004 7.3622, 3.2562 0.2647 7.3622, 3.2763 0.1004 7.4348, 3.2466 0.2624 7.4498, 3.273 0.1004 7.4498, 3.2183 0.2556 7.533, 3.2467 0.1004 7.5271, 3.2712 0.1004 7.4582, 3.1727 0.2446 7.6077, 3.218 0.1004 7.5787, 3.2436 0.1004 7.5328, 3.1121 0.23 7.67, 3.172 0.1004 7.6358, 3.1955 0.1004 7.6066, 3.0589 0.1004 7.7165, 3.0655 0.1004 7.7138, 3.0395 0.2125 7.7169, 3.1279 0.1004 7.6749, 3.1338 0.1004 7.6696, 3.0107 0.1004 7.7363, 2.9586 0.193 7.746, 2.9749 0.1004 7.7444, 2.9388 0.1004 7.7525, 2.3564 0.7952 7.746, 2.2638 0.8007 7.7484, 2.2638 0.7274 7.7559, 2.3759 0.8761 7.7169, 2.2638 0.8606 7.7317, 2.2638 0.8118 7.7453, 2.3934 0.9487 7.67, 2.2638 0.9269 7.7002, 2.2638 0.895 7.7154, 2.2638 1.033 7.6074, 2.2638 1.0287 7.6134, 2.408 1.0093 7.6077, 2.2638 0.9768 7.6651, 2.2638 0.9705 7.6696, 2.2638 1.0636 7.5644, 2.4189 1.0549 7.533, 2.2638 1.079 7.5323, 2.2638 1.0953 7.4984, 2.4258 1.0832 7.4498, 2.2638 1.1092 7.4497, 2.2638 1.1197 7.3622, 2.2638 1.1117 7.4412, 2.3003 1.1137 7.3622, 2.4281 1.0928 7.3622, 2.5626 1.049 7.3622, 2.5919 0.6976 7.746, 2.6953 0.6224 7.746, 2.6354 0.7685 7.7169, 2.7494 0.6856 7.7169, 2.6744 0.8321 7.67, 2.7979 0.7424 7.67, 2.707 0.8853 7.6077, 2.8384 0.7898 7.6077, 2.7315 0.9253 7.533, 2.8688 0.8255 7.533, 2.7468 0.9501 7.4498, 2.8609 0.4285 7.746, 2.919 0.3146 7.746, 2.9319 0.472 7.7169, 2.9959 0.3465 7.7169, 2.9955 0.511 7.67, 3.0649 0.3751 7.67, 3.0487 0.5436 7.6077, 3.1224 0.399 7.6077, 3.0886 0.5681 7.533, 3.1658 0.4169 7.533, 3.1135 0.5834 7.4498, 2.5953 1.0384 7.3622, 2.5915 1.0293 7.4498, 2.5803 1.0024 7.533, 2.5624 0.959 7.6077, 2.5385 0.9015 7.67, 2.5099 0.8325 7.7169, 2.478 0.7557 7.746, 2.7519 0.9585 7.3622, 2.8009 0.9229 7.3622, 3.0185 0.7308 7.3622, 3.011 0.7244 7.4498, 2.9888 0.7054 7.533, 2.9532 0.675 7.6077, 2.9058 0.6345 7.67, 2.849 0.586 7.7169, 2.7858 0.532 7.746, 3.1219 0.5885 7.3622, 3.1559 0.5219 7.3622, 2.8075 0.1004 3.8189, 2.7623 0.2582 3.8189, 2.679 0.3996 3.8189, 2.563 0.5157 3.8189, 2.4216 0.5989 3.8189, 2.2638 0.6441 3.8189, 2.0669 -0.7197 7.7559, 2.0669 -0.6401 7.7559, 1.9948 -0.7061 7.7559, 1.9091 -0.595 7.7559, 1.5232 -0.0965 7.7559, 1.4437 -0.0965 7.7559, 1.4573 -0.1686 7.7559, 1.7677 -0.5117 7.7559, 1.7846 -0.6189 7.7559, 1.8863 -0.6708 7.7559, 1.6517 -0.3957 7.7559, 1.6116 -0.4711 7.7559, 1.6923 -0.5518 7.7559, 1.5684 -0.2542 7.7559, 1.4926 -0.2771 7.7559, 1.5445 -0.3788 7.7559, 1.0763 -0.2664 7.3622, 1.1289 -0.428 7.3622, 1.1413 -0.4228 7.4641, 1.3265 -0.7411 7.3622, 1.4366 -0.8512 7.3622, 1.4453 -0.841 7.4641, 1.0476 -0.0965 7.3622, 1.0745 -0.2608 7.3622, 1.0525 -0.0965 7.424, 1.0875 -0.2576 7.4641, 1.0627 -0.0965 7.4637, 1.0707 -0.0965 7.4946, 1.1646 -0.0965 7.6394, 1.141 -0.0965 7.6163, 1.1866 -0.2338 7.6406, 1.1061 -0.0965 7.5683, 1.1258 -0.2484 7.5591, 1.1014 -0.0965 7.5587, 1.0737 -0.0965 7.5027, 1.1935 -0.0965 7.6676, 1.2659 -0.2147 7.7032, 1.2422 -0.0965 7.7013, 1.3088 -0.0965 7.7325, 1.3582 -0.1924 7.7425, 1.3413 -0.0965 7.7414, 1.3661 -0.0965 7.7483, 2.0669 -0.7931 7.7491, 1.971 -0.8052 7.7425, 2.0669 -0.8221 7.7415, 2.0669 -0.8488 7.7345, 1.9487 -0.8975 7.7032, 2.0669 -0.9158 7.7044, 2.0669 -0.9665 7.6703, 1.9296 -0.9768 7.6406, 2.0669 -0.9988 7.6394, 1.915 -1.0376 7.5591, 2.0669 -1.0554 7.5714, 2.0669 -1.0195 7.6197, 2.0669 -1.1006 7.4637, 2.0669 -1.0918 7.4971, 1.9058 -1.0758 7.4641, 2.0669 -1.0883 7.5062, 2.0669 -1.0618 7.5586, 2.0305 -1.1098 7.3622, 2.0669 -1.1158 7.3622, 2.0669 -1.1157 7.3675, 2.0669 -1.1105 7.4263, 1.9026 -1.0889 7.3622, 1.7681 -1.0451 7.3622, 1.7313 -0.7058 7.7425, 1.6261 -0.6293 7.7425, 1.6817 -0.7867 7.7032, 1.5644 -0.7015 7.7032, 1.6391 -0.8563 7.6406, 1.5115 -0.7635 7.6406, 1.6064 -0.9096 7.5591, 1.4708 -0.8111 7.5591, 1.5858 -0.9431 7.4641, 1.4576 -0.432 7.7425, 1.3985 -0.3161 7.7425, 1.3766 -0.4817 7.7032, 1.3108 -0.3525 7.7032, 1.3071 -0.5243 7.6406, 1.2354 -0.3838 7.6406, 1.2538 -0.557 7.5591, 1.1777 -0.4077 7.5591, 1.2203 -0.5776 7.4641, 1.7354 -1.0344 7.3622, 1.7406 -1.0221 7.4641, 1.7556 -0.9857 7.5591, 1.7796 -0.9279 7.6406, 1.8109 -0.8526 7.7032, 1.8472 -0.7649 7.7425, 1.5788 -0.9546 7.3622, 1.5298 -0.9189 7.3622, 1.3122 -0.7268 7.3622, 1.3224 -0.7181 7.4641, 1.3523 -0.6926 7.5591, 1.3999 -0.6519 7.6406, 1.4619 -0.599 7.7032, 1.5341 -0.5373 7.7425, 1.2088 -0.5846 7.3622, 1.1748 -0.5179 7.3622, 1.5232 -0.0965 3.8189, 1.5684 -0.2542 3.8189, 1.6517 -0.3957 3.8189, 1.7677 -0.5117 3.8189, 1.9091 -0.595 3.8189, 2.0669 -0.6401 3.8189
            ]
        }
        coordIndex [
            0,1,2,-1,2,1,3,-1,4,5,6,-1,6,5,7,-1,3,1,8,-1,8,1,9,-1,8,9,10,-1,10,9,11,-1,10,11,12,-1,2,13,0,-1,0,13,14,-1,0,14,7,-1,7,14,15,-1,7,15,6,-1,16,17,18,-1,19,20,21,-1,22,23,24,-1,25,26,27,-1,28,29,30,-1,31,32,33,-1,4,6,34,-1,34,6,35,-1,34,35,36,-1,36,35,37,-1,37,35,38,-1,38,35,39,-1,38,39,40,-1,40,39,41,-1,41,39,42,-1,41,42,43,-1,43,42,44,-1,44,42,45,-1,44,45,46,-1,30,47,45,-1,45,47,48,-1,45,48,46,-1,49,50,29,-1,29,50,51,-1,29,51,30,-1,30,51,52,-1,30,52,47,-1,53,54,31,-1,53,31,55,-1,55,31,33,-1,55,33,56,-1,57,58,59,-1,59,58,60,-1,60,61,59,-1,59,61,62,-1,59,62,33,-1,33,62,63,-1,33,63,56,-1,64,65,57,-1,57,65,66,-1,57,66,58,-1,67,68,64,-1,64,68,69,-1,64,69,65,-1,12,70,10,-1,10,70,71,-1,10,71,67,-1,67,71,72,-1,67,72,68,-1,26,28,27,-1,27,28,30,-1,27,30,73,-1,73,30,45,-1,73,45,74,-1,74,45,42,-1,74,42,75,-1,75,42,39,-1,75,39,76,-1,76,39,35,-1,76,35,15,-1,15,35,6,-1,77,25,78,-1,78,25,27,-1,78,27,79,-1,79,27,73,-1,79,73,80,-1,80,73,74,-1,80,74,81,-1,81,74,75,-1,81,75,82,-1,82,75,76,-1,82,76,14,-1,14,76,15,-1,14,13,82,-1,82,13,83,-1,82,83,81,-1,81,83,84,-1,81,84,80,-1,80,84,85,-1,80,85,79,-1,79,85,86,-1,79,86,78,-1,78,86,24,-1,78,24,77,-1,77,24,23,-1,20,22,21,-1,21,22,24,-1,21,24,87,-1,87,24,86,-1,87,86,88,-1,88,86,85,-1,88,85,89,-1,89,85,84,-1,89,84,90,-1,90,84,83,-1,90,83,2,-1,2,83,13,-1,91,19,92,-1,92,19,21,-1,92,21,93,-1,93,21,87,-1,93,87,94,-1,94,87,88,-1,94,88,95,-1,95,88,89,-1,95,89,96,-1,96,89,90,-1,96,90,3,-1,3,90,2,-1,3,8,96,-1,96,8,97,-1,96,97,95,-1,95,97,98,-1,95,98,94,-1,94,98,99,-1,94,99,93,-1,93,99,100,-1,93,100,92,-1,92,100,18,-1,92,18,91,-1,91,18,17,-1,32,16,33,-1,33,16,18,-1,33,18,59,-1,59,18,100,-1,59,100,57,-1,57,100,99,-1,57,99,64,-1,64,99,98,-1,64,98,67,-1,67,98,97,-1,67,97,10,-1,10,97,8,-1,101,11,102,-1,102,11,9,-1,102,9,103,-1,103,9,1,-1,103,1,104,-1,104,1,0,-1,104,0,105,-1,105,0,7,-1,105,7,106,-1,106,7,5,-1,107,108,109,-1,110,111,112,-1,113,114,115,-1,115,114,116,-1,110,112,117,-1,117,112,118,-1,117,118,108,-1,108,118,119,-1,108,119,109,-1,109,120,107,-1,107,120,121,-1,107,121,116,-1,116,121,122,-1,116,122,115,-1,123,124,125,-1,126,127,128,-1,129,130,131,-1,131,130,132,-1,131,132,133,-1,134,135,132,-1,132,135,136,-1,132,136,133,-1,137,138,134,-1,134,138,139,-1,134,139,135,-1,140,141,137,-1,137,141,142,-1,137,142,138,-1,143,144,145,-1,145,144,146,-1,145,146,140,-1,140,146,147,-1,140,147,141,-1,143,145,148,-1,148,145,149,-1,148,149,150,-1,150,149,151,-1,151,149,112,-1,151,112,111,-1,152,153,115,-1,115,153,154,-1,115,154,113,-1,155,156,152,-1,152,156,157,-1,152,157,153,-1,158,159,155,-1,155,159,160,-1,155,160,156,-1,161,162,163,-1,163,162,164,-1,163,164,158,-1,158,164,165,-1,158,165,159,-1,161,163,166,-1,166,163,167,-1,166,167,168,-1,168,167,169,-1,169,167,170,-1,169,170,171,-1,172,173,174,-1,174,173,171,-1,174,171,175,-1,175,171,170,-1,175,170,176,-1,121,120,177,-1,177,120,178,-1,177,178,179,-1,179,178,180,-1,179,180,181,-1,181,180,182,-1,181,182,183,-1,183,182,184,-1,183,184,185,-1,185,184,186,-1,185,186,187,-1,187,186,128,-1,119,118,188,-1,188,118,189,-1,188,189,190,-1,190,189,191,-1,190,191,192,-1,192,191,193,-1,192,193,194,-1,194,193,195,-1,194,195,196,-1,196,195,197,-1,196,197,198,-1,198,197,125,-1,199,176,200,-1,200,176,170,-1,200,170,201,-1,201,170,167,-1,201,167,202,-1,202,167,163,-1,202,163,203,-1,203,163,158,-1,203,158,204,-1,204,158,155,-1,204,155,205,-1,205,155,152,-1,205,152,122,-1,122,152,115,-1,122,121,205,-1,205,121,177,-1,205,177,204,-1,204,177,179,-1,204,179,203,-1,203,179,181,-1,203,181,202,-1,202,181,183,-1,202,183,201,-1,201,183,185,-1,201,185,200,-1,200,185,187,-1,200,187,199,-1,199,187,206,-1,128,127,187,-1,187,127,207,-1,187,207,206,-1,208,126,209,-1,209,126,128,-1,209,128,210,-1,210,128,186,-1,210,186,211,-1,211,186,184,-1,211,184,212,-1,212,184,182,-1,212,182,213,-1,213,182,180,-1,213,180,214,-1,214,180,178,-1,214,178,109,-1,109,178,120,-1,109,119,214,-1,214,119,188,-1,214,188,213,-1,213,188,190,-1,213,190,212,-1,212,190,192,-1,212,192,211,-1,211,192,194,-1,211,194,210,-1,210,194,196,-1,210,196,209,-1,209,196,198,-1,209,198,208,-1,208,198,215,-1,125,124,198,-1,198,124,216,-1,198,216,215,-1,130,123,132,-1,132,123,125,-1,132,125,134,-1,134,125,197,-1,134,197,137,-1,137,197,195,-1,137,195,140,-1,140,195,193,-1,140,193,145,-1,145,193,191,-1,145,191,149,-1,149,191,189,-1,149,189,112,-1,112,189,118,-1,217,110,218,-1,218,110,117,-1,218,117,219,-1,219,117,108,-1,219,108,220,-1,220,108,107,-1,220,107,221,-1,221,107,116,-1,221,116,222,-1,222,116,114,-1,223,224,225,-1,226,227,228,-1,228,227,229,-1,230,231,232,-1,232,233,230,-1,230,233,234,-1,230,234,229,-1,229,234,235,-1,229,235,228,-1,223,225,236,-1,236,225,237,-1,236,237,231,-1,231,237,238,-1,231,238,232,-1,239,240,241,-1,242,243,244,-1,245,246,247,-1,247,246,248,-1,247,248,249,-1,249,248,250,-1,251,252,253,-1,253,252,254,-1,253,254,255,-1,255,254,256,-1,255,256,248,-1,248,256,257,-1,248,257,250,-1,251,253,258,-1,258,253,259,-1,258,259,260,-1,260,259,261,-1,261,259,262,-1,261,262,263,-1,263,262,264,-1,264,262,225,-1,264,225,224,-1,226,228,265,-1,265,228,266,-1,265,266,267,-1,267,266,268,-1,268,266,269,-1,268,269,270,-1,270,269,271,-1,271,269,272,-1,271,272,273,-1,274,275,272,-1,272,275,276,-1,272,276,273,-1,277,278,279,-1,279,278,280,-1,279,280,274,-1,274,280,281,-1,274,281,275,-1,282,283,284,-1,284,285,282,-1,282,285,277,-1,282,277,286,-1,286,277,279,-1,286,279,287,-1,234,233,288,-1,288,233,289,-1,288,289,290,-1,290,289,291,-1,290,291,292,-1,292,291,293,-1,292,293,294,-1,294,293,295,-1,294,295,296,-1,296,295,244,-1,238,237,297,-1,297,237,298,-1,297,298,299,-1,299,298,300,-1,299,300,301,-1,301,300,302,-1,301,302,303,-1,303,302,304,-1,303,304,305,-1,305,304,241,-1,306,287,307,-1,307,287,279,-1,307,279,308,-1,308,279,274,-1,308,274,309,-1,309,274,272,-1,309,272,310,-1,310,272,269,-1,310,269,311,-1,311,269,266,-1,311,266,235,-1,235,266,228,-1,235,234,311,-1,311,234,288,-1,311,288,310,-1,310,288,290,-1,310,290,309,-1,309,290,292,-1,309,292,308,-1,308,292,294,-1,308,294,307,-1,307,294,296,-1,307,296,306,-1,306,296,312,-1,244,243,296,-1,296,243,313,-1,296,313,312,-1,314,242,315,-1,315,242,244,-1,315,244,316,-1,316,244,295,-1,316,295,317,-1,317,295,293,-1,317,293,318,-1,318,293,291,-1,318,291,319,-1,319,291,289,-1,319,289,232,-1,232,289,233,-1,232,238,319,-1,319,238,297,-1,319,297,318,-1,318,297,299,-1,318,299,317,-1,317,299,301,-1,317,301,316,-1,316,301,303,-1,316,303,315,-1,315,303,305,-1,315,305,314,-1,314,305,320,-1,241,240,305,-1,305,240,321,-1,305,321,320,-1,246,239,248,-1,248,239,241,-1,248,241,255,-1,255,241,304,-1,255,304,253,-1,253,304,302,-1,253,302,259,-1,259,302,300,-1,259,300,262,-1,262,300,298,-1,262,298,225,-1,225,298,237,-1,322,223,323,-1,323,223,236,-1,323,236,324,-1,324,236,231,-1,324,231,325,-1,325,231,230,-1,325,230,326,-1,326,230,229,-1,326,229,327,-1,327,229,227,-1,328,329,330,-1,330,329,331,-1,332,333,334,-1,334,333,335,-1,331,329,336,-1,336,329,337,-1,336,337,338,-1,338,337,339,-1,338,339,340,-1,330,341,328,-1,328,341,342,-1,328,342,335,-1,335,342,343,-1,335,343,334,-1,344,345,346,-1,347,348,349,-1,350,351,352,-1,353,354,355,-1,356,357,358,-1,359,360,361,-1,332,334,362,-1,362,334,363,-1,362,363,364,-1,364,363,365,-1,365,363,366,-1,366,363,367,-1,366,367,368,-1,368,367,369,-1,369,367,370,-1,369,370,371,-1,371,370,372,-1,372,370,373,-1,372,373,374,-1,358,375,373,-1,373,375,376,-1,373,376,374,-1,377,378,357,-1,357,378,379,-1,357,379,358,-1,358,379,380,-1,358,380,375,-1,381,382,359,-1,381,359,383,-1,383,359,361,-1,383,361,384,-1,385,386,387,-1,387,386,388,-1,388,389,387,-1,387,389,390,-1,387,390,361,-1,361,390,391,-1,361,391,384,-1,392,393,385,-1,385,393,394,-1,385,394,386,-1,395,396,392,-1,392,396,397,-1,392,397,393,-1,340,398,338,-1,338,398,399,-1,338,399,395,-1,395,399,400,-1,395,400,396,-1,354,356,355,-1,355,356,358,-1,355,358,401,-1,401,358,373,-1,401,373,402,-1,402,373,370,-1,402,370,403,-1,403,370,367,-1,403,367,404,-1,404,367,363,-1,404,363,343,-1,343,363,334,-1,405,353,406,-1,406,353,355,-1,406,355,407,-1,407,355,401,-1,407,401,408,-1,408,401,402,-1,408,402,409,-1,409,402,403,-1,409,403,410,-1,410,403,404,-1,410,404,342,-1,342,404,343,-1,342,341,410,-1,410,341,411,-1,410,411,409,-1,409,411,412,-1,409,412,408,-1,408,412,413,-1,408,413,407,-1,407,413,414,-1,407,414,406,-1,406,414,352,-1,406,352,405,-1,405,352,351,-1,348,350,349,-1,349,350,352,-1,349,352,415,-1,415,352,414,-1,415,414,416,-1,416,414,413,-1,416,413,417,-1,417,413,412,-1,417,412,418,-1,418,412,411,-1,418,411,330,-1,330,411,341,-1,419,347,420,-1,420,347,349,-1,420,349,421,-1,421,349,415,-1,421,415,422,-1,422,415,416,-1,422,416,423,-1,423,416,417,-1,423,417,424,-1,424,417,418,-1,424,418,331,-1,331,418,330,-1,331,336,424,-1,424,336,425,-1,424,425,423,-1,423,425,426,-1,423,426,422,-1,422,426,427,-1,422,427,421,-1,421,427,428,-1,421,428,420,-1,420,428,346,-1,420,346,419,-1,419,346,345,-1,360,344,361,-1,361,344,346,-1,361,346,387,-1,387,346,428,-1,387,428,385,-1,385,428,427,-1,385,427,392,-1,392,427,426,-1,392,426,395,-1,395,426,425,-1,395,425,338,-1,338,425,336,-1,429,339,430,-1,430,339,337,-1,430,337,431,-1,431,337,329,-1,431,329,432,-1,432,329,328,-1,432,328,433,-1,433,328,335,-1,433,335,434,-1,434,335,333,-1,435,436,437,-1,438,439,440,-1,440,439,441,-1,442,443,444,-1,444,445,442,-1,442,445,446,-1,442,446,441,-1,441,446,447,-1,441,447,440,-1,435,437,448,-1,448,437,449,-1,448,449,443,-1,443,449,450,-1,443,450,444,-1,451,452,453,-1,454,455,456,-1,457,458,459,-1,459,458,460,-1,459,460,461,-1,462,463,460,-1,460,463,464,-1,460,464,461,-1,465,466,462,-1,462,466,467,-1,462,467,463,-1,468,469,465,-1,465,469,470,-1,465,470,466,-1,471,472,473,-1,473,472,474,-1,473,474,468,-1,468,474,475,-1,468,475,469,-1,471,473,476,-1,476,473,477,-1,476,477,478,-1,478,477,479,-1,479,477,437,-1,479,437,436,-1,480,481,440,-1,440,481,482,-1,440,482,438,-1,483,484,480,-1,480,484,485,-1,480,485,481,-1,486,487,483,-1,483,487,488,-1,483,488,484,-1,489,490,491,-1,491,490,492,-1,491,492,486,-1,486,492,493,-1,486,493,487,-1,489,491,494,-1,494,491,495,-1,494,495,496,-1,496,495,497,-1,497,495,498,-1,497,498,499,-1,500,501,502,-1,502,501,499,-1,502,499,503,-1,503,499,498,-1,503,498,504,-1,446,445,505,-1,505,445,506,-1,505,506,507,-1,507,506,508,-1,507,508,509,-1,509,508,510,-1,509,510,511,-1,511,510,512,-1,511,512,513,-1,513,512,514,-1,513,514,515,-1,515,514,456,-1,450,449,516,-1,516,449,517,-1,516,517,518,-1,518,517,519,-1,518,519,520,-1,520,519,521,-1,520,521,522,-1,522,521,523,-1,522,523,524,-1,524,523,525,-1,524,525,526,-1,526,525,453,-1,527,504,528,-1,528,504,498,-1,528,498,529,-1,529,498,495,-1,529,495,530,-1,530,495,491,-1,530,491,531,-1,531,491,486,-1,531,486,532,-1,532,486,483,-1,532,483,533,-1,533,483,480,-1,533,480,447,-1,447,480,440,-1,447,446,533,-1,533,446,505,-1,533,505,532,-1,532,505,507,-1,532,507,531,-1,531,507,509,-1,531,509,530,-1,530,509,511,-1,530,511,529,-1,529,511,513,-1,529,513,528,-1,528,513,515,-1,528,515,527,-1,527,515,534,-1,456,455,515,-1,515,455,535,-1,515,535,534,-1,536,454,537,-1,537,454,456,-1,537,456,538,-1,538,456,514,-1,538,514,539,-1,539,514,512,-1,539,512,540,-1,540,512,510,-1,540,510,541,-1,541,510,508,-1,541,508,542,-1,542,508,506,-1,542,506,444,-1,444,506,445,-1,444,450,542,-1,542,450,516,-1,542,516,541,-1,541,516,518,-1,541,518,540,-1,540,518,520,-1,540,520,539,-1,539,520,522,-1,539,522,538,-1,538,522,524,-1,538,524,537,-1,537,524,526,-1,537,526,536,-1,536,526,543,-1,453,452,526,-1,526,452,544,-1,526,544,543,-1,458,451,460,-1,460,451,453,-1,460,453,462,-1,462,453,525,-1,462,525,465,-1,465,525,523,-1,465,523,468,-1,468,523,521,-1,468,521,473,-1,473,521,519,-1,473,519,477,-1,477,519,517,-1,477,517,437,-1,437,517,449,-1,545,435,546,-1,546,435,448,-1,546,448,547,-1,547,448,443,-1,547,443,548,-1,548,443,442,-1,548,442,549,-1,549,442,441,-1,549,441,550,-1,550,441,439,-1,551,552,553,-1,553,552,554,-1,555,556,557,-1,558,559,554,-1,554,559,560,-1,554,560,553,-1,561,562,558,-1,558,562,563,-1,558,563,559,-1,555,557,564,-1,564,557,565,-1,564,565,561,-1,561,565,566,-1,561,566,562,-1,567,568,569,-1,570,571,572,-1,573,574,575,-1,575,574,576,-1,575,576,577,-1,577,576,578,-1,579,580,581,-1,581,580,582,-1,581,582,583,-1,583,582,584,-1,583,584,576,-1,576,584,585,-1,576,585,578,-1,579,581,586,-1,586,581,587,-1,586,587,588,-1,588,587,589,-1,589,587,590,-1,589,590,591,-1,591,590,592,-1,592,590,557,-1,592,557,556,-1,551,553,593,-1,593,553,594,-1,593,594,595,-1,595,594,596,-1,596,594,597,-1,596,597,598,-1,598,597,599,-1,599,597,600,-1,599,600,601,-1,602,603,600,-1,600,603,604,-1,600,604,601,-1,605,606,607,-1,607,606,608,-1,607,608,602,-1,602,608,609,-1,602,609,603,-1,610,611,612,-1,612,613,610,-1,610,613,605,-1,610,605,614,-1,614,605,607,-1,614,607,615,-1,559,563,616,-1,616,563,617,-1,616,617,618,-1,618,617,619,-1,618,619,620,-1,620,619,621,-1,620,621,622,-1,622,621,623,-1,622,623,624,-1,624,623,572,-1,566,565,625,-1,625,565,626,-1,625,626,627,-1,627,626,628,-1,627,628,629,-1,629,628,630,-1,629,630,631,-1,631,630,632,-1,631,632,633,-1,633,632,569,-1,634,615,635,-1,635,615,607,-1,635,607,636,-1,636,607,602,-1,636,602,637,-1,637,602,600,-1,637,600,638,-1,638,600,597,-1,638,597,639,-1,639,597,594,-1,639,594,560,-1,560,594,553,-1,560,559,639,-1,639,559,616,-1,639,616,638,-1,638,616,618,-1,638,618,637,-1,637,618,620,-1,637,620,636,-1,636,620,622,-1,636,622,635,-1,635,622,624,-1,635,624,634,-1,634,624,640,-1,572,571,624,-1,624,571,641,-1,624,641,640,-1,642,570,643,-1,643,570,572,-1,643,572,644,-1,644,572,623,-1,644,623,645,-1,645,623,621,-1,645,621,646,-1,646,621,619,-1,646,619,647,-1,647,619,617,-1,647,617,562,-1,562,617,563,-1,562,566,647,-1,647,566,625,-1,647,625,646,-1,646,625,627,-1,646,627,645,-1,645,627,629,-1,645,629,644,-1,644,629,631,-1,644,631,643,-1,643,631,633,-1,643,633,642,-1,642,633,648,-1,569,568,633,-1,633,568,649,-1,633,649,648,-1,574,567,576,-1,576,567,569,-1,576,569,583,-1,583,569,632,-1,583,632,581,-1,581,632,630,-1,581,630,587,-1,587,630,628,-1,587,628,590,-1,590,628,626,-1,590,626,557,-1,557,626,565,-1,650,555,651,-1,651,555,564,-1,651,564,652,-1,652,564,561,-1,652,561,653,-1,653,561,558,-1,653,558,654,-1,654,558,554,-1,654,554,655,-1,655,554,552,-1,
        ]
    }
}
Shape{
    appearance Appearance {
        material  Material 	{
            diffuseColor 1.0 0.8352941176470589 0.3411764705882353
            specularColor 0.5019607843137255 0.41568627450980394 0.16862745098039217
            ambientIntensity 0.8282
            transparency 0.0
            shininess 0.5
        }
    }
    geometry IndexedFaceSet {
        ccw TRUE
        solid FALSE
        coord DEF co Coordinate {
            point [
                4.4133 2.0886 8.1496, 4.3945 2.113 8.1496, 4.2323 1.9508 8.1496, 4.2323 -1.9469 8.1496, 4.4034 -2.0992 8.1496, 4.4174 -2.0768 8.1496, 4.4251 2.0601 8.1496, 4.4262 -2.0519 8.1496, 4.4291 -2.0256 8.1496, 4.4291 2.0295 8.1496, -2.4606 -1.9469 8.1496, -2.4606 -2.1437 8.1496, 4.311 -2.1437 8.1496, 4.3373 -2.1407 8.1496, -4.3992 -0.517 8.1496, -4.3104 -0.8485 8.1496, -3.937 -0.9823 8.1496, -4.1654 -1.1594 8.1496, -3.9686 -1.4405 8.1496, -3.726 -1.6832 8.1496, -3.937 0.9862 8.1496, -4.1654 1.1634 8.1496, -4.3104 0.8524 8.1496, -2.4606 1.9508 8.1496, 4.311 2.1476 8.1496, 4.3623 -2.132 8.1496, 4.3847 -2.1179 8.1496, -3.4449 -1.88 8.1496, -3.1339 -2.025 8.1496, -2.8025 -2.1138 8.1496, -4.3992 0.521 8.1496, -4.4291 0.1791 8.1496, -4.4291 -0.1752 8.1496, 4.3701 2.1318 8.1496, 4.3416 2.1436 8.1496, -3.4449 1.8839 8.1496, -3.726 1.6871 8.1496, -3.9686 1.4445 8.1496, -2.4606 2.1476 8.1496, -2.8025 2.1177 8.1496, -3.1339 2.0289 8.1496, -2.4606 -1.9469 3.4252, -3.937 -0.9823 3.4252, -3.937 0.9862 3.4252, -2.4606 1.9508 3.4252, 4.2323 1.9508 3.4252, 4.2323 -1.9469 3.4252, 0.1949 -0.9803 3.4252, 0.1378 -1.0241 3.4252, 3.2548 -0.2666 3.4252, 3.1589 -0.5195 3.4252, 3.0052 -0.7421 3.4252, 2.8028 -0.9215 3.4252, 2.5632 -1.0472 3.4252, 2.3006 -1.1119 3.4252, 2.0301 -1.1119 3.4252, 0.1378 1.028 3.4252, 0.1949 0.9842 3.4252, 0.2387 0.9272 3.4252, 0.2662 0.8607 3.4252, -0.1378 1.028 3.4252, -0.0713 1.0556 3.4252, 0.0 1.065 3.4252, 0.0713 1.0556 3.4252, 0.2756 0.7894 3.4252, 0.2662 0.718 3.4252, 0.2387 0.6516 3.4252, 1.7675 -1.0472 3.4252, 0.2756 -0.7854 3.4252, 0.2662 -0.8568 3.4252, 0.2387 -0.9232 3.4252, 1.528 -0.9215 3.4252, 1.3255 -0.7421 3.4252, 0.2662 -0.7141 3.4252, 1.1718 -0.5195 3.4252, 0.2387 -0.6476 3.4252, 3.0052 0.746 3.4252, 3.1589 0.5234 3.4252, 3.2548 0.2705 3.4252, 3.2874 0.002 3.4252, -0.0713 0.5232 3.4252, -0.2387 -0.6476 3.4252, -0.1949 -0.5906 3.4252, 0.0713 -1.0516 3.4252, 0.0 -1.061 3.4252, -0.0713 -1.0516 3.4252, -0.1378 -1.0241 3.4252, 1.0759 -0.2666 3.4252, 1.0433 0.002 3.4252, 0.1949 -0.5906 3.4252, 0.1378 -0.5468 3.4252, -1.1718 0.5234 3.4252, -1.0759 0.2705 3.4252, -0.2387 -0.9232 3.4252, -1.0433 0.002 3.4252, -0.1949 -0.9803 3.4252, -1.528 0.9254 3.4252, -0.1378 0.5507 3.4252, -1.7675 1.0511 3.4252, -0.1949 0.5945 3.4252, -0.2756 0.7894 3.4252, -2.0301 1.1158 3.4252, -0.2662 0.718 3.4252, -0.2387 0.6516 3.4252, 0.1949 0.5945 3.4252, 1.0759 0.2705 3.4252, 1.1718 0.5234 3.4252, 1.3255 0.746 3.4252, 1.528 0.9254 3.4252, 1.7675 1.0511 3.4252, 2.0301 1.1158 3.4252, 2.3006 1.1158 3.4252, 2.5632 1.0511 3.4252, 2.8028 0.9254 3.4252, -0.1378 -0.5468 3.4252, -0.0713 -0.5192 3.4252, 0.0 0.5138 3.4252, 0.0 -0.5098 3.4252, 0.0713 0.5232 3.4252, 0.0713 -0.5192 3.4252, 0.1378 0.5507 3.4252, -0.2662 -0.8568 3.4252, -0.2756 -0.7854 3.4252, -0.2662 -0.7141 3.4252, -1.3255 0.746 3.4252, -3.0052 -0.7421 3.4252, -3.1589 -0.5195 3.4252, -1.0759 -0.2666 3.4252, -1.1718 -0.5195 3.4252, -3.2548 -0.2666 3.4252, -3.2874 0.002 3.4252, -3.2548 0.2705 3.4252, -3.1589 0.5234 3.4252, -2.3006 1.1158 3.4252, -3.0052 0.746 3.4252, -2.8028 0.9254 3.4252, -2.5632 1.0511 3.4252, -0.2662 0.8607 3.4252, -0.2387 0.9272 3.4252, -0.1949 0.9842 3.4252, -1.3255 -0.7421 3.4252, -1.528 -0.9215 3.4252, -1.7675 -1.0472 3.4252, -2.0301 -1.1119 3.4252, -2.3006 -1.1119 3.4252, -2.5632 -1.0472 3.4252, -2.8028 -0.9215 3.4252
            ]
        }
        coordIndex [
            0,1,2,-1,3,4,5,-1,0,2,6,-1,5,7,3,-1,3,7,8,-1,3,8,2,-1,2,8,9,-1,2,9,6,-1,10,11,3,-1,3,11,12,-1,3,12,13,-1,14,15,16,-1,15,17,16,-1,16,17,18,-1,16,18,19,-1,20,21,22,-1,23,2,24,-1,13,25,3,-1,3,25,26,-1,3,26,4,-1,19,27,16,-1,16,27,28,-1,16,28,10,-1,10,28,29,-1,10,29,11,-1,22,30,20,-1,20,30,31,-1,20,31,16,-1,16,31,32,-1,16,32,14,-1,1,33,2,-1,2,33,34,-1,2,34,24,-1,35,36,20,-1,20,36,37,-1,20,37,21,-1,24,38,23,-1,23,38,39,-1,23,39,20,-1,20,39,40,-1,20,40,35,-1,41,42,10,-1,10,42,16,-1,42,43,16,-1,16,43,20,-1,43,44,20,-1,20,44,23,-1,44,45,23,-1,23,45,2,-1,45,46,2,-1,2,46,3,-1,46,41,3,-1,3,41,10,-1,46,47,48,-1,49,50,46,-1,46,50,51,-1,46,51,52,-1,52,53,46,-1,46,53,54,-1,46,54,55,-1,56,57,45,-1,45,57,58,-1,45,58,59,-1,60,61,44,-1,44,61,62,-1,44,62,45,-1,45,62,63,-1,45,63,56,-1,59,64,45,-1,45,64,65,-1,45,65,66,-1,67,68,55,-1,55,68,69,-1,55,69,46,-1,46,69,70,-1,46,70,47,-1,67,71,68,-1,68,71,72,-1,68,72,73,-1,73,72,74,-1,73,74,75,-1,76,77,45,-1,45,77,78,-1,45,78,46,-1,46,78,79,-1,46,79,49,-1,80,81,82,-1,48,83,46,-1,46,83,84,-1,46,84,41,-1,41,84,85,-1,41,85,86,-1,74,87,75,-1,75,87,88,-1,75,88,89,-1,89,88,90,-1,91,92,93,-1,93,92,94,-1,93,94,95,-1,96,97,98,-1,98,97,99,-1,100,101,102,-1,102,101,98,-1,102,98,103,-1,103,98,99,-1,104,105,66,-1,66,105,106,-1,66,106,107,-1,107,108,66,-1,66,108,109,-1,66,109,45,-1,45,109,110,-1,45,110,111,-1,111,112,45,-1,45,112,113,-1,45,113,76,-1,82,114,80,-1,80,114,115,-1,80,115,116,-1,116,115,117,-1,116,117,118,-1,118,117,119,-1,118,119,120,-1,120,119,90,-1,120,90,104,-1,104,90,88,-1,104,88,105,-1,93,121,91,-1,91,121,122,-1,91,122,123,-1,96,124,97,-1,97,124,91,-1,97,91,80,-1,80,91,123,-1,80,123,81,-1,42,125,126,-1,94,127,95,-1,95,127,128,-1,95,128,86,-1,126,129,42,-1,42,129,130,-1,42,130,43,-1,43,130,131,-1,43,131,132,-1,44,133,101,-1,132,134,43,-1,43,134,135,-1,43,135,44,-1,44,135,136,-1,44,136,133,-1,100,137,101,-1,101,137,138,-1,101,138,44,-1,44,138,139,-1,44,139,60,-1,128,140,86,-1,86,140,141,-1,86,141,41,-1,41,141,142,-1,41,142,143,-1,143,144,41,-1,41,144,145,-1,41,145,42,-1,42,145,146,-1,42,146,125,-1,
        ]
    }
}
Shape{
    appearance Appearance {
        material  Material 	{
            diffuseColor 1.0 1.0 0.0
            specularColor 0.5019607843137255 0.5019607843137255 0.0
            ambientIntensity 0.886
            transparency 0.0
            shininess 0.5
        }
    }
    geometry IndexedFaceSet {
        ccw TRUE
        solid FALSE
        coord DEF co Coordinate {
            point [
                1.4437 0.1004 7.7559, 1.5232 0.1004 7.7559, 1.4573 0.1725 7.7559, 1.5684 0.2582 7.7559, 1.6517 0.3996 7.7559, 1.7677 0.5157 7.7559, 1.6923 0.5558 7.7559, 2.0669 0.6441 7.7559, 2.0669 0.7236 7.7559, 1.9948 0.7101 7.7559, 1.9091 0.5989 7.7559, 1.8863 0.6747 7.7559, 1.7846 0.6229 7.7559, 1.6116 0.475 7.7559, 1.5445 0.3827 7.7559, 1.4926 0.281 7.7559, 3.2831 -0.0965 7.3622, 3.2562 -0.2608 7.3622, 3.2548 -0.2666 3.4252, 3.2548 0.2705 3.4252, 3.2831 0.1004 3.8189, 3.2874 0.002 3.4252, 3.2874 0.002 3.8189, 3.2831 -0.0965 3.8189, 2.0301 1.1158 3.4252, 2.0669 1.1197 3.8189, 2.3006 1.1158 3.4252, 2.2638 1.1197 3.8189, 1.0476 0.1004 7.3622, 1.0745 0.2647 7.3622, 1.0759 0.2705 3.4252, 1.0759 -0.2666 3.4252, 1.0476 -0.0965 3.8189, 1.0433 0.002 3.4252, 1.0433 0.002 3.8189, 1.0476 0.1004 3.8189, 2.3006 -1.1119 3.4252, 2.2638 -1.1158 3.8189, 2.0301 -1.1119 3.4252, 2.0669 -1.1158 3.8189, 3.1559 -0.5179 7.3622, 3.1589 -0.5195 3.4252, 3.2018 -0.428 7.3622, 3.2544 -0.2664 7.3622, 3.1219 -0.5846 7.3622, 3.0185 -0.7268 7.3622, 3.0052 -0.7421 3.4252, 2.8009 -0.9189 7.3622, 2.8028 -0.9215 3.4252, 2.8942 -0.8512 7.3622, 3.0042 -0.7411 7.3622, 2.7519 -0.9546 7.3622, 2.5953 -1.0344 7.3622, 2.5632 -1.0472 3.4252, 2.2638 -1.1158 7.3622, 2.3003 -1.1098 7.3622, 2.4281 -1.0889 7.3622, 2.5626 -1.0451 7.3622, 1.7681 -1.0451 7.3622, 1.7675 -1.0472 3.4252, 1.9026 -1.0889 7.3622, 2.0305 -1.1098 7.3622, 2.0669 -1.1158 7.3622, 1.7354 -1.0344 7.3622, 1.5788 -0.9546 7.3622, 1.528 -0.9215 3.4252, 1.3265 -0.7411 7.3622, 1.3255 -0.7421 3.4252, 1.4366 -0.8512 7.3622, 1.5298 -0.9189 7.3622, 1.3122 -0.7268 7.3622, 1.2088 -0.5846 7.3622, 1.1718 -0.5195 3.4252, 1.1748 -0.5179 7.3622, 1.1289 -0.428 7.3622, 1.0763 -0.2664 7.3622, 1.0745 -0.2608 7.3622, 1.0476 -0.0965 7.3622, 1.1748 0.5219 7.3622, 1.1718 0.5234 3.4252, 1.1289 0.4319 7.3622, 1.0763 0.2704 7.3622, 1.2088 0.5885 7.3622, 1.3122 0.7308 7.3622, 1.3255 0.746 3.4252, 1.5298 0.9229 7.3622, 1.528 0.9254 3.4252, 1.4366 0.8551 7.3622, 1.3265 0.745 7.3622, 1.5788 0.9585 7.3622, 1.7354 1.0384 7.3622, 1.7675 1.0511 3.4252, 2.0669 1.1197 7.3622, 2.0305 1.1137 7.3622, 1.9026 1.0928 7.3622, 1.7681 1.049 7.3622, 2.5626 1.049 7.3622, 2.5632 1.0511 3.4252, 2.4281 1.0928 7.3622, 2.3003 1.1137 7.3622, 2.2638 1.1197 7.3622, 2.5953 1.0384 7.3622, 2.7519 0.9585 7.3622, 2.8028 0.9254 3.4252, 3.0042 0.745 7.3622, 3.0052 0.746 3.4252, 2.8942 0.8551 7.3622, 2.8009 0.9229 7.3622, 3.0185 0.7308 7.3622, 3.1219 0.5885 7.3622, 3.1589 0.5234 3.4252, 3.1559 0.5219 7.3622, 3.2018 0.4319 7.3622, 3.2544 0.2704 7.3622, 3.2562 0.2647 7.3622, 3.2831 0.1004 7.3622, 1.7406 1.026 7.4641, 1.4453 0.8449 7.4641, 1.3224 0.7221 7.4641, 1.1413 0.4267 7.4641, 1.0875 0.2615 7.4641, 1.9058 1.0798 7.4641, 1.3704 0.1004 7.7491, 1.3582 0.1964 7.7425, 1.3412 0.1004 7.7417, 1.2659 0.2186 7.7032, 1.2529 0.1004 7.7074, 1.3204 0.1004 7.7364, 1.1479 0.1004 7.6242, 1.1644 0.1004 7.6395, 1.1866 0.2377 7.6406, 1.2017 0.1004 7.674, 1.2457 0.1004 7.7027, 1.1113 0.1004 7.5764, 1.1258 0.2523 7.5591, 1.1018 0.1004 7.5584, 1.0773 0.1004 7.5119, 1.0737 0.1004 7.5027, 1.0478 0.1004 7.3735, 1.0539 0.1004 7.4323, 1.0627 0.1004 7.4637, 2.0669 1.1188 7.389, 2.0669 1.107 7.4612, 2.0669 1.106 7.464, 2.0669 1.0878 7.517, 1.915 1.0415 7.5591, 2.0669 1.0653 7.5583, 1.9296 0.9807 7.6406, 2.0669 1.0163 7.6276, 2.0669 1.0528 7.5813, 1.9487 0.9014 7.7032, 2.0669 0.9619 7.6769, 2.0669 1.003 7.6397, 2.0669 0.8261 7.7416, 2.0669 0.8443 7.7373, 1.971 0.8091 7.7425, 2.0669 0.9121 7.7086, 2.0669 0.9215 7.7026, 2.0669 0.7864 7.751, 1.1777 0.4117 7.5591, 1.2354 0.3877 7.6406, 1.3108 0.3565 7.7032, 1.3985 0.3201 7.7425, 1.2203 0.5815 7.4641, 1.2538 0.561 7.5591, 1.3071 0.5282 7.6406, 1.3766 0.4856 7.7032, 1.4576 0.436 7.7425, 1.5341 0.5412 7.7425, 1.4619 0.6029 7.7032, 1.3999 0.6559 7.6406, 1.3523 0.6965 7.5591, 1.4708 0.815 7.5591, 1.5115 0.7674 7.6406, 1.5644 0.7054 7.7032, 1.6261 0.6332 7.7425, 1.5858 0.9471 7.4641, 1.6064 0.9135 7.5591, 1.6391 0.8602 7.6406, 1.6817 0.7907 7.7032, 1.7313 0.7097 7.7425, 1.8472 0.7689 7.7425, 1.8109 0.8566 7.7032, 1.7796 0.9319 7.6406, 1.7556 0.9897 7.5591, 2.0669 0.6441 3.8189, 1.9091 0.5989 3.8189, 1.7677 0.5157 3.8189, 1.6517 0.3996 3.8189, 1.5684 0.2582 3.8189, 1.5232 0.1004 3.8189, 2.8075 0.1004 3.8189, 1.5232 -0.0965 3.8189, 2.2638 0.6441 3.8189, 2.679 -0.3957 3.8189, 2.563 -0.5117 3.8189, 2.4216 -0.595 3.8189, 2.8075 -0.0965 3.8189, 2.7623 -0.2542 3.8189, 2.0669 -0.6401 3.8189, 2.2638 -0.6401 3.8189, 2.679 0.3996 3.8189, 2.563 0.5157 3.8189, 1.6517 -0.3957 3.8189, 2.4216 0.5989 3.8189, 1.5684 -0.2542 3.8189, 1.7677 -0.5117 3.8189, 1.9091 -0.595 3.8189, 2.7623 0.2582 3.8189, 2.8075 0.1004 7.7559, 3.218 0.1004 7.5787, 3.1955 0.1004 7.6066, 3.172 0.1004 7.6358, 3.1338 0.1004 7.6696, 3.2763 0.1004 7.4348, 3.273 0.1004 7.4498, 3.2712 0.1004 7.4582, 3.1279 0.1004 7.6749, 3.0655 0.1004 7.7138, 3.0589 0.1004 7.7165, 3.0107 0.1004 7.7363, 2.9749 0.1004 7.7444, 2.9388 0.1004 7.7525, 2.887 0.1004 7.7559, 3.2467 0.1004 7.5271, 3.2436 0.1004 7.5328, 2.8075 -0.0965 7.7559, 2.887 -0.0965 7.7559, 3.1267 -0.0965 7.6758, 3.1669 -0.0965 7.6402, 3.1722 -0.0965 7.6356, 3.218 -0.0965 7.5786, 3.2292 -0.0965 7.5585, 3.2471 -0.0965 7.5262, 3.269 -0.0965 7.4639, 2.935 -0.0965 7.753, 2.9895 -0.0965 7.7413, 3.0069 -0.0965 7.7375, 3.0642 -0.0965 7.7144, 3.0845 -0.0965 7.7019, 3.2714 -0.0965 7.4572, 3.2814 -0.0965 7.3986, 1.3413 -0.0965 7.7414, 1.3661 -0.0965 7.7483, 1.4437 -0.0965 7.7559, 1.5232 -0.0965 7.7559, 1.0525 -0.0965 7.424, 1.0627 -0.0965 7.4637, 1.0707 -0.0965 7.4946, 1.0737 -0.0965 7.5027, 1.1014 -0.0965 7.5587, 1.1061 -0.0965 7.5683, 1.141 -0.0965 7.6163, 1.1646 -0.0965 7.6394, 1.1935 -0.0965 7.6676, 1.2422 -0.0965 7.7013, 1.3088 -0.0965 7.7325, 2.2638 0.6441 7.7559, 2.2638 0.7236 7.7559, 2.2638 0.7274 7.7559, 2.2638 0.8007 7.7484, 2.2638 0.8118 7.7453, 2.2638 0.8606 7.7317, 2.2638 0.895 7.7154, 2.2638 0.9269 7.7002, 2.2638 0.9705 7.6696, 2.2638 1.033 7.6074, 2.2638 1.0636 7.5644, 2.2638 1.079 7.5323, 2.2638 1.0953 7.4984, 2.2638 1.1092 7.4497, 2.2638 1.1117 7.4412, 2.2638 0.9768 7.6651, 2.2638 1.0287 7.6134, 2.2638 -0.7197 7.7559, 2.2638 -0.6401 7.7559, 2.2638 -0.9176 7.7025, 2.2638 -0.8603 7.7304, 2.2638 -0.8221 7.7416, 2.2638 -1.1118 7.418, 2.2638 -1.1008 7.4637, 2.2638 -0.9987 7.6394, 2.2638 -1.0947 7.4889, 2.2638 -0.9746 7.6637, 2.2638 -0.9264 7.6982, 2.2638 -0.8033 7.7471, 2.2638 -0.7301 7.7558, 2.2638 -1.0604 7.5632, 2.2638 -1.0262 7.6117, 2.2638 -1.0624 7.5589, 2.2638 -1.0918 7.4971, 2.0669 -1.1006 7.4637, 2.0669 -0.6401 7.7559, 2.0669 -0.7197 7.7559, 2.0669 -1.0554 7.5714, 2.0669 -1.0618 7.5586, 2.0669 -0.8221 7.7415, 2.0669 -1.0883 7.5062, 2.0669 -1.1105 7.4263, 2.0669 -1.1157 7.3675, 2.0669 -0.7931 7.7491, 2.0669 -1.0918 7.4971, 2.0669 -0.9665 7.6703, 2.0669 -0.9988 7.6394, 2.0669 -0.9158 7.7044, 2.0669 -0.8488 7.7345, 2.0669 -1.0195 7.6197, -2.887 0.1004 7.7559, -2.8075 0.1004 7.7559, -2.8735 0.1725 7.7559, -2.7623 0.2582 7.7559, -2.679 0.3996 7.7559, -2.563 0.5157 7.7559, -2.6384 0.5558 7.7559, -2.2638 0.6441 7.7559, -2.2638 0.7236 7.7559, -2.3359 0.7101 7.7559, -2.4216 0.5989 7.7559, -2.4444 0.6747 7.7559, -2.5461 0.6229 7.7559, -2.7191 0.475 7.7559, -2.7863 0.3827 7.7559, -2.8381 0.281 7.7559, -1.0476 -0.0965 7.3622, -1.0745 -0.2608 7.3622, -1.0759 -0.2666 3.4252, -1.0759 0.2705 3.4252, -1.0476 0.1004 3.8189, -1.0433 0.002 3.4252, -1.0433 0.002 3.8189, -1.0476 -0.0965 3.8189, -2.3006 1.1158 3.4252, -2.2638 1.1197 3.8189, -2.0301 1.1158 3.4252, -2.0669 1.1197 3.8189, -3.2831 0.1004 7.3622, -3.2562 0.2647 7.3622, -3.2548 0.2705 3.4252, -3.2548 -0.2666 3.4252, -3.2831 -0.0965 3.8189, -3.2874 0.002 3.4252, -3.2874 0.002 3.8189, -3.2831 0.1004 3.8189, -2.0301 -1.1119 3.4252, -2.0669 -1.1158 3.8189, -2.3006 -1.1119 3.4252, -2.2638 -1.1158 3.8189, -1.1748 -0.5179 7.3622, -1.1718 -0.5195 3.4252, -1.1289 -0.428 7.3622, -1.0763 -0.2664 7.3622, -1.2088 -0.5846 7.3622, -1.3122 -0.7268 7.3622, -1.3255 -0.7421 3.4252, -1.5298 -0.9189 7.3622, -1.528 -0.9215 3.4252, -1.4366 -0.8512 7.3622, -1.3265 -0.7411 7.3622, -1.5788 -0.9546 7.3622, -1.7354 -1.0344 7.3622, -1.7675 -1.0472 3.4252, -2.0669 -1.1158 7.3622, -2.0305 -1.1098 7.3622, -1.9026 -1.0889 7.3622, -1.7681 -1.0451 7.3622, -2.5626 -1.0451 7.3622, -2.5632 -1.0472 3.4252, -2.4281 -1.0889 7.3622, -2.3003 -1.1098 7.3622, -2.2638 -1.1158 7.3622, -2.5953 -1.0344 7.3622, -2.7519 -0.9546 7.3622, -2.8028 -0.9215 3.4252, -3.0042 -0.7411 7.3622, -3.0052 -0.7421 3.4252, -2.8942 -0.8512 7.3622, -2.8009 -0.9189 7.3622, -3.0185 -0.7268 7.3622, -3.1219 -0.5846 7.3622, -3.1589 -0.5195 3.4252, -3.1559 -0.5179 7.3622, -3.2018 -0.428 7.3622, -3.2544 -0.2664 7.3622, -3.2562 -0.2608 7.3622, -3.2831 -0.0965 7.3622, -3.1559 0.5219 7.3622, -3.1589 0.5234 3.4252, -3.2018 0.4319 7.3622, -3.2544 0.2704 7.3622, -3.1219 0.5885 7.3622, -3.0185 0.7308 7.3622, -3.0052 0.746 3.4252, -2.8009 0.9229 7.3622, -2.8028 0.9254 3.4252, -2.8942 0.8551 7.3622, -3.0042 0.745 7.3622, -2.7519 0.9585 7.3622, -2.5953 1.0384 7.3622, -2.5632 1.0511 3.4252, -2.2638 1.1197 7.3622, -2.3003 1.1137 7.3622, -2.4281 1.0928 7.3622, -2.5626 1.049 7.3622, -1.7681 1.049 7.3622, -1.7675 1.0511 3.4252, -1.9026 1.0928 7.3622, -2.0305 1.1137 7.3622, -2.0669 1.1197 7.3622, -1.7354 1.0384 7.3622, -1.5788 0.9585 7.3622, -1.528 0.9254 3.4252, -1.3265 0.745 7.3622, -1.3255 0.746 3.4252, -1.4366 0.8551 7.3622, -1.5298 0.9229 7.3622, -1.3122 0.7308 7.3622, -1.2088 0.5885 7.3622, -1.1718 0.5234 3.4252, -1.1748 0.5219 7.3622, -1.1289 0.4319 7.3622, -1.0763 0.2704 7.3622, -1.0745 0.2647 7.3622, -1.0476 0.1004 7.3622, -2.5901 1.026 7.4641, -2.8854 0.8449 7.4641, -3.0083 0.7221 7.4641, -3.1894 0.4267 7.4641, -3.2432 0.2615 7.4641, -2.4249 1.0798 7.4641, -2.9603 0.1004 7.7491, -2.9725 0.1964 7.7425, -2.9895 0.1004 7.7417, -3.0648 0.2186 7.7032, -3.0778 0.1004 7.7074, -3.0103 0.1004 7.7364, -3.1828 0.1004 7.6242, -3.1663 0.1004 7.6395, -3.1441 0.2377 7.6406, -3.129 0.1004 7.674, -3.085 0.1004 7.7027, -3.2194 0.1004 7.5764, -3.2049 0.2523 7.5591, -3.2289 0.1004 7.5584, -3.2534 0.1004 7.5119, -3.2571 0.1004 7.5027, -3.2829 0.1004 7.3735, -3.2768 0.1004 7.4323, -3.268 0.1004 7.4637, -2.2638 1.1188 7.389, -2.2638 1.107 7.4612, -2.2638 1.106 7.464, -2.2638 1.0878 7.517, -2.4157 1.0415 7.5591, -2.2638 1.0653 7.5583, -2.4011 0.9807 7.6406, -2.2638 1.0163 7.6276, -2.2638 1.0528 7.5813, -2.382 0.9014 7.7032, -2.2638 0.9619 7.6769, -2.2638 1.003 7.6397, -2.2638 0.8261 7.7416, -2.2638 0.8443 7.7373, -2.3597 0.8091 7.7425, -2.2638 0.9121 7.7086, -2.2638 0.9215 7.7026, -2.2638 0.7864 7.751, -3.153 0.4117 7.5591, -3.0953 0.3877 7.6406, -3.0199 0.3565 7.7032, -2.9322 0.3201 7.7425, -3.1104 0.5815 7.4641, -3.0769 0.561 7.5591, -3.0236 0.5282 7.6406, -2.9541 0.4856 7.7032, -2.8731 0.436 7.7425, -2.7966 0.5412 7.7425, -2.8688 0.6029 7.7032, -2.9308 0.6559 7.6406, -2.9784 0.6965 7.5591, -2.8599 0.815 7.5591, -2.8193 0.7674 7.6406, -2.7663 0.7054 7.7032, -2.7046 0.6332 7.7425, -2.7449 0.9471 7.4641, -2.7243 0.9135 7.5591, -2.6916 0.8602 7.6406, -2.649 0.7907 7.7032, -2.5994 0.7097 7.7425, -2.4835 0.7689 7.7425, -2.5198 0.8566 7.7032, -2.5511 0.9319 7.6406, -2.5751 0.9897 7.5591, -2.2638 0.6441 3.8189, -2.4216 0.5989 3.8189, -2.563 0.5157 3.8189, -2.679 0.3996 3.8189, -2.7623 0.2582 3.8189, -2.8075 0.1004 3.8189, -2.2638 -0.6401 3.8189, -2.0669 -0.6401 3.8189, -1.5232 0.1004 3.8189, -2.7623 -0.2542 3.8189, -2.8075 -0.0965 3.8189, -1.5232 -0.0965 3.8189, -2.679 -0.3957 3.8189, -2.563 -0.5117 3.8189, -2.4216 -0.595 3.8189, -2.0669 0.6441 3.8189, -1.6517 0.3996 3.8189, -1.7677 0.5157 3.8189, -1.9091 0.5989 3.8189, -1.9091 -0.595 3.8189, -1.7677 -0.5117 3.8189, -1.5684 0.2582 3.8189, -1.5684 -0.2542 3.8189, -1.6517 -0.3957 3.8189, -1.5232 0.1004 7.7559, -1.0544 0.1004 7.4348, -1.0577 0.1004 7.4498, -1.3558 0.1004 7.7444, -1.32 0.1004 7.7363, -1.2718 0.1004 7.7165, -1.084 0.1004 7.5271, -1.0872 0.1004 7.5328, -1.0596 0.1004 7.4582, -1.1127 0.1004 7.5787, -1.1352 0.1004 7.6066, -1.1969 0.1004 7.6696, -1.2028 0.1004 7.6749, -1.2652 0.1004 7.7138, -1.3919 0.1004 7.7525, -1.4437 0.1004 7.7559, -1.1587 0.1004 7.6358, -1.5232 -0.0965 7.7559, -1.4437 -0.0965 7.7559, -1.3957 -0.0965 7.753, -1.3412 -0.0965 7.7413, -1.3238 -0.0965 7.7375, -1.2665 -0.0965 7.7144, -1.2462 -0.0965 7.7019, -1.2041 -0.0965 7.6758, -1.1638 -0.0965 7.6402, -1.0617 -0.0965 7.4639, -1.0836 -0.0965 7.5262, -1.1015 -0.0965 7.5585, -1.1586 -0.0965 7.6356, -1.1127 -0.0965 7.5786, -1.0593 -0.0965 7.4572, -1.0493 -0.0965 7.3986, -3.0219 -0.0965 7.7325, -2.9894 -0.0965 7.7414, -2.9646 -0.0965 7.7483, -2.887 -0.0965 7.7559, -2.8075 -0.0965 7.7559, -3.2782 -0.0965 7.424, -3.268 -0.0965 7.4637, -3.1661 -0.0965 7.6394, -3.1372 -0.0965 7.6676, -3.0885 -0.0965 7.7013, -3.2601 -0.0965 7.4946, -3.2571 -0.0965 7.5027, -3.2293 -0.0965 7.5587, -3.2246 -0.0965 7.5683, -3.1897 -0.0965 7.6163, -2.0669 0.6441 7.7559, -2.0669 0.7236 7.7559, -2.0669 0.7274 7.7559, -2.0669 1.1117 7.4412, -2.0669 0.8118 7.7453, -2.0669 0.8007 7.7484, -2.0669 0.8606 7.7317, -2.0669 1.033 7.6074, -2.0669 1.0636 7.5644, -2.0669 1.079 7.5323, -2.0669 1.0953 7.4984, -2.0669 1.1092 7.4497, -2.0669 0.895 7.7154, -2.0669 0.9269 7.7002, -2.0669 0.9705 7.6696, -2.0669 1.0287 7.6134, -2.0669 0.9768 7.6651, -2.0669 -0.7197 7.7559, -2.0669 -0.6401 7.7559, -2.0669 -0.9176 7.7025, -2.0669 -0.8603 7.7304, -2.0669 -0.8221 7.7416, -2.0669 -1.1118 7.418, -2.0669 -1.1008 7.4637, -2.0669 -0.9987 7.6394, -2.0669 -1.0947 7.4889, -2.0669 -0.9746 7.6637, -2.0669 -0.9264 7.6982, -2.0669 -0.8033 7.7471, -2.0669 -0.7301 7.7558, -2.0669 -1.0604 7.5632, -2.0669 -1.0262 7.6117, -2.0669 -1.0624 7.5589, -2.0669 -1.0918 7.4971, -2.2638 -1.1006 7.4637, -2.2638 -0.6401 7.7559, -2.2638 -0.7197 7.7559, -2.2638 -1.0554 7.5714, -2.2638 -1.0618 7.5586, -2.2638 -0.8221 7.7415, -2.2638 -1.0883 7.5062, -2.2638 -1.1105 7.4263, -2.2638 -1.1157 7.3675, -2.2638 -0.7931 7.7491, -2.2638 -1.0918 7.4971, -2.2638 -0.9665 7.6703, -2.2638 -0.9988 7.6394, -2.2638 -0.9158 7.7044, -2.2638 -0.8488 7.7345, -2.2638 -1.0195 7.6197
            ]
        }
        coordIndex [
            0,1,2,-1,2,1,3,-1,4,5,6,-1,7,8,9,-1,7,9,10,-1,10,9,11,-1,10,11,5,-1,5,11,12,-1,5,12,6,-1,6,13,4,-1,4,13,14,-1,4,14,3,-1,3,14,15,-1,3,15,2,-1,16,17,18,-1,19,20,21,-1,21,20,22,-1,21,22,18,-1,18,22,23,-1,18,23,16,-1,24,25,26,-1,26,25,27,-1,28,29,30,-1,31,32,33,-1,33,32,34,-1,33,34,30,-1,30,34,35,-1,30,35,28,-1,36,37,38,-1,38,37,39,-1,40,41,42,-1,42,41,18,-1,42,18,43,-1,43,18,17,-1,40,44,41,-1,41,44,45,-1,41,45,46,-1,47,48,49,-1,49,48,46,-1,49,46,50,-1,50,46,45,-1,47,51,48,-1,48,51,52,-1,48,52,53,-1,54,37,55,-1,55,37,36,-1,55,36,56,-1,56,36,53,-1,56,53,57,-1,57,53,52,-1,58,59,60,-1,60,59,38,-1,60,38,61,-1,61,38,39,-1,61,39,62,-1,58,63,59,-1,59,63,64,-1,59,64,65,-1,66,67,68,-1,68,67,65,-1,68,65,69,-1,69,65,64,-1,66,70,67,-1,67,70,71,-1,67,71,72,-1,71,73,72,-1,72,73,74,-1,72,74,31,-1,31,74,75,-1,31,75,32,-1,32,75,76,-1,32,76,77,-1,78,79,80,-1,80,79,30,-1,80,30,81,-1,81,30,29,-1,78,82,79,-1,79,82,83,-1,79,83,84,-1,85,86,87,-1,87,86,84,-1,87,84,88,-1,88,84,83,-1,85,89,86,-1,86,89,90,-1,86,90,91,-1,92,25,93,-1,93,25,24,-1,93,24,94,-1,94,24,91,-1,94,91,95,-1,95,91,90,-1,96,97,98,-1,98,97,26,-1,98,26,99,-1,99,26,27,-1,99,27,100,-1,96,101,97,-1,97,101,102,-1,97,102,103,-1,104,105,106,-1,106,105,103,-1,106,103,107,-1,107,103,102,-1,104,108,105,-1,105,108,109,-1,105,109,110,-1,109,111,110,-1,110,111,112,-1,110,112,19,-1,19,112,113,-1,19,113,20,-1,20,113,114,-1,20,114,115,-1,95,90,116,-1,85,87,117,-1,88,83,118,-1,78,80,119,-1,81,29,120,-1,93,94,121,-1,0,2,122,-1,122,2,123,-1,122,123,124,-1,125,126,123,-1,123,126,127,-1,123,127,124,-1,128,129,130,-1,130,129,131,-1,130,131,125,-1,125,131,132,-1,125,132,126,-1,128,130,133,-1,133,130,134,-1,133,134,135,-1,135,134,136,-1,136,134,120,-1,136,120,137,-1,28,138,29,-1,29,138,139,-1,29,139,120,-1,120,139,140,-1,120,140,137,-1,141,92,93,-1,141,93,142,-1,142,93,143,-1,143,93,121,-1,143,121,144,-1,144,121,145,-1,144,145,146,-1,147,148,145,-1,145,148,149,-1,145,149,146,-1,150,151,147,-1,147,151,152,-1,147,152,148,-1,153,154,155,-1,155,154,156,-1,155,156,150,-1,150,156,157,-1,150,157,151,-1,153,155,158,-1,158,155,9,-1,158,9,8,-1,80,81,119,-1,119,81,120,-1,119,120,159,-1,159,120,134,-1,159,134,160,-1,160,134,130,-1,160,130,161,-1,161,130,125,-1,161,125,162,-1,162,125,123,-1,162,123,15,-1,15,123,2,-1,82,78,163,-1,163,78,119,-1,163,119,164,-1,164,119,159,-1,164,159,165,-1,165,159,160,-1,165,160,166,-1,166,160,161,-1,166,161,167,-1,167,161,162,-1,167,162,14,-1,14,162,15,-1,14,13,167,-1,167,13,168,-1,167,168,166,-1,166,168,169,-1,166,169,165,-1,165,169,170,-1,165,170,164,-1,164,170,171,-1,164,171,163,-1,163,171,118,-1,163,118,82,-1,82,118,83,-1,87,88,117,-1,117,88,118,-1,117,118,172,-1,172,118,171,-1,172,171,173,-1,173,171,170,-1,173,170,174,-1,174,170,169,-1,174,169,175,-1,175,169,168,-1,175,168,6,-1,6,168,13,-1,89,85,176,-1,176,85,117,-1,176,117,177,-1,177,117,172,-1,177,172,178,-1,178,172,173,-1,178,173,179,-1,179,173,174,-1,179,174,180,-1,180,174,175,-1,180,175,12,-1,12,175,6,-1,12,11,180,-1,180,11,181,-1,180,181,179,-1,179,181,182,-1,179,182,178,-1,178,182,183,-1,178,183,177,-1,177,183,184,-1,177,184,176,-1,176,184,116,-1,176,116,89,-1,89,116,90,-1,94,95,121,-1,121,95,116,-1,121,116,145,-1,145,116,184,-1,145,184,147,-1,147,184,183,-1,147,183,150,-1,150,183,182,-1,150,182,155,-1,155,182,181,-1,155,181,9,-1,9,181,11,-1,185,7,186,-1,186,7,10,-1,186,10,187,-1,187,10,5,-1,187,5,188,-1,188,5,4,-1,188,4,189,-1,189,4,3,-1,189,3,190,-1,190,3,1,-1,22,20,191,-1,34,32,192,-1,27,25,193,-1,193,25,185,-1,194,191,195,-1,195,191,196,-1,23,22,197,-1,197,22,191,-1,197,191,198,-1,198,191,194,-1,190,193,189,-1,189,193,188,-1,39,37,199,-1,199,37,200,-1,185,186,193,-1,193,186,187,-1,193,187,188,-1,201,202,203,-1,203,202,204,-1,203,204,205,-1,205,204,193,-1,205,193,192,-1,192,193,190,-1,192,190,34,-1,34,190,35,-1,203,206,201,-1,201,206,207,-1,201,207,208,-1,208,207,199,-1,208,199,191,-1,191,199,200,-1,191,200,196,-1,191,20,209,-1,209,20,115,-1,210,211,209,-1,209,211,212,-1,209,212,213,-1,115,214,209,-1,209,214,215,-1,209,215,216,-1,213,217,218,-1,218,219,213,-1,213,219,220,-1,213,220,221,-1,221,222,213,-1,213,222,223,-1,213,223,209,-1,216,224,209,-1,209,224,225,-1,209,225,210,-1,16,23,197,-1,197,226,227,-1,228,229,197,-1,197,229,230,-1,197,230,231,-1,231,232,197,-1,197,232,233,-1,197,233,234,-1,227,235,197,-1,197,235,236,-1,197,236,237,-1,237,238,197,-1,197,238,239,-1,197,239,228,-1,234,240,197,-1,197,240,241,-1,197,241,16,-1,242,192,32,-1,242,243,192,-1,192,243,244,-1,192,244,245,-1,32,77,242,-1,242,77,246,-1,242,246,247,-1,247,248,242,-1,242,248,249,-1,242,249,250,-1,250,251,242,-1,242,251,252,-1,242,252,253,-1,254,255,253,-1,253,255,256,-1,253,256,242,-1,122,124,135,-1,35,190,28,-1,28,190,1,-1,140,1,137,-1,137,1,136,-1,140,139,1,-1,1,139,138,-1,1,138,28,-1,136,1,135,-1,135,1,0,-1,135,0,122,-1,127,126,132,-1,127,132,124,-1,124,132,131,-1,124,131,129,-1,129,128,124,-1,124,128,133,-1,124,133,135,-1,144,146,7,-1,185,25,7,-1,7,25,92,-1,7,92,141,-1,141,142,7,-1,7,142,143,-1,7,143,144,-1,157,7,151,-1,151,7,152,-1,153,157,154,-1,154,157,156,-1,146,149,7,-1,7,149,148,-1,7,148,152,-1,153,158,157,-1,157,158,8,-1,157,8,7,-1,257,258,193,-1,193,258,259,-1,259,260,193,-1,193,260,261,-1,193,261,262,-1,262,263,193,-1,193,263,264,-1,193,264,265,-1,193,266,267,-1,267,268,193,-1,193,268,269,-1,193,269,270,-1,270,271,193,-1,193,271,100,-1,193,100,27,-1,265,272,193,-1,193,272,273,-1,193,273,266,-1,274,275,200,-1,37,276,200,-1,200,276,277,-1,200,277,278,-1,37,54,276,-1,276,54,279,-1,276,279,280,-1,281,280,282,-1,281,283,280,-1,280,283,284,-1,280,284,276,-1,278,285,200,-1,200,285,286,-1,200,286,274,-1,287,288,289,-1,289,288,281,-1,289,281,290,-1,290,281,282,-1,291,292,293,-1,39,199,62,-1,62,199,292,-1,294,295,296,-1,296,295,297,-1,291,298,292,-1,292,298,299,-1,292,299,62,-1,293,300,291,-1,291,300,296,-1,291,296,301,-1,301,296,297,-1,302,303,304,-1,304,303,305,-1,305,303,296,-1,296,303,306,-1,296,306,294,-1,307,308,309,-1,309,308,310,-1,311,312,313,-1,314,315,316,-1,314,316,317,-1,317,316,318,-1,317,318,312,-1,312,318,319,-1,312,319,313,-1,313,320,311,-1,311,320,321,-1,311,321,310,-1,310,321,322,-1,310,322,309,-1,323,324,325,-1,326,327,328,-1,328,327,329,-1,328,329,325,-1,325,329,330,-1,325,330,323,-1,331,332,333,-1,333,332,334,-1,335,336,337,-1,338,339,340,-1,340,339,341,-1,340,341,337,-1,337,341,342,-1,337,342,335,-1,343,344,345,-1,345,344,346,-1,347,348,349,-1,349,348,325,-1,349,325,350,-1,350,325,324,-1,347,351,348,-1,348,351,352,-1,348,352,353,-1,354,355,356,-1,356,355,353,-1,356,353,357,-1,357,353,352,-1,354,358,355,-1,355,358,359,-1,355,359,360,-1,361,344,362,-1,362,344,343,-1,362,343,363,-1,363,343,360,-1,363,360,364,-1,364,360,359,-1,365,366,367,-1,367,366,345,-1,367,345,368,-1,368,345,346,-1,368,346,369,-1,365,370,366,-1,366,370,371,-1,366,371,372,-1,373,374,375,-1,375,374,372,-1,375,372,376,-1,376,372,371,-1,373,377,374,-1,374,377,378,-1,374,378,379,-1,378,380,379,-1,379,380,381,-1,379,381,338,-1,338,381,382,-1,338,382,339,-1,339,382,383,-1,339,383,384,-1,385,386,387,-1,387,386,337,-1,387,337,388,-1,388,337,336,-1,385,389,386,-1,386,389,390,-1,386,390,391,-1,392,393,394,-1,394,393,391,-1,394,391,395,-1,395,391,390,-1,392,396,393,-1,393,396,397,-1,393,397,398,-1,399,332,400,-1,400,332,331,-1,400,331,401,-1,401,331,398,-1,401,398,402,-1,402,398,397,-1,403,404,405,-1,405,404,333,-1,405,333,406,-1,406,333,334,-1,406,334,407,-1,403,408,404,-1,404,408,409,-1,404,409,410,-1,411,412,413,-1,413,412,410,-1,413,410,414,-1,414,410,409,-1,411,415,412,-1,412,415,416,-1,412,416,417,-1,416,418,417,-1,417,418,419,-1,417,419,326,-1,326,419,420,-1,326,420,327,-1,327,420,421,-1,327,421,422,-1,402,397,423,-1,392,394,424,-1,395,390,425,-1,385,387,426,-1,388,336,427,-1,400,401,428,-1,307,309,429,-1,429,309,430,-1,429,430,431,-1,432,433,430,-1,430,433,434,-1,430,434,431,-1,435,436,437,-1,437,436,438,-1,437,438,432,-1,432,438,439,-1,432,439,433,-1,435,437,440,-1,440,437,441,-1,440,441,442,-1,442,441,443,-1,443,441,427,-1,443,427,444,-1,335,445,336,-1,336,445,446,-1,336,446,427,-1,427,446,447,-1,427,447,444,-1,448,399,400,-1,448,400,449,-1,449,400,450,-1,450,400,428,-1,450,428,451,-1,451,428,452,-1,451,452,453,-1,454,455,452,-1,452,455,456,-1,452,456,453,-1,457,458,454,-1,454,458,459,-1,454,459,455,-1,460,461,462,-1,462,461,463,-1,462,463,457,-1,457,463,464,-1,457,464,458,-1,460,462,465,-1,465,462,316,-1,465,316,315,-1,387,388,426,-1,426,388,427,-1,426,427,466,-1,466,427,441,-1,466,441,467,-1,467,441,437,-1,467,437,468,-1,468,437,432,-1,468,432,469,-1,469,432,430,-1,469,430,322,-1,322,430,309,-1,389,385,470,-1,470,385,426,-1,470,426,471,-1,471,426,466,-1,471,466,472,-1,472,466,467,-1,472,467,473,-1,473,467,468,-1,473,468,474,-1,474,468,469,-1,474,469,321,-1,321,469,322,-1,321,320,474,-1,474,320,475,-1,474,475,473,-1,473,475,476,-1,473,476,472,-1,472,476,477,-1,472,477,471,-1,471,477,478,-1,471,478,470,-1,470,478,425,-1,470,425,389,-1,389,425,390,-1,394,395,424,-1,424,395,425,-1,424,425,479,-1,479,425,478,-1,479,478,480,-1,480,478,477,-1,480,477,481,-1,481,477,476,-1,481,476,482,-1,482,476,475,-1,482,475,313,-1,313,475,320,-1,396,392,483,-1,483,392,424,-1,483,424,484,-1,484,424,479,-1,484,479,485,-1,485,479,480,-1,485,480,486,-1,486,480,481,-1,486,481,487,-1,487,481,482,-1,487,482,319,-1,319,482,313,-1,319,318,487,-1,487,318,488,-1,487,488,486,-1,486,488,489,-1,486,489,485,-1,485,489,490,-1,485,490,484,-1,484,490,491,-1,484,491,483,-1,483,491,423,-1,483,423,396,-1,396,423,397,-1,401,402,428,-1,428,402,423,-1,428,423,452,-1,452,423,491,-1,452,491,454,-1,454,491,490,-1,454,490,457,-1,457,490,489,-1,457,489,462,-1,462,489,488,-1,462,488,316,-1,316,488,318,-1,492,314,493,-1,493,314,317,-1,493,317,494,-1,494,317,312,-1,494,312,495,-1,495,312,311,-1,495,311,496,-1,496,311,310,-1,496,310,497,-1,497,310,308,-1,497,342,341,-1,346,344,498,-1,498,344,499,-1,329,327,500,-1,501,497,502,-1,502,497,341,-1,502,341,339,-1,503,330,329,-1,501,504,497,-1,497,504,505,-1,497,505,506,-1,334,332,507,-1,507,332,492,-1,508,509,503,-1,503,509,510,-1,494,511,493,-1,493,511,512,-1,329,500,503,-1,503,500,513,-1,503,513,508,-1,506,498,497,-1,497,498,499,-1,497,499,496,-1,496,499,511,-1,496,511,495,-1,495,511,494,-1,510,507,503,-1,503,507,492,-1,503,492,514,-1,514,492,493,-1,514,493,515,-1,515,493,512,-1,516,500,327,-1,327,422,516,-1,516,422,517,-1,516,517,518,-1,519,518,520,-1,520,518,521,-1,522,523,524,-1,524,523,518,-1,523,525,526,-1,527,528,518,-1,518,528,529,-1,518,529,521,-1,519,530,518,-1,518,530,531,-1,518,531,516,-1,523,526,518,-1,518,526,532,-1,518,532,527,-1,323,330,503,-1,533,534,503,-1,503,534,535,-1,535,536,503,-1,503,536,537,-1,503,537,538,-1,538,539,503,-1,503,539,540,-1,503,540,541,-1,542,503,543,-1,543,503,544,-1,541,545,503,-1,503,545,546,-1,503,546,544,-1,542,547,503,-1,503,547,548,-1,503,548,323,-1,549,550,502,-1,550,551,502,-1,502,551,552,-1,502,552,553,-1,339,384,502,-1,502,384,554,-1,502,554,555,-1,556,557,502,-1,502,557,558,-1,502,558,549,-1,555,559,502,-1,502,559,560,-1,502,560,561,-1,561,562,502,-1,502,562,563,-1,502,563,556,-1,335,342,497,-1,438,436,497,-1,497,308,307,-1,307,429,497,-1,497,429,431,-1,497,431,434,-1,434,433,497,-1,497,433,439,-1,497,439,438,-1,436,435,497,-1,497,435,440,-1,497,440,442,-1,442,443,497,-1,497,443,444,-1,497,444,447,-1,447,446,497,-1,497,446,445,-1,497,445,335,-1,451,453,314,-1,492,332,314,-1,314,332,399,-1,314,399,448,-1,448,449,314,-1,314,449,450,-1,314,450,451,-1,464,314,458,-1,458,314,459,-1,460,464,461,-1,461,464,463,-1,453,456,314,-1,314,456,455,-1,314,455,459,-1,460,465,464,-1,464,465,315,-1,464,315,314,-1,407,334,507,-1,564,565,507,-1,507,565,566,-1,567,407,568,-1,568,407,507,-1,568,507,569,-1,569,507,566,-1,570,571,568,-1,568,571,572,-1,568,572,573,-1,573,574,568,-1,568,574,575,-1,568,575,567,-1,576,577,578,-1,570,576,571,-1,571,576,578,-1,571,578,579,-1,579,578,580,-1,581,582,499,-1,344,583,499,-1,499,583,584,-1,499,584,585,-1,344,361,583,-1,583,361,586,-1,583,586,587,-1,588,587,589,-1,588,590,587,-1,587,590,591,-1,587,591,583,-1,585,592,499,-1,499,592,593,-1,499,593,581,-1,594,595,596,-1,596,595,588,-1,596,588,597,-1,597,588,589,-1,598,599,600,-1,346,498,369,-1,369,498,599,-1,601,602,603,-1,603,602,604,-1,598,605,599,-1,599,605,606,-1,599,606,369,-1,600,607,598,-1,598,607,603,-1,598,603,608,-1,608,603,604,-1,609,610,611,-1,611,610,612,-1,612,610,603,-1,603,610,613,-1,603,613,601,-1,
        ]
    }
}
Shape{
    appearance Appearance {
        material  Material 	{
            diffuseColor 0.0 0.0 0.0
            specularColor 0.0 0.0 0.0
            ambientIntensity 0.0
            transparency 0.0
            shininess 0.5
        }
    }
    geometry IndexedFaceSet {
        ccw TRUE
        solid FALSE
        coord DEF co Coordinate {
            point [
                0.6113 -2.1476 0.8839, 0.6113 -2.1476 0.8595, 0.6113 -2.1437 0.8839, 0.6113 -2.1437 0.8595, 0.5262 -2.1476 0.8839, 0.5262 -2.1437 0.8839, 0.5262 -2.1476 1.073, 0.5262 -2.1437 1.073, 0.4987 -2.1476 1.073, 0.4987 -2.1437 1.073, 0.4987 -2.1476 0.8595, 0.4987 -2.1437 0.8595, 0.7533 -2.1476 0.859, 0.7208 -2.1476 0.8559, 0.7396 -2.1437 0.8577, 0.7208 -2.1437 0.8559, 0.7533 -2.1437 0.859, 0.7762 -2.1437 0.8666, 0.7762 -2.1476 0.8666, 0.7799 -2.1437 0.8684, 0.7799 -2.1476 0.8684, 0.7799 -2.1476 0.8948, 0.7799 -2.1437 0.8948, 0.7588 -2.1437 0.8853, 0.7588 -2.1476 0.8853, 0.7347 -2.1437 0.8809, 0.7347 -2.1476 0.8809, 0.7248 -2.1437 0.8805, 0.7248 -2.1476 0.8805, 0.7057 -2.1437 0.8825, 0.7057 -2.1476 0.8825, 0.6901 -2.1437 0.8879, 0.6901 -2.1476 0.8879, 0.6757 -2.1437 0.8974, 0.6757 -2.1476 0.8974, 0.6699 -2.1437 0.903, 0.6699 -2.1476 0.903, 0.6599 -2.1437 0.9166, 0.6599 -2.1476 0.9166, 0.6529 -2.1437 0.9336, 0.6529 -2.1476 0.9336, 0.6493 -2.1437 0.9547, 0.6493 -2.1476 0.9547, 0.6489 -2.1437 0.9639, 0.6489 -2.1476 0.9639, 0.6524 -2.1437 0.9931, 0.6524 -2.1476 0.9931, 0.6596 -2.1437 1.0116, 0.6596 -2.1476 1.0116, 0.6699 -2.1437 1.0264, 0.6699 -2.1476 1.0264, 0.6714 -2.1437 1.0281, 0.6714 -2.1476 1.0281, 0.6848 -2.1437 1.0394, 0.6848 -2.1476 1.0394, 0.7015 -2.1437 1.0475, 0.7015 -2.1476 1.0475, 0.7199 -2.1437 1.0513, 0.7199 -2.1476 1.0513, 0.7296 -2.1437 1.0518, 0.7296 -2.1476 1.0518, 0.7558 -2.1437 1.0486, 0.7558 -2.1476 1.0486, 0.7775 -2.1437 1.0404, 0.7775 -2.1476 1.0404, 0.7799 -2.1437 1.0391, 0.7799 -2.1476 1.0391, 0.7799 -2.1476 1.0679, 0.7799 -2.1437 1.0679, 0.7293 -2.1437 1.0766, 0.7293 -2.1476 1.0766, 0.7522 -2.1437 1.0748, 0.7572 -2.1476 1.0745, 0.7572 -2.1437 1.0745, 0.7144 -2.1437 1.0748, 0.6985 -2.1476 1.0729, 0.6985 -2.1437 1.0729, 0.6762 -2.1437 1.0643, 0.6762 -2.1476 1.0643, 0.6562 -2.1437 1.0503, 0.6562 -2.1476 1.0503, 0.6508 -2.1437 1.0452, 0.6508 -2.1476 1.0452, 0.6354 -2.1437 1.025, 0.6296 -2.1437 1.0114, 0.6252 -2.1476 1.0013, 0.6354 -2.1476 1.025, 0.6252 -2.1437 1.0013, 0.6204 -2.1437 0.9734, 0.6204 -2.1476 0.9734, 0.62 -2.1437 0.9622, 0.62 -2.1476 0.9622, 0.6242 -2.1437 0.9276, 0.6296 -2.1437 0.9138, 0.6329 -2.1476 0.9053, 0.6242 -2.1476 0.9276, 0.6329 -2.1437 0.9053, 0.6456 -2.1437 0.8871, 0.6456 -2.1476 0.8871, 0.6474 -2.1437 0.8851, 0.6474 -2.1476 0.8851, 0.6817 -2.1437 0.8624, 0.6619 -2.1476 0.8726, 0.6619 -2.1437 0.8726, 0.701 -2.1437 0.8577, 0.7042 -2.1476 0.8569, 0.6817 -2.1476 0.8624, 0.7042 -2.1437 0.8569, 0.9375 -2.1476 0.8839, 0.9375 -2.1476 0.8595, 0.9375 -2.1437 0.8839, 0.9375 -2.1437 0.8595, 0.8502 -2.1437 0.8839, 0.8502 -2.1476 0.8839, 0.9078 -2.1437 0.8839, 0.8502 -2.1476 0.9557, 0.8502 -2.1437 0.9557, 0.9265 -2.1437 0.9557, 0.9265 -2.1476 0.9557, 0.9078 -2.1437 0.9557, 0.9265 -2.1476 0.9801, 0.9265 -2.1437 0.9801, 0.8502 -2.1437 0.9801, 0.8502 -2.1476 0.9801, 0.9078 -2.1437 0.9801, 0.8502 -2.1476 1.0485, 0.8502 -2.1437 1.0485, 0.9326 -2.1437 1.0485, 0.9326 -2.1476 1.0485, 0.9078 -2.1437 1.0485, 0.9326 -2.1476 1.073, 0.9326 -2.1437 1.073, 0.8226 -2.1437 1.073, 0.8226 -2.1476 1.073, 0.9078 -2.1437 1.073, 0.8226 -2.1476 0.8595, 0.8226 -2.1437 0.8595, 0.9078 -2.1437 0.8595, 1.1194 -2.1476 0.8894, 1.0973 -2.1476 0.9038, 1.097 -2.1476 0.8734, 1.0835 -2.1476 0.8942, 1.0727 -2.1476 0.8639, 1.0658 -2.1476 0.8874, 1.0365 -2.1476 0.8595, 1.0364 -2.1476 0.8839, 0.9778 -2.1476 0.8595, 1.0053 -2.1476 0.8839, 0.9778 -2.1476 1.073, 1.0053 -2.1476 1.0485, 1.0387 -2.1476 1.073, 1.0376 -2.1476 1.0485, 1.0391 -2.1476 1.0485, 1.0713 -2.1476 1.0694, 1.0667 -2.1476 1.0451, 1.0971 -2.1476 1.06, 1.0849 -2.1476 1.0381, 1.1194 -2.1476 1.0448, 1.0992 -2.1476 1.0284, 1.127 -2.1476 1.0374, 1.1052 -2.1476 1.0225, 1.1402 -2.1476 1.0187, 1.1135 -2.1476 1.0105, 1.1481 -2.1476 0.9983, 1.1195 -2.1476 0.9949, 1.1516 -2.1476 0.969, 1.1226 -2.1476 0.9683, 1.151 -2.1476 0.9554, 1.1219 -2.1476 0.9541, 1.1458 -2.1476 0.9304, 1.1176 -2.1476 0.9347, 1.1353 -2.1476 0.9083, 1.1102 -2.1476 0.9189, 1.0998 -2.1476 0.9061, 1.0365 -2.1437 0.8595, 0.9778 -2.1437 0.8595, 1.1194 -2.1437 0.8894, 1.0727 -2.1437 0.8639, 1.0756 -2.1437 0.8651, 1.097 -2.1437 0.8734, 1.1353 -2.1437 0.9083, 1.1458 -2.1437 0.9304, 1.151 -2.1437 0.9554, 1.1516 -2.1437 0.969, 1.1481 -2.1437 0.9983, 1.1402 -2.1437 1.0187, 1.127 -2.1437 1.0374, 1.1194 -2.1437 1.0448, 1.0971 -2.1437 1.06, 1.0756 -2.1437 1.0679, 1.0713 -2.1437 1.0694, 1.0387 -2.1437 1.073, 0.9778 -2.1437 1.073, 1.0376 -2.1437 1.0485, 1.0053 -2.1437 1.0485, 1.0053 -2.1437 0.8839, 1.0364 -2.1437 0.8839, 1.0998 -2.1437 0.9061, 1.0973 -2.1437 0.9038, 1.0835 -2.1437 0.8942, 1.0658 -2.1437 0.8874, 1.1226 -2.1437 0.9683, 1.1219 -2.1437 0.9541, 1.1176 -2.1437 0.9347, 1.1102 -2.1437 0.9189, 1.0992 -2.1437 1.0284, 1.1052 -2.1437 1.0225, 1.1135 -2.1437 1.0105, 1.1195 -2.1437 0.9949, 1.0391 -2.1437 1.0485, 1.0667 -2.1437 1.0451, 1.0849 -2.1437 1.0381
            ]
        }
        coordIndex [
            0,1,2,-1,2,1,3,-1,4,0,5,-1,5,0,2,-1,6,4,7,-1,7,4,5,-1,8,6,9,-1,9,6,7,-1,10,8,11,-1,11,8,9,-1,1,10,3,-1,3,10,11,-1,6,8,4,-1,4,8,10,-1,4,10,0,-1,0,10,1,-1,12,13,14,-1,14,13,15,-1,14,16,12,-1,12,16,17,-1,12,17,18,-1,18,17,19,-1,18,19,20,-1,21,20,22,-1,22,20,19,-1,21,22,23,-1,21,23,24,-1,24,23,25,-1,24,25,26,-1,26,25,27,-1,26,27,28,-1,28,27,29,-1,28,29,30,-1,30,29,31,-1,30,31,32,-1,32,31,33,-1,32,33,34,-1,34,33,35,-1,34,35,36,-1,36,35,37,-1,36,37,38,-1,38,37,39,-1,38,39,40,-1,40,39,41,-1,40,41,42,-1,42,41,43,-1,42,43,44,-1,44,43,45,-1,44,45,46,-1,46,45,47,-1,46,47,48,-1,48,47,49,-1,48,49,50,-1,50,49,51,-1,50,51,52,-1,52,51,53,-1,52,53,54,-1,54,53,55,-1,54,55,56,-1,56,55,57,-1,56,57,58,-1,58,57,59,-1,58,59,60,-1,60,59,61,-1,60,61,62,-1,62,61,63,-1,62,63,64,-1,64,63,65,-1,64,65,66,-1,67,66,68,-1,68,66,65,-1,69,70,71,-1,71,70,72,-1,71,72,73,-1,73,72,67,-1,73,67,68,-1,70,69,74,-1,70,74,75,-1,74,76,75,-1,75,76,77,-1,75,77,78,-1,78,77,79,-1,78,79,80,-1,80,79,81,-1,80,81,82,-1,82,81,83,-1,84,85,83,-1,83,85,86,-1,83,86,82,-1,84,87,85,-1,85,87,88,-1,85,88,89,-1,89,88,90,-1,89,90,91,-1,91,90,92,-1,93,94,92,-1,92,94,95,-1,92,95,91,-1,93,96,94,-1,94,96,97,-1,94,97,98,-1,98,97,99,-1,98,99,100,-1,101,102,103,-1,103,102,100,-1,103,100,99,-1,104,105,101,-1,101,105,106,-1,101,106,102,-1,104,107,105,-1,105,107,15,-1,105,15,13,-1,82,52,80,-1,80,52,54,-1,80,54,78,-1,91,44,89,-1,89,44,46,-1,89,46,85,-1,85,46,86,-1,86,46,48,-1,86,48,82,-1,82,48,50,-1,82,50,52,-1,78,54,75,-1,75,54,56,-1,75,56,70,-1,20,21,18,-1,18,21,24,-1,18,24,12,-1,12,24,26,-1,12,26,13,-1,13,26,28,-1,13,28,105,-1,105,28,30,-1,105,30,106,-1,106,30,32,-1,106,32,102,-1,102,32,34,-1,102,34,100,-1,100,34,36,-1,100,36,98,-1,98,36,38,-1,98,38,94,-1,94,38,95,-1,95,38,40,-1,95,40,91,-1,91,40,42,-1,91,42,44,-1,56,58,70,-1,70,58,60,-1,70,60,72,-1,72,60,62,-1,72,62,67,-1,67,62,64,-1,67,64,66,-1,108,109,110,-1,110,109,111,-1,112,113,114,-1,114,113,108,-1,114,108,110,-1,115,113,116,-1,116,113,112,-1,117,118,119,-1,119,118,115,-1,119,115,116,-1,120,118,121,-1,121,118,117,-1,122,123,124,-1,124,123,120,-1,124,120,121,-1,125,123,126,-1,126,123,122,-1,127,128,129,-1,129,128,125,-1,129,125,126,-1,130,128,131,-1,131,128,127,-1,132,133,134,-1,134,133,130,-1,134,130,131,-1,135,133,136,-1,136,133,132,-1,111,109,137,-1,137,109,135,-1,137,135,136,-1,135,109,108,-1,108,113,135,-1,135,113,115,-1,135,115,133,-1,128,130,125,-1,125,130,133,-1,125,133,123,-1,123,133,115,-1,123,115,120,-1,120,115,118,-1,138,139,140,-1,140,139,141,-1,140,141,142,-1,142,141,143,-1,142,143,144,-1,144,143,145,-1,144,145,146,-1,146,145,147,-1,146,147,148,-1,148,147,149,-1,148,149,150,-1,149,151,150,-1,150,151,152,-1,150,152,153,-1,153,152,154,-1,153,154,155,-1,155,154,156,-1,155,156,157,-1,157,156,158,-1,157,158,159,-1,159,158,160,-1,159,160,161,-1,161,160,162,-1,161,162,163,-1,163,162,164,-1,163,164,165,-1,165,164,166,-1,165,166,167,-1,167,166,168,-1,167,168,169,-1,169,168,170,-1,169,170,171,-1,171,170,172,-1,171,172,138,-1,138,172,173,-1,138,173,139,-1,144,146,174,-1,174,146,175,-1,176,138,140,-1,144,174,177,-1,144,177,142,-1,142,177,178,-1,142,178,140,-1,140,178,179,-1,140,179,176,-1,138,176,180,-1,138,180,171,-1,171,180,181,-1,171,181,169,-1,169,181,182,-1,169,182,167,-1,167,182,183,-1,167,183,165,-1,165,183,184,-1,165,184,163,-1,163,184,185,-1,163,185,161,-1,161,185,186,-1,161,186,159,-1,159,186,187,-1,159,187,157,-1,157,187,188,-1,189,153,188,-1,188,153,155,-1,188,155,157,-1,189,190,153,-1,153,190,191,-1,153,191,150,-1,148,150,192,-1,192,150,191,-1,146,148,175,-1,175,148,192,-1,151,149,193,-1,193,149,194,-1,149,147,194,-1,194,147,195,-1,147,145,195,-1,195,145,196,-1,173,197,198,-1,173,198,139,-1,139,198,199,-1,139,199,141,-1,141,199,200,-1,141,200,143,-1,143,200,196,-1,143,196,145,-1,166,201,202,-1,166,202,168,-1,168,202,203,-1,168,203,170,-1,170,203,204,-1,170,204,172,-1,172,204,197,-1,172,197,173,-1,158,205,206,-1,158,206,160,-1,160,206,207,-1,160,207,162,-1,162,207,208,-1,162,208,164,-1,164,208,201,-1,164,201,166,-1,151,193,209,-1,151,209,152,-1,152,209,210,-1,152,210,154,-1,154,210,211,-1,154,211,156,-1,156,211,205,-1,156,205,158,-1,
        ]
    }
}
Shape{
    appearance Appearance {
        material  Material 	{
            diffuseColor 1.0 0.8352941176470589 0.3411764705882353
            specularColor 0.5019607843137255 0.41568627450980394 0.16862745098039217
            ambientIntensity 0.8282
            transparency 0.0
            shininess 0.5
        }
    }
    geometry IndexedFaceSet {
        ccw TRUE
        solid FALSE
        coord DEF co Coordinate {
            point [
                1.0835 -2.1437 0.8942, 1.0973 -2.1437 0.9038, 1.0391 -2.1437 1.0485, 1.0053 -2.1437 1.0485, 1.0053 -2.1437 0.8839, 1.0376 -2.1437 1.0485, 1.0364 -2.1437 0.8839, 1.0658 -2.1437 0.8874, 1.0998 -2.1437 0.9061, 1.1102 -2.1437 0.9189, 1.1176 -2.1437 0.9347, 1.1226 -2.1437 0.9683, 1.0992 -2.1437 1.0284, 1.0849 -2.1437 1.0381, 1.1195 -2.1437 0.9949, 1.1135 -2.1437 1.0105, 1.1052 -2.1437 1.0225, 1.1219 -2.1437 0.9541, 1.0667 -2.1437 1.0451
            ]
        }
        coordIndex [
            0,1,2,-1,3,4,5,-1,5,4,6,-1,5,6,2,-1,2,6,7,-1,2,7,0,-1,1,8,2,-1,2,8,9,-1,2,9,10,-1,11,12,13,-1,14,15,11,-1,11,15,16,-1,11,16,12,-1,10,17,2,-1,2,17,11,-1,2,11,18,-1,18,11,13,-1,
        ]
    }
}
Shape{
    appearance Appearance {
        material  Material 	{
            diffuseColor 0.0 0.0 0.0
            specularColor 0.0 0.0 0.0
            ambientIntensity 0.0
            transparency 0.0
            shininess 0.5
        }
    }
    geometry IndexedFaceSet {
        ccw TRUE
        solid FALSE
        coord DEF co Coordinate {
            point [
                1.2232 -2.1476 0.9421, 1.2144 -2.1476 0.9179, 1.2948 -2.1476 0.9421, 1.3034 -2.1476 0.9179, 1.2551 -2.1476 1.0308, 1.2448 -2.1476 1.073, 1.1635 -2.1476 0.8595, 1.1939 -2.1476 0.8595, 1.257 -2.1476 1.0372, 1.2586 -2.1476 1.0458, 1.2743 -2.1476 1.073, 1.2593 -2.1476 1.0458, 1.261 -2.1476 1.0367, 1.2626 -2.1476 1.0308, 1.3556 -2.1476 0.8595, 1.3251 -2.1476 0.8595, 1.2743 -2.1437 1.073, 1.3556 -2.1437 0.8595, 1.2448 -2.1437 1.073, 1.1635 -2.1437 0.8595, 1.225 -2.1437 1.0211, 1.1939 -2.1437 0.8595, 1.2144 -2.1437 0.9179, 1.3034 -2.1437 0.9179, 1.225 -2.1437 0.9179, 1.3251 -2.1437 0.8595, 1.2232 -2.1437 0.9421, 1.2948 -2.1437 0.9421, 1.2626 -2.1437 1.0308, 1.2593 -2.1437 1.0458, 1.261 -2.1437 1.0367, 1.2586 -2.1437 1.0458, 1.2551 -2.1437 1.0308, 1.257 -2.1437 1.0372
            ]
        }
        coordIndex [
            0,1,2,-1,2,1,3,-1,4,5,0,-1,0,5,6,-1,0,6,1,-1,1,6,7,-1,4,8,5,-1,5,8,9,-1,5,9,10,-1,10,9,11,-1,10,11,12,-1,12,13,10,-1,10,13,2,-1,10,2,14,-1,14,2,3,-1,14,3,15,-1,10,14,16,-1,16,14,17,-1,5,10,18,-1,18,10,16,-1,19,6,20,-1,20,6,5,-1,20,5,18,-1,7,6,21,-1,21,6,19,-1,1,7,22,-1,22,7,21,-1,23,3,24,-1,24,3,1,-1,24,1,22,-1,15,3,25,-1,25,3,23,-1,14,15,17,-1,17,15,25,-1,0,2,26,-1,26,2,27,-1,2,13,27,-1,27,13,28,-1,11,29,30,-1,11,30,12,-1,12,30,28,-1,12,28,13,-1,11,9,29,-1,29,9,31,-1,4,32,33,-1,4,33,8,-1,8,33,31,-1,8,31,9,-1,4,0,32,-1,32,0,26,-1,
        ]
    }
}
Shape{
    appearance Appearance {
        material  Material 	{
            diffuseColor 1.0 0.8352941176470589 0.3411764705882353
            specularColor 0.5019607843137255 0.41568627450980394 0.16862745098039217
            ambientIntensity 0.8282
            transparency 0.0
            shininess 0.5
        }
    }
    geometry IndexedFaceSet {
        ccw TRUE
        solid FALSE
        coord DEF co Coordinate {
            point [
                1.2593 -2.1437 1.0458, 1.2586 -2.1437 1.0458, 1.261 -2.1437 1.0367, 1.257 -2.1437 1.0372, 1.2626 -2.1437 1.0308, 1.2551 -2.1437 1.0308, 1.2948 -2.1437 0.9421, 1.2232 -2.1437 0.9421
            ]
        }
        coordIndex [
            0,1,2,-1,2,1,3,-1,2,3,4,-1,4,3,5,-1,4,5,6,-1,6,5,7,-1,
        ]
    }
}
Shape{
    appearance Appearance {
        material  Material 	{
            diffuseColor 0.0 0.0 0.0
            specularColor 0.0 0.0 0.0
            ambientIntensity 0.0
            transparency 0.0
            shininess 0.5
        }
    }
    geometry IndexedFaceSet {
        ccw TRUE
        solid FALSE
        coord DEF co Coordinate {
            point [
                0.6135 -2.1476 0.5451, 0.6135 -2.1476 0.5208, 0.6135 -2.1437 0.5451, 0.6135 -2.1437 0.5208, 0.5262 -2.1476 0.5451, 0.5262 -2.1437 0.5451, 0.5262 -2.1476 0.617, 0.5262 -2.1437 0.617, 0.6026 -2.1476 0.617, 0.6026 -2.1437 0.617, 0.6026 -2.1476 0.6414, 0.6026 -2.1437 0.6414, 0.5262 -2.1476 0.6414, 0.5262 -2.1437 0.6414, 0.5262 -2.1476 0.7098, 0.5262 -2.1437 0.7098, 0.6087 -2.1476 0.7098, 0.6087 -2.1437 0.7098, 0.6087 -2.1476 0.7343, 0.6087 -2.1437 0.7343, 0.4987 -2.1476 0.7343, 0.4987 -2.1437 0.7343, 0.4987 -2.1476 0.5208, 0.4987 -2.1437 0.5208, 0.7342 -2.1476 0.5444, 0.7349 -2.1476 0.5444, 0.7332 -2.1476 0.569, 0.7349 -2.1476 0.5809, 0.7616 -2.1476 0.6189, 0.7349 -2.1476 0.5827, 0.7349 -2.1476 0.5973, 0.7349 -2.1476 0.5208, 0.7616 -2.1476 0.5208, 0.6665 -2.1476 0.5681, 0.6678 -2.1476 0.5742, 0.6447 -2.1476 0.5861, 0.7292 -2.1476 0.5594, 0.7234 -2.1476 0.5516, 0.7299 -2.1476 0.5378, 0.7201 -2.1476 0.5483, 0.7214 -2.1476 0.5288, 0.7125 -2.1476 0.5432, 0.7122 -2.1476 0.5227, 0.7044 -2.1476 0.5403, 0.7013 -2.1476 0.5187, 0.6944 -2.1476 0.5391, 0.6875 -2.1476 0.5172, 0.6854 -2.1476 0.5402, 0.6715 -2.1476 0.5191, 0.6793 -2.1476 0.5424, 0.6612 -2.1476 0.5229, 0.674 -2.1476 0.546, 0.6522 -2.1476 0.5292, 0.6717 -2.1476 0.5483, 0.6501 -2.1476 0.5937, 0.6701 -2.1476 0.5792, 0.6584 -2.1476 0.6008, 0.6733 -2.1476 0.5831, 0.67 -2.1476 0.6066, 0.6766 -2.1476 0.5857, 0.6828 -2.1476 0.5887, 0.6897 -2.1476 0.6114, 0.6992 -2.1476 0.5925, 0.7349 -2.1476 0.6177, 0.641 -2.1476 0.5767, 0.6392 -2.1476 0.5653, 0.6662 -2.1476 0.5638, 0.6391 -2.1476 0.5616, 0.6669 -2.1476 0.5577, 0.6404 -2.1476 0.5495, 0.6687 -2.1476 0.5528, 0.6437 -2.1476 0.5404, 0.6492 -2.1476 0.5322, 0.654 -2.1476 0.6626, 0.654 -2.1476 0.6366, 0.6596 -2.1476 0.6658, 0.6701 -2.1476 0.6471, 0.6795 -2.1476 0.6735, 0.6868 -2.1476 0.6531, 0.7065 -2.1476 0.6768, 0.704 -2.1476 0.6551, 0.7228 -2.1476 0.6753, 0.7131 -2.1476 0.6541, 0.734 -2.1476 0.6719, 0.7193 -2.1476 0.652, 0.7429 -2.1476 0.6668, 0.724 -2.1476 0.6489, 0.75 -2.1476 0.6599, 0.7281 -2.1476 0.6446, 0.7555 -2.1476 0.6512, 0.7312 -2.1476 0.6391, 0.7596 -2.1476 0.639, 0.734 -2.1476 0.6296, 0.7065 -2.1437 0.6768, 0.6795 -2.1437 0.6735, 0.6596 -2.1437 0.6658, 0.654 -2.1437 0.6626, 0.654 -2.1437 0.6366, 0.6701 -2.1437 0.6471, 0.6868 -2.1437 0.6531, 0.704 -2.1437 0.6551, 0.7131 -2.1437 0.6541, 0.7193 -2.1437 0.652, 0.724 -2.1437 0.6489, 0.7281 -2.1437 0.6446, 0.7312 -2.1437 0.6391, 0.734 -2.1437 0.6296, 0.7349 -2.1437 0.6177, 0.6897 -2.1437 0.6114, 0.67 -2.1437 0.6066, 0.6584 -2.1437 0.6008, 0.6501 -2.1437 0.5937, 0.6447 -2.1437 0.5861, 0.641 -2.1437 0.5767, 0.6392 -2.1437 0.5653, 0.6391 -2.1437 0.5616, 0.6404 -2.1437 0.5495, 0.6437 -2.1437 0.5404, 0.6492 -2.1437 0.5322, 0.6522 -2.1437 0.5292, 0.6875 -2.1437 0.5172, 0.672 -2.1437 0.519, 0.6715 -2.1437 0.5191, 0.6612 -2.1437 0.5229, 0.7013 -2.1437 0.5187, 0.702 -2.1437 0.519, 0.7122 -2.1437 0.5227, 0.7214 -2.1437 0.5288, 0.7299 -2.1437 0.5378, 0.7342 -2.1437 0.5444, 0.7349 -2.1437 0.5444, 0.7349 -2.1437 0.5208, 0.7616 -2.1437 0.5208, 0.7616 -2.1437 0.6189, 0.7596 -2.1437 0.639, 0.7555 -2.1437 0.6512, 0.75 -2.1437 0.6599, 0.7429 -2.1437 0.6668, 0.734 -2.1437 0.6719, 0.7228 -2.1437 0.6753, 0.6733 -2.1437 0.5831, 0.6766 -2.1437 0.5857, 0.6828 -2.1437 0.5887, 0.6992 -2.1437 0.5925, 0.6662 -2.1437 0.5638, 0.6665 -2.1437 0.5681, 0.6678 -2.1437 0.5742, 0.6701 -2.1437 0.5792, 0.674 -2.1437 0.546, 0.6717 -2.1437 0.5483, 0.6687 -2.1437 0.5528, 0.6669 -2.1437 0.5577, 0.6944 -2.1437 0.5391, 0.6854 -2.1437 0.5402, 0.6793 -2.1437 0.5424, 0.7234 -2.1437 0.5516, 0.7201 -2.1437 0.5483, 0.7125 -2.1437 0.5432, 0.7044 -2.1437 0.5403, 0.7349 -2.1437 0.5827, 0.7349 -2.1437 0.5809, 0.7332 -2.1437 0.569, 0.7292 -2.1437 0.5594, 0.7349 -2.1437 0.5973
            ]
        }
        coordIndex [
            0,1,2,-1,2,1,3,-1,4,0,5,-1,5,0,2,-1,6,4,7,-1,7,4,5,-1,8,6,9,-1,9,6,7,-1,10,8,11,-1,11,8,9,-1,12,10,13,-1,13,10,11,-1,14,12,15,-1,15,12,13,-1,16,14,17,-1,17,14,15,-1,18,16,19,-1,19,16,17,-1,20,18,21,-1,21,18,19,-1,22,20,23,-1,23,20,21,-1,1,22,3,-1,3,22,23,-1,22,1,0,-1,0,4,22,-1,22,4,6,-1,22,6,20,-1,16,18,14,-1,14,18,20,-1,14,20,12,-1,12,20,6,-1,12,6,10,-1,10,6,8,-1,24,25,26,-1,27,28,29,-1,29,28,30,-1,31,32,25,-1,25,32,28,-1,25,28,26,-1,26,28,27,-1,33,34,35,-1,26,36,24,-1,24,36,37,-1,24,37,38,-1,38,37,39,-1,38,39,40,-1,40,39,41,-1,40,41,42,-1,42,41,43,-1,42,43,44,-1,44,43,45,-1,44,45,46,-1,46,45,47,-1,46,47,48,-1,48,47,49,-1,48,49,50,-1,50,49,51,-1,50,51,52,-1,52,51,53,-1,35,34,54,-1,54,34,55,-1,54,55,56,-1,56,55,57,-1,56,57,58,-1,57,59,58,-1,58,59,60,-1,58,60,61,-1,61,60,62,-1,61,62,63,-1,35,64,33,-1,33,64,65,-1,33,65,66,-1,66,65,67,-1,66,67,68,-1,68,67,69,-1,68,69,70,-1,70,69,71,-1,70,71,53,-1,53,71,72,-1,53,72,52,-1,73,74,75,-1,75,74,76,-1,75,76,77,-1,77,76,78,-1,77,78,79,-1,79,78,80,-1,79,80,81,-1,81,80,82,-1,81,82,83,-1,83,82,84,-1,83,84,85,-1,85,84,86,-1,85,86,87,-1,87,86,88,-1,87,88,89,-1,89,88,90,-1,89,90,91,-1,91,90,92,-1,91,92,28,-1,28,92,63,-1,28,63,30,-1,30,63,62,-1,79,93,94,-1,79,94,77,-1,77,94,95,-1,77,95,75,-1,75,95,96,-1,75,96,73,-1,74,73,97,-1,97,73,96,-1,74,97,98,-1,74,98,76,-1,76,98,99,-1,76,99,78,-1,78,99,100,-1,78,100,80,-1,80,100,101,-1,80,101,82,-1,82,101,102,-1,82,102,84,-1,84,102,103,-1,84,103,86,-1,86,103,104,-1,86,104,88,-1,88,104,105,-1,88,105,90,-1,90,105,106,-1,90,106,92,-1,92,106,107,-1,92,107,63,-1,61,63,108,-1,108,63,107,-1,61,108,109,-1,61,109,58,-1,58,109,110,-1,58,110,56,-1,56,110,111,-1,56,111,54,-1,54,111,112,-1,54,112,35,-1,35,112,113,-1,35,113,64,-1,64,113,114,-1,64,114,65,-1,65,114,115,-1,65,115,67,-1,67,115,116,-1,67,116,69,-1,69,116,117,-1,69,117,71,-1,71,117,118,-1,71,118,72,-1,72,118,119,-1,72,119,52,-1,120,46,121,-1,121,46,48,-1,121,48,122,-1,122,48,50,-1,122,50,123,-1,123,50,52,-1,123,52,119,-1,46,120,124,-1,46,124,44,-1,44,124,125,-1,44,125,42,-1,125,126,42,-1,42,126,127,-1,42,127,40,-1,40,127,128,-1,40,128,38,-1,38,128,129,-1,38,129,24,-1,25,24,130,-1,130,24,129,-1,31,25,131,-1,131,25,130,-1,32,31,132,-1,132,31,131,-1,28,32,133,-1,133,32,132,-1,28,133,134,-1,28,134,91,-1,91,134,135,-1,91,135,89,-1,89,135,136,-1,89,136,87,-1,87,136,137,-1,87,137,85,-1,85,137,138,-1,85,138,83,-1,83,138,139,-1,83,139,81,-1,81,139,93,-1,81,93,79,-1,57,140,141,-1,57,141,59,-1,59,141,142,-1,59,142,60,-1,60,142,143,-1,60,143,62,-1,66,144,145,-1,66,145,33,-1,33,145,146,-1,33,146,34,-1,34,146,147,-1,34,147,55,-1,55,147,140,-1,55,140,57,-1,51,148,149,-1,51,149,53,-1,53,149,150,-1,53,150,70,-1,70,150,151,-1,70,151,68,-1,68,151,144,-1,68,144,66,-1,45,152,153,-1,45,153,47,-1,47,153,154,-1,47,154,49,-1,49,154,148,-1,49,148,51,-1,37,155,156,-1,37,156,39,-1,39,156,157,-1,39,157,41,-1,41,157,158,-1,41,158,43,-1,43,158,152,-1,43,152,45,-1,29,159,160,-1,29,160,27,-1,27,160,161,-1,27,161,26,-1,26,161,162,-1,26,162,36,-1,36,162,155,-1,36,155,37,-1,29,30,159,-1,159,30,163,-1,30,62,163,-1,163,62,143,-1,
        ]
    }
}
Shape{
    appearance Appearance {
        material  Material 	{
            diffuseColor 1.0 0.8352941176470589 0.3411764705882353
            specularColor 0.5019607843137255 0.41568627450980394 0.16862745098039217
            ambientIntensity 0.8282
            transparency 0.0
            shininess 0.5
        }
    }
    geometry IndexedFaceSet {
        ccw TRUE
        solid FALSE
        coord DEF co Coordinate {
            point [
                0.7349 -2.1437 0.5809, 0.7349 -2.1437 0.5827, 0.6733 -2.1437 0.5831, 0.7349 -2.1437 0.5973, 0.6992 -2.1437 0.5925, 0.6828 -2.1437 0.5887, 0.6766 -2.1437 0.5857, 0.7332 -2.1437 0.569, 0.6701 -2.1437 0.5792, 0.7292 -2.1437 0.5594, 0.6717 -2.1437 0.5483, 0.674 -2.1437 0.546, 0.7201 -2.1437 0.5483, 0.6687 -2.1437 0.5528, 0.7125 -2.1437 0.5432, 0.7044 -2.1437 0.5403, 0.6944 -2.1437 0.5391, 0.6678 -2.1437 0.5742, 0.6665 -2.1437 0.5681, 0.7234 -2.1437 0.5516, 0.6662 -2.1437 0.5638, 0.6669 -2.1437 0.5577, 0.6793 -2.1437 0.5424, 0.6854 -2.1437 0.5402
            ]
        }
        coordIndex [
            0,1,2,-1,1,3,4,-1,4,5,1,-1,1,5,6,-1,1,6,2,-1,0,2,7,-1,7,2,8,-1,7,8,9,-1,10,11,12,-1,10,12,13,-1,14,12,15,-1,15,12,16,-1,8,17,9,-1,9,17,18,-1,9,18,19,-1,19,18,20,-1,19,20,12,-1,12,20,21,-1,12,21,13,-1,11,22,12,-1,12,22,23,-1,12,23,16,-1,
        ]
    }
}
Shape{
    appearance Appearance {
        material  Material 	{
            diffuseColor 0.0 0.0 0.0
            specularColor 0.0 0.0 0.0
            ambientIntensity 0.0
            transparency 0.0
            shininess 0.5
        }
    }
    geometry IndexedFaceSet {
        ccw TRUE
        solid FALSE
        coord DEF co Coordinate {
            point [
                0.7979 -2.1437 0.5538, 0.7979 -2.1476 0.5538, 0.8083 -2.1476 0.5473, 0.8419 -2.1476 0.539, 0.8419 -2.1437 0.539, 0.825 -2.1437 0.541, 0.825 -2.1476 0.541, 0.8103 -2.1437 0.5466, 0.8083 -2.1437 0.5473, 0.7979 -2.1476 0.5261, 0.7979 -2.1437 0.5261, 0.8146 -2.1476 0.52, 0.8103 -2.1437 0.5216, 0.8393 -2.1437 0.5172, 0.8393 -2.1476 0.5172, 0.8236 -2.1437 0.519, 0.8146 -2.1437 0.52, 0.8576 -2.1437 0.519, 0.8599 -2.1476 0.5192, 0.8599 -2.1437 0.5192, 0.8748 -2.1437 0.5242, 0.8748 -2.1476 0.5242, 0.8837 -2.1437 0.5293, 0.8837 -2.1476 0.5293, 0.8913 -2.1437 0.536, 0.8913 -2.1476 0.536, 0.8963 -2.1437 0.5431, 0.8963 -2.1476 0.5431, 0.8996 -2.1437 0.5515, 0.8996 -2.1476 0.5515, 0.9009 -2.1437 0.5623, 0.9009 -2.1476 0.5623, 0.8998 -2.1437 0.5722, 0.8998 -2.1476 0.5722, 0.8969 -2.1437 0.5801, 0.8969 -2.1476 0.5801, 0.8919 -2.1437 0.5875, 0.8919 -2.1476 0.5875, 0.8856 -2.1437 0.5932, 0.8856 -2.1476 0.5932, 0.8678 -2.1437 0.6031, 0.8678 -2.1476 0.6031, 0.8574 -2.1437 0.6073, 0.8574 -2.1476 0.6073, 0.8409 -2.1437 0.6145, 0.8409 -2.1476 0.6145, 0.8315 -2.1437 0.6204, 0.8315 -2.1476 0.6204, 0.8288 -2.1437 0.6232, 0.8288 -2.1476 0.6232, 0.8269 -2.1437 0.6268, 0.8269 -2.1476 0.6268, 0.8259 -2.1437 0.631, 0.8259 -2.1476 0.631, 0.8256 -2.1437 0.6345, 0.8256 -2.1476 0.6345, 0.8261 -2.1437 0.6388, 0.8261 -2.1476 0.6388, 0.8274 -2.1437 0.6424, 0.8274 -2.1476 0.6424, 0.8297 -2.1437 0.6458, 0.8297 -2.1476 0.6458, 0.8337 -2.1437 0.6494, 0.8337 -2.1476 0.6494, 0.8397 -2.1437 0.6526, 0.8397 -2.1476 0.6526, 0.8469 -2.1437 0.6545, 0.8469 -2.1476 0.6545, 0.8548 -2.1437 0.6551, 0.8548 -2.1476 0.6551, 0.8723 -2.1437 0.6531, 0.8723 -2.1476 0.6531, 0.8874 -2.1437 0.6476, 0.8874 -2.1476 0.6476, 0.8936 -2.1437 0.644, 0.8936 -2.1476 0.644, 0.8936 -2.1476 0.67, 0.8936 -2.1437 0.67, 0.8758 -2.1437 0.6752, 0.8758 -2.1476 0.6752, 0.8574 -2.1437 0.6768, 0.8574 -2.1476 0.6768, 0.8383 -2.1437 0.6748, 0.8383 -2.1476 0.6748, 0.8236 -2.1437 0.6696, 0.8236 -2.1476 0.6696, 0.8152 -2.1437 0.6647, 0.8152 -2.1476 0.6647, 0.8073 -2.1476 0.6575, 0.8103 -2.1437 0.6602, 0.8073 -2.1437 0.6575, 0.8023 -2.1437 0.6503, 0.8023 -2.1476 0.6503, 0.7991 -2.1437 0.6417, 0.7991 -2.1476 0.6417, 0.7981 -2.1437 0.6321, 0.7981 -2.1476 0.6321, 0.7992 -2.1437 0.6218, 0.7992 -2.1476 0.6218, 0.8022 -2.1437 0.6136, 0.8022 -2.1476 0.6136, 0.8056 -2.1437 0.608, 0.8056 -2.1476 0.608, 0.8386 -2.1437 0.5878, 0.8386 -2.1476 0.5878, 0.8226 -2.1476 0.5951, 0.81 -2.1437 0.6034, 0.81 -2.1476 0.6034, 0.8103 -2.1437 0.6033, 0.8226 -2.1437 0.5951, 0.8561 -2.1437 0.5805, 0.8561 -2.1476 0.5805, 0.8666 -2.1437 0.5742, 0.8666 -2.1476 0.5742, 0.8699 -2.1437 0.5707, 0.8699 -2.1476 0.5707, 0.872 -2.1437 0.5672, 0.872 -2.1476 0.5672, 0.8732 -2.1437 0.563, 0.8732 -2.1476 0.563, 0.8734 -2.1437 0.5597, 0.8734 -2.1476 0.5597, 0.8729 -2.1437 0.5546, 0.8729 -2.1476 0.5546, 0.8715 -2.1437 0.5508, 0.8715 -2.1476 0.5508, 0.8692 -2.1437 0.5473, 0.8692 -2.1476 0.5473, 0.8661 -2.1437 0.5446, 0.8661 -2.1476 0.5446, 0.8637 -2.1437 0.5431, 0.8637 -2.1476 0.5431, 0.8568 -2.1437 0.5406, 0.8568 -2.1476 0.5406, 0.8431 -2.1437 0.539, 0.8431 -2.1476 0.539, 1.0335 -2.1476 0.6733, 1.0612 -2.1476 0.6733, 1.0335 -2.1437 0.6733, 1.0612 -2.1437 0.6733, 0.9918 -2.1476 0.5585, 0.9918 -2.1437 0.5585, 0.9898 -2.1437 0.5514, 0.9898 -2.1476 0.5514, 0.9885 -2.1437 0.5461, 0.9885 -2.1476 0.5461, 0.9878 -2.1476 0.5461, 0.9878 -2.1437 0.5461, 0.9846 -2.1476 0.5587, 0.9846 -2.1437 0.5587, 0.9447 -2.1437 0.6733, 0.9447 -2.1476 0.6733, 0.9576 -2.1437 0.6362, 0.9148 -2.1476 0.6733, 0.9148 -2.1437 0.6733, 0.9746 -2.1437 0.5211, 0.9746 -2.1476 0.5211, 0.9576 -2.1437 0.5644, 0.9629 -2.1437 0.4934, 0.9629 -2.1476 0.4934, 0.9737 -2.1437 0.519, 0.9576 -2.1437 0.4838, 0.9576 -2.1476 0.4837, 0.9576 -2.1437 0.4837, 0.9526 -2.1437 0.4782, 0.9526 -2.1476 0.4782, 0.948 -2.1437 0.4749, 0.948 -2.1476 0.4749, 0.9421 -2.1437 0.4727, 0.9421 -2.1476 0.4727, 0.9355 -2.1437 0.4719, 0.9355 -2.1476 0.4719, 0.9258 -2.1437 0.4732, 0.9258 -2.1476 0.4732, 0.9203 -2.1437 0.475, 0.9203 -2.1476 0.475, 0.9203 -2.1476 0.4512, 0.9203 -2.1437 0.4512, 0.9317 -2.1437 0.4492, 0.9317 -2.1476 0.4492, 0.9376 -2.1437 0.449, 0.9376 -2.1476 0.449, 0.9484 -2.1437 0.4502, 0.9484 -2.1476 0.4502, 0.9576 -2.1437 0.4537, 0.9589 -2.1476 0.4542, 0.9589 -2.1437 0.4542, 0.9683 -2.1437 0.4608, 0.9683 -2.1476 0.4608, 0.9701 -2.1437 0.4624, 0.9701 -2.1476 0.4624, 0.9799 -2.1437 0.4742, 0.9799 -2.1476 0.4742, 0.992 -2.1437 0.4978, 0.992 -2.1476 0.4978, 1.0003 -2.1437 0.519, 1.2048 -2.1476 0.5451, 1.2048 -2.1476 0.5208, 1.2048 -2.1437 0.5451, 1.2048 -2.1437 0.5208, 1.1176 -2.1437 0.5451, 1.1176 -2.1476 0.5451, 1.1575 -2.1437 0.5451, 1.1176 -2.1476 0.617, 1.1176 -2.1437 0.617, 1.1939 -2.1437 0.617, 1.1939 -2.1476 0.617, 1.1575 -2.1437 0.617, 1.1939 -2.1476 0.6414, 1.1939 -2.1437 0.6414, 1.1176 -2.1437 0.6414, 1.1176 -2.1476 0.6414, 1.1575 -2.1437 0.6414, 1.1176 -2.1476 0.7098, 1.1176 -2.1437 0.7098, 1.2 -2.1437 0.7098, 1.2 -2.1476 0.7098, 1.1575 -2.1437 0.7098, 1.2 -2.1476 0.7343, 1.2 -2.1437 0.7343, 1.09 -2.1437 0.7343, 1.09 -2.1476 0.7343, 1.1575 -2.1437 0.7343, 1.09 -2.1476 0.5208, 1.09 -2.1437 0.5208, 1.1575 -2.1437 0.5208, 1.3868 -2.1476 0.5507, 1.3647 -2.1476 0.565, 1.3644 -2.1476 0.5347, 1.3509 -2.1476 0.5555, 1.3401 -2.1476 0.5252, 1.3332 -2.1476 0.5486, 1.3039 -2.1476 0.5208, 1.3037 -2.1476 0.5451, 1.2452 -2.1476 0.5208, 1.2727 -2.1476 0.5451, 1.2452 -2.1476 0.7343, 1.2727 -2.1476 0.7098, 1.3061 -2.1476 0.7343, 1.305 -2.1476 0.7098, 1.3065 -2.1476 0.7097, 1.3387 -2.1476 0.7307, 1.3341 -2.1476 0.7063, 1.3645 -2.1476 0.7213, 1.3523 -2.1476 0.6994, 1.3868 -2.1476 0.706, 1.3666 -2.1476 0.6897, 1.3944 -2.1476 0.6986, 1.3726 -2.1476 0.6837, 1.4076 -2.1476 0.68, 1.3809 -2.1476 0.6717, 1.4155 -2.1476 0.6596, 1.3869 -2.1476 0.6561, 1.419 -2.1476 0.6303, 1.39 -2.1476 0.6295, 1.4184 -2.1476 0.6167, 1.3893 -2.1476 0.6154, 1.4132 -2.1476 0.5917, 1.385 -2.1476 0.5959, 1.4027 -2.1476 0.5696, 1.3776 -2.1476 0.5802, 1.3672 -2.1476 0.5674, 1.3039 -2.1437 0.5208, 1.2452 -2.1437 0.5208, 1.3401 -2.1437 0.5252, 1.3644 -2.1437 0.5347, 1.3868 -2.1437 0.5507, 1.4027 -2.1437 0.5696, 1.4132 -2.1437 0.5917, 1.4184 -2.1437 0.6167, 1.419 -2.1437 0.6303, 1.4155 -2.1437 0.6596, 1.4076 -2.1437 0.68, 1.3944 -2.1437 0.6986, 1.3868 -2.1437 0.706, 1.3645 -2.1437 0.7213, 1.3387 -2.1437 0.7307, 1.3061 -2.1437 0.7343, 1.2452 -2.1437 0.7343, 1.305 -2.1437 0.7098, 1.2727 -2.1437 0.7098, 1.2727 -2.1437 0.5451, 1.3037 -2.1437 0.5451, 1.3672 -2.1437 0.5674, 1.3647 -2.1437 0.565, 1.3509 -2.1437 0.5555, 1.3332 -2.1437 0.5486, 1.39 -2.1437 0.6295, 1.3893 -2.1437 0.6154, 1.385 -2.1437 0.5959, 1.3776 -2.1437 0.5802, 1.3666 -2.1437 0.6897, 1.3726 -2.1437 0.6837, 1.3809 -2.1437 0.6717, 1.3869 -2.1437 0.6561, 1.3065 -2.1437 0.7097, 1.3341 -2.1437 0.7063, 1.3523 -2.1437 0.6994
            ]
        }
        coordIndex [
            0,1,2,-1,3,4,5,-1,3,5,6,-1,6,5,7,-1,6,7,2,-1,2,7,8,-1,2,8,0,-1,9,1,10,-1,10,1,0,-1,9,10,11,-1,11,10,12,-1,13,14,15,-1,15,14,11,-1,15,11,16,-1,16,11,12,-1,13,17,14,-1,14,17,18,-1,17,19,18,-1,18,19,20,-1,18,20,21,-1,21,20,22,-1,21,22,23,-1,23,22,24,-1,23,24,25,-1,25,24,26,-1,25,26,27,-1,27,26,28,-1,27,28,29,-1,29,28,30,-1,29,30,31,-1,31,30,32,-1,31,32,33,-1,33,32,34,-1,33,34,35,-1,35,34,36,-1,35,36,37,-1,37,36,38,-1,37,38,39,-1,39,38,40,-1,39,40,41,-1,41,40,42,-1,41,42,43,-1,43,42,44,-1,43,44,45,-1,45,44,46,-1,45,46,47,-1,47,46,48,-1,47,48,49,-1,49,48,50,-1,49,50,51,-1,51,50,52,-1,51,52,53,-1,53,52,54,-1,53,54,55,-1,55,54,56,-1,55,56,57,-1,57,56,58,-1,57,58,59,-1,59,58,60,-1,59,60,61,-1,61,60,62,-1,61,62,63,-1,63,62,64,-1,63,64,65,-1,65,64,66,-1,65,66,67,-1,67,66,68,-1,67,68,69,-1,69,68,70,-1,69,70,71,-1,71,70,72,-1,71,72,73,-1,73,72,74,-1,73,74,75,-1,76,75,77,-1,77,75,74,-1,76,77,78,-1,76,78,79,-1,79,78,80,-1,79,80,81,-1,81,80,82,-1,81,82,83,-1,83,82,84,-1,83,84,85,-1,85,84,86,-1,85,86,87,-1,87,86,88,-1,88,86,89,-1,89,90,88,-1,88,90,91,-1,88,91,92,-1,92,91,93,-1,92,93,94,-1,94,93,95,-1,94,95,96,-1,96,95,97,-1,96,97,98,-1,98,97,99,-1,98,99,100,-1,100,99,101,-1,100,101,102,-1,103,104,105,-1,102,101,106,-1,102,106,107,-1,107,106,108,-1,107,108,105,-1,105,108,109,-1,105,109,103,-1,104,103,110,-1,104,110,111,-1,111,110,112,-1,111,112,113,-1,113,112,114,-1,113,114,115,-1,115,114,116,-1,115,116,117,-1,117,116,118,-1,117,118,119,-1,119,118,120,-1,119,120,121,-1,121,120,122,-1,121,122,123,-1,123,122,124,-1,123,124,125,-1,125,124,126,-1,125,126,127,-1,127,126,128,-1,127,128,129,-1,129,128,130,-1,129,130,131,-1,131,130,132,-1,131,132,133,-1,133,132,134,-1,133,134,135,-1,135,134,4,-1,135,4,3,-1,61,63,85,-1,85,63,83,-1,45,104,43,-1,43,104,111,-1,43,111,41,-1,14,3,11,-1,11,3,6,-1,11,6,9,-1,9,6,2,-1,9,2,1,-1,63,65,83,-1,83,65,67,-1,83,67,81,-1,81,67,69,-1,81,69,79,-1,79,69,71,-1,79,71,76,-1,76,71,73,-1,76,73,75,-1,41,111,39,-1,39,111,113,-1,39,113,37,-1,37,113,115,-1,37,115,35,-1,35,115,117,-1,35,117,33,-1,33,117,119,-1,33,119,31,-1,31,119,121,-1,31,121,29,-1,29,121,123,-1,29,123,27,-1,27,123,125,-1,27,125,25,-1,25,125,127,-1,25,127,23,-1,23,127,129,-1,23,129,21,-1,21,129,131,-1,21,131,18,-1,18,131,133,-1,18,133,14,-1,14,133,135,-1,14,135,3,-1,85,87,61,-1,61,87,88,-1,61,88,59,-1,59,88,92,-1,59,92,57,-1,57,92,94,-1,57,94,55,-1,55,94,96,-1,55,96,53,-1,53,96,98,-1,53,98,51,-1,51,98,100,-1,51,100,49,-1,49,100,102,-1,49,102,47,-1,47,102,107,-1,47,107,45,-1,45,107,105,-1,45,105,104,-1,136,137,138,-1,138,137,139,-1,140,136,141,-1,141,136,138,-1,140,141,142,-1,140,142,143,-1,143,142,144,-1,143,144,145,-1,146,145,147,-1,147,145,144,-1,148,146,149,-1,149,146,147,-1,150,151,152,-1,152,151,148,-1,152,148,149,-1,153,151,154,-1,154,151,150,-1,155,156,157,-1,157,156,153,-1,157,153,154,-1,158,159,160,-1,160,159,156,-1,160,156,155,-1,158,161,159,-1,159,161,162,-1,161,163,162,-1,162,163,164,-1,162,164,165,-1,165,164,166,-1,165,166,167,-1,167,166,168,-1,167,168,169,-1,169,168,170,-1,169,170,171,-1,171,170,172,-1,171,172,173,-1,173,172,174,-1,173,174,175,-1,176,175,177,-1,177,175,174,-1,176,177,178,-1,176,178,179,-1,179,178,180,-1,179,180,181,-1,181,180,182,-1,181,182,183,-1,183,182,184,-1,183,184,185,-1,184,186,185,-1,185,186,187,-1,185,187,188,-1,188,187,189,-1,188,189,190,-1,190,189,191,-1,190,191,192,-1,192,191,193,-1,192,193,194,-1,139,137,195,-1,195,137,194,-1,195,194,193,-1,143,145,194,-1,137,136,194,-1,194,136,140,-1,194,140,143,-1,151,153,148,-1,148,153,156,-1,148,156,146,-1,175,176,173,-1,173,176,179,-1,173,179,171,-1,171,179,181,-1,171,181,169,-1,169,181,183,-1,169,183,167,-1,167,183,185,-1,167,185,165,-1,145,146,194,-1,194,146,156,-1,194,156,192,-1,156,159,192,-1,192,159,162,-1,192,162,190,-1,190,162,165,-1,190,165,188,-1,188,165,185,-1,196,197,198,-1,198,197,199,-1,200,201,202,-1,202,201,196,-1,202,196,198,-1,203,201,204,-1,204,201,200,-1,205,206,207,-1,207,206,203,-1,207,203,204,-1,208,206,209,-1,209,206,205,-1,210,211,212,-1,212,211,208,-1,212,208,209,-1,213,211,214,-1,214,211,210,-1,215,216,217,-1,217,216,213,-1,217,213,214,-1,218,216,219,-1,219,216,215,-1,220,221,222,-1,222,221,218,-1,222,218,219,-1,223,221,224,-1,224,221,220,-1,199,197,225,-1,225,197,223,-1,225,223,224,-1,223,197,196,-1,196,201,223,-1,223,201,203,-1,223,203,221,-1,216,218,213,-1,213,218,221,-1,213,221,211,-1,211,221,203,-1,211,203,208,-1,208,203,206,-1,226,227,228,-1,228,227,229,-1,228,229,230,-1,230,229,231,-1,230,231,232,-1,232,231,233,-1,232,233,234,-1,234,233,235,-1,234,235,236,-1,236,235,237,-1,236,237,238,-1,237,239,238,-1,238,239,240,-1,238,240,241,-1,241,240,242,-1,241,242,243,-1,243,242,244,-1,243,244,245,-1,245,244,246,-1,245,246,247,-1,247,246,248,-1,247,248,249,-1,249,248,250,-1,249,250,251,-1,251,250,252,-1,251,252,253,-1,253,252,254,-1,253,254,255,-1,255,254,256,-1,255,256,257,-1,257,256,258,-1,257,258,259,-1,259,258,260,-1,259,260,226,-1,226,260,261,-1,226,261,227,-1,232,234,262,-1,262,234,263,-1,232,262,264,-1,232,264,230,-1,230,264,265,-1,230,265,228,-1,228,265,266,-1,228,266,226,-1,226,266,267,-1,226,267,259,-1,259,267,268,-1,259,268,257,-1,257,268,269,-1,257,269,255,-1,255,269,270,-1,255,270,253,-1,253,270,271,-1,253,271,251,-1,251,271,272,-1,251,272,249,-1,249,272,273,-1,249,273,247,-1,247,273,274,-1,247,274,245,-1,245,274,275,-1,245,275,243,-1,243,275,276,-1,243,276,241,-1,241,276,277,-1,241,277,238,-1,236,238,278,-1,278,238,277,-1,234,236,263,-1,263,236,278,-1,239,237,279,-1,279,237,280,-1,237,235,280,-1,280,235,281,-1,235,233,281,-1,281,233,282,-1,261,283,284,-1,261,284,227,-1,227,284,285,-1,227,285,229,-1,229,285,286,-1,229,286,231,-1,231,286,282,-1,231,282,233,-1,254,287,288,-1,254,288,256,-1,256,288,289,-1,256,289,258,-1,258,289,290,-1,258,290,260,-1,260,290,283,-1,260,283,261,-1,246,291,292,-1,246,292,248,-1,248,292,293,-1,248,293,250,-1,250,293,294,-1,250,294,252,-1,252,294,287,-1,252,287,254,-1,239,279,295,-1,239,295,240,-1,240,295,296,-1,240,296,242,-1,242,296,297,-1,242,297,244,-1,244,297,291,-1,244,291,246,-1,
        ]
    }
}
Shape{
    appearance Appearance {
        material  Material 	{
            diffuseColor 1.0 0.8352941176470589 0.3411764705882353
            specularColor 0.5019607843137255 0.41568627450980394 0.16862745098039217
            ambientIntensity 0.8282
            transparency 0.0
            shininess 0.5
        }
    }
    geometry IndexedFaceSet {
        ccw TRUE
        solid FALSE
        coord DEF co Coordinate {
            point [
                1.3509 -2.1437 0.5555, 1.3647 -2.1437 0.565, 1.3065 -2.1437 0.7097, 1.2727 -2.1437 0.7098, 1.2727 -2.1437 0.5451, 1.305 -2.1437 0.7098, 1.3037 -2.1437 0.5451, 1.3332 -2.1437 0.5486, 1.3672 -2.1437 0.5674, 1.3776 -2.1437 0.5802, 1.385 -2.1437 0.5959, 1.39 -2.1437 0.6295, 1.3666 -2.1437 0.6897, 1.3523 -2.1437 0.6994, 1.3869 -2.1437 0.6561, 1.3809 -2.1437 0.6717, 1.3726 -2.1437 0.6837, 1.3893 -2.1437 0.6154, 1.3341 -2.1437 0.7063
            ]
        }
        coordIndex [
            0,1,2,-1,3,4,5,-1,5,4,6,-1,5,6,2,-1,2,6,7,-1,2,7,0,-1,1,8,2,-1,2,8,9,-1,2,9,10,-1,11,12,13,-1,14,15,11,-1,11,15,16,-1,11,16,12,-1,10,17,2,-1,2,17,11,-1,2,11,18,-1,18,11,13,-1,
        ]
    }
}
Shape{
    appearance Appearance {
        material  Material 	{
            diffuseColor 0.0 0.0 0.0
            specularColor 0.0 0.0 0.0
            ambientIntensity 0.0
            transparency 0.0
            shininess 0.5
        }
    }
    geometry IndexedFaceSet {
        ccw TRUE
        solid FALSE
        coord DEF co Coordinate {
            point [
                1.4906 -2.1476 0.6033, 1.4818 -2.1476 0.5792, 1.5622 -2.1476 0.6033, 1.5707 -2.1476 0.5792, 1.5225 -2.1476 0.6921, 1.5122 -2.1476 0.7343, 1.4309 -2.1476 0.5208, 1.4613 -2.1476 0.5208, 1.5243 -2.1476 0.6984, 1.526 -2.1476 0.707, 1.5417 -2.1476 0.7343, 1.5266 -2.1476 0.707, 1.5284 -2.1476 0.698, 1.53 -2.1476 0.6921, 1.623 -2.1476 0.5208, 1.5925 -2.1476 0.5208, 1.5417 -2.1437 0.7343, 1.623 -2.1437 0.5208, 1.5122 -2.1437 0.7343, 1.4309 -2.1437 0.5208, 1.4613 -2.1437 0.5208, 1.4818 -2.1437 0.5792, 1.5707 -2.1437 0.5792, 1.5925 -2.1437 0.5208, 1.4906 -2.1437 0.6033, 1.5622 -2.1437 0.6033, 1.53 -2.1437 0.6921, 1.5266 -2.1437 0.707, 1.5284 -2.1437 0.698, 1.526 -2.1437 0.707, 1.5225 -2.1437 0.6921, 1.5243 -2.1437 0.6984
            ]
        }
        coordIndex [
            0,1,2,-1,2,1,3,-1,4,5,0,-1,0,5,6,-1,0,6,1,-1,1,6,7,-1,4,8,5,-1,5,8,9,-1,5,9,10,-1,10,9,11,-1,10,11,12,-1,12,13,10,-1,10,13,2,-1,10,2,14,-1,14,2,3,-1,14,3,15,-1,10,14,16,-1,16,14,17,-1,5,10,18,-1,18,10,16,-1,6,5,19,-1,19,5,18,-1,7,6,20,-1,20,6,19,-1,1,7,21,-1,21,7,20,-1,3,1,22,-1,22,1,21,-1,15,3,23,-1,23,3,22,-1,14,15,17,-1,17,15,23,-1,0,2,24,-1,24,2,25,-1,2,13,25,-1,25,13,26,-1,11,27,28,-1,11,28,12,-1,12,28,26,-1,12,26,13,-1,11,9,27,-1,27,9,29,-1,4,30,31,-1,4,31,8,-1,8,31,29,-1,8,29,9,-1,4,0,30,-1,30,0,24,-1,
        ]
    }
}
Shape{
    appearance Appearance {
        material  Material 	{
            diffuseColor 1.0 0.8352941176470589 0.3411764705882353
            specularColor 0.5019607843137255 0.41568627450980394 0.16862745098039217
            ambientIntensity 0.8282
            transparency 0.0
            shininess 0.5
        }
    }
    geometry IndexedFaceSet {
        ccw TRUE
        solid FALSE
        coord DEF co Coordinate {
            point [
                1.5266 -2.1437 0.707, 1.526 -2.1437 0.707, 1.5284 -2.1437 0.698, 1.5243 -2.1437 0.6984, 1.53 -2.1437 0.6921, 1.5225 -2.1437 0.6921, 1.5622 -2.1437 0.6033, 1.4906 -2.1437 0.6033
            ]
        }
        coordIndex [
            0,1,2,-1,2,1,3,-1,2,3,4,-1,4,3,5,-1,4,5,6,-1,6,5,7,-1,
        ]
    }
}
Shape{
    appearance Appearance {
        material  Material 	{
            diffuseColor 0.0 0.0 0.0
            specularColor 0.0 0.0 0.0
            ambientIntensity 0.0
            transparency 0.0
            shininess 0.5
        }
    }
    geometry IndexedFaceSet {
        ccw TRUE
        solid FALSE
        coord DEF co Coordinate {
            point [
                -0.4844 -2.1476 0.8886, -0.4506 -2.1476 0.9066, -0.4586 -2.1476 1.0, -0.1912 -2.1476 0.4846, -0.1732 -2.1476 0.5184, -0.1643 -2.1476 0.5559, -0.3639 -2.1476 1.0043, -0.3168 -2.1476 0.8935, -0.2936 -2.1476 0.9415, -0.3729 -2.1476 0.5512, -0.3758 -2.1476 0.5654, -0.458 -2.1476 0.6248, -0.4595 -2.1476 0.5231, -0.4787 -2.1476 0.5288, -0.4911 -2.1476 0.6452, -0.3988 -2.1476 1.0074, 0.049 -2.1476 0.6992, 0.002 -2.1476 0.7797, -0.1635 -2.1476 0.5869, -0.2015 -2.1476 0.6734, -0.1635 -2.1476 0.5717, -0.2447 -2.1476 0.4374, -0.2145 -2.1476 0.4584, -0.2622 -2.1476 0.5931, -0.2583 -2.1476 0.5793, -0.2579 -2.1476 0.5645, -0.2612 -2.1476 0.5499, -0.268 -2.1476 0.5367, -0.3668 -2.1476 0.5385, -0.4217 -2.1476 0.4626, -0.4443 -2.1476 0.4905, 0.0991 -2.1476 0.8495, 0.1113 -2.1476 0.8495, 0.1735 -2.1476 0.9315, 0.1402 -2.1476 0.8459, 0.181 -2.1476 0.929, 0.1667 -2.1476 0.8357, 0.2262 -2.1476 0.9065, 0.2673 -2.1476 0.8717, -0.3328 -2.1476 1.0406, -0.2596 -2.1476 0.9822, -0.2971 -2.1476 1.0711, -0.2189 -2.1476 1.012, -0.2554 -2.1476 1.0965, -0.4131 -2.1476 0.9155, -0.3973 -2.1476 0.9163, -0.3813 -2.1476 1.0064, -0.3617 -2.1476 0.9119, -0.3276 -2.1476 0.8994, -0.2772 -2.1476 0.5262, -0.2888 -2.1476 0.518, -0.2786 -2.1476 0.4244, -0.302 -2.1476 0.5128, -0.3153 -2.1476 0.4199, -0.3168 -2.1476 0.511, -0.3211 -2.1476 0.42, -0.3194 -2.1476 0.511, -0.357 -2.1476 0.4256, -0.333 -2.1476 0.5132, -0.392 -2.1476 0.4403, -0.3468 -2.1476 0.5191, -0.3584 -2.1476 0.528, 0.2676 -2.1476 0.5884, 0.1969 -2.1476 0.6486, 0.2263 -2.1476 0.5534, 0.1744 -2.1476 0.6303, 0.18 -2.1476 0.5307, 0.1477 -2.1476 0.6179, 0.1295 -2.1476 0.5201, 0.1204 -2.1476 0.6127, 0.0399 -2.1476 0.5201, 0.0521 -2.1476 0.6127, 0.0314 -2.1476 0.5214, 0.1902 -2.1476 0.8193, 0.2077 -2.1476 0.7997, 0.2983 -2.1476 0.8285, 0.2218 -2.1476 0.7736, 0.3169 -2.1476 0.7821, 0.2289 -2.1476 0.7444, 0.3238 -2.1476 0.7326, 0.2297 -2.1476 0.7311, 0.3168 -2.1476 0.6784, 0.226 -2.1476 0.7015, 0.2978 -2.1476 0.6303, 0.2156 -2.1476 0.6745, 0.1989 -2.1476 0.6508, 0.0915 -2.1476 1.0514, 0.0322 -2.1476 0.9816, 0.1432 -2.1476 0.9912, 0.0664 -2.1476 0.9407, 0.0898 -2.1476 0.8918, -0.5446 -2.1476 0.8012, -0.6443 -2.1476 0.776, -0.5491 -2.1476 0.7645, -0.6447 -2.1476 0.7614, -0.5473 -2.1476 0.7411, -0.6374 -2.1476 0.702, -0.5364 -2.1476 0.7039, -0.6157 -2.1476 0.6455, -0.5183 -2.1476 0.6732, -0.581 -2.1476 0.596, -0.5336 -2.1476 0.5555, -0.3752 -2.1476 0.5802, -0.3708 -2.1476 0.5945, -0.4412 -2.1476 0.6574, -0.3631 -2.1476 0.6071, -0.4161 -2.1476 0.6861, -0.3567 -2.1476 0.6139, -0.3851 -2.1476 0.7077, -0.3448 -2.1476 0.6223, -0.3516 -2.1476 0.7205, -0.3316 -2.1476 0.6275, -0.3153 -2.1476 0.725, -0.3168 -2.1476 0.6294, -0.2968 -2.1476 0.7239, -0.3061 -2.1476 0.6284, -0.2602 -2.1476 0.7148, -0.2919 -2.1476 0.6238, -0.228 -2.1476 0.6975, -0.2793 -2.1476 0.6159, -0.2692 -2.1476 0.6054, -0.1851 -2.1476 1.1223, -0.1693 -2.1476 1.0321, -0.1149 -2.1476 1.1303, -0.1134 -2.1476 1.0392, -0.0447 -2.1476 1.122, -0.0619 -2.1476 1.0329, 0.0308 -2.1476 1.0933, -0.0143 -2.1476 1.0147, 0.0283 -2.1476 0.9851, -0.5148 -2.1476 0.9782, -0.5631 -2.1476 0.9442, -0.5105 -2.1476 0.8653, -0.5734 -2.1476 0.9345, -0.5316 -2.1476 0.8351, -0.6099 -2.1476 0.8877, -0.6341 -2.1476 0.8331, 0.0444 -2.1476 0.6141, 0.008 -2.1476 0.536, 0.0115 -2.1476 0.5324, 0.049 -2.1476 0.6131, 0.0213 -2.1476 0.5254, -0.0041 -2.1476 0.5671, -0.0027 -2.1476 0.5558, 0.0013 -2.1476 0.5455, 0.0312 -2.1476 0.6127, 0.0208 -2.1476 0.6086, -0.0037 -2.1476 0.5731, 0.0114 -2.1476 0.6019, 0.0052 -2.1476 0.595, -0.0007 -2.1476 0.5847, 0.043 -2.1476 0.6142, 0.3238 -2.1437 0.7326, 0.3169 -2.1437 0.7821, 0.2774 -2.1437 0.8577, 0.3117 -2.1437 0.7951, 0.2983 -2.1437 0.8285, 0.2673 -2.1437 0.8717, 0.2262 -2.1437 0.9065, 0.181 -2.1437 0.929, 0.1735 -2.1437 0.9315, 0.1432 -2.1437 0.9912, 0.0915 -2.1437 1.0514, 0.0575 -2.1437 1.0748, 0.0308 -2.1437 1.0933, -0.0447 -2.1437 1.122, -0.1149 -2.1437 1.1303, -0.1851 -2.1437 1.1223, -0.2554 -2.1437 1.0965, -0.291 -2.1437 1.0748, -0.2971 -2.1437 1.0711, -0.3328 -2.1437 1.0406, -0.3639 -2.1437 1.0043, -0.3813 -2.1437 1.0064, -0.3988 -2.1437 1.0074, -0.4586 -2.1437 1.0, -0.5148 -2.1437 0.9782, -0.5631 -2.1437 0.9442, -0.5734 -2.1437 0.9345, -0.6447 -2.1437 0.7614, -0.6099 -2.1437 0.8877, -0.6232 -2.1437 0.8577, -0.6341 -2.1437 0.8331, -0.6409 -2.1437 0.7951, -0.6443 -2.1437 0.776, -0.6374 -2.1437 0.702, -0.6157 -2.1437 0.6455, -0.581 -2.1437 0.596, -0.5336 -2.1437 0.5555, -0.4787 -2.1437 0.5288, -0.4595 -2.1437 0.5231, -0.4576 -2.1437 0.519, -0.4443 -2.1437 0.4905, -0.4217 -2.1437 0.4626, -0.392 -2.1437 0.4403, -0.3781 -2.1437 0.4344, -0.357 -2.1437 0.4256, -0.3211 -2.1437 0.42, -0.3153 -2.1437 0.4199, -0.1635 -2.1437 0.5717, -0.2786 -2.1437 0.4244, -0.2525 -2.1437 0.4344, -0.2447 -2.1437 0.4374, -0.2145 -2.1437 0.4584, -0.1912 -2.1437 0.4846, -0.1732 -2.1437 0.5184, -0.1731 -2.1437 0.519, -0.1643 -2.1437 0.5559, -0.1635 -2.1437 0.5869, 0.049 -2.1437 0.6992, 0.002 -2.1437 0.7797, -0.2015 -2.1437 0.6734, -0.228 -2.1437 0.6975, -0.2602 -2.1437 0.7148, -0.2968 -2.1437 0.7239, -0.3153 -2.1437 0.725, -0.3516 -2.1437 0.7205, -0.3851 -2.1437 0.7077, -0.4161 -2.1437 0.6861, -0.4412 -2.1437 0.6574, -0.458 -2.1437 0.6248, -0.4911 -2.1437 0.6452, -0.5183 -2.1437 0.6732, -0.5364 -2.1437 0.7039, -0.5473 -2.1437 0.7411, -0.5491 -2.1437 0.7645, -0.5453 -2.1437 0.7951, -0.5446 -2.1437 0.8012, -0.5316 -2.1437 0.8351, -0.5158 -2.1437 0.8577, -0.5105 -2.1437 0.8653, -0.4844 -2.1437 0.8886, -0.4506 -2.1437 0.9066, -0.4131 -2.1437 0.9155, -0.3973 -2.1437 0.9163, -0.3617 -2.1437 0.9119, -0.3276 -2.1437 0.8994, -0.3168 -2.1437 0.8935, -0.2936 -2.1437 0.9415, -0.2596 -2.1437 0.9822, -0.2189 -2.1437 1.012, -0.1693 -2.1437 1.0321, -0.1134 -2.1437 1.0392, -0.0619 -2.1437 1.0329, -0.0143 -2.1437 1.0147, 0.0283 -2.1437 0.9851, 0.0322 -2.1437 0.9816, 0.0664 -2.1437 0.9407, 0.0898 -2.1437 0.8918, 0.0973 -2.1437 0.8577, 0.0991 -2.1437 0.8495, 0.1113 -2.1437 0.8495, 0.1402 -2.1437 0.8459, 0.1667 -2.1437 0.8357, 0.1902 -2.1437 0.8193, 0.2077 -2.1437 0.7997, 0.2102 -2.1437 0.7951, 0.2218 -2.1437 0.7736, 0.2289 -2.1437 0.7444, 0.2297 -2.1437 0.7311, 0.226 -2.1437 0.7015, 0.2156 -2.1437 0.6745, 0.1989 -2.1437 0.6508, 0.1969 -2.1437 0.6486, 0.1744 -2.1437 0.6303, 0.1477 -2.1437 0.6179, 0.1204 -2.1437 0.6127, 0.0521 -2.1437 0.6127, 0.049 -2.1437 0.6131, 0.0444 -2.1437 0.6141, 0.043 -2.1437 0.6142, 0.0312 -2.1437 0.6127, 0.0208 -2.1437 0.6086, 0.0114 -2.1437 0.6019, 0.0052 -2.1437 0.595, -0.0007 -2.1437 0.5847, -0.0037 -2.1437 0.5731, -0.0041 -2.1437 0.5671, -0.0027 -2.1437 0.5558, 0.0013 -2.1437 0.5455, 0.008 -2.1437 0.536, 0.0115 -2.1437 0.5324, 0.0213 -2.1437 0.5254, 0.0314 -2.1437 0.5214, 0.0399 -2.1437 0.5201, 0.1295 -2.1437 0.5201, 0.18 -2.1437 0.5307, 0.2263 -2.1437 0.5534, 0.2676 -2.1437 0.5884, 0.2978 -2.1437 0.6303, 0.3168 -2.1437 0.6784, -0.3168 -2.1437 0.6294, -0.3061 -2.1437 0.6284, -0.2919 -2.1437 0.6238, -0.2793 -2.1437 0.6159, -0.2692 -2.1437 0.6054, -0.2622 -2.1437 0.5931, -0.2583 -2.1437 0.5793, -0.2579 -2.1437 0.5645, -0.2612 -2.1437 0.5499, -0.268 -2.1437 0.5367, -0.2772 -2.1437 0.5262, -0.2888 -2.1437 0.518, -0.302 -2.1437 0.5128, -0.3168 -2.1437 0.511, -0.3194 -2.1437 0.511, -0.333 -2.1437 0.5132, -0.3468 -2.1437 0.5191, -0.3584 -2.1437 0.528, -0.3668 -2.1437 0.5385, -0.3729 -2.1437 0.5512, -0.3758 -2.1437 0.5654, -0.3752 -2.1437 0.5802, -0.3708 -2.1437 0.5945, -0.3631 -2.1437 0.6071, -0.3567 -2.1437 0.6139, -0.3448 -2.1437 0.6223, -0.3316 -2.1437 0.6275
            ]
        }
        coordIndex [
            0,1,2,-1,3,4,5,-1,6,7,8,-1,9,10,11,-1,12,11,13,-1,13,11,14,-1,2,1,15,-1,16,17,18,-1,18,17,19,-1,18,19,20,-1,20,19,21,-1,20,21,5,-1,5,21,22,-1,5,22,3,-1,23,24,19,-1,19,24,25,-1,19,25,21,-1,21,25,26,-1,21,26,27,-1,28,9,29,-1,29,9,11,-1,29,11,30,-1,30,11,12,-1,31,32,33,-1,33,32,34,-1,33,34,35,-1,35,34,36,-1,35,36,37,-1,37,36,38,-1,6,8,39,-1,39,8,40,-1,39,40,41,-1,41,40,42,-1,41,42,43,-1,1,44,15,-1,15,44,45,-1,15,45,46,-1,46,45,47,-1,46,47,6,-1,6,47,48,-1,6,48,7,-1,27,49,21,-1,21,49,50,-1,21,50,51,-1,51,50,52,-1,51,52,53,-1,53,52,54,-1,53,54,55,-1,55,54,56,-1,55,56,57,-1,57,56,58,-1,57,58,59,-1,59,58,60,-1,59,60,29,-1,29,60,61,-1,29,61,28,-1,62,63,64,-1,64,63,65,-1,64,65,66,-1,66,65,67,-1,66,67,68,-1,68,67,69,-1,68,69,70,-1,70,69,71,-1,70,71,72,-1,36,73,38,-1,38,73,74,-1,38,74,75,-1,75,74,76,-1,75,76,77,-1,77,76,78,-1,77,78,79,-1,79,78,80,-1,79,80,81,-1,81,80,82,-1,81,82,83,-1,83,82,84,-1,83,84,62,-1,62,84,85,-1,62,85,63,-1,86,87,88,-1,88,87,89,-1,88,89,33,-1,33,89,90,-1,33,90,31,-1,91,92,93,-1,93,92,94,-1,93,94,95,-1,95,94,96,-1,95,96,97,-1,97,96,98,-1,97,98,99,-1,99,98,100,-1,99,100,14,-1,14,100,101,-1,14,101,13,-1,10,102,11,-1,11,102,103,-1,11,103,104,-1,104,103,105,-1,104,105,106,-1,106,105,107,-1,106,107,108,-1,108,107,109,-1,108,109,110,-1,110,109,111,-1,110,111,112,-1,112,111,113,-1,112,113,114,-1,114,113,115,-1,114,115,116,-1,116,115,117,-1,116,117,118,-1,118,117,119,-1,118,119,19,-1,19,119,120,-1,19,120,23,-1,43,42,121,-1,121,42,122,-1,121,122,123,-1,123,122,124,-1,123,124,125,-1,125,124,126,-1,125,126,127,-1,127,126,128,-1,127,128,86,-1,86,128,129,-1,86,129,87,-1,2,130,0,-1,0,130,131,-1,0,131,132,-1,132,131,133,-1,132,133,134,-1,134,133,135,-1,134,135,91,-1,91,135,136,-1,91,136,92,-1,137,138,139,-1,71,140,72,-1,72,140,137,-1,72,137,141,-1,141,137,139,-1,142,143,137,-1,137,143,144,-1,137,144,138,-1,145,146,147,-1,146,148,147,-1,147,148,149,-1,147,149,150,-1,142,137,147,-1,147,137,151,-1,147,151,145,-1,79,152,153,-1,154,38,75,-1,79,153,77,-1,77,153,155,-1,77,155,75,-1,75,155,156,-1,75,156,154,-1,154,157,38,-1,38,157,158,-1,38,158,37,-1,37,158,159,-1,37,159,35,-1,35,159,160,-1,35,160,33,-1,33,160,161,-1,33,161,88,-1,88,161,162,-1,88,162,86,-1,127,86,163,-1,163,86,162,-1,163,164,127,-1,127,164,165,-1,127,165,125,-1,125,165,166,-1,125,166,123,-1,123,166,167,-1,123,167,121,-1,121,167,168,-1,121,168,43,-1,43,168,41,-1,41,168,169,-1,41,169,170,-1,41,170,171,-1,41,171,39,-1,39,171,172,-1,39,172,6,-1,6,172,173,-1,6,173,46,-1,46,173,174,-1,46,174,15,-1,15,174,175,-1,15,175,2,-1,2,175,176,-1,2,176,130,-1,130,176,177,-1,130,177,131,-1,131,177,178,-1,131,178,133,-1,179,94,92,-1,133,178,180,-1,133,180,135,-1,135,180,181,-1,135,181,136,-1,181,182,136,-1,136,182,183,-1,136,183,92,-1,92,183,184,-1,92,184,179,-1,94,179,185,-1,94,185,96,-1,96,185,186,-1,96,186,98,-1,98,186,187,-1,98,187,100,-1,100,187,188,-1,100,188,101,-1,101,188,189,-1,101,189,13,-1,13,189,190,-1,13,190,12,-1,12,190,191,-1,12,191,30,-1,191,192,30,-1,30,192,193,-1,30,193,29,-1,29,193,194,-1,29,194,59,-1,59,194,195,-1,59,195,57,-1,195,196,57,-1,57,196,197,-1,57,197,55,-1,55,197,198,-1,55,198,53,-1,199,20,5,-1,53,198,200,-1,201,21,200,-1,200,21,51,-1,200,51,53,-1,201,202,21,-1,21,202,203,-1,21,203,22,-1,22,203,204,-1,22,204,3,-1,3,204,205,-1,3,205,4,-1,4,205,206,-1,4,206,5,-1,5,206,207,-1,5,207,199,-1,18,20,208,-1,208,20,199,-1,16,18,209,-1,209,18,208,-1,17,16,210,-1,210,16,209,-1,19,17,211,-1,211,17,210,-1,19,211,212,-1,19,212,118,-1,118,212,213,-1,118,213,116,-1,116,213,214,-1,116,214,114,-1,114,214,215,-1,114,215,112,-1,112,215,216,-1,112,216,110,-1,110,216,217,-1,110,217,108,-1,108,217,218,-1,108,218,106,-1,106,218,219,-1,106,219,104,-1,104,219,220,-1,104,220,11,-1,11,220,221,-1,11,221,14,-1,14,221,222,-1,14,222,99,-1,99,222,223,-1,99,223,97,-1,97,223,224,-1,97,224,95,-1,95,224,225,-1,95,225,93,-1,91,93,225,-1,225,226,91,-1,91,226,227,-1,91,227,228,-1,229,132,228,-1,228,132,134,-1,228,134,91,-1,229,230,132,-1,132,230,231,-1,132,231,0,-1,0,231,232,-1,0,232,1,-1,1,232,233,-1,1,233,44,-1,44,233,234,-1,44,234,45,-1,45,234,235,-1,45,235,47,-1,47,235,236,-1,47,236,48,-1,48,236,237,-1,48,237,7,-1,7,237,238,-1,7,238,8,-1,8,238,239,-1,8,239,40,-1,40,239,240,-1,40,240,42,-1,42,240,241,-1,42,241,122,-1,122,241,242,-1,122,242,124,-1,124,242,243,-1,124,243,126,-1,126,243,244,-1,126,244,128,-1,128,244,245,-1,128,245,129,-1,129,245,246,-1,129,246,87,-1,87,246,247,-1,87,247,89,-1,89,247,248,-1,89,248,90,-1,90,248,31,-1,31,248,249,-1,31,249,250,-1,32,31,251,-1,251,31,250,-1,32,251,252,-1,32,252,34,-1,34,252,253,-1,34,253,36,-1,36,253,254,-1,36,254,73,-1,73,254,255,-1,73,255,74,-1,74,255,256,-1,74,256,76,-1,256,257,76,-1,76,257,258,-1,76,258,78,-1,78,258,259,-1,78,259,80,-1,80,259,260,-1,80,260,82,-1,82,260,261,-1,82,261,84,-1,84,261,262,-1,84,262,85,-1,85,262,263,-1,85,263,63,-1,63,263,264,-1,63,264,65,-1,65,264,265,-1,65,265,67,-1,67,265,266,-1,67,266,69,-1,71,69,267,-1,267,69,266,-1,71,267,268,-1,71,268,140,-1,140,268,269,-1,140,269,137,-1,137,269,270,-1,137,270,151,-1,151,270,271,-1,151,271,145,-1,145,271,272,-1,145,272,146,-1,146,272,273,-1,146,273,148,-1,148,273,274,-1,148,274,149,-1,149,274,275,-1,149,275,150,-1,150,275,276,-1,150,276,147,-1,147,276,277,-1,147,277,142,-1,142,277,278,-1,142,278,143,-1,143,278,279,-1,143,279,144,-1,144,279,280,-1,144,280,138,-1,138,280,281,-1,138,281,139,-1,139,281,282,-1,139,282,141,-1,141,282,283,-1,141,283,72,-1,72,283,284,-1,72,284,70,-1,68,70,285,-1,285,70,284,-1,68,285,286,-1,68,286,66,-1,66,286,287,-1,66,287,64,-1,64,287,288,-1,64,288,62,-1,62,288,289,-1,62,289,83,-1,83,289,290,-1,83,290,81,-1,81,290,152,-1,81,152,79,-1,113,291,292,-1,113,292,115,-1,115,292,293,-1,115,293,117,-1,117,293,294,-1,117,294,119,-1,119,294,295,-1,119,295,120,-1,120,295,296,-1,120,296,23,-1,23,296,297,-1,23,297,24,-1,24,297,298,-1,24,298,25,-1,25,298,299,-1,25,299,26,-1,26,299,300,-1,26,300,27,-1,27,300,301,-1,27,301,49,-1,49,301,302,-1,49,302,50,-1,50,302,303,-1,50,303,52,-1,52,303,304,-1,52,304,54,-1,54,304,305,-1,54,305,56,-1,56,305,306,-1,56,306,58,-1,58,306,307,-1,58,307,60,-1,60,307,308,-1,60,308,61,-1,61,308,309,-1,61,309,28,-1,28,309,310,-1,28,310,9,-1,9,310,311,-1,9,311,10,-1,10,311,312,-1,10,312,102,-1,102,312,313,-1,102,313,103,-1,103,313,314,-1,103,314,105,-1,105,314,315,-1,105,315,107,-1,107,315,316,-1,107,316,109,-1,109,316,317,-1,109,317,111,-1,111,317,291,-1,111,291,113,-1,
        ]
    }
}
Shape{
    appearance Appearance {
        material  Material 	{
            diffuseColor 1.0 0.8352941176470589 0.3411764705882353
            specularColor 0.5019607843137255 0.41568627450980394 0.16862745098039217
            ambientIntensity 0.8282
            transparency 0.0
            shininess 0.5
        }
    }
    geometry IndexedFaceSet {
        ccw TRUE
        solid FALSE
        coord DEF co Coordinate {
            point [
                -0.3194 -2.1437 0.511, -0.3567 -2.1437 0.6139, -0.3631 -2.1437 0.6071, -0.302 -2.1437 0.5128, -0.2888 -2.1437 0.518, -0.3061 -2.1437 0.6284, -0.3168 -2.1437 0.6294, -0.3316 -2.1437 0.6275, -0.3448 -2.1437 0.6223, -0.3729 -2.1437 0.5512, -0.3668 -2.1437 0.5385, -0.3584 -2.1437 0.528, -0.3168 -2.1437 0.511, -0.2622 -2.1437 0.5931, -0.2692 -2.1437 0.6054, -0.268 -2.1437 0.5367, -0.2793 -2.1437 0.6159, -0.3708 -2.1437 0.5945, -0.3752 -2.1437 0.5802, -0.3758 -2.1437 0.5654, -0.3468 -2.1437 0.5191, -0.333 -2.1437 0.5132, -0.2772 -2.1437 0.5262, -0.2919 -2.1437 0.6238, -0.2612 -2.1437 0.5499, -0.2579 -2.1437 0.5645, -0.2583 -2.1437 0.5793
            ]
        }
        coordIndex [
            0,1,2,-1,3,4,5,-1,6,7,0,-1,0,7,8,-1,0,8,1,-1,9,10,2,-1,2,10,11,-1,6,0,5,-1,5,0,12,-1,5,12,3,-1,13,14,15,-1,15,14,16,-1,17,18,2,-1,2,18,19,-1,2,19,9,-1,11,20,2,-1,2,20,21,-1,2,21,0,-1,4,22,5,-1,5,22,15,-1,5,15,23,-1,23,15,16,-1,24,25,15,-1,15,25,26,-1,15,26,13,-1,
        ]
    }
}
Shape{
    appearance Appearance {
        material  Material 	{
            diffuseColor 1.0 1.0 0.0
            specularColor 0.5019607843137255 0.5019607843137255 0.0
            ambientIntensity 0.886
            transparency 0.0
            shininess 0.5
        }
    }
    geometry IndexedFaceSet {
        ccw TRUE
        solid FALSE
        coord DEF co Coordinate {
            point [
                0.1705 0.6909 7.3622, 0.1901 0.7384 7.3622, 0.0 0.7894 7.3622, 0.1969 0.7894 7.3622, 0.1901 0.8403 7.3622, 0.0509 0.5992 7.3622, 0.0984 0.6189 7.3622, 0.1392 0.6502 7.3622, -0.0984 0.6189 7.3622, -0.0509 0.5992 7.3622, 0.0 0.5925 7.3622, -0.1901 0.7384 7.3622, -0.1705 0.6909 7.3622, -0.1392 0.6502 7.3622, -0.1705 0.8878 7.3622, -0.1901 0.8403 7.3622, -0.1969 0.7894 7.3622, -0.0509 0.9795 7.3622, -0.0984 0.9598 7.3622, -0.1392 0.9286 7.3622, 0.0984 0.9598 7.3622, 0.0509 0.9795 7.3622, 0.0 0.9862 7.3622, 0.1705 0.8878 7.3622, 0.1392 0.9286 7.3622, 0.2756 0.7894 7.2835, 0.2662 0.8607 3.4252, 0.2662 0.8607 7.2835, 0.2387 0.9272 3.4252, 0.2387 0.9272 7.2835, 0.1949 0.9842 3.4252, 0.1949 0.9842 7.2835, 0.1378 1.028 3.4252, 0.1378 1.028 7.2835, 0.0713 1.0556 3.4252, 0.0713 1.0556 7.2835, 0.0 1.065 3.4252, 0.0 1.065 7.2835, -0.0713 1.0556 3.4252, -0.0713 1.0556 7.2835, -0.1378 1.028 3.4252, -0.1378 1.028 7.2835, -0.1949 0.9842 3.4252, -0.1949 0.9842 7.2835, -0.2387 0.9272 3.4252, -0.2387 0.9272 7.2835, -0.2662 0.8607 3.4252, -0.2662 0.8607 7.2835, -0.2756 0.7894 3.4252, -0.2756 0.7894 7.2835, -0.2662 0.718 3.4252, -0.2662 0.718 7.2835, -0.2387 0.6516 3.4252, -0.2387 0.6516 7.2835, -0.1949 0.5945 3.4252, -0.1949 0.5945 7.2835, -0.1378 0.5507 3.4252, -0.1378 0.5507 7.2835, -0.0713 0.5232 3.4252, -0.0713 0.5232 7.2835, 0.0 0.5138 3.4252, 0.0 0.5138 7.2835, 0.0713 0.5232 3.4252, 0.0713 0.5232 7.2835, 0.1378 0.5507 3.4252, 0.1378 0.5507 7.2835, 0.1949 0.5945 3.4252, 0.1949 0.5945 7.2835, 0.2387 0.6516 3.4252, 0.2387 0.6516 7.2835, 0.2662 0.718 3.4252, 0.2662 0.718 7.2835, 0.2756 0.7894 3.4252, -0.1705 -0.687 7.3622, -0.1901 -0.7345 7.3622, 0.0 -0.7854 7.3622, -0.1969 -0.7854 7.3622, -0.1901 -0.8364 7.3622, -0.0509 -0.5953 7.3622, -0.0984 -0.615 7.3622, -0.1392 -0.6462 7.3622, 0.0984 -0.615 7.3622, 0.0509 -0.5953 7.3622, 0.0 -0.5886 7.3622, 0.1901 -0.7345 7.3622, 0.1705 -0.687 7.3622, 0.1392 -0.6462 7.3622, 0.1705 -0.8839 7.3622, 0.1901 -0.8364 7.3622, 0.1969 -0.7854 7.3622, 0.0509 -0.9756 7.3622, 0.0984 -0.9559 7.3622, 0.1392 -0.9246 7.3622, -0.0984 -0.9559 7.3622, -0.0509 -0.9756 7.3622, 0.0 -0.9823 7.3622, -0.1705 -0.8839 7.3622, -0.1392 -0.9246 7.3622, 0.2756 -0.7854 7.2835, 0.2662 -0.7141 3.4252, 0.2662 -0.7141 7.2835, 0.2387 -0.6476 3.4252, 0.2387 -0.6476 7.2835, 0.1949 -0.5906 3.4252, 0.1949 -0.5906 7.2835, 0.1378 -0.5468 3.4252, 0.1378 -0.5468 7.2835, 0.0713 -0.5192 3.4252, 0.0713 -0.5192 7.2835, 0.0 -0.5098 3.4252, 0.0 -0.5098 7.2835, -0.0713 -0.5192 3.4252, -0.0713 -0.5192 7.2835, -0.1378 -0.5468 3.4252, -0.1378 -0.5468 7.2835, -0.1949 -0.5906 3.4252, -0.1949 -0.5906 7.2835, -0.2387 -0.6476 3.4252, -0.2387 -0.6476 7.2835, -0.2662 -0.7141 3.4252, -0.2662 -0.7141 7.2835, -0.2756 -0.7854 3.4252, -0.2756 -0.7854 7.2835, -0.2662 -0.8568 3.4252, -0.2662 -0.8568 7.2835, -0.2387 -0.9232 3.4252, -0.2387 -0.9232 7.2835, -0.1949 -0.9803 3.4252, -0.1949 -0.9803 7.2835, -0.1378 -1.0241 3.4252, -0.1378 -1.0241 7.2835, -0.0713 -1.0516 3.4252, -0.0713 -1.0516 7.2835, 0.0 -1.061 3.4252, 0.0 -1.061 7.2835, 0.0713 -1.0516 3.4252, 0.0713 -1.0516 7.2835, 0.1378 -1.0241 3.4252, 0.1378 -1.0241 7.2835, 0.1949 -0.9803 3.4252, 0.1949 -0.9803 7.2835, 0.2387 -0.9232 3.4252, 0.2387 -0.9232 7.2835, 0.2662 -0.8568 3.4252, 0.2662 -0.8568 7.2835, 0.2756 -0.7854 3.4252
            ]
        }
        coordIndex [
            0,1,2,-1,2,1,3,-1,2,3,4,-1,5,6,2,-1,2,6,7,-1,2,7,0,-1,8,9,2,-1,2,9,10,-1,2,10,5,-1,11,12,2,-1,2,12,13,-1,2,13,8,-1,14,15,2,-1,2,15,16,-1,2,16,11,-1,17,18,2,-1,2,18,19,-1,2,19,14,-1,20,21,2,-1,2,21,22,-1,2,22,17,-1,4,23,2,-1,2,23,24,-1,2,24,20,-1,25,26,27,-1,27,26,28,-1,27,28,29,-1,29,28,30,-1,29,30,31,-1,31,30,32,-1,31,32,33,-1,33,32,34,-1,33,34,35,-1,35,34,36,-1,35,36,37,-1,37,36,38,-1,37,38,39,-1,39,38,40,-1,39,40,41,-1,41,40,42,-1,41,42,43,-1,43,42,44,-1,43,44,45,-1,45,44,46,-1,45,46,47,-1,47,46,48,-1,47,48,49,-1,49,48,50,-1,49,50,51,-1,51,50,52,-1,51,52,53,-1,53,52,54,-1,53,54,55,-1,55,54,56,-1,55,56,57,-1,57,56,58,-1,57,58,59,-1,59,58,60,-1,59,60,61,-1,61,60,62,-1,61,62,63,-1,63,62,64,-1,63,64,65,-1,65,64,66,-1,65,66,67,-1,67,66,68,-1,67,68,69,-1,69,68,70,-1,69,70,71,-1,71,70,72,-1,71,72,25,-1,25,72,26,-1,73,74,75,-1,75,74,76,-1,75,76,77,-1,78,79,75,-1,75,79,80,-1,75,80,73,-1,81,82,75,-1,75,82,83,-1,75,83,78,-1,84,85,75,-1,75,85,86,-1,75,86,81,-1,87,88,75,-1,75,88,89,-1,75,89,84,-1,90,91,75,-1,75,91,92,-1,75,92,87,-1,93,94,75,-1,75,94,95,-1,75,95,90,-1,77,96,75,-1,75,96,97,-1,75,97,93,-1,98,99,100,-1,100,99,101,-1,100,101,102,-1,102,101,103,-1,102,103,104,-1,104,103,105,-1,104,105,106,-1,106,105,107,-1,106,107,108,-1,108,107,109,-1,108,109,110,-1,110,109,111,-1,110,111,112,-1,112,111,113,-1,112,113,114,-1,114,113,115,-1,114,115,116,-1,116,115,117,-1,116,117,118,-1,118,117,119,-1,118,119,120,-1,120,119,121,-1,120,121,122,-1,122,121,123,-1,122,123,124,-1,124,123,125,-1,124,125,126,-1,126,125,127,-1,126,127,128,-1,128,127,129,-1,128,129,130,-1,130,129,131,-1,130,131,132,-1,132,131,133,-1,132,133,134,-1,134,133,135,-1,134,135,136,-1,136,135,137,-1,136,137,138,-1,138,137,139,-1,138,139,140,-1,140,139,141,-1,140,141,142,-1,142,141,143,-1,142,143,144,-1,144,143,145,-1,144,145,98,-1,98,145,99,-1,122,74,120,-1,120,74,73,-1,120,73,118,-1,118,73,80,-1,118,80,116,-1,116,80,79,-1,116,79,114,-1,114,79,78,-1,114,78,112,-1,112,78,83,-1,112,83,110,-1,110,83,82,-1,110,82,108,-1,108,82,81,-1,108,81,106,-1,106,81,86,-1,106,86,104,-1,104,86,85,-1,104,85,102,-1,102,85,84,-1,102,84,100,-1,100,84,89,-1,100,89,98,-1,98,89,88,-1,98,88,144,-1,144,88,87,-1,144,87,142,-1,142,87,92,-1,142,92,140,-1,140,92,91,-1,140,91,138,-1,138,91,90,-1,138,90,136,-1,136,90,95,-1,136,95,134,-1,134,95,94,-1,134,94,132,-1,132,94,93,-1,132,93,130,-1,130,93,97,-1,130,97,128,-1,128,97,96,-1,128,96,126,-1,126,96,77,-1,126,77,124,-1,124,77,76,-1,124,76,122,-1,122,76,74,-1,49,15,47,-1,47,15,14,-1,47,14,45,-1,45,14,19,-1,45,19,43,-1,43,19,18,-1,43,18,41,-1,41,18,17,-1,41,17,39,-1,39,17,22,-1,39,22,37,-1,37,22,21,-1,37,21,35,-1,35,21,20,-1,35,20,33,-1,33,20,24,-1,33,24,31,-1,31,24,23,-1,31,23,29,-1,29,23,4,-1,29,4,27,-1,27,4,3,-1,27,3,25,-1,25,3,1,-1,25,1,71,-1,71,1,0,-1,71,0,69,-1,69,0,7,-1,69,7,67,-1,67,7,6,-1,67,6,65,-1,65,6,5,-1,65,5,63,-1,63,5,10,-1,63,10,61,-1,61,10,9,-1,61,9,59,-1,59,9,8,-1,59,8,57,-1,57,8,13,-1,57,13,55,-1,55,13,12,-1,55,12,53,-1,53,12,11,-1,53,11,51,-1,51,11,16,-1,51,16,49,-1,49,16,15,-1,
        ]
    }
}
Shape{
    appearance Appearance {
        material  Material 	{
            diffuseColor 1.0 0.8352941176470589 0.3411764705882353
            specularColor 0.5019607843137255 0.41568627450980394 0.16862745098039217
            ambientIntensity 0.8282
            transparency 0.0
            shininess 0.5
        }
    }
    geometry IndexedFaceSet {
        ccw TRUE
        solid FALSE
        coord DEF co Coordinate {
            point [
                4.4133 2.0886 0.3937, 4.4251 2.0601 0.3937, 4.0354 1.7539 0.3937, 4.4291 2.0295 0.3937, 4.0354 -1.75 0.3937, 4.4291 -2.0256 0.3937, 4.4262 -2.0519 0.3937, 4.4174 -2.0768 0.3937, 4.4034 -2.0992 0.3937, 4.3847 -2.1179 0.3937, -3.3355 -1.4846 0.3937, -3.726 -1.6832 0.3937, -3.5742 -1.2888 0.3937, -3.9686 -1.4405 0.3937, -3.77 -1.0501 0.3937, -4.1654 -1.1594 0.3937, -3.9156 -0.7778 0.3937, -4.3104 -0.8485 0.3937, -4.0052 -0.4824 0.3937, -4.3992 -0.517 0.3937, -4.0354 -0.1752 0.3937, -4.4291 -0.1752 0.3937, -4.0354 0.1791 0.3937, -4.4291 0.1791 0.3937, -4.0052 0.4864 0.3937, -4.3992 0.521 0.3937, -3.9156 0.7818 0.3937, -4.3104 0.8524 0.3937, -3.77 1.054 0.3937, -4.1654 1.1634 0.3937, -3.9686 1.4445 0.3937, -3.5742 1.2927 0.3937, -3.726 1.6871 0.3937, -3.3355 1.4885 0.3937, -3.4449 1.8839 0.3937, -3.0633 1.6341 0.3937, -3.1339 2.0289 0.3937, -2.7679 1.7237 0.3937, -2.8025 2.1177 0.3937, -2.4606 1.7539 0.3937, -2.4606 2.1476 0.3937, 4.311 2.1476 0.3937, 4.3416 2.1436 0.3937, 4.3701 2.1318 0.3937, 4.3945 2.113 0.3937, 4.3623 -2.132 0.3937, 4.3373 -2.1407 0.3937, 4.311 -2.1437 0.3937, 1.225 -2.1437 0.3937, 1.1575 -2.1437 0.3937, -2.4606 -1.75 0.3937, 1.0756 -2.1437 0.3937, 0.9576 -2.1437 0.3937, 0.9078 -2.1437 0.3937, 0.8103 -2.1437 0.3937, 0.6296 -2.1437 0.3937, 0.6168 -2.1437 0.3937, 0.4112 -2.1437 0.3937, -1.5527 -2.1437 0.3937, -2.4606 -2.1437 0.3937, -2.7679 -1.7197 0.3937, -2.8025 -2.1138 0.3937, -3.0633 -1.6301 0.3937, -3.1339 -2.025 0.3937, -3.4449 -1.88 0.3937, -2.4606 1.7539 0.0, -2.7679 1.7237 0.0, -3.0633 1.6341 0.0, -3.3355 1.4885 0.0, -3.5742 1.2927 0.0, -3.77 1.054 0.0, -3.9156 0.7818 0.0, -4.0052 0.4864 0.0, -4.0354 0.1791 0.0, -4.0354 -0.1752 0.0, -4.0052 -0.4824 0.0, -3.9156 -0.7778 0.0, -3.77 -1.0501 0.0, -3.5742 -1.2888 0.0, -3.3355 -1.4846 0.0, -3.0633 -1.6301 0.0, -2.7679 -1.7197 0.0, -2.4606 -1.75 0.0, 4.0354 -1.75 0.0, 4.0354 1.7539 0.0
            ]
        }
        coordIndex [
            0,1,2,-1,2,1,3,-1,2,3,4,-1,4,3,5,-1,4,5,6,-1,6,7,4,-1,4,7,8,-1,4,8,9,-1,10,11,12,-1,12,11,13,-1,12,13,14,-1,14,13,15,-1,14,15,16,-1,16,15,17,-1,16,17,18,-1,18,17,19,-1,18,19,20,-1,20,19,21,-1,20,21,22,-1,22,21,23,-1,22,23,24,-1,24,23,25,-1,24,25,26,-1,26,25,27,-1,26,27,28,-1,27,29,28,-1,28,29,30,-1,28,30,31,-1,31,30,32,-1,31,32,33,-1,33,32,34,-1,33,34,35,-1,35,34,36,-1,35,36,37,-1,37,36,38,-1,37,38,39,-1,39,38,40,-1,39,40,2,-1,2,40,41,-1,2,41,42,-1,42,43,2,-1,2,43,44,-1,2,44,0,-1,9,45,4,-1,4,45,46,-1,4,46,47,-1,47,48,4,-1,4,48,49,-1,4,49,50,-1,50,49,51,-1,51,52,50,-1,50,52,53,-1,50,53,54,-1,54,55,50,-1,50,55,56,-1,50,56,57,-1,57,58,50,-1,50,58,59,-1,50,59,60,-1,60,59,61,-1,60,61,62,-1,62,61,63,-1,62,63,10,-1,10,63,64,-1,10,64,11,-1,39,65,66,-1,39,66,37,-1,37,66,67,-1,37,67,35,-1,35,67,68,-1,35,68,33,-1,33,68,69,-1,33,69,31,-1,31,69,70,-1,31,70,28,-1,28,70,71,-1,28,71,26,-1,26,71,72,-1,26,72,24,-1,24,72,73,-1,24,73,22,-1,20,22,74,-1,74,22,73,-1,20,74,75,-1,20,75,18,-1,18,75,76,-1,18,76,16,-1,16,76,77,-1,16,77,14,-1,14,77,78,-1,14,78,12,-1,12,78,79,-1,12,79,10,-1,10,79,80,-1,10,80,62,-1,62,80,81,-1,62,81,60,-1,60,81,82,-1,60,82,50,-1,4,50,83,-1,83,50,82,-1,2,4,84,-1,84,4,83,-1,39,2,65,-1,65,2,84,-1,
        ]
    }
}
Shape{
    appearance Appearance {
        material  Material 	{
            diffuseColor 1.0 1.0 0.0
            specularColor 0.5019607843137255 0.5019607843137255 0.0
            ambientIntensity 0.886
            transparency 0.0
            shininess 0.5
        }
    }
    geometry IndexedFaceSet {
        ccw TRUE
        solid FALSE
        coord DEF co Coordinate {
            point [
                0.1705 -0.687 -1.1811, 0.1901 -0.7345 -1.1811, 0.0 -0.7854 -1.1811, 0.1969 -0.7854 -1.1811, 0.1901 -0.8364 -1.1811, 0.0509 -0.5953 -1.1811, 0.0984 -0.615 -1.1811, 0.1392 -0.6462 -1.1811, -0.0984 -0.615 -1.1811, -0.0509 -0.5953 -1.1811, 0.0 -0.5886 -1.1811, -0.1901 -0.7345 -1.1811, -0.1705 -0.687 -1.1811, -0.1392 -0.6462 -1.1811, -0.1705 -0.8839 -1.1811, -0.1901 -0.8364 -1.1811, -0.1969 -0.7854 -1.1811, -0.0509 -0.9756 -1.1811, -0.0984 -0.9559 -1.1811, -0.1392 -0.9246 -1.1811, 0.0984 -0.9559 -1.1811, 0.0509 -0.9756 -1.1811, 0.0 -0.9823 -1.1811, 0.1705 -0.8839 -1.1811, 0.1392 -0.9246 -1.1811, 0.1705 0.8878 -1.1811, 0.1901 0.8403 -1.1811, 0.0 0.7894 -1.1811, 0.1969 0.7894 -1.1811, 0.1901 0.7384 -1.1811, 0.0509 0.9795 -1.1811, 0.0984 0.9598 -1.1811, 0.1392 0.9286 -1.1811, -0.0984 0.9598 -1.1811, -0.0509 0.9795 -1.1811, 0.0 0.9862 -1.1811, -0.1901 0.8403 -1.1811, -0.1705 0.8878 -1.1811, -0.1392 0.9286 -1.1811, -0.1705 0.6909 -1.1811, -0.1901 0.7384 -1.1811, -0.1969 0.7894 -1.1811, -0.0509 0.5992 -1.1811, -0.0984 0.6189 -1.1811, -0.1392 0.6502 -1.1811, 0.0984 0.6189 -1.1811, 0.0509 0.5992 -1.1811, 0.0 0.5925 -1.1811, 0.1705 0.6909 -1.1811, 0.1392 0.6502 -1.1811, -1.122 0.002 -1.1811, -1.1371 -0.1744 -1.1811, -2.1654 0.002 -1.1811, -1.2545 0.5108 -1.1811, -1.1816 0.3495 -1.1811, -1.1371 0.1783 -1.1811, -1.6183 0.8904 -1.1811, -1.4761 0.7852 -1.1811, -1.3536 0.6574 -1.1811, -2.1211 1.0443 -1.1811, -1.9456 1.0219 -1.1811, -1.7764 0.97 -1.1811, -2.6351 0.9336 -1.1811, -2.4709 0.9995 -1.1811, -2.2979 1.0368 -1.1811, -3.0297 0.5862 -1.1811, -2.9186 0.7239 -1.1811, -2.7857 0.8408 -1.1811, -3.2049 0.0904 -1.1811, -3.175 0.2649 -1.1811, -3.116 0.4317 -1.1811, -3.116 -0.4278 -1.1811, -3.175 -0.2609 -1.1811, -3.2049 -0.0865 -1.1811, -2.7857 -0.8368 -1.1811, -2.9186 -0.7199 -1.1811, -3.0297 -0.5823 -1.1811, -2.2979 -1.0329 -1.1811, -2.4709 -0.9956 -1.1811, -2.6351 -0.9296 -1.1811, -1.7764 -0.9661 -1.1811, -1.9456 -1.0179 -1.1811, -2.1211 -1.0404 -1.1811, -1.3536 -0.6535 -1.1811, -1.4761 -0.7812 -1.1811, -1.6183 -0.8864 -1.1811, -1.1816 -0.3456 -1.1811, -1.2545 -0.5068 -1.1811, 3.2087 0.002 -1.1811, 3.1937 -0.1744 -1.1811, 2.1654 0.002 -1.1811, 3.0762 0.5108 -1.1811, 3.1491 0.3495 -1.1811, 3.1937 0.1783 -1.1811, 2.7124 0.8904 -1.1811, 2.8546 0.7852 -1.1811, 2.9771 0.6574 -1.1811, 2.2096 1.0443 -1.1811, 2.3852 1.0219 -1.1811, 2.5544 0.97 -1.1811, 1.6957 0.9336 -1.1811, 1.8599 0.9995 -1.1811, 2.0328 1.0368 -1.1811, 1.301 0.5862 -1.1811, 1.4121 0.7239 -1.1811, 1.545 0.8408 -1.1811, 1.1258 0.0904 -1.1811, 1.1557 0.2649 -1.1811, 1.2147 0.4317 -1.1811, 1.2147 -0.4278 -1.1811, 1.1557 -0.2609 -1.1811, 1.1258 -0.0865 -1.1811, 1.545 -0.8368 -1.1811, 1.4121 -0.7199 -1.1811, 1.301 -0.5823 -1.1811, 2.0328 -1.0329 -1.1811, 1.8599 -0.9956 -1.1811, 1.6957 -0.9296 -1.1811, 2.5544 -0.9661 -1.1811, 2.3852 -1.0179 -1.1811, 2.2096 -1.0404 -1.1811, 2.9771 -0.6535 -1.1811, 2.8546 -0.7812 -1.1811, 2.7124 -0.8864 -1.1811, 3.1491 -0.3456 -1.1811, 3.0762 -0.5068 -1.1811, 0.2756 -0.7854 -1.1024, 0.2662 -0.7141 -1.1024, 0.2387 -0.6476 -1.1024, 0.1949 -0.5906 -1.1024, 0.1378 -0.5468 -1.1024, 0.0713 -0.5192 -1.1024, 0.0 -0.5098 -1.1024, -0.0713 -0.5192 -1.1024, -0.1378 -0.5468 -1.1024, -0.1949 -0.5906 -1.1024, -0.2387 -0.6476 -1.1024, -0.2662 -0.7141 -1.1024, -0.2756 -0.7854 -1.1024, -0.2662 -0.8568 -1.1024, -0.2387 -0.9232 -1.1024, -0.1949 -0.9803 -1.1024, -0.1378 -1.0241 -1.1024, -0.0713 -1.0516 -1.1024, 0.0 -1.061 -1.1024, 0.0713 -1.0516 -1.1024, 0.1378 -1.0241 -1.1024, 0.1949 -0.9803 -1.1024, 0.2387 -0.9232 -1.1024, 0.2662 -0.8568 -1.1024, 0.2756 0.7894 -1.1024, 0.2662 0.8607 -1.1024, 0.2387 0.9272 -1.1024, 0.1949 0.9842 -1.1024, 0.1378 1.028 -1.1024, 0.0713 1.0556 -1.1024, 0.0 1.065 -1.1024, -0.0713 1.0556 -1.1024, -0.1378 1.028 -1.1024, -0.1949 0.9842 -1.1024, -0.2387 0.9272 -1.1024, -0.2662 0.8607 -1.1024, -0.2756 0.7894 -1.1024, -0.2662 0.718 -1.1024, -0.2387 0.6516 -1.1024, -0.1949 0.5945 -1.1024, -0.1378 0.5507 -1.1024, -0.0713 0.5232 -1.1024, 0.0 0.5138 -1.1024, 0.0713 0.5232 -1.1024, 0.1378 0.5507 -1.1024, 0.1949 0.5945 -1.1024, 0.2387 0.6516 -1.1024, 0.2662 0.718 -1.1024, -1.53 -0.9187 -1.1024, -1.5785 -0.9512 -1.1227, -1.424 -0.8403 -1.1024, -1.4258 -0.8383 -1.1227, -1.3278 -0.7399 -1.1024, -1.2944 -0.7012 -1.1227, -1.2924 -0.7029 -1.1024, -1.1881 -0.5439 -1.1227, -1.1858 -0.5452 -1.1024, -2.0306 -1.1079 -1.1024, -2.1178 -1.1164 -1.1227, -1.9295 -1.0923 -1.1227, -1.5771 -0.9535 -1.1024, -1.747 -1.0392 -1.1024, -1.748 -1.0367 -1.1227, -1.768 -1.0456 -1.1024, -1.929 -1.0949 -1.1024, -2.1177 -1.1191 -1.1024, -2.3006 -1.1113 -1.1024, -2.3075 -1.1083 -1.1227, -2.3079 -1.111 -1.1024, -2.4939 -1.0709 -1.1024, -2.4931 -1.0683 -1.1227, -2.5618 -1.0436 -1.1024, -2.6693 -0.9975 -1.1227, -2.6705 -0.9999 -1.1024, -2.831 -0.898 -1.1227, -2.8014 -0.9193 -1.1024, -3.1557 -0.5177 -1.1024, -3.1854 -0.4591 -1.1227, -3.0928 -0.6248 -1.1227, -2.8326 -0.9002 -1.1024, -2.9754 -0.7744 -1.1024, -2.9735 -0.7726 -1.1227, -3.003 -0.7403 -1.1024, -3.095 -0.6263 -1.1024, -3.1878 -0.4602 -1.1024, -3.2512 -0.2808 -1.1024, -3.2486 -0.2801 -1.1227, -3.2537 -0.2664 -1.1024, -3.2807 -0.093 -1.1227, -3.2834 -0.0932 -1.1024, -3.2834 0.002 -1.1024, -3.2807 0.0969 -1.1227, -3.2834 0.0971 -1.1024, -3.2486 0.284 -1.1227, -3.2537 0.2703 -1.1024, -3.2512 0.2847 -1.1024, -3.1878 0.4641 -1.1024, -3.1854 0.463 -1.1227, -3.1557 0.5216 -1.1024, -3.0928 0.6288 -1.1227, -3.095 0.6303 -1.1024, -2.9735 0.7765 -1.1227, -3.003 0.7442 -1.1024, -2.5618 1.0475 -1.1024, -2.4931 1.0723 -1.1227, -2.6693 1.0015 -1.1227, -2.9754 0.7784 -1.1024, -2.8326 0.9041 -1.1024, -2.831 0.9019 -1.1227, -2.8014 0.9233 -1.1024, -2.6705 1.0039 -1.1024, -2.4939 1.0748 -1.1024, -2.3079 1.1149 -1.1024, -2.3075 1.1123 -1.1227, -2.3006 1.1152 -1.1024, -2.1178 1.1203 -1.1227, -2.1177 1.123 -1.1024, -2.0306 1.1118 -1.1024, -1.9295 1.0962 -1.1227, -1.929 1.0988 -1.1024, -1.748 1.0406 -1.1227, -1.768 1.0495 -1.1024, -1.747 1.0431 -1.1024, -1.5771 0.9574 -1.1024, -1.5785 0.9551 -1.1227, -1.53 0.9226 -1.1024, -1.4258 0.8422 -1.1227, -1.424 0.8443 -1.1024, -1.2944 0.7052 -1.1227, -1.3278 0.7438 -1.1024, -1.0797 0.2695 -1.1024, -1.0621 0.1911 -1.1227, -1.1099 0.3749 -1.1227, -1.2924 0.7069 -1.1024, -1.1858 0.5492 -1.1024, -1.1881 0.5479 -1.1227, -1.1737 0.5225 -1.1024, -1.1074 0.3758 -1.1024, -1.0594 0.1916 -1.1024, -1.0433 0.002 -1.1024, -1.046 0.002 -1.1227, -1.0594 -0.1877 -1.1024, -1.0621 -0.1872 -1.1227, -1.0797 -0.2656 -1.1024, -1.1099 -0.3709 -1.1227, -1.1074 -0.3718 -1.1024, -1.1737 -0.5186 -1.1024, -1.0698 0.1898 -1.1417, -1.1173 0.3723 -1.1417, -1.195 0.544 -1.1417, -1.3006 0.7002 -1.1417, -1.431 0.8363 -1.1417, -1.5826 0.9484 -1.1417, -1.7509 1.0333 -1.1417, -1.9312 1.0885 -1.1417, -2.1182 1.1125 -1.1417, -2.3065 1.1045 -1.1417, -2.4908 1.0647 -1.1417, -2.6658 0.9945 -1.1417, -2.8263 0.8956 -1.1417, -2.9678 0.7711 -1.1417, -3.0862 0.6244 -1.1417, -3.1782 0.4598 -1.1417, -3.241 0.282 -1.1417, -3.2728 0.0962 -1.1417, -3.2728 -0.0923 -1.1417, -3.241 -0.2781 -1.1417, -3.1782 -0.4559 -1.1417, -3.0862 -0.6204 -1.1417, -2.9678 -0.7671 -1.1417, -2.8263 -0.8917 -1.1417, -2.6658 -0.9905 -1.1417, -2.4908 -1.0608 -1.1417, -2.3065 -1.1005 -1.1417, -2.1182 -1.1085 -1.1417, -1.9312 -1.0846 -1.1417, -1.7509 -1.0294 -1.1417, -1.5826 -0.9445 -1.1417, -1.431 -0.8324 -1.1417, -1.3006 -0.6963 -1.1417, -1.195 -0.5401 -1.1417, -1.1173 -0.3683 -1.1417, -1.0698 -0.1859 -1.1417, -1.0539 0.002 -1.1417, -1.0822 0.1877 -1.158, -1.1291 0.3681 -1.158, -1.2059 0.5379 -1.158, -1.3103 0.6924 -1.158, -1.4393 0.8269 -1.158, -1.5891 0.9378 -1.158, -1.7556 1.0217 -1.158, -1.9338 1.0763 -1.158, -2.1187 1.1 -1.158, -2.3049 1.0921 -1.158, -2.4872 1.0528 -1.158, -2.6601 0.9833 -1.158, -2.8188 0.8855 -1.158, -2.9588 0.7624 -1.158, -3.0759 0.6174 -1.158, -3.1668 0.4546 -1.158, -3.2289 0.2789 -1.158, -3.2604 0.0952 -1.158, -3.2604 -0.0912 -1.158, -3.2289 -0.275 -1.158, -3.1668 -0.4507 -1.158, -3.0759 -0.6134 -1.158, -2.9588 -0.7585 -1.158, -2.8188 -0.8816 -1.158, -2.6601 -0.9793 -1.158, -2.4872 -1.0488 -1.158, -2.3049 -1.0881 -1.158, -2.1187 -1.096 -1.158, -1.9338 -1.0723 -1.158, -1.7556 -1.0178 -1.158, -1.5891 -0.9338 -1.158, -1.4393 -0.823 -1.158, -1.3103 -0.6884 -1.158, -1.2059 -0.534 -1.158, -1.1291 -0.3641 -1.158, -1.0822 -0.1838 -1.158, -1.0664 0.002 -1.158, -1.0983 0.1849 -1.1706, -1.1445 0.3627 -1.1706, -1.2202 0.53 -1.1706, -1.323 0.6821 -1.1706, -1.4501 0.8147 -1.1706, -1.5977 0.9239 -1.1706, -1.7617 1.0066 -1.1706, -1.9373 1.0603 -1.1706, -2.1194 1.0837 -1.1706, -2.3029 1.0759 -1.1706, -2.4824 1.0372 -1.1706, -2.6528 0.9687 -1.1706, -2.8092 0.8724 -1.1706, -2.947 0.7511 -1.1706, -3.0624 0.6082 -1.1706, -3.1519 0.4479 -1.1706, -3.2131 0.2748 -1.1706, -3.2441 0.0938 -1.1706, -3.2441 -0.0898 -1.1706, -3.2131 -0.2708 -1.1706, -3.1519 -0.444 -1.1706, -3.0624 -0.6043 -1.1706, -2.947 -0.7472 -1.1706, -2.8092 -0.8685 -1.1706, -2.6528 -0.9648 -1.1706, -2.4824 -1.0333 -1.1706, -2.3029 -1.0719 -1.1706, -2.1194 -1.0797 -1.1706, -1.9373 -1.0564 -1.1706, -1.7617 -1.0026 -1.1706, -1.5977 -0.92 -1.1706, -1.4501 -0.8108 -1.1706, -1.323 -0.6782 -1.1706, -1.2202 -0.526 -1.1706, -1.1445 -0.3587 -1.1706, -1.0983 -0.181 -1.1706, -1.0827 0.002 -1.1706, -1.117 0.1817 -1.1784, -1.1624 0.3563 -1.1784, -1.2367 0.5207 -1.1784, -1.3378 0.6702 -1.1784, -1.4626 0.8004 -1.1784, -1.6077 0.9077 -1.1784, -1.7688 0.989 -1.1784, -1.9413 1.0418 -1.1784, -2.1202 1.0647 -1.1784, -2.3005 1.057 -1.1784, -2.4768 1.019 -1.1784, -2.6442 0.9518 -1.1784, -2.7979 0.8572 -1.1784, -2.9333 0.738 -1.1784, -3.0466 0.5976 -1.1784, -3.1346 0.4401 -1.1784, -3.1947 0.27 -1.1784, -3.2252 0.0922 -1.1784, -3.2252 -0.0882 -1.1784, -3.1947 -0.2661 -1.1784, -3.1346 -0.4362 -1.1784, -3.0466 -0.5937 -1.1784, -2.9333 -0.734 -1.1784, -2.7979 -0.8532 -1.1784, -2.6442 -0.9478 -1.1784, -2.4768 -1.0151 -1.1784, -2.3005 -1.0531 -1.1784, -2.1202 -1.0608 -1.1784, -1.9413 -1.0378 -1.1784, -1.7688 -0.985 -1.1784, -1.6077 -0.9038 -1.1784, -1.4626 -0.7965 -1.1784, -1.3378 -0.6663 -1.1784, -1.2367 -0.5168 -1.1784, -1.1624 -0.3524 -1.1784, -1.117 -0.1778 -1.1784, -1.1017 0.002 -1.1784, 2.8007 -0.9187 -1.1024, 2.7522 -0.9512 -1.1227, 2.9067 -0.8403 -1.1024, 2.9049 -0.8383 -1.1227, 3.0029 -0.7399 -1.1024, 3.0363 -0.7012 -1.1227, 3.0383 -0.7029 -1.1024, 3.1426 -0.5439 -1.1227, 3.1449 -0.5452 -1.1024, 2.3001 -1.1079 -1.1024, 2.2129 -1.1164 -1.1227, 2.4012 -1.0923 -1.1227, 2.7537 -0.9535 -1.1024, 2.5837 -1.0392 -1.1024, 2.5827 -1.0367 -1.1227, 2.5628 -1.0456 -1.1024, 2.4017 -1.0949 -1.1024, 2.213 -1.1191 -1.1024, 2.0301 -1.1113 -1.1024, 2.0232 -1.1083 -1.1227, 2.0228 -1.111 -1.1024, 1.8368 -1.0709 -1.1024, 1.8376 -1.0683 -1.1227, 1.7689 -1.0436 -1.1024, 1.6614 -0.9975 -1.1227, 1.6602 -0.9999 -1.1024, 1.4997 -0.898 -1.1227, 1.5293 -0.9193 -1.1024, 1.175 -0.5177 -1.1024, 1.1454 -0.4591 -1.1227, 1.238 -0.6248 -1.1227, 1.4981 -0.9002 -1.1024, 1.3553 -0.7744 -1.1024, 1.3572 -0.7726 -1.1227, 1.3277 -0.7403 -1.1024, 1.2357 -0.6263 -1.1024, 1.1429 -0.4602 -1.1024, 1.0795 -0.2808 -1.1024, 1.0821 -0.2801 -1.1227, 1.077 -0.2664 -1.1024, 1.05 -0.093 -1.1227, 1.0473 -0.0932 -1.1024, 1.0473 0.002 -1.1024, 1.05 0.0969 -1.1227, 1.0473 0.0971 -1.1024, 1.0821 0.284 -1.1227, 1.077 0.2703 -1.1024, 1.0795 0.2847 -1.1024, 1.1429 0.4641 -1.1024, 1.1454 0.463 -1.1227, 1.175 0.5216 -1.1024, 1.238 0.6288 -1.1227, 1.2357 0.6303 -1.1024, 1.3572 0.7765 -1.1227, 1.3277 0.7442 -1.1024, 1.7689 1.0475 -1.1024, 1.8376 1.0723 -1.1227, 1.6614 1.0015 -1.1227, 1.3553 0.7784 -1.1024, 1.4981 0.9041 -1.1024, 1.4997 0.9019 -1.1227, 1.5293 0.9233 -1.1024, 1.6602 1.0039 -1.1024, 1.8368 1.0748 -1.1024, 2.0228 1.1149 -1.1024, 2.0232 1.1123 -1.1227, 2.0301 1.1152 -1.1024, 2.2129 1.1203 -1.1227, 2.213 1.123 -1.1024, 2.3001 1.1118 -1.1024, 2.4012 1.0962 -1.1227, 2.4017 1.0988 -1.1024, 2.5827 1.0406 -1.1227, 2.5628 1.0495 -1.1024, 2.5837 1.0431 -1.1024, 2.7537 0.9574 -1.1024, 2.7522 0.9551 -1.1227, 2.8007 0.9226 -1.1024, 2.9049 0.8422 -1.1227, 2.9067 0.8443 -1.1024, 3.0363 0.7052 -1.1227, 3.0029 0.7438 -1.1024, 3.251 0.2695 -1.1024, 3.2686 0.1911 -1.1227, 3.2208 0.3749 -1.1227, 3.0383 0.7069 -1.1024, 3.1449 0.5492 -1.1024, 3.1426 0.5479 -1.1227, 3.157 0.5225 -1.1024, 3.2233 0.3758 -1.1024, 3.2713 0.1916 -1.1024, 3.2874 0.002 -1.1024, 3.2847 0.002 -1.1227, 3.2713 -0.1877 -1.1024, 3.2686 -0.1872 -1.1227, 3.251 -0.2656 -1.1024, 3.2208 -0.3709 -1.1227, 3.2233 -0.3718 -1.1024, 3.157 -0.5186 -1.1024, 3.2609 0.1898 -1.1417, 3.2134 0.3723 -1.1417, 3.1357 0.544 -1.1417, 3.0301 0.7002 -1.1417, 2.8997 0.8363 -1.1417, 2.7481 0.9484 -1.1417, 2.5798 1.0333 -1.1417, 2.3995 1.0885 -1.1417, 2.2125 1.1125 -1.1417, 2.0242 1.1045 -1.1417, 1.8399 1.0647 -1.1417, 1.665 0.9945 -1.1417, 1.5044 0.8956 -1.1417, 1.3629 0.7711 -1.1417, 1.2445 0.6244 -1.1417, 1.1525 0.4598 -1.1417, 1.0897 0.282 -1.1417, 1.0579 0.0962 -1.1417, 1.0579 -0.0923 -1.1417, 1.0897 -0.2781 -1.1417, 1.1525 -0.4559 -1.1417, 1.2445 -0.6204 -1.1417, 1.3629 -0.7671 -1.1417, 1.5044 -0.8917 -1.1417, 1.665 -0.9905 -1.1417, 1.8399 -1.0608 -1.1417, 2.0242 -1.1005 -1.1417, 2.2125 -1.1085 -1.1417, 2.3995 -1.0846 -1.1417, 2.5798 -1.0294 -1.1417, 2.7481 -0.9445 -1.1417, 2.8997 -0.8324 -1.1417, 3.0301 -0.6963 -1.1417, 3.1357 -0.5401 -1.1417, 3.2134 -0.3683 -1.1417, 3.2609 -0.1859 -1.1417, 3.2769 0.002 -1.1417, 3.2485 0.1877 -1.158, 3.2016 0.3681 -1.158, 3.1248 0.5379 -1.158, 3.0204 0.6924 -1.158, 2.8914 0.8269 -1.158, 2.7416 0.9378 -1.158, 2.5751 1.0217 -1.158, 2.3969 1.0763 -1.158, 2.212 1.1 -1.158, 2.0258 1.0921 -1.158, 1.8435 1.0528 -1.158, 1.6706 0.9833 -1.158, 1.5119 0.8855 -1.158, 1.3719 0.7624 -1.158, 1.2548 0.6174 -1.158, 1.1639 0.4546 -1.158, 1.1018 0.2789 -1.158, 1.0703 0.0952 -1.158, 1.0703 -0.0912 -1.158, 1.1018 -0.275 -1.158, 1.1639 -0.4507 -1.158, 1.2548 -0.6134 -1.158, 1.3719 -0.7585 -1.158, 1.5119 -0.8816 -1.158, 1.6706 -0.9793 -1.158, 1.8435 -1.0488 -1.158, 2.0258 -1.0881 -1.158, 2.212 -1.096 -1.158, 2.3969 -1.0723 -1.158, 2.5751 -1.0178 -1.158, 2.7416 -0.9338 -1.158, 2.8914 -0.823 -1.158, 3.0204 -0.6884 -1.158, 3.1248 -0.534 -1.158, 3.2016 -0.3641 -1.158, 3.2485 -0.1838 -1.158, 3.2643 0.002 -1.158, 3.2325 0.1849 -1.1706, 3.1862 0.3627 -1.1706, 3.1105 0.53 -1.1706, 3.0077 0.6821 -1.1706, 2.8807 0.8147 -1.1706, 2.733 0.9239 -1.1706, 2.569 1.0066 -1.1706, 2.3935 1.0603 -1.1706, 2.2113 1.0837 -1.1706, 2.0278 1.0759 -1.1706, 1.8483 1.0372 -1.1706, 1.6779 0.9687 -1.1706, 1.5216 0.8724 -1.1706, 1.3837 0.7511 -1.1706, 1.2683 0.6082 -1.1706, 1.1788 0.4479 -1.1706, 1.1176 0.2748 -1.1706, 1.0866 0.0938 -1.1706, 1.0866 -0.0898 -1.1706, 1.1176 -0.2708 -1.1706, 1.1788 -0.444 -1.1706, 1.2683 -0.6043 -1.1706, 1.3837 -0.7472 -1.1706, 1.5216 -0.8685 -1.1706, 1.6779 -0.9648 -1.1706, 1.8483 -1.0333 -1.1706, 2.0278 -1.0719 -1.1706, 2.2113 -1.0797 -1.1706, 2.3935 -1.0564 -1.1706, 2.569 -1.0026 -1.1706, 2.733 -0.92 -1.1706, 2.8807 -0.8108 -1.1706, 3.0077 -0.6782 -1.1706, 3.1105 -0.526 -1.1706, 3.1862 -0.3587 -1.1706, 3.2325 -0.181 -1.1706, 3.248 0.002 -1.1706, 3.2137 0.1817 -1.1784, 3.1683 0.3563 -1.1784, 3.094 0.5207 -1.1784, 2.9929 0.6702 -1.1784, 2.8681 0.8004 -1.1784, 2.7231 0.9077 -1.1784, 2.562 0.989 -1.1784, 2.3895 1.0418 -1.1784, 2.2105 1.0647 -1.1784, 2.0302 1.057 -1.1784, 1.8539 1.019 -1.1784, 1.6865 0.9518 -1.1784, 1.5329 0.8572 -1.1784, 1.3974 0.738 -1.1784, 1.2841 0.5976 -1.1784, 1.1961 0.4401 -1.1784, 1.136 0.27 -1.1784, 1.1055 0.0922 -1.1784, 1.1055 -0.0882 -1.1784, 1.136 -0.2661 -1.1784, 1.1961 -0.4362 -1.1784, 1.2841 -0.5937 -1.1784, 1.3974 -0.734 -1.1784, 1.5329 -0.8532 -1.1784, 1.6865 -0.9478 -1.1784, 1.8539 -1.0151 -1.1784, 2.0302 -1.0531 -1.1784, 2.2105 -1.0608 -1.1784, 2.3895 -1.0378 -1.1784, 2.562 -0.985 -1.1784, 2.7231 -0.9038 -1.1784, 2.8681 -0.7965 -1.1784, 2.9929 -0.6663 -1.1784, 3.094 -0.5168 -1.1784, 3.1683 -0.3524 -1.1784, 3.2137 -0.1778 -1.1784, 3.229 0.002 -1.1784, 0.2756 -0.7854 0.0, 0.2662 -0.7141 0.0, 0.2387 -0.6476 0.0, 0.1949 -0.5906 0.0, 0.1378 -0.5468 0.0, 0.0713 -0.5192 0.0, 0.0 -0.5098 0.0, -0.0713 -0.5192 0.0, -0.1378 -0.5468 0.0, -0.1949 -0.5906 0.0, -0.2387 -0.6476 0.0, -0.2662 -0.7141 0.0, -0.2756 -0.7854 0.0, -0.2662 -0.8568 0.0, -0.2387 -0.9232 0.0, -0.1949 -0.9803 0.0, -0.1378 -1.0241 0.0, -0.0713 -1.0516 0.0, 0.0 -1.061 0.0, 0.0713 -1.0516 0.0, 0.1378 -1.0241 0.0, 0.1949 -0.9803 0.0, 0.2387 -0.9232 0.0, 0.2662 -0.8568 0.0, 0.2756 0.7894 0.0, 0.2662 0.8607 0.0, 0.2387 0.9272 0.0, 0.1949 0.9842 0.0, 0.1378 1.028 0.0, 0.0713 1.0556 0.0, 0.0 1.065 0.0, -0.0713 1.0556 0.0, -0.1378 1.028 0.0, -0.1949 0.9842 0.0, -0.2387 0.9272 0.0, -0.2662 0.8607 0.0, -0.2756 0.7894 0.0, -0.2662 0.718 0.0, -0.2387 0.6516 0.0, -0.1949 0.5945 0.0, -0.1378 0.5507 0.0, -0.0713 0.5232 0.0, 0.0 0.5138 0.0, 0.0713 0.5232 0.0, 0.1378 0.5507 0.0, 0.1949 0.5945 0.0, 0.2387 0.6516 0.0, 0.2662 0.718 0.0, -1.0433 0.002 0.0, -1.0759 -0.2666 0.0, -1.1718 -0.5195 0.0, -1.3255 -0.7421 0.0, -1.528 -0.9215 0.0, -1.7675 -1.0472 0.0, -2.0301 -1.1119 0.0, -2.3006 -1.1119 0.0, -2.5632 -1.0472 0.0, -2.8028 -0.9215 0.0, -3.0052 -0.7421 0.0, -3.1589 -0.5195 0.0, -3.2548 -0.2666 0.0, -3.2874 0.002 0.0, -3.2548 0.2705 0.0, -3.1589 0.5234 0.0, -3.0052 0.746 0.0, -2.8028 0.9254 0.0, -2.5632 1.0511 0.0, -2.3006 1.1158 0.0, -2.0301 1.1158 0.0, -1.7675 1.0511 0.0, -1.528 0.9254 0.0, -1.3255 0.746 0.0, -1.1718 0.5234 0.0, -1.0759 0.2705 0.0, 3.2874 0.002 0.0, 3.2548 -0.2666 0.0, 3.1589 -0.5195 0.0, 3.0052 -0.7421 0.0, 2.8028 -0.9215 0.0, 2.5632 -1.0472 0.0, 2.3006 -1.1119 0.0, 2.0301 -1.1119 0.0, 1.7675 -1.0472 0.0, 1.528 -0.9215 0.0, 1.3255 -0.7421 0.0, 1.1718 -0.5195 0.0, 1.0759 -0.2666 0.0, 1.0433 0.002 0.0, 1.0759 0.2705 0.0, 1.1718 0.5234 0.0, 1.3255 0.746 0.0, 1.528 0.9254 0.0, 1.7675 1.0511 0.0, 2.0301 1.1158 0.0, 2.3006 1.1158 0.0, 2.5632 1.0511 0.0, 2.8028 0.9254 0.0, 3.0052 0.746 0.0, 3.1589 0.5234 0.0, 3.2548 0.2705 0.0
            ]
        }
        coordIndex [
            0,1,2,-1,2,1,3,-1,2,3,4,-1,5,6,2,-1,2,6,7,-1,2,7,0,-1,8,9,2,-1,2,9,10,-1,2,10,5,-1,11,12,2,-1,2,12,13,-1,2,13,8,-1,14,15,2,-1,2,15,16,-1,2,16,11,-1,17,18,2,-1,2,18,19,-1,2,19,14,-1,20,21,2,-1,2,21,22,-1,2,22,17,-1,4,23,2,-1,2,23,24,-1,2,24,20,-1,25,26,27,-1,27,26,28,-1,27,28,29,-1,30,31,27,-1,27,31,32,-1,27,32,25,-1,33,34,27,-1,27,34,35,-1,27,35,30,-1,36,37,27,-1,27,37,38,-1,27,38,33,-1,39,40,27,-1,27,40,41,-1,27,41,36,-1,42,43,27,-1,27,43,44,-1,27,44,39,-1,45,46,27,-1,27,46,47,-1,27,47,42,-1,29,48,27,-1,27,48,49,-1,27,49,45,-1,50,51,52,-1,53,54,52,-1,52,54,55,-1,52,55,50,-1,56,57,52,-1,52,57,58,-1,52,58,53,-1,59,60,52,-1,52,60,61,-1,52,61,56,-1,62,63,52,-1,52,63,64,-1,52,64,59,-1,65,66,52,-1,52,66,67,-1,52,67,62,-1,68,69,52,-1,52,69,70,-1,52,70,65,-1,71,72,52,-1,52,72,73,-1,52,73,68,-1,74,75,52,-1,52,75,76,-1,52,76,71,-1,77,78,52,-1,52,78,79,-1,52,79,74,-1,80,81,52,-1,52,81,82,-1,52,82,77,-1,83,84,52,-1,52,84,85,-1,52,85,80,-1,51,86,52,-1,52,86,87,-1,52,87,83,-1,88,89,90,-1,91,92,90,-1,90,92,93,-1,90,93,88,-1,94,95,90,-1,90,95,96,-1,90,96,91,-1,97,98,90,-1,90,98,99,-1,90,99,94,-1,100,101,90,-1,90,101,102,-1,90,102,97,-1,103,104,90,-1,90,104,105,-1,90,105,100,-1,106,107,90,-1,90,107,108,-1,90,108,103,-1,109,110,90,-1,90,110,111,-1,90,111,106,-1,112,113,90,-1,90,113,114,-1,90,114,109,-1,115,116,90,-1,90,116,117,-1,90,117,112,-1,118,119,90,-1,90,119,120,-1,90,120,115,-1,121,122,90,-1,90,122,123,-1,90,123,118,-1,89,124,90,-1,90,124,125,-1,90,125,121,-1,126,1,127,-1,127,1,0,-1,127,0,128,-1,128,0,7,-1,128,7,129,-1,129,7,6,-1,129,6,130,-1,130,6,5,-1,130,5,131,-1,131,5,10,-1,131,10,132,-1,132,10,9,-1,132,9,133,-1,133,9,8,-1,133,8,134,-1,134,8,13,-1,134,13,135,-1,135,13,12,-1,135,12,136,-1,136,12,11,-1,136,11,137,-1,137,11,16,-1,137,16,138,-1,138,16,15,-1,138,15,139,-1,139,15,14,-1,139,14,140,-1,140,14,19,-1,140,19,141,-1,141,19,18,-1,141,18,142,-1,142,18,17,-1,142,17,143,-1,143,17,22,-1,143,22,144,-1,144,22,21,-1,144,21,145,-1,145,21,20,-1,145,20,146,-1,146,20,24,-1,146,24,147,-1,147,24,23,-1,147,23,148,-1,148,23,4,-1,148,4,149,-1,149,4,3,-1,149,3,126,-1,126,3,1,-1,150,26,151,-1,151,26,25,-1,151,25,152,-1,152,25,32,-1,152,32,153,-1,153,32,31,-1,153,31,154,-1,154,31,30,-1,154,30,155,-1,155,30,35,-1,155,35,156,-1,156,35,34,-1,156,34,157,-1,157,34,33,-1,157,33,158,-1,158,33,38,-1,158,38,159,-1,159,38,37,-1,159,37,160,-1,160,37,36,-1,160,36,161,-1,161,36,41,-1,161,41,162,-1,162,41,40,-1,162,40,163,-1,163,40,39,-1,163,39,164,-1,164,39,44,-1,164,44,165,-1,165,44,43,-1,165,43,166,-1,166,43,42,-1,166,42,167,-1,167,42,47,-1,167,47,168,-1,168,47,46,-1,168,46,169,-1,169,46,45,-1,169,45,170,-1,170,45,49,-1,170,49,171,-1,171,49,48,-1,171,48,172,-1,172,48,29,-1,172,29,173,-1,173,29,28,-1,173,28,150,-1,150,28,26,-1,174,175,176,-1,176,175,177,-1,176,177,178,-1,178,177,179,-1,178,179,180,-1,180,179,181,-1,180,181,182,-1,183,184,185,-1,174,186,175,-1,175,186,187,-1,175,187,188,-1,188,187,189,-1,188,189,185,-1,185,189,190,-1,185,190,183,-1,183,191,184,-1,184,191,192,-1,184,192,193,-1,192,194,193,-1,193,194,195,-1,193,195,196,-1,196,195,197,-1,196,197,198,-1,198,197,199,-1,198,199,200,-1,200,199,201,-1,202,203,204,-1,201,205,200,-1,200,205,206,-1,200,206,207,-1,207,206,208,-1,207,208,204,-1,204,208,209,-1,204,209,202,-1,202,210,203,-1,203,210,211,-1,203,211,212,-1,212,211,213,-1,212,213,214,-1,213,215,214,-1,214,215,216,-1,214,216,217,-1,217,216,218,-1,217,218,219,-1,219,218,220,-1,220,221,219,-1,219,221,222,-1,219,222,223,-1,223,222,224,-1,223,224,225,-1,225,224,226,-1,225,226,227,-1,227,226,228,-1,229,230,231,-1,228,232,227,-1,227,232,233,-1,227,233,234,-1,234,233,235,-1,234,235,231,-1,231,235,236,-1,231,236,229,-1,229,237,230,-1,230,237,238,-1,230,238,239,-1,239,238,240,-1,239,240,241,-1,240,242,241,-1,241,242,243,-1,241,243,244,-1,244,243,245,-1,244,245,246,-1,246,245,247,-1,247,248,246,-1,246,248,249,-1,246,249,250,-1,250,249,251,-1,250,251,252,-1,252,251,253,-1,252,253,254,-1,254,253,255,-1,256,257,258,-1,255,259,254,-1,254,259,260,-1,254,260,261,-1,261,260,262,-1,261,262,258,-1,258,262,263,-1,258,263,256,-1,256,264,257,-1,257,264,265,-1,257,265,266,-1,266,265,267,-1,266,267,268,-1,268,267,269,-1,268,269,270,-1,270,269,271,-1,270,271,181,-1,181,271,272,-1,181,272,182,-1,266,273,257,-1,257,273,274,-1,257,274,258,-1,258,274,275,-1,258,275,261,-1,261,275,276,-1,261,276,254,-1,254,276,277,-1,254,277,252,-1,252,277,278,-1,252,278,250,-1,250,278,279,-1,250,279,246,-1,246,279,280,-1,246,280,244,-1,244,280,281,-1,244,281,241,-1,241,281,282,-1,241,282,239,-1,239,282,283,-1,239,283,230,-1,230,283,284,-1,230,284,231,-1,231,284,285,-1,231,285,234,-1,234,285,286,-1,234,286,227,-1,227,286,287,-1,227,287,225,-1,225,287,288,-1,225,288,223,-1,223,288,289,-1,223,289,219,-1,219,289,290,-1,219,290,217,-1,217,290,291,-1,217,291,214,-1,214,291,292,-1,214,292,212,-1,212,292,293,-1,212,293,203,-1,203,293,294,-1,203,294,204,-1,204,294,295,-1,204,295,207,-1,207,295,296,-1,207,296,200,-1,200,296,297,-1,200,297,198,-1,198,297,298,-1,198,298,196,-1,196,298,299,-1,196,299,193,-1,193,299,300,-1,193,300,184,-1,184,300,301,-1,184,301,185,-1,185,301,302,-1,185,302,188,-1,188,302,303,-1,188,303,175,-1,175,303,304,-1,175,304,177,-1,177,304,305,-1,177,305,179,-1,179,305,306,-1,179,306,181,-1,181,306,307,-1,181,307,270,-1,270,307,308,-1,270,308,268,-1,268,308,309,-1,268,309,266,-1,266,309,273,-1,309,310,273,-1,273,310,311,-1,273,311,274,-1,274,311,312,-1,274,312,275,-1,275,312,313,-1,275,313,276,-1,276,313,314,-1,276,314,277,-1,277,314,315,-1,277,315,278,-1,278,315,316,-1,278,316,279,-1,279,316,317,-1,279,317,280,-1,280,317,318,-1,280,318,281,-1,281,318,319,-1,281,319,282,-1,282,319,320,-1,282,320,283,-1,283,320,321,-1,283,321,284,-1,284,321,322,-1,284,322,285,-1,285,322,323,-1,285,323,286,-1,286,323,324,-1,286,324,287,-1,287,324,325,-1,287,325,288,-1,288,325,326,-1,288,326,289,-1,289,326,327,-1,289,327,290,-1,290,327,328,-1,290,328,291,-1,291,328,329,-1,291,329,292,-1,292,329,330,-1,292,330,293,-1,293,330,331,-1,293,331,294,-1,294,331,332,-1,294,332,295,-1,295,332,333,-1,295,333,296,-1,296,333,334,-1,296,334,297,-1,297,334,335,-1,297,335,298,-1,298,335,336,-1,298,336,299,-1,299,336,337,-1,299,337,300,-1,300,337,338,-1,300,338,301,-1,301,338,339,-1,301,339,302,-1,302,339,340,-1,302,340,303,-1,303,340,341,-1,303,341,304,-1,304,341,342,-1,304,342,305,-1,305,342,343,-1,305,343,306,-1,306,343,344,-1,306,344,307,-1,307,344,345,-1,307,345,308,-1,308,345,346,-1,308,346,309,-1,309,346,310,-1,346,347,310,-1,310,347,348,-1,310,348,311,-1,311,348,349,-1,311,349,312,-1,312,349,350,-1,312,350,313,-1,313,350,351,-1,313,351,314,-1,314,351,352,-1,314,352,315,-1,315,352,353,-1,315,353,316,-1,316,353,354,-1,316,354,317,-1,317,354,355,-1,317,355,318,-1,318,355,356,-1,318,356,319,-1,319,356,357,-1,319,357,320,-1,320,357,358,-1,320,358,321,-1,321,358,359,-1,321,359,322,-1,322,359,360,-1,322,360,323,-1,323,360,361,-1,323,361,324,-1,324,361,362,-1,324,362,325,-1,325,362,363,-1,325,363,326,-1,326,363,364,-1,326,364,327,-1,327,364,365,-1,327,365,328,-1,328,365,366,-1,328,366,329,-1,329,366,367,-1,329,367,330,-1,330,367,368,-1,330,368,331,-1,331,368,369,-1,331,369,332,-1,332,369,370,-1,332,370,333,-1,333,370,371,-1,333,371,334,-1,334,371,372,-1,334,372,335,-1,335,372,373,-1,335,373,336,-1,336,373,374,-1,336,374,337,-1,337,374,375,-1,337,375,338,-1,338,375,376,-1,338,376,339,-1,339,376,377,-1,339,377,340,-1,340,377,378,-1,340,378,341,-1,341,378,379,-1,341,379,342,-1,342,379,380,-1,342,380,343,-1,343,380,381,-1,343,381,344,-1,344,381,382,-1,344,382,345,-1,345,382,383,-1,345,383,346,-1,346,383,347,-1,383,384,347,-1,347,384,385,-1,347,385,348,-1,348,385,386,-1,348,386,349,-1,349,386,387,-1,349,387,350,-1,350,387,388,-1,350,388,351,-1,351,388,389,-1,351,389,352,-1,352,389,390,-1,352,390,353,-1,353,390,391,-1,353,391,354,-1,354,391,392,-1,354,392,355,-1,355,392,393,-1,355,393,356,-1,356,393,394,-1,356,394,357,-1,357,394,395,-1,357,395,358,-1,358,395,396,-1,358,396,359,-1,359,396,397,-1,359,397,360,-1,360,397,398,-1,360,398,361,-1,361,398,399,-1,361,399,362,-1,362,399,400,-1,362,400,363,-1,363,400,401,-1,363,401,364,-1,364,401,402,-1,364,402,365,-1,365,402,403,-1,365,403,366,-1,366,403,404,-1,366,404,367,-1,367,404,405,-1,367,405,368,-1,368,405,406,-1,368,406,369,-1,369,406,407,-1,369,407,370,-1,370,407,408,-1,370,408,371,-1,371,408,409,-1,371,409,372,-1,372,409,410,-1,372,410,373,-1,373,410,411,-1,373,411,374,-1,374,411,412,-1,374,412,375,-1,375,412,413,-1,375,413,376,-1,376,413,414,-1,376,414,377,-1,377,414,415,-1,377,415,378,-1,378,415,416,-1,378,416,379,-1,379,416,417,-1,379,417,380,-1,380,417,418,-1,380,418,381,-1,381,418,419,-1,381,419,382,-1,382,419,420,-1,382,420,383,-1,383,420,384,-1,420,55,384,-1,384,55,54,-1,384,54,385,-1,385,54,53,-1,385,53,386,-1,386,53,58,-1,386,58,387,-1,387,58,57,-1,387,57,388,-1,388,57,56,-1,388,56,389,-1,389,56,61,-1,389,61,390,-1,390,61,60,-1,390,60,391,-1,391,60,59,-1,391,59,392,-1,392,59,64,-1,392,64,393,-1,393,64,63,-1,393,63,394,-1,394,63,62,-1,394,62,395,-1,395,62,67,-1,395,67,396,-1,396,67,66,-1,396,66,397,-1,397,66,65,-1,397,65,398,-1,398,65,70,-1,398,70,399,-1,399,70,69,-1,399,69,400,-1,400,69,68,-1,400,68,401,-1,401,68,73,-1,401,73,402,-1,402,73,72,-1,402,72,403,-1,403,72,71,-1,403,71,404,-1,404,71,76,-1,404,76,405,-1,405,76,75,-1,405,75,406,-1,406,75,74,-1,406,74,407,-1,407,74,79,-1,407,79,408,-1,408,79,78,-1,408,78,409,-1,409,78,77,-1,409,77,410,-1,410,77,82,-1,410,82,411,-1,411,82,81,-1,411,81,412,-1,412,81,80,-1,412,80,413,-1,413,80,85,-1,413,85,414,-1,414,85,84,-1,414,84,415,-1,415,84,83,-1,415,83,416,-1,416,83,87,-1,416,87,417,-1,417,87,86,-1,417,86,418,-1,418,86,51,-1,418,51,419,-1,419,51,50,-1,419,50,420,-1,420,50,55,-1,421,422,423,-1,423,422,424,-1,423,424,425,-1,425,424,426,-1,425,426,427,-1,427,426,428,-1,427,428,429,-1,430,431,432,-1,421,433,422,-1,422,433,434,-1,422,434,435,-1,435,434,436,-1,435,436,432,-1,432,436,437,-1,432,437,430,-1,430,438,431,-1,431,438,439,-1,431,439,440,-1,439,441,440,-1,440,441,442,-1,440,442,443,-1,443,442,444,-1,443,444,445,-1,445,444,446,-1,445,446,447,-1,447,446,448,-1,449,450,451,-1,448,452,447,-1,447,452,453,-1,447,453,454,-1,454,453,455,-1,454,455,451,-1,451,455,456,-1,451,456,449,-1,449,457,450,-1,450,457,458,-1,450,458,459,-1,459,458,460,-1,459,460,461,-1,460,462,461,-1,461,462,463,-1,461,463,464,-1,464,463,465,-1,464,465,466,-1,466,465,467,-1,467,468,466,-1,466,468,469,-1,466,469,470,-1,470,469,471,-1,470,471,472,-1,472,471,473,-1,472,473,474,-1,474,473,475,-1,476,477,478,-1,475,479,474,-1,474,479,480,-1,474,480,481,-1,481,480,482,-1,481,482,478,-1,478,482,483,-1,478,483,476,-1,476,484,477,-1,477,484,485,-1,477,485,486,-1,486,485,487,-1,486,487,488,-1,487,489,488,-1,488,489,490,-1,488,490,491,-1,491,490,492,-1,491,492,493,-1,493,492,494,-1,494,495,493,-1,493,495,496,-1,493,496,497,-1,497,496,498,-1,497,498,499,-1,499,498,500,-1,499,500,501,-1,501,500,502,-1,503,504,505,-1,502,506,501,-1,501,506,507,-1,501,507,508,-1,508,507,509,-1,508,509,505,-1,505,509,510,-1,505,510,503,-1,503,511,504,-1,504,511,512,-1,504,512,513,-1,513,512,514,-1,513,514,515,-1,515,514,516,-1,515,516,517,-1,517,516,518,-1,517,518,428,-1,428,518,519,-1,428,519,429,-1,513,520,504,-1,504,520,521,-1,504,521,505,-1,505,521,522,-1,505,522,508,-1,508,522,523,-1,508,523,501,-1,501,523,524,-1,501,524,499,-1,499,524,525,-1,499,525,497,-1,497,525,526,-1,497,526,493,-1,493,526,527,-1,493,527,491,-1,491,527,528,-1,491,528,488,-1,488,528,529,-1,488,529,486,-1,486,529,530,-1,486,530,477,-1,477,530,531,-1,477,531,478,-1,478,531,532,-1,478,532,481,-1,481,532,533,-1,481,533,474,-1,474,533,534,-1,474,534,472,-1,472,534,535,-1,472,535,470,-1,470,535,536,-1,470,536,466,-1,466,536,537,-1,466,537,464,-1,464,537,538,-1,464,538,461,-1,461,538,539,-1,461,539,459,-1,459,539,540,-1,459,540,450,-1,450,540,541,-1,450,541,451,-1,451,541,542,-1,451,542,454,-1,454,542,543,-1,454,543,447,-1,447,543,544,-1,447,544,445,-1,445,544,545,-1,445,545,443,-1,443,545,546,-1,443,546,440,-1,440,546,547,-1,440,547,431,-1,431,547,548,-1,431,548,432,-1,432,548,549,-1,432,549,435,-1,435,549,550,-1,435,550,422,-1,422,550,551,-1,422,551,424,-1,424,551,552,-1,424,552,426,-1,426,552,553,-1,426,553,428,-1,428,553,554,-1,428,554,517,-1,517,554,555,-1,517,555,515,-1,515,555,556,-1,515,556,513,-1,513,556,520,-1,556,557,520,-1,520,557,558,-1,520,558,521,-1,521,558,559,-1,521,559,522,-1,522,559,560,-1,522,560,523,-1,523,560,561,-1,523,561,524,-1,524,561,562,-1,524,562,525,-1,525,562,563,-1,525,563,526,-1,526,563,564,-1,526,564,527,-1,527,564,565,-1,527,565,528,-1,528,565,566,-1,528,566,529,-1,529,566,567,-1,529,567,530,-1,530,567,568,-1,530,568,531,-1,531,568,569,-1,531,569,532,-1,532,569,570,-1,532,570,533,-1,533,570,571,-1,533,571,534,-1,534,571,572,-1,534,572,535,-1,535,572,573,-1,535,573,536,-1,536,573,574,-1,536,574,537,-1,537,574,575,-1,537,575,538,-1,538,575,576,-1,538,576,539,-1,539,576,577,-1,539,577,540,-1,540,577,578,-1,540,578,541,-1,541,578,579,-1,541,579,542,-1,542,579,580,-1,542,580,543,-1,543,580,581,-1,543,581,544,-1,544,581,582,-1,544,582,545,-1,545,582,583,-1,545,583,546,-1,546,583,584,-1,546,584,547,-1,547,584,585,-1,547,585,548,-1,548,585,586,-1,548,586,549,-1,549,586,587,-1,549,587,550,-1,550,587,588,-1,550,588,551,-1,551,588,589,-1,551,589,552,-1,552,589,590,-1,552,590,553,-1,553,590,591,-1,553,591,554,-1,554,591,592,-1,554,592,555,-1,555,592,593,-1,555,593,556,-1,556,593,557,-1,593,594,557,-1,557,594,595,-1,557,595,558,-1,558,595,596,-1,558,596,559,-1,559,596,597,-1,559,597,560,-1,560,597,598,-1,560,598,561,-1,561,598,599,-1,561,599,562,-1,562,599,600,-1,562,600,563,-1,563,600,601,-1,563,601,564,-1,564,601,602,-1,564,602,565,-1,565,602,603,-1,565,603,566,-1,566,603,604,-1,566,604,567,-1,567,604,605,-1,567,605,568,-1,568,605,606,-1,568,606,569,-1,569,606,607,-1,569,607,570,-1,570,607,608,-1,570,608,571,-1,571,608,609,-1,571,609,572,-1,572,609,610,-1,572,610,573,-1,573,610,611,-1,573,611,574,-1,574,611,612,-1,574,612,575,-1,575,612,613,-1,575,613,576,-1,576,613,614,-1,576,614,577,-1,577,614,615,-1,577,615,578,-1,578,615,616,-1,578,616,579,-1,579,616,617,-1,579,617,580,-1,580,617,618,-1,580,618,581,-1,581,618,619,-1,581,619,582,-1,582,619,620,-1,582,620,583,-1,583,620,621,-1,583,621,584,-1,584,621,622,-1,584,622,585,-1,585,622,623,-1,585,623,586,-1,586,623,624,-1,586,624,587,-1,587,624,625,-1,587,625,588,-1,588,625,626,-1,588,626,589,-1,589,626,627,-1,589,627,590,-1,590,627,628,-1,590,628,591,-1,591,628,629,-1,591,629,592,-1,592,629,630,-1,592,630,593,-1,593,630,594,-1,630,631,594,-1,594,631,632,-1,594,632,595,-1,595,632,633,-1,595,633,596,-1,596,633,634,-1,596,634,597,-1,597,634,635,-1,597,635,598,-1,598,635,636,-1,598,636,599,-1,599,636,637,-1,599,637,600,-1,600,637,638,-1,600,638,601,-1,601,638,639,-1,601,639,602,-1,602,639,640,-1,602,640,603,-1,603,640,641,-1,603,641,604,-1,604,641,642,-1,604,642,605,-1,605,642,643,-1,605,643,606,-1,606,643,644,-1,606,644,607,-1,607,644,645,-1,607,645,608,-1,608,645,646,-1,608,646,609,-1,609,646,647,-1,609,647,610,-1,610,647,648,-1,610,648,611,-1,611,648,649,-1,611,649,612,-1,612,649,650,-1,612,650,613,-1,613,650,651,-1,613,651,614,-1,614,651,652,-1,614,652,615,-1,615,652,653,-1,615,653,616,-1,616,653,654,-1,616,654,617,-1,617,654,655,-1,617,655,618,-1,618,655,656,-1,618,656,619,-1,619,656,657,-1,619,657,620,-1,620,657,658,-1,620,658,621,-1,621,658,659,-1,621,659,622,-1,622,659,660,-1,622,660,623,-1,623,660,661,-1,623,661,624,-1,624,661,662,-1,624,662,625,-1,625,662,663,-1,625,663,626,-1,626,663,664,-1,626,664,627,-1,627,664,665,-1,627,665,628,-1,628,665,666,-1,628,666,629,-1,629,666,667,-1,629,667,630,-1,630,667,631,-1,667,93,631,-1,631,93,92,-1,631,92,632,-1,632,92,91,-1,632,91,633,-1,633,91,96,-1,633,96,634,-1,634,96,95,-1,634,95,635,-1,635,95,94,-1,635,94,636,-1,636,94,99,-1,636,99,637,-1,637,99,98,-1,637,98,638,-1,638,98,97,-1,638,97,639,-1,639,97,102,-1,639,102,640,-1,640,102,101,-1,640,101,641,-1,641,101,100,-1,641,100,642,-1,642,100,105,-1,642,105,643,-1,643,105,104,-1,643,104,644,-1,644,104,103,-1,644,103,645,-1,645,103,108,-1,645,108,646,-1,646,108,107,-1,646,107,647,-1,647,107,106,-1,647,106,648,-1,648,106,111,-1,648,111,649,-1,649,111,110,-1,649,110,650,-1,650,110,109,-1,650,109,651,-1,651,109,114,-1,651,114,652,-1,652,114,113,-1,652,113,653,-1,653,113,112,-1,653,112,654,-1,654,112,117,-1,654,117,655,-1,655,117,116,-1,655,116,656,-1,656,116,115,-1,656,115,657,-1,657,115,120,-1,657,120,658,-1,658,120,119,-1,658,119,659,-1,659,119,118,-1,659,118,660,-1,660,118,123,-1,660,123,661,-1,661,123,122,-1,661,122,662,-1,662,122,121,-1,662,121,663,-1,663,121,125,-1,663,125,664,-1,664,125,124,-1,664,124,665,-1,665,124,89,-1,665,89,666,-1,666,89,88,-1,666,88,667,-1,667,88,93,-1,668,127,669,-1,669,127,128,-1,669,128,670,-1,670,128,129,-1,670,129,671,-1,671,129,130,-1,671,130,672,-1,672,130,131,-1,672,131,673,-1,673,131,132,-1,673,132,674,-1,674,132,133,-1,674,133,675,-1,675,133,134,-1,675,134,676,-1,676,134,135,-1,676,135,677,-1,677,135,136,-1,677,136,678,-1,678,136,137,-1,678,137,679,-1,679,137,138,-1,679,138,680,-1,680,138,139,-1,680,139,681,-1,681,139,140,-1,681,140,682,-1,682,140,141,-1,682,141,683,-1,683,141,142,-1,683,142,684,-1,684,142,143,-1,684,143,685,-1,685,143,144,-1,685,144,686,-1,686,144,145,-1,686,145,687,-1,687,145,146,-1,687,146,688,-1,688,146,147,-1,688,147,689,-1,689,147,148,-1,689,148,690,-1,690,148,149,-1,690,149,691,-1,691,149,126,-1,691,126,668,-1,668,126,127,-1,692,151,693,-1,693,151,152,-1,693,152,694,-1,694,152,153,-1,694,153,695,-1,695,153,154,-1,695,154,696,-1,696,154,155,-1,696,155,697,-1,697,155,156,-1,697,156,698,-1,698,156,157,-1,698,157,699,-1,699,157,158,-1,699,158,700,-1,700,158,159,-1,700,159,701,-1,701,159,160,-1,701,160,702,-1,702,160,161,-1,702,161,703,-1,703,161,162,-1,703,162,704,-1,704,162,163,-1,704,163,705,-1,705,163,164,-1,705,164,706,-1,706,164,165,-1,706,165,707,-1,707,165,166,-1,707,166,708,-1,708,166,167,-1,708,167,709,-1,709,167,168,-1,709,168,710,-1,710,168,169,-1,710,169,711,-1,711,169,170,-1,711,170,712,-1,712,170,171,-1,712,171,713,-1,713,171,172,-1,713,172,714,-1,714,172,173,-1,714,173,715,-1,715,173,150,-1,715,150,692,-1,692,150,151,-1,716,717,267,-1,718,271,717,-1,717,271,269,-1,717,269,267,-1,178,180,719,-1,719,180,182,-1,719,182,718,-1,718,182,272,-1,718,272,271,-1,178,719,176,-1,176,719,720,-1,176,720,174,-1,174,720,186,-1,186,720,721,-1,186,721,187,-1,722,190,721,-1,721,190,189,-1,721,189,187,-1,723,191,722,-1,722,191,183,-1,722,183,190,-1,197,195,724,-1,724,195,194,-1,724,194,723,-1,723,194,192,-1,723,192,191,-1,197,724,199,-1,199,724,725,-1,199,725,201,-1,201,725,205,-1,205,725,726,-1,205,726,206,-1,727,209,726,-1,726,209,208,-1,726,208,206,-1,213,211,728,-1,728,211,210,-1,728,210,727,-1,727,210,202,-1,727,202,209,-1,213,728,215,-1,215,728,729,-1,215,729,216,-1,216,729,218,-1,218,729,730,-1,218,730,220,-1,220,730,221,-1,221,730,731,-1,221,731,222,-1,732,226,731,-1,731,226,224,-1,731,224,222,-1,235,233,733,-1,733,233,232,-1,733,232,732,-1,732,232,228,-1,732,228,226,-1,235,733,236,-1,236,733,734,-1,236,734,229,-1,229,734,237,-1,237,734,735,-1,237,735,238,-1,736,242,735,-1,735,242,240,-1,735,240,238,-1,737,245,736,-1,736,245,243,-1,736,243,242,-1,251,249,738,-1,738,249,248,-1,738,248,737,-1,737,248,247,-1,737,247,245,-1,251,738,253,-1,253,738,739,-1,253,739,255,-1,255,739,259,-1,259,739,740,-1,259,740,260,-1,741,263,740,-1,740,263,262,-1,740,262,260,-1,267,265,716,-1,716,265,264,-1,716,264,741,-1,741,264,256,-1,741,256,263,-1,742,743,514,-1,744,518,743,-1,743,518,516,-1,743,516,514,-1,425,427,745,-1,745,427,429,-1,745,429,744,-1,744,429,519,-1,744,519,518,-1,425,745,423,-1,423,745,746,-1,423,746,421,-1,421,746,433,-1,433,746,747,-1,433,747,434,-1,748,437,747,-1,747,437,436,-1,747,436,434,-1,749,438,748,-1,748,438,430,-1,748,430,437,-1,444,442,750,-1,750,442,441,-1,750,441,749,-1,749,441,439,-1,749,439,438,-1,444,750,446,-1,446,750,751,-1,446,751,448,-1,448,751,452,-1,452,751,752,-1,452,752,453,-1,753,456,752,-1,752,456,455,-1,752,455,453,-1,460,458,754,-1,754,458,457,-1,754,457,753,-1,753,457,449,-1,753,449,456,-1,460,754,462,-1,462,754,755,-1,462,755,463,-1,463,755,465,-1,465,755,756,-1,465,756,467,-1,467,756,468,-1,468,756,757,-1,468,757,469,-1,758,473,757,-1,757,473,471,-1,757,471,469,-1,482,480,759,-1,759,480,479,-1,759,479,758,-1,758,479,475,-1,758,475,473,-1,482,759,483,-1,483,759,760,-1,483,760,476,-1,476,760,484,-1,484,760,761,-1,484,761,485,-1,762,489,761,-1,761,489,487,-1,761,487,485,-1,763,492,762,-1,762,492,490,-1,762,490,489,-1,498,496,764,-1,764,496,495,-1,764,495,763,-1,763,495,494,-1,763,494,492,-1,498,764,500,-1,500,764,765,-1,500,765,502,-1,502,765,506,-1,506,765,766,-1,506,766,507,-1,767,510,766,-1,766,510,509,-1,766,509,507,-1,514,512,742,-1,742,512,511,-1,742,511,767,-1,767,511,503,-1,767,503,510,-1,
        ]
    }
}
Shape{
    appearance Appearance {
        material  Material 	{
            diffuseColor 1.0 0.8352941176470589 0.3411764705882353
            specularColor 0.5019607843137255 0.41568627450980394 0.16862745098039217
            ambientIntensity 0.8282
            transparency 0.0
            shininess 0.5
        }
    }
    geometry IndexedFaceSet {
        ccw TRUE
        solid FALSE
        coord DEF co Coordinate {
            point [
                -0.1949 -0.9803 0.0, -0.1378 -1.0241 0.0, -2.4606 -1.75 0.0, -3.0052 -0.7421 0.0, -2.8028 -0.9215 0.0, -3.3355 -1.4846 0.0, -3.0633 -1.6301 0.0, -0.0713 -1.0516 0.0, 0.0 -1.061 0.0, 4.0354 -1.75 0.0, 0.0713 -1.0516 0.0, 0.1378 -1.0241 0.0, 0.1949 -0.9803 0.0, 0.2387 -0.9232 0.0, 0.2662 -0.8568 0.0, -0.2756 0.7894 0.0, -0.2662 0.718 0.0, -1.1718 0.5234 0.0, 0.1949 0.9842 0.0, 0.1378 1.028 0.0, 4.0354 1.7539 0.0, -3.2874 0.002 0.0, -4.0354 0.1791 0.0, -3.2548 0.2705 0.0, -4.0052 0.4864 0.0, -3.1589 0.5234 0.0, -3.5742 -1.2888 0.0, -3.77 -1.0501 0.0, -3.1589 -0.5195 0.0, -3.9156 -0.7778 0.0, -3.2548 -0.2666 0.0, -4.0052 -0.4824 0.0, -4.0354 -0.1752 0.0, -2.5632 -1.0472 0.0, -2.3006 -1.1119 0.0, -2.0301 -1.1119 0.0, -2.7679 -1.7197 0.0, -0.2662 -0.8568 0.0, -0.2387 -0.9232 0.0, 0.2662 -0.7141 0.0, 0.2387 -0.6476 0.0, 1.0433 0.002 0.0, 0.0713 1.0556 0.0, 0.0 1.065 0.0, -2.4606 1.7539 0.0, -0.0713 1.0556 0.0, -0.1378 1.028 0.0, 0.1949 -0.5906 0.0, 0.1378 -0.5468 0.0, 0.0713 -0.5192 0.0, -1.0759 0.2705 0.0, -0.2387 0.6516 0.0, -1.0433 0.002 0.0, -0.1949 0.5945 0.0, -1.0759 -0.2666 0.0, -1.1718 -0.5195 0.0, -0.1378 0.5507 0.0, -1.3255 -0.7421 0.0, -0.0713 0.5232 0.0, 0.0 0.5138 0.0, 0.0 -0.5098 0.0, -0.0713 -0.5192 0.0, -1.7675 -1.0472 0.0, -0.1378 -0.5468 0.0, -0.1949 -0.5906 0.0, -0.2387 -0.6476 0.0, -1.3255 0.746 0.0, -1.528 0.9254 0.0, -0.2662 0.8607 0.0, -1.7675 1.0511 0.0, -0.1949 0.9842 0.0, -0.2387 0.9272 0.0, -2.7679 1.7237 0.0, -3.0633 1.6341 0.0, -2.0301 1.1158 0.0, -2.3006 1.1158 0.0, -2.5632 1.0511 0.0, -3.3355 1.4885 0.0, -2.8028 0.9254 0.0, -3.5742 1.2927 0.0, -3.0052 0.746 0.0, -3.77 1.054 0.0, -3.9156 0.7818 0.0, 0.0713 0.5232 0.0, -1.528 -0.9215 0.0, 1.528 0.9254 0.0, 0.2662 0.718 0.0, 1.7675 1.0511 0.0, 2.0301 1.1158 0.0, 1.3255 -0.7421 0.0, 1.528 -0.9215 0.0, -0.2756 -0.7854 0.0, -0.2662 -0.7141 0.0, 0.1378 0.5507 0.0, 0.1949 0.5945 0.0, 1.0759 0.2705 0.0, 0.2387 0.6516 0.0, 1.1718 0.5234 0.0, 1.3255 0.746 0.0, 0.2756 -0.7854 0.0, 1.0759 -0.2666 0.0, 1.1718 -0.5195 0.0, 3.2548 0.2705 0.0, 3.2874 0.002 0.0, 3.2548 -0.2666 0.0, 3.1589 -0.5195 0.0, 3.1589 0.5234 0.0, 3.0052 0.746 0.0, 2.8028 0.9254 0.0, 1.7675 -1.0472 0.0, 2.0301 -1.1119 0.0, 2.3006 -1.1119 0.0, 2.5632 -1.0472 0.0, 2.8028 -0.9215 0.0, 3.0052 -0.7421 0.0, 2.5632 1.0511 0.0, 2.3006 1.1158 0.0, 0.2756 0.7894 0.0, 0.2662 0.8607 0.0, 0.2387 0.9272 0.0
            ]
        }
        coordIndex [
            0,1,2,-1,3,4,5,-1,5,4,6,-1,1,7,2,-1,2,7,8,-1,2,8,9,-1,9,8,10,-1,9,10,11,-1,11,12,9,-1,9,12,13,-1,9,13,14,-1,15,16,17,-1,18,19,20,-1,21,22,23,-1,23,22,24,-1,23,24,25,-1,5,26,3,-1,3,26,27,-1,3,27,28,-1,28,27,29,-1,28,29,30,-1,30,29,31,-1,30,31,21,-1,21,31,32,-1,21,32,22,-1,4,33,6,-1,6,33,34,-1,6,34,35,-1,36,37,2,-1,2,37,38,-1,2,38,0,-1,39,40,41,-1,19,42,20,-1,20,42,43,-1,20,43,44,-1,44,43,45,-1,44,45,46,-1,40,47,41,-1,41,47,48,-1,41,48,49,-1,17,16,50,-1,50,16,51,-1,50,51,52,-1,52,51,53,-1,52,53,54,-1,54,53,55,-1,55,53,56,-1,55,56,57,-1,57,56,58,-1,57,58,59,-1,49,60,41,-1,41,60,61,-1,41,61,62,-1,61,63,62,-1,62,63,64,-1,62,64,65,-1,17,66,15,-1,15,66,67,-1,15,67,68,-1,68,67,69,-1,46,70,44,-1,44,70,71,-1,44,71,72,-1,72,71,68,-1,72,68,73,-1,73,68,69,-1,73,69,74,-1,74,75,73,-1,73,75,76,-1,73,76,77,-1,77,76,78,-1,77,78,79,-1,79,78,80,-1,79,80,81,-1,81,80,25,-1,81,25,82,-1,82,25,24,-1,59,83,57,-1,57,83,41,-1,57,41,84,-1,84,41,62,-1,85,86,87,-1,87,86,88,-1,89,90,14,-1,36,6,37,-1,37,6,35,-1,37,35,91,-1,91,35,62,-1,91,62,92,-1,92,62,65,-1,83,93,41,-1,41,93,94,-1,41,94,95,-1,95,94,96,-1,95,96,97,-1,97,96,86,-1,97,86,98,-1,98,86,85,-1,39,41,99,-1,99,41,100,-1,99,100,14,-1,14,100,101,-1,14,101,89,-1,102,20,103,-1,103,20,9,-1,103,9,104,-1,104,9,105,-1,102,106,20,-1,20,106,107,-1,20,107,108,-1,90,109,14,-1,14,109,110,-1,14,110,9,-1,9,110,111,-1,9,111,112,-1,112,113,9,-1,9,113,114,-1,9,114,105,-1,108,115,20,-1,20,115,116,-1,20,116,88,-1,86,117,88,-1,88,117,118,-1,88,118,20,-1,20,118,119,-1,20,119,18,-1,
        ]
    }
}