#VRML V2.0 utf8
# 3D model generated by easyeda2kicad.py (https://github.com/uPesy/easyeda2kicad.py)

Shape{
    appearance Appearance {
        material  Material 	{
            diffuseColor 0.25098039215686274 0.25098039215686274 0.25098039215686274
            specularColor 0.12549019607843137 0.12549019607843137 0.12549019607843137
            ambientIntensity 0.251
            transparency 0.0
            shininess 0.5
        }
    }
    geometry IndexedFaceSet {
        ccw TRUE
        solid FALSE
        coord DEF co Coordinate {
            point [
                -9.8032 -4.998 0.2362, -5.6523 -4.998 0.2362, -5.6523 -4.998 0.5421, 1.1007 -4.998 0.992, 1.202 -4.998 0.992, 1.202 -4.998 1.0832, 0.7574 -4.998 0.6697, 0.7503 -4.998 0.669, 0.8275 -4.998 0.669, 1.4534 -4.998 1.1798, 1.4207 -4.998 1.2674, 1.3032 -4.998 1.2674, -0.4948 -4.998 1.534, -0.4488 -4.998 1.5028, 0.0826 -4.998 1.5028, -0.397 -4.998 1.4676, -0.3213 -4.998 1.3799, -0.0668 -4.998 1.0832, 0.0826 -4.998 1.0832, -0.0869 -4.998 1.1333, -0.1334 -4.998 1.1981, -0.1951 -4.998 1.2503, -0.274 -4.998 1.2877, -0.2629 -4.998 1.284, -0.6087 -4.998 1.5752, 0.0826 -4.998 3.2143, -0.7067 -4.998 1.586, -0.8188 -4.998 1.5722, -0.9239 -4.998 1.5319, -5.6523 -4.998 3.2143, -0.9709 -4.998 1.5028, -5.6523 -4.998 1.5028, -0.9799 -4.998 1.4972, -5.6523 -4.998 1.0832, -1.4956 -4.998 1.0832, -1.4855 -4.998 1.14, -1.4491 -4.998 1.222, -1.3944 -4.998 1.2922, -1.2222 -4.998 1.3905, -1.1325 -4.998 1.4016, -1.0334 -4.998 1.4514, -1.1063 -4.998 1.4001, -1.0801 -4.998 1.397, -1.379 -4.998 1.3068, -1.3066 -4.998 1.3577, -1.2524 -4.998 0.6838, -1.3347 -4.998 0.7239, -5.6523 -4.998 0.669, -1.4058 -4.998 0.7844, -1.4577 -4.998 0.8586, -1.4904 -4.998 0.9434, -1.5014 -4.998 1.0327, -1.5008 -4.998 1.0545, -1.2236 -4.998 0.6751, -1.2207 -4.998 0.669, -1.2007 -4.998 0.6262, -1.1668 -4.998 0.5844, 0.0826 -4.998 0.5421, -0.913 -4.998 0.5421, 0.0826 -4.998 0.2362, -0.9521 -4.998 0.5271, -1.0073 -4.998 0.5203, -1.0159 -4.998 0.5205, -1.0697 -4.998 0.5288, -1.1014 -4.998 0.5421, -1.1223 -4.998 0.5509, 0.0826 -4.998 0.669, -0.7939 -4.998 0.669, -0.7942 -4.998 0.6679, -0.8212 -4.998 0.6172, -0.8559 -4.998 0.5782, -0.9013 -4.998 0.5466, -0.5031 -4.998 0.8033, -0.4875 -4.998 0.8095, -0.4607 -4.998 0.9393, -0.1328 -4.998 0.7731, -0.1948 -4.998 0.7206, -0.8365 -4.998 0.9006, -0.5313 -4.998 1.06, -0.8763 -4.998 0.9369, -0.9247 -4.998 0.9627, -0.5171 -4.998 0.7934, -0.0876 -4.998 0.8361, -0.1909 -4.998 1.0073, -0.2017 -4.998 1.051, -0.219 -4.998 1.0832, -1.3523 -4.998 1.0832, -0.059 -4.998 1.0638, -0.0486 -4.998 0.9894, -0.059 -4.998 0.9082, -0.4699 -4.998 0.8118, -0.4676 -4.998 0.8116, -0.4608 -4.998 0.8101, -1.3388 -4.998 0.9462, -1.3118 -4.998 0.9003, -1.1962 -4.998 0.8766, -1.271 -4.998 0.8583, -1.2213 -4.998 0.8277, -1.112 -4.998 0.952, -1.1586 -4.998 0.9197, -1.3579 -4.998 1.0372, -1.3552 -4.998 1.0019, -1.0617 -4.998 0.9713, -1.0073 -4.998 0.978, -0.9796 -4.998 0.9764, -0.5404 -4.998 0.7412, -0.5399 -4.998 0.7502, -0.7795 -4.998 0.7708, -0.5353 -4.998 0.7675, -0.5265 -4.998 0.783, -0.236 -4.998 0.8666, -0.211 -4.998 0.9021, -0.1952 -4.998 0.9427, -0.1898 -4.998 0.9871, -0.4872 -4.998 0.6727, -0.5023 -4.998 0.6786, -0.5171 -4.998 0.6891, -0.5224 -4.998 0.6945, -0.5323 -4.998 0.7088, -0.5383 -4.998 0.7242, -0.7808 -4.998 0.7241, -0.7795 -4.998 0.748, -0.2642 -4.998 0.6866, -0.3401 -4.998 0.6706, -0.4744 -4.998 0.6706, -0.4562 -4.998 0.8095, -0.3537 -4.998 0.8095, -0.3127 -4.998 0.8174, -0.2725 -4.998 0.836, -0.2389 -4.998 0.8635, -0.4348 -4.998 1.3017, -0.4862 -4.998 1.363, -1.0095 -4.998 1.2308, -0.4917 -4.998 1.3681, -0.5557 -4.998 1.4125, -0.9747 -4.998 1.3028, -1.0255 -4.998 1.2395, -1.0766 -4.998 1.2582, -0.2229 -4.998 1.0903, -0.249 -4.998 1.1194, -0.3674 -4.998 1.1647, -0.2843 -4.998 1.144, -0.324 -4.998 1.1594, -0.3856 -4.998 1.1647, -0.3996 -4.998 1.2284, -1.2103 -4.998 1.2503, -1.2611 -4.998 1.2233, -1.1541 -4.998 1.2637, -1.3 -4.998 1.1885, -1.3316 -4.998 1.1432, -0.9236 -4.998 1.3638, -0.6271 -4.998 1.4399, -0.8627 -4.998 1.4084, -0.7044 -4.998 1.4494, -0.7883 -4.998 1.4386, -1.1302 -4.998 1.2649, -1.3511 -4.998 1.0924, 1.4991 -4.998 1.1798, 1.3032 -4.998 1.0832, 9.8031 -4.998 1.0832, 9.8031 -4.998 1.5028, 1.3771 -4.998 1.5001, 1.3032 -4.998 1.5028, 1.3329 -4.998 1.5001, 1.3032 -4.998 1.4221, 1.2566 -4.998 1.1798, 1.2109 -4.998 1.1798, 1.2874 -4.998 1.2674, 0.8719 -4.998 1.2163, 0.8719 -4.998 1.1798, 0.9021 -4.998 1.0832, 0.8646 -4.998 1.4632, 0.9021 -4.998 1.5028, 0.8646 -4.998 1.5001, 0.8275 -4.998 1.5028, 0.8275 -4.998 1.5001, 0.741 -4.998 1.324, 0.741 -4.998 1.2163, 0.8275 -4.998 1.324, 0.8275 -4.998 1.2163, 0.8555 -4.998 1.324, 0.8555 -4.998 1.3607, 0.741 -4.998 1.4632, 0.741 -4.998 1.3607, 0.8275 -4.998 1.4632, 0.8275 -4.998 1.3607, 0.8275 -4.998 1.0832, 0.8275 -4.998 1.1798, 0.6811 -4.998 1.0832, 0.6996 -4.998 1.5001, 0.6811 -4.998 1.5028, 0.6996 -4.998 1.1798, 0.6355 -4.998 1.4924, 0.6067 -4.998 1.5012, 0.5916 -4.998 1.5028, 0.6355 -4.998 1.4491, 0.5528 -4.998 1.2112, 0.5721 -4.998 1.2122, 0.5941 -4.998 1.4647, 0.56 -4.998 1.4681, 0.4728 -4.998 1.4326, 0.4704 -4.998 1.43, 0.4549 -4.998 1.4077, 0.4443 -4.998 1.3799, 0.6076 -4.998 1.2197, 0.6355 -4.998 1.2327, 0.6355 -4.998 1.1931, 0.6301 -4.998 1.1903, 0.49 -4.998 1.1834, 0.4602 -4.998 1.1983, 0.41 -4.998 1.0832, 0.4368 -4.998 1.2181, 0.4339 -4.998 1.2213, 0.6272 -4.998 1.4534, 0.5474 -4.998 1.4676, 0.5195 -4.998 1.4622, 0.4944 -4.998 1.4505, 0.4391 -4.998 1.3363, 0.4394 -4.998 1.3248, 0.4445 -4.998 1.2927, 0.4781 -4.998 1.2376, 0.4993 -4.998 1.2231, 0.5225 -4.998 1.2146, 0.4548 -4.998 1.2668, 0.4705 -4.998 1.245, 0.5957 -4.998 1.179, 0.5468 -4.998 1.1744, 0.5241 -4.998 1.1757, 0.5658 -4.998 1.5054, 0.6811 -4.998 3.2143, 0.5596 -4.998 1.5055, 0.41 -4.998 3.2143, 0.5372 -4.998 1.5028, 0.4801 -4.998 1.487, 0.5136 -4.998 1.4999, 0.41 -4.998 1.5028, 0.4216 -4.998 1.4327, 0.442 -4.998 1.4583, 0.4491 -4.998 1.4652, 0.4149 -4.998 1.2487, 0.41 -4.998 1.2612, 0.3908 -4.998 1.0832, 0.3908 -4.998 1.5028, 0.4052 -4.998 1.3979, 0.41 -4.998 1.4081, 0.4019 -4.998 1.2822, 0.3957 -4.998 1.3339, 0.3968 -4.998 1.3573, 1.0791 -4.998 1.5028, 1.0791 -4.998 1.4923, 1.202 -4.998 1.5028, 1.1113 -4.998 1.4805, 1.1761 -4.998 1.4184, 1.1879 -4.998 1.3878, 1.1931 -4.998 1.344, 1.1448 -4.998 1.4577, 1.1563 -4.998 1.4464, 1.1916 -4.998 1.3183, 1.1828 -4.998 1.2816, 1.166 -4.998 1.2491, 1.1448 -4.998 1.2247, 1.111 -4.998 1.2005, 1.0791 -4.998 1.1881, 1.0791 -4.998 1.0832, 1.0744 -4.998 1.1863, 1.0205 -4.998 1.1798, 0.9324 -4.998 1.1798, 0.9324 -4.998 1.5001, 1.0237 -4.998 1.5001, 1.0726 -4.998 1.4947, 0.5339 -4.998 0.6745, 0.5187 -4.998 0.669, 0.5681 -4.998 0.6717, 0.548 -4.998 0.6838, 0.41 -4.998 0.669, 0.4312 -4.998 0.7012, 0.4263 -4.998 0.7148, 0.5657 -4.998 0.8987, 0.6691 -4.998 0.866, 0.6766 -4.998 0.8768, 0.4575 -4.998 0.6749, 0.4729 -4.998 0.6691, 0.4736 -4.998 0.669, 0.4401 -4.998 0.7802, 0.4522 -4.998 0.791, 0.4467 -4.998 0.8454, 0.469 -4.998 0.7998, 0.4725 -4.998 0.8619, 0.5003 -4.998 0.8076, 0.5353 -4.998 0.8717, 0.5217 -4.998 0.8731, 0.4976 -4.998 0.8706, 0.444 -4.998 0.6843, 0.4395 -4.998 0.6889, 0.4244 -4.998 0.7329, 0.4265 -4.998 0.7527, 0.5791 -4.998 0.8913, 0.59 -4.998 0.8813, 0.6644 -4.998 0.8531, 0.5983 -4.998 0.8685, 0.6047 -4.998 0.8508, 0.5681 -4.998 0.7071, 0.567 -4.998 0.7071, 0.5607 -4.998 0.6975, 0.4602 -4.998 0.8918, 0.4467 -4.998 0.8844, 0.4315 -4.998 0.7673, 0.4911 -4.998 0.9022, 0.5255 -4.998 0.9057, 0.5484 -4.998 0.9037, 0.6742 -4.998 0.8025, 0.6689 -4.998 0.8109, 0.6082 -4.998 0.8189, 0.6645 -4.998 0.8231, 0.6628 -4.998 0.8387, 0.5681 -4.998 0.8171, 0.5667 -4.998 0.8348, 0.5625 -4.998 0.8491, 0.5578 -4.998 0.8574, 0.6807 -4.998 0.7957, 0.6625 -4.998 0.7211, 0.6811 -4.998 0.7954, 0.6766 -4.998 0.7123, 0.6811 -4.998 0.7105, 0.5517 -4.998 0.8638, 0.5446 -4.998 0.8684, 0.4969 -4.998 0.6663, 0.41 -4.998 0.5421, 0.5176 -4.998 0.6686, 0.6811 -4.998 0.5421, 0.6625 -4.998 0.6797, 0.6082 -4.998 0.6717, 0.6811 -4.998 0.6731, 0.6811 -4.998 0.669, 0.6893 -4.998 0.6701, 0.6998 -4.998 0.669, 0.7246 -4.998 0.6663, 0.8275 -4.998 0.5421, 0.8061 -4.998 0.8955, 0.8061 -4.998 0.8566, 0.6885 -4.998 0.8875, 0.6996 -4.998 0.8942, 0.8151 -4.998 0.7178, 0.8102 -4.998 0.7051, 0.8027 -4.998 0.6945, 0.6811 -4.998 0.8808, 0.7215 -4.998 0.9023, 0.7519 -4.998 0.9057, 0.7777 -4.998 0.9036, 0.8036 -4.998 0.7717, 0.8111 -4.998 0.7607, 0.8154 -4.998 0.7489, 0.817 -4.998 0.7339, 0.7912 -4.998 0.6845, 0.7793 -4.998 0.6774, 0.7479 -4.998 0.8731, 0.736 -4.998 0.8722, 0.7041 -4.998 0.8423, 0.7253 -4.998 0.8694, 0.7163 -4.998 0.8646, 0.7045 -4.998 0.837, 0.7061 -4.998 0.8307, 0.709 -4.998 0.8253, 0.7129 -4.998 0.821, 0.727 -4.998 0.8122, 0.7758 -4.998 0.8697, 0.7519 -4.998 0.8014, 0.7985 -4.998 0.861, 0.7674 -4.998 0.7951, 0.794 -4.998 0.7803, 0.7103 -4.998 0.8592, 0.7068 -4.998 0.8541, 0.7048 -4.998 0.8487, 0.7017 -4.998 0.7024, 0.7235 -4.998 0.7722, 0.6996 -4.998 0.7832, 0.7285 -4.998 0.699, 0.7303 -4.998 0.6991, 0.7499 -4.998 0.7612, 0.7509 -4.998 0.7014, 0.7758 -4.998 0.73, 0.7754 -4.998 0.735, 0.7612 -4.998 0.7051, 0.7649 -4.998 0.7074, 0.7695 -4.998 0.7115, 0.773 -4.998 0.7166, 0.775 -4.998 0.7223, 0.7736 -4.998 0.7412, 0.7705 -4.998 0.7466, 0.7655 -4.998 0.7518, 1.0159 -4.998 0.9004, 1.0575 -4.998 0.9004, 1.0791 -4.998 0.669, 0.9425 -4.998 0.7285, 0.9474 -4.998 0.7097, 0.9485 -4.998 0.7097, 0.9021 -4.998 0.8447, 0.9534 -4.998 0.7282, 0.9503 -4.998 0.7175, 0.9021 -4.998 0.7371, 0.8379 -4.998 0.9004, 0.8828 -4.998 0.9004, 0.9263 -4.998 0.669, 0.9276 -4.998 0.6722, 0.9021 -4.998 0.6161, 0.9022 -4.998 0.6162, 0.9021 -4.998 0.669, 0.91 -4.998 0.6306, 0.8462 -4.998 0.6029, 0.8462 -4.998 0.5672, 0.8544 -4.998 0.6002, 0.8689 -4.998 0.5983, 0.8786 -4.998 0.5994, 0.9021 -4.998 0.5711, 0.8882 -4.998 0.5658, 0.9021 -4.998 0.5421, 0.872 -4.998 0.564, 0.8632 -4.998 0.5643, 0.8873 -4.998 0.6027, 0.8947 -4.998 0.6078, 0.9537 -4.998 0.6371, 0.9355 -4.998 0.6018, 1.0791 -4.998 0.5421, 0.9662 -4.998 0.669, 0.9208 -4.998 0.5841, 0.9181 -4.998 0.5816, 0.9041 -4.998 0.5718, 1.2657 -4.998 0.992, 1.2657 -4.998 0.9551, 1.273 -4.998 0.7082, 1.3032 -4.998 0.669, 1.273 -4.998 0.6717, 1.202 -4.998 0.669, 1.142 -4.998 0.816, 1.142 -4.998 0.7082, 1.202 -4.998 0.816, 1.202 -4.998 0.7082, 1.2566 -4.998 0.816, 1.2566 -4.998 0.8526, 1.202 -4.998 0.8526, 1.202 -4.998 0.9551, 1.142 -4.998 0.8526, 1.142 -4.998 0.9551, 1.202 -4.998 0.6717, 1.1007 -4.998 0.6717, 1.8545 -4.998 0.6717, 1.8218 -4.998 0.7593, 1.6885 -4.998 0.7593, 9.8031 -4.998 0.669, 1.7782 -4.998 0.992, 1.5927 -4.998 0.8102, 1.5839 -4.998 0.7735, 1.612 -4.998 0.6717, 1.5671 -4.998 0.741, 1.5459 -4.998 0.7166, 1.734 -4.998 0.992, 1.4248 -4.998 0.992, 1.4737 -4.998 0.9866, 1.5942 -4.998 0.8359, 1.589 -4.998 0.8797, 1.5121 -4.998 0.6924, 1.4755 -4.998 0.6782, 1.4216 -4.998 0.6717, 1.5459 -4.998 0.9496, 1.5574 -4.998 0.9383, 1.5772 -4.998 0.9103, 1.5124 -4.998 0.9725, 1.6577 -4.998 0.6717, 1.9002 -4.998 0.6717, 1.3335 -4.998 0.6717, 1.3335 -4.998 0.992, 9.8031 -4.998 0.5421, 1.3032 -4.998 0.5421, 1.202 -4.998 0.5421, 9.8031 -4.998 3.2143, 1.3032 -4.998 3.2143, 1.202 -4.998 3.2143, 1.0791 -4.998 3.2143, 0.9021 -4.998 3.2143, 0.8275 -4.998 3.2143, 9.8031 -4.998 0.2362, 1.3032 -4.998 0.2362, 1.202 -4.998 0.2362, 1.0791 -4.998 0.2362, 0.9021 -4.998 0.2362, 0.8275 -4.998 0.2362, 0.6811 -4.998 0.2362, 0.41 -4.998 0.2362, 0.3908 -4.998 0.2362, 0.3908 -4.998 0.5421, 0.3908 -4.998 0.669, 0.386 -4.998 0.7082, 0.386 -4.998 0.6717, 0.2137 -4.998 0.6717, 0.3787 -4.998 0.9551, 0.2137 -4.998 0.992, 0.3787 -4.998 0.992, 0.2551 -4.998 0.816, 0.2551 -4.998 0.7082, 0.3696 -4.998 0.816, 0.3696 -4.998 0.8526, 0.2551 -4.998 0.8526, 0.2551 -4.998 0.9551, 0.2551 -4.998 1.5001, 0.2551 -4.998 1.2163, 0.3826 -4.998 1.2163, 0.2137 -4.998 1.1798, 0.2137 -4.998 1.5001, 0.3826 -4.998 1.1798, 0.3908 -4.998 3.2143, -9.8032 -4.998 0.5421, -9.8032 -4.998 0.669, -9.8032 -4.998 1.0832, -9.8032 -4.998 1.5028, -9.8032 -4.998 3.2143, 9.8031 -4.998 4.8425, 1.3032 -4.998 4.8425, 1.202 -4.998 4.8425, 1.0791 -4.998 4.8425, 0.9021 -4.998 4.8425, 0.8275 -4.998 4.8425, 0.6811 -4.998 4.8425, 0.41 -4.998 4.8425, 0.3908 -4.998 4.8425, 0.0826 -4.998 4.8425, -5.6523 -4.998 4.8425, -9.8032 -4.998 4.8425, 9.8031 5.002 0.2362, 9.8031 5.002 4.8425, 9.8541 4.9953 4.8425, 9.8541 4.9953 0.2362, 9.9016 4.9756 4.8425, 9.9016 4.9756 0.2362, 9.9423 4.9443 4.8425, 9.9423 4.9443 0.2362, 9.9736 4.9035 4.8425, 9.9736 4.9035 0.2362, 9.9933 4.8561 4.8425, 9.9933 4.8561 0.2362, 10.0 4.8051 4.8425, 10.0 4.8051 0.2362, 10.0 -4.8012 4.8425, 10.0 -4.8012 0.2362, 9.9933 -4.8521 4.8425, 9.9933 -4.8521 0.2362, 9.9736 -4.8996 4.8425, 9.9736 -4.8996 0.2362, 9.9423 -4.9404 4.8425, 9.9423 -4.9404 0.2362, 9.9016 -4.9717 4.8425, 9.9016 -4.9717 0.2362, 9.8541 -4.9913 4.8425, 9.8541 -4.9913 0.2362, -9.8541 -4.9913 4.8425, -9.8541 -4.9913 0.2362, -9.9016 -4.9717 4.8425, -9.9016 -4.9717 0.2362, -9.9424 -4.9404 4.8425, -9.9424 -4.9404 0.2362, -9.9736 -4.8996 4.8425, -9.9736 -4.8996 0.2362, -9.9933 -4.8521 4.8425, -9.9933 -4.8521 0.2362, -10.0 -4.8012 4.8425, -10.0 -4.8012 0.2362, -10.0 4.8051 4.8425, -10.0 4.8051 0.2362, -9.9933 4.8561 4.8425, -9.9933 4.8561 0.2362, -9.9736 4.9035 4.8425, -9.9736 4.9035 0.2362, -9.9424 4.9443 4.8425, -9.9424 4.9443 0.2362, -9.9016 4.9756 4.8425, -9.9016 4.9756 0.2362, -9.8541 4.9953 4.8425, -9.8541 4.9953 0.2362, -9.8032 5.002 4.8425, -9.8032 5.002 0.2362, -9.8032 -4.8012 0.2362, -9.8032 4.8051 0.2362, 9.8031 -4.8012 0.2362, 9.8031 4.8051 0.2362, 9.8031 4.8051 5.0394, -9.8032 4.8051 5.0394, 9.8031 -4.8012 5.0394, -9.8032 -4.8012 5.0394, -9.8541 4.8051 5.0327, -9.8541 -4.8012 5.0327, -9.9016 4.8051 5.013, -9.9016 -4.8012 5.013, -9.9424 4.8051 4.9817, -9.9424 -4.8012 4.9817, -9.9736 4.8051 4.9409, -9.9736 -4.8012 4.9409, -9.9933 4.8051 4.8935, -9.9933 -4.8012 4.8935, -9.9868 -4.8504 4.8935, -9.9678 -4.8963 4.8935, -9.9678 -4.8453 4.9409, -9.9508 -4.8864 4.9409, -9.9376 -4.8372 4.9817, -9.9237 -4.8708 4.9817, -9.8982 -4.8267 5.013, -9.8884 -4.8504 5.013, -9.8524 -4.8144 5.0327, -9.8473 -4.8267 5.0327, -9.9376 -4.9356 4.8935, -9.9237 -4.9217 4.9409, -9.9016 -4.8996 4.9817, -9.8728 -4.8708 5.013, -9.8392 -4.8372 5.0327, -9.8982 -4.9658 4.8935, -9.8524 -4.9848 4.8935, -9.8884 -4.9488 4.9409, -9.8473 -4.9658 4.9409, -9.8728 -4.9217 4.9817, -9.8392 -4.9356 4.9817, -9.8524 -4.8864 5.013, -9.8286 -4.8963 5.013, -9.8286 -4.8453 5.0327, -9.8164 -4.8504 5.0327, -9.8032 -4.9913 4.8935, -9.8032 -4.9717 4.9409, -9.8032 -4.9404 4.9817, -9.8032 -4.8996 5.013, -9.8032 -4.8521 5.0327, -9.8524 4.9888 4.8935, -9.8982 4.9698 4.8935, -9.8473 4.9698 4.9409, -9.8884 4.9528 4.9409, -9.8392 4.9396 4.9817, -9.8728 4.9257 4.9817, -9.8286 4.9002 5.013, -9.8524 4.8904 5.013, -9.8164 4.8543 5.0327, -9.8286 4.8492 5.0327, -9.9376 4.9396 4.8935, -9.9237 4.9257 4.9409, -9.9016 4.9035 4.9817, -9.8728 4.8747 5.013, -9.8392 4.8411 5.0327, -9.8032 4.9953 4.8935, -9.8032 4.9756 4.9409, -9.8032 4.9443 4.9817, -9.8032 4.9035 5.013, -9.8032 4.8561 5.0327, -9.9678 4.9002 4.8935, -9.9868 4.8543 4.8935, -9.9508 4.8904 4.9409, -9.9678 4.8492 4.9409, -9.9237 4.8747 4.9817, -9.9376 4.8411 4.9817, -9.8884 4.8543 5.013, -9.8982 4.8306 5.013, -9.8473 4.8306 5.0327, -9.8524 4.8183 5.0327, 9.8031 -4.8521 5.0327, 9.8031 -4.8996 5.013, 9.8031 -4.9404 4.9817, 9.8031 -4.9717 4.9409, 9.8031 -4.9913 4.8935, 9.8031 4.8561 5.0327, 9.8031 4.9035 5.013, 9.8031 4.9443 4.9817, 9.8031 4.9756 4.9409, 9.8031 4.9953 4.8935, 9.8523 -4.9848 4.8935, 9.8982 -4.9658 4.8935, 9.8473 -4.9658 4.9409, 9.8884 -4.9488 4.9409, 9.8392 -4.9356 4.9817, 9.8727 -4.9217 4.9817, 9.8286 -4.8963 5.013, 9.8523 -4.8864 5.013, 9.8163 -4.8504 5.0327, 9.8286 -4.8453 5.0327, 9.9376 -4.9356 4.8935, 9.9237 -4.9217 4.9409, 9.9016 -4.8996 4.9817, 9.8727 -4.8708 5.013, 9.8392 -4.8372 5.0327, 9.9678 -4.8963 4.8935, 9.9868 -4.8504 4.8935, 9.9508 -4.8864 4.9409, 9.9678 -4.8453 4.9409, 9.9237 -4.8708 4.9817, 9.9376 -4.8372 4.9817, 9.8884 -4.8504 5.013, 9.8982 -4.8267 5.013, 9.8473 -4.8267 5.0327, 9.8523 -4.8144 5.0327, 9.9933 -4.8012 4.8935, 9.9736 -4.8012 4.9409, 9.9423 -4.8012 4.9817, 9.9016 -4.8012 5.013, 9.8541 -4.8012 5.0327, 9.9868 4.8543 4.8935, 9.9678 4.9002 4.8935, 9.9678 4.8492 4.9409, 9.9508 4.8904 4.9409, 9.9376 4.8411 4.9817, 9.9237 4.8747 4.9817, 9.8982 4.8306 5.013, 9.8884 4.8543 5.013, 9.8523 4.8183 5.0327, 9.8473 4.8306 5.0327, 9.9376 4.9396 4.8935, 9.9237 4.9257 4.9409, 9.9016 4.9035 4.9817, 9.8727 4.8747 5.013, 9.8392 4.8411 5.0327, 9.9933 4.8051 4.8935, 9.9736 4.8051 4.9409, 9.9423 4.8051 4.9817, 9.9016 4.8051 5.013, 9.8541 4.8051 5.0327, 9.8982 4.9698 4.8935, 9.8523 4.9888 4.8935, 9.8884 4.9528 4.9409, 9.8473 4.9698 4.9409, 9.8727 4.9257 4.9817, 9.8392 4.9396 4.9817, 9.8523 4.8904 5.013, 9.8286 4.9002 5.013, 9.8286 4.8492 5.0327, 9.8163 4.8543 5.0327, 9.8031 4.8051 0.4331, 9.5984 4.8051 0.4331, -0.0 4.8051 0.4331, -9.0 4.8051 0.4331, -9.8032 4.8051 0.4331, -9.8032 3.502 0.4331, -9.8032 1.502 0.4331, -9.8032 -0.498 0.4331, -9.8032 -1.998 0.4331, -9.8032 -3.498 0.4331, -9.8032 -4.5965 0.4331, -9.8032 -4.8012 0.4331, -9.0 -4.8012 0.4331, -0.0 -4.8012 0.4331, 9.5984 -4.8012 0.4331, 9.8031 -4.8012 0.4331, 9.8031 3.502 0.4331, 9.8031 -4.5965 0.4331, 9.8031 -3.498 0.4331, 9.8031 -1.998 0.4331, 9.8031 -0.498 0.4331, 9.8031 1.502 0.4331, 8.6197 -3.8961 0.4331, 8.6063 -3.998 0.4331, -0.0 -3.498 0.4331, -8.8981 3.3823 0.4331, -9.0 3.3957 0.4331, -9.0 3.502 0.4331, -8.8981 -0.6177 0.4331, -9.0 -0.6043 0.4331, -9.0 -0.498 0.4331, -9.1019 -3.3783 0.4331, -9.0 -3.3917 0.4331, -9.0 -3.498 0.4331, -9.1969 -3.339 0.4331, -8.8981 -2.6177 0.4331, -9.0 -2.6043 0.4331, -9.0 -1.998 0.4331, -9.1019 -2.6177 0.4331, -9.1969 -2.6571 0.4331, -9.2784 -2.7196 0.4331, -9.2784 -3.2764 0.4331, -9.341 -3.1949 0.4331, -9.3803 -3.0999 0.4331, -9.341 -2.8012 0.4331, -9.3803 -2.8961 0.4331, -9.3937 -2.998 0.4331, -8.8981 -3.3783 0.4331, -8.8032 -3.339 0.4331, -8.7216 -3.2764 0.4331, -8.6591 -3.1949 0.4331, -8.6591 -2.8012 0.4331, -8.7216 -2.7196 0.4331, -0.0 -1.998 0.4331, -8.8032 -2.6571 0.4331, -8.6197 -3.0999 0.4331, -8.6063 -2.998 0.4331, -8.6197 -2.8961 0.4331, -9.1019 -0.6177 0.4331, -9.1969 -0.6571 0.4331, -9.2784 -0.7196 0.4331, -9.3937 -0.998 0.4331, -9.3803 -1.0999 0.4331, -9.341 -1.1949 0.4331, -9.2784 -1.2764 0.4331, -9.1969 -1.339 0.4331, -9.1019 -1.3783 0.4331, -9.0 -1.3917 0.4331, -9.341 -0.8012 0.4331, -9.3803 -0.8961 0.4331, -8.6063 -0.998 0.4331, -0.0 -0.498 0.4331, -8.6197 -1.0999 0.4331, -8.6591 -1.1949 0.4331, -8.8981 -1.3783 0.4331, -8.8032 -1.339 0.4331, -8.7216 -1.2764 0.4331, -8.6197 -0.8961 0.4331, -8.6591 -0.8012 0.4331, -8.7216 -0.7196 0.4331, -8.8032 -0.6571 0.4331, -9.1019 3.3823 0.4331, -9.1969 3.3429 0.4331, -9.3803 2.9001 0.4331, -9.3937 3.002 0.4331, -9.3803 3.1039 0.4331, -9.341 2.8051 0.4331, -9.2784 2.7236 0.4331, -9.1969 2.661 0.4331, -9.2784 3.2804 0.4331, -9.341 3.1988 0.4331, -8.8032 2.661 0.4331, -8.7216 2.7236 0.4331, -0.0 1.502 0.4331, -8.7216 3.2804 0.4331, -0.0 3.502 0.4331, -8.6591 3.1988 0.4331, -8.6197 3.1039 0.4331, -8.8032 3.3429 0.4331, -9.1019 2.6217 0.4331, -9.0 2.6083 0.4331, -9.0 1.502 0.4331, -8.8981 2.6217 0.4331, -8.6591 2.8051 0.4331, -8.6197 2.9001 0.4331, -8.6063 3.002 0.4331, 8.6197 3.9001 0.4331, 8.659 3.8051 0.4331, 9.5984 3.502 0.4331, 9.0 3.6083 0.4331, 9.1019 3.6217 0.4331, 9.3409 3.8051 0.4331, 9.3803 3.9001 0.4331, 9.3937 4.002 0.4331, 9.3803 4.1039 0.4331, 9.3409 4.1988 0.4331, 8.7216 4.2804 0.4331, 8.659 4.1988 0.4331, 8.6197 4.1039 0.4331, 8.6063 4.002 0.4331, 8.7216 3.7236 0.4331, 8.8031 3.661 0.4331, 8.8981 3.6217 0.4331, 9.1968 3.661 0.4331, 9.2784 3.7236 0.4331, 9.2784 4.2804 0.4331, 9.1968 4.3429 0.4331, 9.1019 4.3823 0.4331, 9.0 4.3957 0.4331, 8.8981 4.3823 0.4331, 8.8031 4.3429 0.4331, 9.5984 1.502 0.4331, 8.6197 -0.0999 0.4331, 8.659 -0.1949 0.4331, 8.7216 0.2804 0.4331, 8.659 0.1988 0.4331, 8.6197 0.1039 0.4331, 8.6063 0.002 0.4331, 8.7216 -0.2764 0.4331, 8.8031 -0.339 0.4331, 8.8981 -0.3783 0.4331, 9.0 -0.3917 0.4331, 9.1019 -0.3783 0.4331, 9.5984 -0.498 0.4331, 9.3409 -0.1949 0.4331, 9.3803 -0.0999 0.4331, 9.3937 0.002 0.4331, 9.3803 0.1039 0.4331, 9.3409 0.1988 0.4331, 9.1968 -0.339 0.4331, 9.2784 -0.2764 0.4331, 9.2784 0.2804 0.4331, 9.1968 0.3429 0.4331, 9.1019 0.3823 0.4331, 9.0 0.3957 0.4331, 8.8981 0.3823 0.4331, 8.8031 0.3429 0.4331, -9.0 -4.5965 0.4331, -0.0 -4.5965 0.4331, 8.659 -4.1949 0.4331, 8.7216 -4.2764 0.4331, 8.6197 -4.0999 0.4331, 8.8981 -3.6177 0.4331, 8.8031 -3.6571 0.4331, 9.3409 -4.1949 0.4331, 9.3803 -4.0999 0.4331, 9.5984 -4.5965 0.4331, 9.3937 -3.998 0.4331, 9.5984 -3.498 0.4331, 9.3803 -3.8961 0.4331, 9.3409 -3.8012 0.4331, 9.0 -3.6043 0.4331, 8.8031 -4.339 0.4331, 8.8981 -4.3783 0.4331, 9.0 -4.3917 0.4331, 9.1019 -4.3783 0.4331, 9.1968 -4.339 0.4331, 9.2784 -4.2764 0.4331, 9.2784 -3.7196 0.4331, 9.1968 -3.6571 0.4331, 9.1019 -3.6177 0.4331, 9.5984 -1.998 0.4331, 8.7216 -3.7196 0.4331, 8.659 -3.8012 0.4331, -8.6197 -2.8961 0.1181, -8.6591 -2.8012 0.1181, -8.7216 -2.7196 0.1181, -8.8032 -2.6571 0.1181, -8.8981 -2.6177 0.1181, -9.0 -2.6043 0.1181, -9.1019 -2.6177 0.1181, -9.1969 -2.6571 0.1181, -9.2784 -2.7196 0.1181, -9.341 -2.8012 0.1181, -9.3803 -2.8961 0.1181, -9.3937 -2.998 0.1181, -9.3803 -3.0999 0.1181, -9.341 -3.1949 0.1181, -9.2784 -3.2764 0.1181, -9.1969 -3.339 0.1181, -9.1019 -3.3783 0.1181, -9.0 -3.3917 0.1181, -8.8981 -3.3783 0.1181, -8.8032 -3.339 0.1181, -8.7216 -3.2764 0.1181, -8.6591 -3.1949 0.1181, -8.6197 -3.0999 0.1181, -8.6063 -2.998 0.1181, -9.0 -3.1949 0.0394, -9.0 -3.313 0.0394, -9.051 -3.1882 0.0394, -9.0815 -3.3023 0.0394, -9.0984 -3.1685 0.0394, -9.1575 -3.2708 0.0394, -9.1392 -3.1372 0.0394, -9.2227 -3.2207 0.0394, -9.1705 -3.0965 0.0394, -9.2728 -3.1555 0.0394, -9.1902 -3.049 0.0394, -9.3042 -3.0795 0.0394, -9.1969 -2.998 0.0394, -9.315 -2.998 0.0394, -9.1902 -2.9471 0.0394, -9.3042 -2.9165 0.0394, -9.1705 -2.8996 0.0394, -9.2728 -2.8406 0.0394, -9.1392 -2.8588 0.0394, -9.2227 -2.7753 0.0394, -9.0984 -2.8276 0.0394, -9.1575 -2.7253 0.0394, -9.051 -2.8079 0.0394, -9.0815 -2.6938 0.0394, -9.0 -2.8012 0.0394, -9.0 -2.6831 0.0394, -8.9491 -2.8079 0.0394, -8.9185 -2.6938 0.0394, -8.9016 -2.8276 0.0394, -8.8425 -2.7253 0.0394, -8.8608 -2.8588 0.0394, -8.7773 -2.7753 0.0394, -8.8295 -2.8996 0.0394, -8.7273 -2.8406 0.0394, -8.8099 -2.9471 0.0394, -8.6958 -2.9165 0.0394, -8.8032 -2.998 0.0394, -8.6851 -2.998 0.0394, -8.8099 -3.049 0.0394, -8.6958 -3.0795 0.0394, -8.8295 -3.0965 0.0394, -8.7273 -3.1555 0.0394, -8.8608 -3.1372 0.0394, -8.7773 -3.2207 0.0394, -8.9016 -3.1685 0.0394, -8.8425 -3.2708 0.0394, -8.9491 -3.1882 0.0394, -8.9185 -3.3023 0.0394
            ]
        }
        coordIndex [
            0,1,2,-1,3,4,5,-1,6,7,8,-1,9,10,11,-1,12,13,14,-1,14,13,15,-1,14,15,16,-1,17,18,19,-1,19,18,14,-1,19,14,20,-1,20,14,21,-1,16,22,14,-1,14,22,23,-1,14,23,21,-1,24,25,26,-1,26,25,27,-1,27,25,28,-1,28,25,29,-1,28,29,30,-1,30,29,31,-1,30,31,32,-1,31,33,34,-1,34,35,31,-1,31,35,36,-1,31,36,37,-1,31,38,32,-1,32,38,39,-1,32,39,40,-1,40,39,41,-1,40,41,42,-1,37,43,31,-1,31,43,44,-1,31,44,38,-1,45,46,47,-1,47,46,48,-1,47,48,49,-1,49,50,47,-1,47,50,51,-1,47,51,33,-1,33,51,52,-1,33,52,34,-1,53,45,54,-1,54,45,47,-1,54,47,55,-1,55,47,56,-1,57,58,59,-1,59,58,60,-1,60,61,59,-1,59,61,62,-1,59,62,1,-1,1,62,63,-1,1,63,2,-1,2,63,64,-1,2,64,47,-1,47,64,65,-1,47,65,56,-1,66,67,57,-1,57,67,68,-1,57,68,69,-1,69,70,57,-1,57,70,71,-1,57,71,58,-1,72,73,74,-1,75,76,66,-1,77,78,79,-1,79,78,80,-1,72,74,81,-1,75,66,82,-1,83,84,78,-1,78,84,85,-1,78,85,86,-1,17,87,18,-1,18,87,88,-1,18,88,66,-1,66,88,89,-1,66,89,82,-1,73,90,74,-1,74,90,91,-1,74,91,92,-1,93,94,95,-1,95,94,96,-1,95,96,97,-1,98,86,99,-1,99,86,100,-1,99,100,95,-1,95,100,101,-1,95,101,93,-1,98,102,86,-1,86,102,103,-1,86,103,78,-1,78,103,104,-1,78,104,80,-1,105,106,107,-1,107,106,108,-1,107,108,74,-1,74,108,109,-1,74,109,81,-1,110,111,74,-1,74,111,112,-1,74,112,78,-1,78,112,113,-1,78,113,83,-1,114,115,67,-1,67,115,116,-1,67,116,117,-1,117,118,67,-1,67,118,119,-1,67,119,120,-1,120,119,105,-1,120,105,121,-1,121,105,107,-1,76,122,66,-1,66,122,123,-1,66,123,67,-1,67,123,124,-1,67,124,114,-1,92,125,74,-1,74,125,126,-1,74,126,127,-1,127,128,74,-1,74,128,129,-1,74,129,110,-1,130,131,132,-1,131,133,132,-1,132,133,134,-1,132,134,135,-1,85,132,86,-1,86,132,136,-1,86,136,137,-1,138,139,140,-1,140,139,141,-1,140,141,142,-1,138,140,85,-1,85,140,143,-1,85,143,132,-1,132,143,144,-1,132,144,130,-1,145,146,147,-1,147,146,148,-1,147,148,149,-1,135,134,150,-1,150,134,151,-1,150,151,152,-1,152,151,153,-1,152,153,154,-1,137,155,86,-1,86,155,147,-1,86,147,156,-1,156,147,149,-1,157,9,158,-1,159,160,161,-1,161,160,162,-1,161,162,163,-1,163,162,164,-1,165,166,5,-1,9,11,158,-1,158,11,167,-1,158,167,165,-1,168,169,170,-1,171,172,173,-1,173,172,174,-1,173,174,175,-1,176,177,178,-1,178,177,179,-1,178,179,180,-1,180,179,168,-1,180,168,181,-1,182,183,184,-1,184,183,185,-1,184,185,171,-1,170,169,186,-1,186,169,187,-1,186,187,188,-1,175,174,189,-1,189,174,190,-1,189,190,191,-1,192,190,193,-1,193,190,194,-1,187,191,188,-1,188,191,190,-1,188,190,195,-1,195,190,192,-1,196,197,195,-1,198,199,200,-1,201,202,195,-1,195,202,203,-1,197,204,195,-1,195,204,205,-1,195,205,188,-1,188,205,206,-1,188,206,207,-1,208,209,210,-1,210,209,211,-1,210,211,212,-1,201,195,200,-1,200,195,213,-1,200,213,198,-1,199,214,200,-1,200,214,215,-1,200,215,216,-1,203,217,195,-1,195,217,218,-1,195,218,219,-1,220,221,195,-1,195,221,222,-1,195,222,196,-1,219,223,195,-1,195,223,224,-1,195,224,220,-1,207,225,188,-1,188,225,226,-1,188,226,210,-1,210,226,227,-1,210,227,208,-1,228,229,230,-1,230,229,231,-1,230,231,232,-1,233,234,235,-1,236,237,235,-1,235,237,238,-1,235,238,233,-1,212,239,210,-1,210,239,240,-1,210,240,241,-1,242,243,235,-1,235,243,244,-1,235,244,236,-1,240,245,241,-1,241,245,246,-1,241,246,242,-1,242,246,247,-1,242,247,243,-1,248,249,250,-1,250,249,251,-1,252,253,250,-1,250,253,254,-1,251,255,250,-1,250,255,256,-1,250,256,252,-1,257,258,5,-1,5,258,259,-1,5,259,260,-1,164,162,166,-1,166,162,250,-1,166,250,5,-1,5,250,254,-1,5,254,257,-1,261,262,263,-1,263,262,264,-1,265,266,170,-1,170,266,172,-1,170,172,168,-1,168,172,171,-1,168,171,181,-1,181,171,185,-1,266,267,172,-1,172,267,268,-1,172,268,248,-1,248,268,269,-1,248,269,249,-1,270,271,272,-1,270,272,273,-1,274,275,276,-1,277,278,279,-1,280,274,281,-1,281,274,282,-1,283,284,285,-1,285,284,286,-1,285,286,287,-1,287,286,288,-1,289,290,288,-1,288,290,291,-1,288,291,287,-1,280,292,274,-1,274,292,293,-1,274,293,275,-1,294,295,210,-1,277,296,278,-1,278,296,297,-1,278,297,298,-1,298,297,299,-1,298,299,300,-1,301,302,272,-1,272,302,303,-1,272,303,273,-1,304,210,305,-1,305,210,295,-1,305,295,285,-1,285,295,306,-1,285,306,283,-1,304,307,210,-1,210,307,308,-1,210,308,309,-1,310,311,312,-1,312,311,313,-1,312,313,300,-1,300,313,314,-1,300,314,298,-1,315,316,288,-1,288,316,317,-1,288,317,318,-1,319,320,321,-1,321,320,322,-1,321,322,323,-1,318,324,288,-1,288,324,325,-1,288,325,289,-1,326,327,328,-1,328,327,329,-1,328,329,271,-1,319,310,320,-1,320,310,312,-1,320,312,330,-1,330,312,331,-1,330,331,332,-1,332,331,333,-1,332,333,334,-1,334,333,335,-1,336,335,329,-1,329,335,333,-1,329,333,271,-1,271,333,331,-1,271,331,272,-1,336,329,7,-1,7,329,337,-1,7,337,8,-1,338,339,8,-1,340,341,188,-1,342,343,8,-1,8,343,344,-1,309,277,210,-1,210,277,279,-1,210,279,188,-1,188,279,345,-1,188,345,340,-1,341,346,188,-1,188,346,347,-1,188,347,186,-1,186,347,348,-1,186,348,338,-1,349,350,339,-1,339,350,351,-1,339,351,8,-1,8,351,352,-1,8,352,342,-1,344,353,8,-1,8,353,354,-1,8,354,6,-1,355,356,357,-1,357,356,358,-1,357,358,359,-1,357,360,355,-1,355,360,361,-1,355,361,362,-1,362,363,355,-1,355,363,364,-1,355,364,365,-1,365,364,366,-1,365,366,367,-1,367,366,368,-1,367,368,339,-1,339,368,369,-1,339,369,349,-1,370,371,359,-1,359,371,372,-1,359,372,357,-1,373,374,323,-1,323,374,375,-1,323,375,321,-1,373,376,374,-1,374,376,377,-1,374,377,378,-1,378,377,379,-1,378,380,381,-1,379,382,378,-1,378,382,383,-1,378,383,384,-1,384,385,378,-1,378,385,386,-1,378,386,380,-1,381,387,378,-1,378,387,388,-1,378,388,389,-1,390,391,263,-1,263,391,392,-1,393,394,395,-1,264,265,263,-1,263,265,170,-1,263,170,390,-1,390,170,396,-1,390,396,397,-1,397,396,393,-1,397,393,398,-1,398,393,395,-1,399,400,8,-1,338,8,186,-1,186,8,400,-1,186,400,170,-1,170,400,401,-1,170,401,396,-1,402,403,399,-1,404,405,406,-1,406,405,407,-1,406,407,402,-1,402,399,406,-1,406,399,8,-1,406,8,408,-1,408,8,337,-1,408,337,409,-1,408,410,406,-1,406,410,411,-1,406,411,412,-1,413,414,415,-1,415,414,416,-1,415,416,337,-1,337,416,417,-1,337,417,409,-1,412,418,406,-1,406,418,419,-1,406,419,404,-1,420,421,422,-1,420,422,423,-1,421,424,422,-1,422,424,425,-1,422,425,415,-1,415,425,426,-1,415,426,413,-1,165,5,158,-1,158,5,4,-1,158,4,427,-1,427,428,158,-1,158,428,429,-1,158,429,430,-1,430,429,431,-1,430,431,432,-1,433,434,435,-1,435,434,436,-1,435,436,437,-1,437,436,429,-1,437,429,438,-1,438,429,428,-1,438,428,439,-1,439,428,440,-1,439,440,441,-1,441,440,442,-1,431,443,432,-1,432,443,444,-1,432,444,392,-1,392,444,3,-1,392,3,263,-1,263,3,5,-1,263,5,261,-1,261,5,260,-1,445,446,447,-1,448,159,449,-1,450,451,452,-1,452,451,453,-1,452,453,454,-1,161,157,159,-1,159,157,158,-1,159,158,449,-1,449,158,455,-1,456,457,158,-1,450,452,458,-1,458,452,455,-1,458,455,459,-1,454,460,452,-1,452,460,461,-1,452,461,462,-1,463,464,455,-1,455,464,465,-1,455,465,459,-1,158,457,455,-1,455,457,466,-1,455,466,463,-1,447,467,445,-1,445,467,448,-1,445,448,468,-1,468,448,449,-1,467,452,448,-1,448,452,462,-1,448,462,430,-1,430,462,469,-1,430,469,158,-1,158,469,470,-1,158,470,456,-1,471,448,472,-1,472,448,430,-1,472,430,473,-1,473,430,432,-1,473,432,422,-1,422,432,392,-1,422,392,423,-1,423,392,391,-1,160,474,162,-1,162,474,475,-1,162,475,250,-1,250,475,476,-1,250,476,248,-1,248,476,477,-1,248,477,172,-1,172,477,478,-1,172,478,174,-1,174,478,479,-1,174,479,190,-1,190,479,229,-1,190,229,194,-1,194,229,228,-1,480,471,481,-1,481,471,472,-1,481,472,482,-1,482,472,473,-1,482,473,483,-1,483,473,422,-1,483,422,484,-1,484,422,415,-1,484,415,485,-1,485,415,337,-1,485,337,486,-1,486,337,329,-1,486,329,487,-1,487,329,327,-1,487,327,488,-1,488,327,489,-1,488,489,59,-1,326,282,327,-1,327,282,274,-1,327,274,489,-1,489,274,490,-1,491,492,490,-1,490,492,493,-1,276,294,274,-1,274,294,210,-1,274,210,490,-1,490,210,241,-1,490,241,491,-1,491,241,494,-1,59,489,57,-1,57,489,490,-1,57,490,66,-1,66,490,493,-1,66,493,18,-1,18,493,495,-1,18,495,241,-1,241,495,496,-1,241,496,494,-1,497,498,499,-1,499,498,491,-1,499,491,500,-1,500,491,494,-1,500,494,501,-1,501,494,502,-1,503,504,505,-1,506,507,14,-1,14,507,503,-1,14,503,242,-1,242,503,505,-1,242,505,241,-1,241,505,508,-1,241,508,18,-1,18,508,506,-1,18,506,14,-1,234,232,235,-1,235,232,231,-1,235,231,242,-1,242,231,509,-1,242,509,14,-1,14,509,25,-1,14,25,12,-1,12,25,24,-1,0,2,510,-1,510,2,47,-1,510,47,511,-1,511,47,33,-1,511,33,512,-1,512,33,31,-1,512,31,513,-1,513,31,29,-1,513,29,514,-1,474,515,475,-1,475,515,516,-1,475,516,476,-1,476,516,517,-1,476,517,477,-1,477,517,518,-1,477,518,478,-1,478,518,519,-1,478,519,479,-1,479,519,520,-1,479,520,229,-1,229,520,521,-1,229,521,231,-1,231,521,522,-1,231,522,509,-1,509,522,523,-1,509,523,25,-1,25,523,524,-1,25,524,29,-1,29,524,525,-1,29,525,514,-1,514,525,526,-1,527,528,529,-1,527,529,530,-1,530,529,531,-1,530,531,532,-1,532,531,533,-1,532,533,534,-1,534,533,535,-1,534,535,536,-1,536,535,537,-1,536,537,538,-1,538,537,539,-1,538,539,540,-1,541,542,539,-1,539,542,540,-1,542,541,543,-1,542,543,544,-1,544,543,545,-1,544,545,546,-1,546,545,547,-1,546,547,548,-1,548,547,549,-1,548,549,550,-1,550,549,551,-1,550,551,552,-1,552,551,515,-1,552,515,480,-1,0,526,553,-1,0,553,554,-1,554,553,555,-1,554,555,556,-1,556,555,557,-1,556,557,558,-1,558,557,559,-1,558,559,560,-1,560,559,561,-1,560,561,562,-1,562,561,563,-1,562,563,564,-1,565,566,563,-1,563,566,564,-1,566,565,567,-1,566,567,568,-1,568,567,569,-1,568,569,570,-1,570,569,571,-1,570,571,572,-1,572,571,573,-1,572,573,574,-1,574,573,575,-1,574,575,576,-1,576,575,577,-1,576,577,578,-1,528,527,577,-1,577,527,578,-1,560,562,579,-1,579,562,564,-1,579,564,580,-1,580,564,566,-1,580,566,568,-1,550,552,581,-1,581,552,480,-1,581,480,579,-1,579,480,0,-1,579,0,554,-1,554,556,579,-1,579,556,558,-1,579,558,560,-1,536,538,582,-1,582,538,540,-1,582,540,581,-1,581,540,542,-1,581,542,544,-1,568,570,580,-1,580,570,572,-1,580,572,574,-1,574,576,580,-1,580,576,578,-1,580,578,582,-1,582,578,527,-1,582,527,530,-1,544,546,581,-1,581,546,548,-1,581,548,550,-1,530,532,582,-1,582,532,534,-1,582,534,536,-1,583,584,585,-1,585,584,586,-1,586,584,587,-1,586,587,588,-1,588,587,589,-1,588,589,590,-1,590,589,591,-1,590,591,592,-1,592,591,593,-1,592,593,594,-1,594,593,595,-1,594,595,596,-1,596,595,565,-1,596,565,563,-1,561,559,597,-1,597,559,598,-1,597,598,599,-1,599,598,600,-1,599,600,601,-1,601,600,602,-1,601,602,603,-1,603,602,604,-1,603,604,605,-1,605,604,606,-1,605,606,586,-1,559,557,598,-1,598,557,607,-1,598,607,600,-1,600,607,608,-1,600,608,602,-1,602,608,609,-1,602,609,604,-1,604,609,610,-1,604,610,606,-1,606,610,611,-1,606,611,586,-1,563,561,596,-1,596,561,597,-1,596,597,594,-1,594,597,599,-1,594,599,592,-1,592,599,601,-1,592,601,590,-1,590,601,603,-1,590,603,588,-1,588,603,605,-1,588,605,586,-1,555,553,612,-1,612,553,613,-1,612,613,614,-1,614,613,615,-1,614,615,616,-1,616,615,617,-1,616,617,618,-1,618,617,619,-1,618,619,620,-1,620,619,621,-1,620,621,586,-1,553,526,613,-1,613,526,622,-1,613,622,615,-1,615,622,623,-1,615,623,617,-1,617,623,624,-1,617,624,619,-1,619,624,625,-1,619,625,621,-1,621,625,626,-1,621,626,586,-1,557,555,607,-1,607,555,612,-1,607,612,608,-1,608,612,614,-1,608,614,609,-1,609,614,616,-1,609,616,610,-1,610,616,618,-1,610,618,611,-1,611,618,620,-1,611,620,586,-1,575,573,627,-1,627,573,628,-1,627,628,629,-1,629,628,630,-1,629,630,631,-1,631,630,632,-1,631,632,633,-1,633,632,634,-1,633,634,635,-1,635,634,636,-1,635,636,584,-1,573,571,628,-1,628,571,637,-1,628,637,630,-1,630,637,638,-1,630,638,632,-1,632,638,639,-1,632,639,634,-1,634,639,640,-1,634,640,636,-1,636,640,641,-1,636,641,584,-1,577,575,642,-1,642,575,627,-1,642,627,643,-1,643,627,629,-1,643,629,644,-1,644,629,631,-1,644,631,645,-1,645,631,633,-1,645,633,646,-1,646,633,635,-1,646,635,584,-1,569,567,647,-1,647,567,648,-1,647,648,649,-1,649,648,650,-1,649,650,651,-1,651,650,652,-1,651,652,653,-1,653,652,654,-1,653,654,655,-1,655,654,656,-1,655,656,584,-1,567,565,648,-1,648,565,595,-1,648,595,650,-1,650,595,593,-1,650,593,652,-1,652,593,591,-1,652,591,654,-1,654,591,589,-1,654,589,656,-1,656,589,587,-1,656,587,584,-1,571,569,637,-1,637,569,647,-1,637,647,638,-1,638,647,649,-1,638,649,639,-1,639,649,651,-1,639,651,640,-1,640,651,653,-1,640,653,641,-1,641,653,655,-1,641,655,584,-1,585,586,626,-1,585,626,657,-1,657,626,625,-1,657,625,658,-1,658,625,624,-1,658,624,659,-1,659,624,623,-1,659,623,660,-1,660,623,622,-1,660,622,661,-1,661,622,526,-1,661,526,515,-1,584,583,662,-1,584,662,646,-1,646,662,663,-1,646,663,645,-1,645,663,664,-1,645,664,644,-1,644,664,665,-1,644,665,643,-1,643,665,666,-1,643,666,642,-1,642,666,528,-1,642,528,577,-1,551,549,667,-1,667,549,668,-1,667,668,669,-1,669,668,670,-1,669,670,671,-1,671,670,672,-1,671,672,673,-1,673,672,674,-1,673,674,675,-1,675,674,676,-1,675,676,585,-1,549,547,668,-1,668,547,677,-1,668,677,670,-1,670,677,678,-1,670,678,672,-1,672,678,679,-1,672,679,674,-1,674,679,680,-1,674,680,676,-1,676,680,681,-1,676,681,585,-1,515,551,661,-1,661,551,667,-1,661,667,660,-1,660,667,669,-1,660,669,659,-1,659,669,671,-1,659,671,658,-1,658,671,673,-1,658,673,657,-1,657,673,675,-1,657,675,585,-1,545,543,682,-1,682,543,683,-1,682,683,684,-1,684,683,685,-1,684,685,686,-1,686,685,687,-1,686,687,688,-1,688,687,689,-1,688,689,690,-1,690,689,691,-1,690,691,585,-1,543,541,683,-1,683,541,692,-1,683,692,685,-1,685,692,693,-1,685,693,687,-1,687,693,694,-1,687,694,689,-1,689,694,695,-1,689,695,691,-1,691,695,696,-1,691,696,585,-1,547,545,677,-1,677,545,682,-1,677,682,678,-1,678,682,684,-1,678,684,679,-1,679,684,686,-1,679,686,680,-1,680,686,688,-1,680,688,681,-1,681,688,690,-1,681,690,585,-1,537,535,697,-1,697,535,698,-1,697,698,699,-1,699,698,700,-1,699,700,701,-1,701,700,702,-1,701,702,703,-1,703,702,704,-1,703,704,705,-1,705,704,706,-1,705,706,583,-1,535,533,698,-1,698,533,707,-1,698,707,700,-1,700,707,708,-1,700,708,702,-1,702,708,709,-1,702,709,704,-1,704,709,710,-1,704,710,706,-1,706,710,711,-1,706,711,583,-1,539,537,712,-1,712,537,697,-1,712,697,713,-1,713,697,699,-1,713,699,714,-1,714,699,701,-1,714,701,715,-1,715,701,703,-1,715,703,716,-1,716,703,705,-1,716,705,583,-1,531,529,717,-1,717,529,718,-1,717,718,719,-1,719,718,720,-1,719,720,721,-1,721,720,722,-1,721,722,723,-1,723,722,724,-1,723,724,725,-1,725,724,726,-1,725,726,583,-1,529,528,718,-1,718,528,666,-1,718,666,720,-1,720,666,665,-1,720,665,722,-1,722,665,664,-1,722,664,724,-1,724,664,663,-1,724,663,726,-1,726,663,662,-1,726,662,583,-1,533,531,707,-1,707,531,717,-1,707,717,708,-1,708,717,719,-1,708,719,709,-1,709,719,721,-1,709,721,710,-1,710,721,723,-1,710,723,711,-1,711,723,725,-1,711,725,583,-1,583,585,696,-1,583,696,716,-1,716,696,695,-1,716,695,715,-1,715,695,694,-1,715,694,714,-1,714,694,693,-1,714,693,713,-1,713,693,692,-1,713,692,712,-1,712,692,541,-1,712,541,539,-1,727,728,582,-1,582,728,729,-1,582,729,580,-1,580,729,730,-1,580,730,731,-1,580,731,732,-1,732,733,580,-1,580,733,734,-1,580,734,579,-1,579,734,735,-1,735,736,579,-1,579,736,737,-1,579,737,738,-1,738,739,579,-1,579,739,740,-1,579,740,581,-1,581,740,741,-1,581,741,742,-1,743,727,582,-1,742,744,581,-1,581,744,745,-1,745,746,581,-1,581,746,747,-1,581,747,582,-1,582,747,748,-1,582,748,743,-1,749,750,751,-1,752,753,754,-1,755,756,757,-1,758,759,760,-1,758,760,761,-1,762,763,764,-1,764,763,765,-1,764,765,735,-1,735,765,766,-1,735,766,767,-1,768,736,769,-1,769,736,770,-1,767,771,735,-1,735,771,772,-1,735,772,736,-1,736,772,773,-1,736,773,770,-1,774,775,751,-1,751,775,776,-1,751,776,777,-1,778,779,780,-1,780,779,764,-1,764,779,781,-1,764,781,762,-1,777,782,751,-1,751,782,783,-1,751,783,780,-1,780,783,784,-1,780,784,778,-1,785,786,734,-1,734,786,787,-1,734,788,735,-1,735,788,789,-1,735,789,790,-1,790,791,735,-1,735,791,792,-1,735,792,764,-1,764,792,793,-1,764,793,794,-1,787,795,734,-1,734,795,796,-1,734,796,788,-1,797,798,799,-1,799,798,780,-1,799,780,800,-1,794,801,764,-1,764,801,802,-1,764,802,780,-1,780,802,803,-1,780,803,800,-1,797,804,798,-1,798,804,805,-1,798,805,806,-1,755,757,807,-1,808,809,732,-1,810,733,811,-1,811,733,732,-1,811,732,812,-1,810,813,733,-1,733,813,814,-1,733,814,815,-1,809,816,732,-1,732,816,817,-1,732,817,812,-1,818,819,820,-1,821,822,823,-1,823,822,824,-1,752,754,825,-1,826,827,828,-1,828,827,829,-1,819,830,820,-1,820,830,831,-1,820,831,822,-1,822,831,832,-1,822,832,824,-1,731,730,732,-1,732,730,754,-1,732,754,808,-1,808,754,753,-1,730,729,754,-1,754,729,822,-1,754,822,825,-1,825,822,821,-1,822,833,834,-1,835,836,837,-1,838,839,835,-1,835,839,840,-1,835,840,728,-1,728,840,841,-1,728,841,842,-1,843,844,729,-1,729,844,845,-1,729,845,822,-1,822,845,846,-1,822,846,833,-1,834,847,822,-1,822,847,848,-1,822,848,849,-1,837,850,835,-1,835,850,851,-1,835,851,838,-1,842,852,728,-1,728,852,853,-1,728,853,854,-1,854,855,728,-1,728,855,856,-1,728,856,729,-1,729,856,857,-1,729,857,843,-1,849,836,822,-1,822,836,835,-1,822,835,820,-1,820,835,858,-1,815,826,733,-1,733,826,828,-1,733,828,734,-1,734,828,757,-1,734,757,785,-1,785,757,756,-1,829,818,828,-1,828,818,820,-1,828,820,757,-1,757,820,798,-1,757,798,807,-1,807,798,806,-1,798,859,860,-1,861,862,820,-1,820,862,863,-1,820,863,798,-1,798,863,864,-1,798,864,859,-1,860,865,798,-1,798,865,866,-1,798,866,867,-1,868,869,870,-1,871,872,870,-1,870,872,873,-1,870,873,858,-1,858,873,874,-1,858,874,875,-1,869,876,870,-1,870,876,877,-1,870,877,871,-1,875,878,858,-1,858,878,879,-1,858,879,880,-1,880,881,858,-1,858,881,882,-1,858,882,820,-1,820,882,883,-1,820,883,861,-1,768,761,736,-1,736,761,760,-1,736,760,737,-1,737,760,884,-1,737,884,738,-1,759,774,760,-1,760,774,751,-1,760,751,884,-1,884,751,885,-1,886,887,885,-1,751,750,885,-1,885,750,888,-1,885,888,886,-1,889,890,751,-1,891,892,893,-1,893,892,894,-1,893,894,895,-1,895,894,896,-1,895,896,897,-1,889,751,898,-1,887,899,885,-1,885,899,900,-1,885,900,893,-1,893,900,901,-1,893,901,902,-1,902,903,893,-1,893,903,904,-1,893,904,891,-1,897,905,895,-1,895,905,906,-1,895,906,907,-1,907,898,895,-1,895,898,751,-1,895,751,908,-1,908,751,780,-1,908,780,870,-1,870,780,798,-1,870,798,868,-1,868,798,867,-1,890,909,751,-1,751,909,910,-1,751,910,749,-1,738,884,739,-1,739,884,885,-1,739,885,740,-1,740,885,893,-1,740,893,741,-1,728,727,835,-1,835,727,743,-1,835,743,858,-1,858,743,748,-1,858,748,870,-1,870,748,747,-1,870,747,908,-1,908,747,746,-1,908,746,895,-1,895,746,745,-1,895,745,893,-1,893,745,744,-1,893,744,741,-1,741,744,742,-1,783,911,784,-1,784,911,912,-1,784,912,778,-1,778,912,913,-1,778,913,779,-1,779,913,914,-1,779,914,781,-1,781,914,915,-1,781,915,762,-1,762,915,916,-1,762,916,763,-1,763,916,917,-1,763,917,765,-1,765,917,918,-1,765,918,766,-1,766,918,919,-1,766,919,767,-1,767,919,920,-1,767,920,771,-1,771,920,921,-1,771,921,772,-1,772,921,922,-1,772,922,773,-1,773,922,923,-1,773,923,770,-1,770,923,924,-1,770,924,769,-1,769,924,925,-1,769,925,768,-1,768,925,926,-1,768,926,761,-1,761,926,927,-1,761,927,758,-1,758,927,928,-1,758,928,759,-1,759,928,929,-1,759,929,774,-1,774,929,930,-1,774,930,775,-1,775,930,931,-1,775,931,776,-1,776,931,932,-1,776,932,777,-1,777,932,933,-1,777,933,782,-1,782,933,934,-1,782,934,783,-1,783,934,911,-1,935,936,937,-1,937,936,938,-1,937,938,939,-1,939,938,940,-1,939,940,941,-1,941,940,942,-1,941,942,943,-1,943,942,944,-1,943,944,945,-1,945,944,946,-1,945,946,947,-1,947,946,948,-1,947,948,949,-1,949,948,950,-1,949,950,951,-1,951,950,952,-1,951,952,953,-1,953,952,954,-1,953,954,955,-1,955,954,956,-1,955,956,957,-1,957,956,958,-1,957,958,959,-1,959,958,960,-1,959,960,961,-1,961,960,962,-1,961,962,963,-1,963,962,964,-1,963,964,965,-1,965,964,966,-1,965,966,967,-1,967,966,968,-1,967,968,969,-1,969,968,970,-1,969,970,971,-1,971,970,972,-1,971,972,973,-1,973,972,974,-1,973,974,975,-1,975,974,976,-1,975,976,977,-1,977,976,978,-1,977,978,979,-1,979,978,980,-1,979,980,981,-1,981,980,982,-1,981,982,935,-1,935,982,936,-1,
        ]
    }
}
Shape{
    appearance Appearance {
        material  Material 	{
            diffuseColor 0.7529411764705882 0.7529411764705882 0.7529411764705882
            specularColor 0.3764705882352941 0.3764705882352941 0.3764705882352941
            ambientIntensity 0.7529
            transparency 0.0
            shininess 0.5
        }
    }
    geometry IndexedFaceSet {
        ccw TRUE
        solid FALSE
        coord DEF co Coordinate {
            point [
                -9.1705 -3.0965 -1.378, -9.1902 -3.049 -1.378, -9.0 -2.998 -1.378, -9.1969 -2.998 -1.378, -9.1902 -2.9471 -1.378, -9.051 -3.1882 -1.378, -9.0984 -3.1685 -1.378, -9.1392 -3.1372 -1.378, -8.9016 -3.1685 -1.378, -8.9491 -3.1882 -1.378, -9.0 -3.1949 -1.378, -8.8099 -3.049 -1.378, -8.8295 -3.0965 -1.378, -8.8608 -3.1372 -1.378, -8.8295 -2.8996 -1.378, -8.8099 -2.9471 -1.378, -8.8032 -2.998 -1.378, -8.9491 -2.8079 -1.378, -8.9016 -2.8276 -1.378, -8.8608 -2.8588 -1.378, -9.0984 -2.8276 -1.378, -9.051 -2.8079 -1.378, -9.0 -2.8012 -1.378, -9.1705 -2.8996 -1.378, -9.1392 -2.8588 -1.378, -8.8032 -2.998 0.0394, -8.8099 -2.9471 0.0394, -8.8295 -2.8996 0.0394, -8.8608 -2.8588 0.0394, -8.9016 -2.8276 0.0394, -8.9491 -2.8079 0.0394, -9.0 -2.8012 0.0394, -9.051 -2.8079 0.0394, -9.0984 -2.8276 0.0394, -9.1392 -2.8588 0.0394, -9.1705 -2.8996 0.0394, -9.1902 -2.9471 0.0394, -9.1969 -2.998 0.0394, -9.1902 -3.049 0.0394, -9.1705 -3.0965 0.0394, -9.1392 -3.1372 0.0394, -9.0984 -3.1685 0.0394, -9.051 -3.1882 0.0394, -9.0 -3.1949 0.0394, -8.9491 -3.1882 0.0394, -8.9016 -3.1685 0.0394, -8.8608 -3.1372 0.0394, -8.8295 -3.0965 0.0394, -8.8099 -3.049 0.0394
            ]
        }
        coordIndex [
            0,1,2,-1,2,1,3,-1,2,3,4,-1,5,6,2,-1,2,6,7,-1,2,7,0,-1,8,9,2,-1,2,9,10,-1,2,10,5,-1,11,12,2,-1,2,12,13,-1,2,13,8,-1,14,15,2,-1,2,15,16,-1,2,16,11,-1,17,18,2,-1,2,18,19,-1,2,19,14,-1,20,21,2,-1,2,21,22,-1,2,22,17,-1,4,23,2,-1,2,23,24,-1,2,24,20,-1,25,15,26,-1,26,15,14,-1,26,14,27,-1,27,14,19,-1,27,19,28,-1,28,19,18,-1,28,18,29,-1,29,18,17,-1,29,17,30,-1,30,17,22,-1,30,22,31,-1,31,22,21,-1,31,21,32,-1,32,21,20,-1,32,20,33,-1,33,20,24,-1,33,24,34,-1,34,24,23,-1,34,23,35,-1,35,23,4,-1,35,4,36,-1,36,4,3,-1,36,3,37,-1,37,3,1,-1,37,1,38,-1,38,1,0,-1,38,0,39,-1,39,0,7,-1,39,7,40,-1,40,7,6,-1,40,6,41,-1,41,6,5,-1,41,5,42,-1,42,5,10,-1,42,10,43,-1,43,10,9,-1,43,9,44,-1,44,9,8,-1,44,8,45,-1,45,8,13,-1,45,13,46,-1,46,13,12,-1,46,12,47,-1,47,12,11,-1,47,11,48,-1,48,11,16,-1,48,16,25,-1,25,16,15,-1,
        ]
    }
}
Shape{
    appearance Appearance {
        material  Material 	{
            diffuseColor 0.25098039215686274 0.25098039215686274 0.25098039215686274
            specularColor 0.12549019607843137 0.12549019607843137 0.12549019607843137
            ambientIntensity 0.251
            transparency 0.0
            shininess 0.5
        }
    }
    geometry IndexedFaceSet {
        ccw TRUE
        solid FALSE
        coord DEF co Coordinate {
            point [
                -8.6063 -0.998 0.4331, -8.6197 -0.8961 0.1181, -8.6197 -0.8961 0.4331, -8.6591 -0.8012 0.1181, -8.6591 -0.8012 0.4331, -8.7216 -0.7196 0.1181, -8.7216 -0.7196 0.4331, -8.8032 -0.6571 0.1181, -8.8032 -0.6571 0.4331, -8.8981 -0.6177 0.1181, -8.8981 -0.6177 0.4331, -9.0 -0.6043 0.1181, -9.0 -0.6043 0.4331, -9.1019 -0.6177 0.1181, -9.1019 -0.6177 0.4331, -9.1969 -0.6571 0.1181, -9.1969 -0.6571 0.4331, -9.2784 -0.7196 0.1181, -9.2784 -0.7196 0.4331, -9.341 -0.8012 0.1181, -9.341 -0.8012 0.4331, -9.3803 -0.8961 0.1181, -9.3803 -0.8961 0.4331, -9.3937 -0.998 0.1181, -9.3937 -0.998 0.4331, -9.3803 -1.0999 0.1181, -9.3803 -1.0999 0.4331, -9.341 -1.1949 0.1181, -9.341 -1.1949 0.4331, -9.2784 -1.2764 0.1181, -9.2784 -1.2764 0.4331, -9.1969 -1.339 0.1181, -9.1969 -1.339 0.4331, -9.1019 -1.3783 0.1181, -9.1019 -1.3783 0.4331, -9.0 -1.3917 0.1181, -9.0 -1.3917 0.4331, -8.8981 -1.3783 0.1181, -8.8981 -1.3783 0.4331, -8.8032 -1.339 0.1181, -8.8032 -1.339 0.4331, -8.7216 -1.2764 0.1181, -8.7216 -1.2764 0.4331, -8.6591 -1.1949 0.1181, -8.6591 -1.1949 0.4331, -8.6197 -1.0999 0.1181, -8.6197 -1.0999 0.4331, -8.6063 -0.998 0.1181, -9.0 -1.1949 0.0394, -9.0 -1.313 0.0394, -9.051 -1.1882 0.0394, -9.0815 -1.3023 0.0394, -9.0984 -1.1685 0.0394, -9.1575 -1.2708 0.0394, -9.1392 -1.1372 0.0394, -9.2227 -1.2207 0.0394, -9.1705 -1.0965 0.0394, -9.2728 -1.1555 0.0394, -9.1902 -1.049 0.0394, -9.3042 -1.0795 0.0394, -9.1969 -0.998 0.0394, -9.315 -0.998 0.0394, -9.1902 -0.9471 0.0394, -9.3042 -0.9165 0.0394, -9.1705 -0.8996 0.0394, -9.2728 -0.8406 0.0394, -9.1392 -0.8588 0.0394, -9.2227 -0.7753 0.0394, -9.0984 -0.8276 0.0394, -9.1575 -0.7253 0.0394, -9.051 -0.8079 0.0394, -9.0815 -0.6938 0.0394, -9.0 -0.8012 0.0394, -9.0 -0.6831 0.0394, -8.9491 -0.8079 0.0394, -8.9185 -0.6938 0.0394, -8.9016 -0.8276 0.0394, -8.8425 -0.7253 0.0394, -8.8608 -0.8588 0.0394, -8.7773 -0.7753 0.0394, -8.8295 -0.8996 0.0394, -8.7273 -0.8406 0.0394, -8.8099 -0.9471 0.0394, -8.6958 -0.9165 0.0394, -8.8032 -0.998 0.0394, -8.6851 -0.998 0.0394, -8.8099 -1.049 0.0394, -8.6958 -1.0795 0.0394, -8.8295 -1.0965 0.0394, -8.7273 -1.1555 0.0394, -8.8608 -1.1372 0.0394, -8.7773 -1.2207 0.0394, -8.9016 -1.1685 0.0394, -8.8425 -1.2708 0.0394, -8.9491 -1.1882 0.0394, -8.9185 -1.3023 0.0394
            ]
        }
        coordIndex [
            0,1,2,-1,2,1,3,-1,2,3,4,-1,4,3,5,-1,4,5,6,-1,6,5,7,-1,6,7,8,-1,8,7,9,-1,8,9,10,-1,10,9,11,-1,10,11,12,-1,12,11,13,-1,12,13,14,-1,14,13,15,-1,14,15,16,-1,16,15,17,-1,16,17,18,-1,18,17,19,-1,18,19,20,-1,20,19,21,-1,20,21,22,-1,22,21,23,-1,22,23,24,-1,24,23,25,-1,24,25,26,-1,26,25,27,-1,26,27,28,-1,28,27,29,-1,28,29,30,-1,30,29,31,-1,30,31,32,-1,32,31,33,-1,32,33,34,-1,34,33,35,-1,34,35,36,-1,36,35,37,-1,36,37,38,-1,38,37,39,-1,38,39,40,-1,40,39,41,-1,40,41,42,-1,42,41,43,-1,42,43,44,-1,44,43,45,-1,44,45,46,-1,46,45,47,-1,46,47,0,-1,0,47,1,-1,48,49,50,-1,50,49,51,-1,50,51,52,-1,52,51,53,-1,52,53,54,-1,54,53,55,-1,54,55,56,-1,56,55,57,-1,56,57,58,-1,58,57,59,-1,58,59,60,-1,60,59,61,-1,60,61,62,-1,62,61,63,-1,62,63,64,-1,64,63,65,-1,64,65,66,-1,66,65,67,-1,66,67,68,-1,68,67,69,-1,68,69,70,-1,70,69,71,-1,70,71,72,-1,72,71,73,-1,72,73,74,-1,74,73,75,-1,74,75,76,-1,76,75,77,-1,76,77,78,-1,78,77,79,-1,78,79,80,-1,80,79,81,-1,80,81,82,-1,82,81,83,-1,82,83,84,-1,84,83,85,-1,84,85,86,-1,86,85,87,-1,86,87,88,-1,88,87,89,-1,88,89,90,-1,90,89,91,-1,90,91,92,-1,92,91,93,-1,92,93,94,-1,94,93,95,-1,94,95,48,-1,48,95,49,-1,
        ]
    }
}
Shape{
    appearance Appearance {
        material  Material 	{
            diffuseColor 0.7529411764705882 0.7529411764705882 0.7529411764705882
            specularColor 0.3764705882352941 0.3764705882352941 0.3764705882352941
            ambientIntensity 0.7529
            transparency 0.0
            shininess 0.5
        }
    }
    geometry IndexedFaceSet {
        ccw TRUE
        solid FALSE
        coord DEF co Coordinate {
            point [
                -9.1705 -1.0965 -1.378, -9.1902 -1.049 -1.378, -9.0 -0.998 -1.378, -9.1969 -0.998 -1.378, -9.1902 -0.9471 -1.378, -9.051 -1.1882 -1.378, -9.0984 -1.1685 -1.378, -9.1392 -1.1372 -1.378, -8.9016 -1.1685 -1.378, -8.9491 -1.1882 -1.378, -9.0 -1.1949 -1.378, -8.8099 -1.049 -1.378, -8.8295 -1.0965 -1.378, -8.8608 -1.1372 -1.378, -8.8295 -0.8996 -1.378, -8.8099 -0.9471 -1.378, -8.8032 -0.998 -1.378, -8.9491 -0.8079 -1.378, -8.9016 -0.8276 -1.378, -8.8608 -0.8588 -1.378, -9.0984 -0.8276 -1.378, -9.051 -0.8079 -1.378, -9.0 -0.8012 -1.378, -9.1705 -0.8996 -1.378, -9.1392 -0.8588 -1.378, -8.8032 -0.998 0.0394, -8.8099 -0.9471 0.0394, -8.8295 -0.8996 0.0394, -8.8608 -0.8588 0.0394, -8.9016 -0.8276 0.0394, -8.9491 -0.8079 0.0394, -9.0 -0.8012 0.0394, -9.051 -0.8079 0.0394, -9.0984 -0.8276 0.0394, -9.1392 -0.8588 0.0394, -9.1705 -0.8996 0.0394, -9.1902 -0.9471 0.0394, -9.1969 -0.998 0.0394, -9.1902 -1.049 0.0394, -9.1705 -1.0965 0.0394, -9.1392 -1.1372 0.0394, -9.0984 -1.1685 0.0394, -9.051 -1.1882 0.0394, -9.0 -1.1949 0.0394, -8.9491 -1.1882 0.0394, -8.9016 -1.1685 0.0394, -8.8608 -1.1372 0.0394, -8.8295 -1.0965 0.0394, -8.8099 -1.049 0.0394
            ]
        }
        coordIndex [
            0,1,2,-1,2,1,3,-1,2,3,4,-1,5,6,2,-1,2,6,7,-1,2,7,0,-1,8,9,2,-1,2,9,10,-1,2,10,5,-1,11,12,2,-1,2,12,13,-1,2,13,8,-1,14,15,2,-1,2,15,16,-1,2,16,11,-1,17,18,2,-1,2,18,19,-1,2,19,14,-1,20,21,2,-1,2,21,22,-1,2,22,17,-1,4,23,2,-1,2,23,24,-1,2,24,20,-1,25,15,26,-1,26,15,14,-1,26,14,27,-1,27,14,19,-1,27,19,28,-1,28,19,18,-1,28,18,29,-1,29,18,17,-1,29,17,30,-1,30,17,22,-1,30,22,31,-1,31,22,21,-1,31,21,32,-1,32,21,20,-1,32,20,33,-1,33,20,24,-1,33,24,34,-1,34,24,23,-1,34,23,35,-1,35,23,4,-1,35,4,36,-1,36,4,3,-1,36,3,37,-1,37,3,1,-1,37,1,38,-1,38,1,0,-1,38,0,39,-1,39,0,7,-1,39,7,40,-1,40,7,6,-1,40,6,41,-1,41,6,5,-1,41,5,42,-1,42,5,10,-1,42,10,43,-1,43,10,9,-1,43,9,44,-1,44,9,8,-1,44,8,45,-1,45,8,13,-1,45,13,46,-1,46,13,12,-1,46,12,47,-1,47,12,11,-1,47,11,48,-1,48,11,16,-1,48,16,25,-1,25,16,15,-1,
        ]
    }
}
Shape{
    appearance Appearance {
        material  Material 	{
            diffuseColor 0.25098039215686274 0.25098039215686274 0.25098039215686274
            specularColor 0.12549019607843137 0.12549019607843137 0.12549019607843137
            ambientIntensity 0.251
            transparency 0.0
            shininess 0.5
        }
    }
    geometry IndexedFaceSet {
        ccw TRUE
        solid FALSE
        coord DEF co Coordinate {
            point [
                9.3937 4.002 0.4331, 9.3803 4.1039 0.1181, 9.3803 4.1039 0.4331, 9.3409 4.1988 0.1181, 9.3409 4.1988 0.4331, 9.2784 4.2804 0.1181, 9.2784 4.2804 0.4331, 9.1968 4.3429 0.1181, 9.1968 4.3429 0.4331, 9.1019 4.3823 0.1181, 9.1019 4.3823 0.4331, 9.0 4.3957 0.1181, 9.0 4.3957 0.4331, 8.8981 4.3823 0.1181, 8.8981 4.3823 0.4331, 8.8031 4.3429 0.1181, 8.8031 4.3429 0.4331, 8.7216 4.2804 0.1181, 8.7216 4.2804 0.4331, 8.659 4.1988 0.1181, 8.659 4.1988 0.4331, 8.6197 4.1039 0.1181, 8.6197 4.1039 0.4331, 8.6063 4.002 0.1181, 8.6063 4.002 0.4331, 8.6197 3.9001 0.1181, 8.6197 3.9001 0.4331, 8.659 3.8051 0.1181, 8.659 3.8051 0.4331, 8.7216 3.7236 0.1181, 8.7216 3.7236 0.4331, 8.8031 3.661 0.1181, 8.8031 3.661 0.4331, 8.8981 3.6217 0.1181, 8.8981 3.6217 0.4331, 9.0 3.6083 0.1181, 9.0 3.6083 0.4331, 9.1019 3.6217 0.1181, 9.1019 3.6217 0.4331, 9.1968 3.661 0.1181, 9.1968 3.661 0.4331, 9.2784 3.7236 0.1181, 9.2784 3.7236 0.4331, 9.3409 3.8051 0.1181, 9.3409 3.8051 0.4331, 9.3803 3.9001 0.1181, 9.3803 3.9001 0.4331, 9.3937 4.002 0.1181, 8.8608 4.1412 0.0394, 8.7773 4.2247 0.0394, 8.9016 4.1724 0.0394, 8.8425 4.2747 0.0394, 8.949 4.1921 0.0394, 8.9185 4.3062 0.0394, 9.0 4.1988 0.0394, 9.0 4.3169 0.0394, 9.0509 4.1921 0.0394, 9.0815 4.3062 0.0394, 9.0984 4.1724 0.0394, 9.1575 4.2747 0.0394, 9.1392 4.1412 0.0394, 9.2227 4.2247 0.0394, 9.1705 4.1004 0.0394, 9.2727 4.1594 0.0394, 9.1901 4.0529 0.0394, 9.3042 4.0835 0.0394, 9.1968 4.002 0.0394, 9.3149 4.002 0.0394, 9.1901 3.951 0.0394, 9.3042 3.9205 0.0394, 9.1705 3.9035 0.0394, 9.2727 3.8445 0.0394, 9.1392 3.8628 0.0394, 9.2227 3.7793 0.0394, 9.0984 3.8315 0.0394, 9.1575 3.7292 0.0394, 9.0509 3.8118 0.0394, 9.0815 3.6977 0.0394, 9.0 3.8051 0.0394, 9.0 3.687 0.0394, 8.949 3.8118 0.0394, 8.9185 3.6977 0.0394, 8.9016 3.8315 0.0394, 8.8425 3.7292 0.0394, 8.8608 3.8628 0.0394, 8.7773 3.7793 0.0394, 8.8295 3.9035 0.0394, 8.7272 3.8445 0.0394, 8.8098 3.951 0.0394, 8.6958 3.9205 0.0394, 8.8031 4.002 0.0394, 8.685 4.002 0.0394, 8.8098 4.0529 0.0394, 8.6958 4.0835 0.0394, 8.8295 4.1004 0.0394, 8.7272 4.1594 0.0394
            ]
        }
        coordIndex [
            0,1,2,-1,2,1,3,-1,2,3,4,-1,4,3,5,-1,4,5,6,-1,6,5,7,-1,6,7,8,-1,8,7,9,-1,8,9,10,-1,10,9,11,-1,10,11,12,-1,12,11,13,-1,12,13,14,-1,14,13,15,-1,14,15,16,-1,16,15,17,-1,16,17,18,-1,18,17,19,-1,18,19,20,-1,20,19,21,-1,20,21,22,-1,22,21,23,-1,22,23,24,-1,24,23,25,-1,24,25,26,-1,26,25,27,-1,26,27,28,-1,28,27,29,-1,28,29,30,-1,30,29,31,-1,30,31,32,-1,32,31,33,-1,32,33,34,-1,34,33,35,-1,34,35,36,-1,36,35,37,-1,36,37,38,-1,38,37,39,-1,38,39,40,-1,40,39,41,-1,40,41,42,-1,42,41,43,-1,42,43,44,-1,44,43,45,-1,44,45,46,-1,46,45,47,-1,46,47,0,-1,0,47,1,-1,48,49,50,-1,50,49,51,-1,50,51,52,-1,52,51,53,-1,52,53,54,-1,54,53,55,-1,54,55,56,-1,56,55,57,-1,56,57,58,-1,58,57,59,-1,58,59,60,-1,60,59,61,-1,60,61,62,-1,62,61,63,-1,62,63,64,-1,64,63,65,-1,64,65,66,-1,66,65,67,-1,66,67,68,-1,68,67,69,-1,68,69,70,-1,70,69,71,-1,70,71,72,-1,72,71,73,-1,72,73,74,-1,74,73,75,-1,74,75,76,-1,76,75,77,-1,76,77,78,-1,78,77,79,-1,78,79,80,-1,80,79,81,-1,80,81,82,-1,82,81,83,-1,82,83,84,-1,84,83,85,-1,84,85,86,-1,86,85,87,-1,86,87,88,-1,88,87,89,-1,88,89,90,-1,90,89,91,-1,90,91,92,-1,92,91,93,-1,92,93,94,-1,94,93,95,-1,94,95,48,-1,48,95,49,-1,
        ]
    }
}
Shape{
    appearance Appearance {
        material  Material 	{
            diffuseColor 0.7529411764705882 0.7529411764705882 0.7529411764705882
            specularColor 0.3764705882352941 0.3764705882352941 0.3764705882352941
            ambientIntensity 0.7529
            transparency 0.0
            shininess 0.5
        }
    }
    geometry IndexedFaceSet {
        ccw TRUE
        solid FALSE
        coord DEF co Coordinate {
            point [
                8.8295 3.9035 -1.378, 8.8098 3.951 -1.378, 9.0 4.002 -1.378, 8.8031 4.002 -1.378, 8.8098 4.0529 -1.378, 8.949 3.8118 -1.378, 8.9016 3.8315 -1.378, 8.8608 3.8628 -1.378, 9.0984 3.8315 -1.378, 9.0509 3.8118 -1.378, 9.0 3.8051 -1.378, 9.1901 3.951 -1.378, 9.1705 3.9035 -1.378, 9.1392 3.8628 -1.378, 9.1705 4.1004 -1.378, 9.1901 4.0529 -1.378, 9.1968 4.002 -1.378, 9.0509 4.1921 -1.378, 9.0984 4.1724 -1.378, 9.1392 4.1412 -1.378, 8.9016 4.1724 -1.378, 8.949 4.1921 -1.378, 9.0 4.1988 -1.378, 8.8295 4.1004 -1.378, 8.8608 4.1412 -1.378, 9.1968 4.002 0.0394, 9.1901 4.0529 0.0394, 9.1705 4.1004 0.0394, 9.1392 4.1412 0.0394, 9.0984 4.1724 0.0394, 9.0509 4.1921 0.0394, 9.0 4.1988 0.0394, 8.949 4.1921 0.0394, 8.9016 4.1724 0.0394, 8.8608 4.1412 0.0394, 8.8295 4.1004 0.0394, 8.8098 4.0529 0.0394, 8.8031 4.002 0.0394, 8.8098 3.951 0.0394, 8.8295 3.9035 0.0394, 8.8608 3.8628 0.0394, 8.9016 3.8315 0.0394, 8.949 3.8118 0.0394, 9.0 3.8051 0.0394, 9.0509 3.8118 0.0394, 9.0984 3.8315 0.0394, 9.1392 3.8628 0.0394, 9.1705 3.9035 0.0394, 9.1901 3.951 0.0394
            ]
        }
        coordIndex [
            0,1,2,-1,2,1,3,-1,2,3,4,-1,5,6,2,-1,2,6,7,-1,2,7,0,-1,8,9,2,-1,2,9,10,-1,2,10,5,-1,11,12,2,-1,2,12,13,-1,2,13,8,-1,14,15,2,-1,2,15,16,-1,2,16,11,-1,17,18,2,-1,2,18,19,-1,2,19,14,-1,20,21,2,-1,2,21,22,-1,2,22,17,-1,4,23,2,-1,2,23,24,-1,2,24,20,-1,25,15,26,-1,26,15,14,-1,26,14,27,-1,27,14,19,-1,27,19,28,-1,28,19,18,-1,28,18,29,-1,29,18,17,-1,29,17,30,-1,30,17,22,-1,30,22,31,-1,31,22,21,-1,31,21,32,-1,32,21,20,-1,32,20,33,-1,33,20,24,-1,33,24,34,-1,34,24,23,-1,34,23,35,-1,35,23,4,-1,35,4,36,-1,36,4,3,-1,36,3,37,-1,37,3,1,-1,37,1,38,-1,38,1,0,-1,38,0,39,-1,39,0,7,-1,39,7,40,-1,40,7,6,-1,40,6,41,-1,41,6,5,-1,41,5,42,-1,42,5,10,-1,42,10,43,-1,43,10,9,-1,43,9,44,-1,44,9,8,-1,44,8,45,-1,45,8,13,-1,45,13,46,-1,46,13,12,-1,46,12,47,-1,47,12,11,-1,47,11,48,-1,48,11,16,-1,48,16,25,-1,25,16,15,-1,
        ]
    }
}
Shape{
    appearance Appearance {
        material  Material 	{
            diffuseColor 0.25098039215686274 0.25098039215686274 0.25098039215686274
            specularColor 0.12549019607843137 0.12549019607843137 0.12549019607843137
            ambientIntensity 0.251
            transparency 0.0
            shininess 0.5
        }
    }
    geometry IndexedFaceSet {
        ccw TRUE
        solid FALSE
        coord DEF co Coordinate {
            point [
                9.3937 -3.998 0.4331, 9.3803 -3.8961 0.1181, 9.3803 -3.8961 0.4331, 9.3409 -3.8012 0.1181, 9.3409 -3.8012 0.4331, 9.2784 -3.7196 0.1181, 9.2784 -3.7196 0.4331, 9.1968 -3.6571 0.1181, 9.1968 -3.6571 0.4331, 9.1019 -3.6177 0.1181, 9.1019 -3.6177 0.4331, 9.0 -3.6043 0.1181, 9.0 -3.6043 0.4331, 8.8981 -3.6177 0.1181, 8.8981 -3.6177 0.4331, 8.8031 -3.6571 0.1181, 8.8031 -3.6571 0.4331, 8.7216 -3.7196 0.1181, 8.7216 -3.7196 0.4331, 8.659 -3.8012 0.1181, 8.659 -3.8012 0.4331, 8.6197 -3.8961 0.1181, 8.6197 -3.8961 0.4331, 8.6063 -3.998 0.1181, 8.6063 -3.998 0.4331, 8.6197 -4.0999 0.1181, 8.6197 -4.0999 0.4331, 8.659 -4.1949 0.1181, 8.659 -4.1949 0.4331, 8.7216 -4.2764 0.1181, 8.7216 -4.2764 0.4331, 8.8031 -4.339 0.1181, 8.8031 -4.339 0.4331, 8.8981 -4.3783 0.1181, 8.8981 -4.3783 0.4331, 9.0 -4.3917 0.1181, 9.0 -4.3917 0.4331, 9.1019 -4.3783 0.1181, 9.1019 -4.3783 0.4331, 9.1968 -4.339 0.1181, 9.1968 -4.339 0.4331, 9.2784 -4.2764 0.1181, 9.2784 -4.2764 0.4331, 9.3409 -4.1949 0.1181, 9.3409 -4.1949 0.4331, 9.3803 -4.0999 0.1181, 9.3803 -4.0999 0.4331, 9.3937 -3.998 0.1181, 9.0 -3.8012 0.0394, 9.0 -3.6831 0.0394, 9.0509 -3.8079 0.0394, 9.0815 -3.6938 0.0394, 9.0984 -3.8276 0.0394, 9.1575 -3.7253 0.0394, 9.1392 -3.8588 0.0394, 9.2227 -3.7753 0.0394, 9.1705 -3.8996 0.0394, 9.2727 -3.8406 0.0394, 9.1901 -3.9471 0.0394, 9.3042 -3.9165 0.0394, 9.1968 -3.998 0.0394, 9.3149 -3.998 0.0394, 9.1901 -4.049 0.0394, 9.3042 -4.0795 0.0394, 9.1705 -4.0965 0.0394, 9.2727 -4.1555 0.0394, 9.1392 -4.1372 0.0394, 9.2227 -4.2207 0.0394, 9.0984 -4.1685 0.0394, 9.1575 -4.2708 0.0394, 9.0509 -4.1882 0.0394, 9.0815 -4.3023 0.0394, 9.0 -4.1949 0.0394, 9.0 -4.313 0.0394, 8.949 -4.1882 0.0394, 8.9185 -4.3023 0.0394, 8.9016 -4.1685 0.0394, 8.8425 -4.2708 0.0394, 8.8608 -4.1372 0.0394, 8.7773 -4.2207 0.0394, 8.8295 -4.0965 0.0394, 8.7272 -4.1555 0.0394, 8.8098 -4.049 0.0394, 8.6958 -4.0795 0.0394, 8.8031 -3.998 0.0394, 8.685 -3.998 0.0394, 8.8098 -3.9471 0.0394, 8.6958 -3.9165 0.0394, 8.8295 -3.8996 0.0394, 8.7272 -3.8406 0.0394, 8.8608 -3.8588 0.0394, 8.7773 -3.7753 0.0394, 8.9016 -3.8276 0.0394, 8.8425 -3.7253 0.0394, 8.949 -3.8079 0.0394, 8.9185 -3.6938 0.0394
            ]
        }
        coordIndex [
            0,1,2,-1,2,1,3,-1,2,3,4,-1,4,3,5,-1,4,5,6,-1,6,5,7,-1,6,7,8,-1,8,7,9,-1,8,9,10,-1,10,9,11,-1,10,11,12,-1,12,11,13,-1,12,13,14,-1,14,13,15,-1,14,15,16,-1,16,15,17,-1,16,17,18,-1,18,17,19,-1,18,19,20,-1,20,19,21,-1,20,21,22,-1,22,21,23,-1,22,23,24,-1,24,23,25,-1,24,25,26,-1,26,25,27,-1,26,27,28,-1,28,27,29,-1,28,29,30,-1,30,29,31,-1,30,31,32,-1,32,31,33,-1,32,33,34,-1,34,33,35,-1,34,35,36,-1,36,35,37,-1,36,37,38,-1,38,37,39,-1,38,39,40,-1,40,39,41,-1,40,41,42,-1,42,41,43,-1,42,43,44,-1,44,43,45,-1,44,45,46,-1,46,45,47,-1,46,47,0,-1,0,47,1,-1,48,49,50,-1,50,49,51,-1,50,51,52,-1,52,51,53,-1,52,53,54,-1,54,53,55,-1,54,55,56,-1,56,55,57,-1,56,57,58,-1,58,57,59,-1,58,59,60,-1,60,59,61,-1,60,61,62,-1,62,61,63,-1,62,63,64,-1,64,63,65,-1,64,65,66,-1,66,65,67,-1,66,67,68,-1,68,67,69,-1,68,69,70,-1,70,69,71,-1,70,71,72,-1,72,71,73,-1,72,73,74,-1,74,73,75,-1,74,75,76,-1,76,75,77,-1,76,77,78,-1,78,77,79,-1,78,79,80,-1,80,79,81,-1,80,81,82,-1,82,81,83,-1,82,83,84,-1,84,83,85,-1,84,85,86,-1,86,85,87,-1,86,87,88,-1,88,87,89,-1,88,89,90,-1,90,89,91,-1,90,91,92,-1,92,91,93,-1,92,93,94,-1,94,93,95,-1,94,95,48,-1,48,95,49,-1,
        ]
    }
}
Shape{
    appearance Appearance {
        material  Material 	{
            diffuseColor 0.7529411764705882 0.7529411764705882 0.7529411764705882
            specularColor 0.3764705882352941 0.3764705882352941 0.3764705882352941
            ambientIntensity 0.7529
            transparency 0.0
            shininess 0.5
        }
    }
    geometry IndexedFaceSet {
        ccw TRUE
        solid FALSE
        coord DEF co Coordinate {
            point [
                8.8295 -4.0965 -1.378, 8.8098 -4.049 -1.378, 9.0 -3.998 -1.378, 8.8031 -3.998 -1.378, 8.8098 -3.9471 -1.378, 8.949 -4.1882 -1.378, 8.9016 -4.1685 -1.378, 8.8608 -4.1372 -1.378, 9.0984 -4.1685 -1.378, 9.0509 -4.1882 -1.378, 9.0 -4.1949 -1.378, 9.1901 -4.049 -1.378, 9.1705 -4.0965 -1.378, 9.1392 -4.1372 -1.378, 9.1705 -3.8996 -1.378, 9.1901 -3.9471 -1.378, 9.1968 -3.998 -1.378, 9.0509 -3.8079 -1.378, 9.0984 -3.8276 -1.378, 9.1392 -3.8588 -1.378, 8.9016 -3.8276 -1.378, 8.949 -3.8079 -1.378, 9.0 -3.8012 -1.378, 8.8295 -3.8996 -1.378, 8.8608 -3.8588 -1.378, 9.1968 -3.998 0.0394, 9.1901 -3.9471 0.0394, 9.1705 -3.8996 0.0394, 9.1392 -3.8588 0.0394, 9.0984 -3.8276 0.0394, 9.0509 -3.8079 0.0394, 9.0 -3.8012 0.0394, 8.949 -3.8079 0.0394, 8.9016 -3.8276 0.0394, 8.8608 -3.8588 0.0394, 8.8295 -3.8996 0.0394, 8.8098 -3.9471 0.0394, 8.8031 -3.998 0.0394, 8.8098 -4.049 0.0394, 8.8295 -4.0965 0.0394, 8.8608 -4.1372 0.0394, 8.9016 -4.1685 0.0394, 8.949 -4.1882 0.0394, 9.0 -4.1949 0.0394, 9.0509 -4.1882 0.0394, 9.0984 -4.1685 0.0394, 9.1392 -4.1372 0.0394, 9.1705 -4.0965 0.0394, 9.1901 -4.049 0.0394
            ]
        }
        coordIndex [
            0,1,2,-1,2,1,3,-1,2,3,4,-1,5,6,2,-1,2,6,7,-1,2,7,0,-1,8,9,2,-1,2,9,10,-1,2,10,5,-1,11,12,2,-1,2,12,13,-1,2,13,8,-1,14,15,2,-1,2,15,16,-1,2,16,11,-1,17,18,2,-1,2,18,19,-1,2,19,14,-1,20,21,2,-1,2,21,22,-1,2,22,17,-1,4,23,2,-1,2,23,24,-1,2,24,20,-1,25,15,26,-1,26,15,14,-1,26,14,27,-1,27,14,19,-1,27,19,28,-1,28,19,18,-1,28,18,29,-1,29,18,17,-1,29,17,30,-1,30,17,22,-1,30,22,31,-1,31,22,21,-1,31,21,32,-1,32,21,20,-1,32,20,33,-1,33,20,24,-1,33,24,34,-1,34,24,23,-1,34,23,35,-1,35,23,4,-1,35,4,36,-1,36,4,3,-1,36,3,37,-1,37,3,1,-1,37,1,38,-1,38,1,0,-1,38,0,39,-1,39,0,7,-1,39,7,40,-1,40,7,6,-1,40,6,41,-1,41,6,5,-1,41,5,42,-1,42,5,10,-1,42,10,43,-1,43,10,9,-1,43,9,44,-1,44,9,8,-1,44,8,45,-1,45,8,13,-1,45,13,46,-1,46,13,12,-1,46,12,47,-1,47,12,11,-1,47,11,48,-1,48,11,16,-1,48,16,25,-1,25,16,15,-1,
        ]
    }
}
Shape{
    appearance Appearance {
        material  Material 	{
            diffuseColor 0.25098039215686274 0.25098039215686274 0.25098039215686274
            specularColor 0.12549019607843137 0.12549019607843137 0.12549019607843137
            ambientIntensity 0.251
            transparency 0.0
            shininess 0.5
        }
    }
    geometry IndexedFaceSet {
        ccw TRUE
        solid FALSE
        coord DEF co Coordinate {
            point [
                9.3937 0.002 0.4331, 9.3803 0.1039 0.1181, 9.3803 0.1039 0.4331, 9.3409 0.1988 0.1181, 9.3409 0.1988 0.4331, 9.2784 0.2804 0.1181, 9.2784 0.2804 0.4331, 9.1968 0.3429 0.1181, 9.1968 0.3429 0.4331, 9.1019 0.3823 0.1181, 9.1019 0.3823 0.4331, 9.0 0.3957 0.1181, 9.0 0.3957 0.4331, 8.8981 0.3823 0.1181, 8.8981 0.3823 0.4331, 8.8031 0.3429 0.1181, 8.8031 0.3429 0.4331, 8.7216 0.2804 0.1181, 8.7216 0.2804 0.4331, 8.659 0.1988 0.1181, 8.659 0.1988 0.4331, 8.6197 0.1039 0.1181, 8.6197 0.1039 0.4331, 8.6063 0.002 0.1181, 8.6063 0.002 0.4331, 8.6197 -0.0999 0.1181, 8.6197 -0.0999 0.4331, 8.659 -0.1949 0.1181, 8.659 -0.1949 0.4331, 8.7216 -0.2764 0.1181, 8.7216 -0.2764 0.4331, 8.8031 -0.339 0.1181, 8.8031 -0.339 0.4331, 8.8981 -0.3783 0.1181, 8.8981 -0.3783 0.4331, 9.0 -0.3917 0.1181, 9.0 -0.3917 0.4331, 9.1019 -0.3783 0.1181, 9.1019 -0.3783 0.4331, 9.1968 -0.339 0.1181, 9.1968 -0.339 0.4331, 9.2784 -0.2764 0.1181, 9.2784 -0.2764 0.4331, 9.3409 -0.1949 0.1181, 9.3409 -0.1949 0.4331, 9.3803 -0.0999 0.1181, 9.3803 -0.0999 0.4331, 9.3937 0.002 0.1181, 8.8608 0.1412 0.0394, 8.7773 0.2247 0.0394, 8.9016 0.1724 0.0394, 8.8425 0.2747 0.0394, 8.949 0.1921 0.0394, 8.9185 0.3062 0.0394, 9.0 0.1988 0.0394, 9.0 0.3169 0.0394, 9.0509 0.1921 0.0394, 9.0815 0.3062 0.0394, 9.0984 0.1724 0.0394, 9.1575 0.2747 0.0394, 9.1392 0.1412 0.0394, 9.2227 0.2247 0.0394, 9.1705 0.1004 0.0394, 9.2727 0.1594 0.0394, 9.1901 0.0529 0.0394, 9.3042 0.0835 0.0394, 9.1968 0.002 0.0394, 9.3149 0.002 0.0394, 9.1901 -0.049 0.0394, 9.3042 -0.0795 0.0394, 9.1705 -0.0965 0.0394, 9.2727 -0.1555 0.0394, 9.1392 -0.1372 0.0394, 9.2227 -0.2207 0.0394, 9.0984 -0.1685 0.0394, 9.1575 -0.2708 0.0394, 9.0509 -0.1882 0.0394, 9.0815 -0.3023 0.0394, 9.0 -0.1949 0.0394, 9.0 -0.313 0.0394, 8.949 -0.1882 0.0394, 8.9185 -0.3023 0.0394, 8.9016 -0.1685 0.0394, 8.8425 -0.2708 0.0394, 8.8608 -0.1372 0.0394, 8.7773 -0.2207 0.0394, 8.8295 -0.0965 0.0394, 8.7272 -0.1555 0.0394, 8.8098 -0.049 0.0394, 8.6958 -0.0795 0.0394, 8.8031 0.002 0.0394, 8.685 0.002 0.0394, 8.8098 0.0529 0.0394, 8.6958 0.0835 0.0394, 8.8295 0.1004 0.0394, 8.7272 0.1594 0.0394
            ]
        }
        coordIndex [
            0,1,2,-1,2,1,3,-1,2,3,4,-1,4,3,5,-1,4,5,6,-1,6,5,7,-1,6,7,8,-1,8,7,9,-1,8,9,10,-1,10,9,11,-1,10,11,12,-1,12,11,13,-1,12,13,14,-1,14,13,15,-1,14,15,16,-1,16,15,17,-1,16,17,18,-1,18,17,19,-1,18,19,20,-1,20,19,21,-1,20,21,22,-1,22,21,23,-1,22,23,24,-1,24,23,25,-1,24,25,26,-1,26,25,27,-1,26,27,28,-1,28,27,29,-1,28,29,30,-1,30,29,31,-1,30,31,32,-1,32,31,33,-1,32,33,34,-1,34,33,35,-1,34,35,36,-1,36,35,37,-1,36,37,38,-1,38,37,39,-1,38,39,40,-1,40,39,41,-1,40,41,42,-1,42,41,43,-1,42,43,44,-1,44,43,45,-1,44,45,46,-1,46,45,47,-1,46,47,0,-1,0,47,1,-1,48,49,50,-1,50,49,51,-1,50,51,52,-1,52,51,53,-1,52,53,54,-1,54,53,55,-1,54,55,56,-1,56,55,57,-1,56,57,58,-1,58,57,59,-1,58,59,60,-1,60,59,61,-1,60,61,62,-1,62,61,63,-1,62,63,64,-1,64,63,65,-1,64,65,66,-1,66,65,67,-1,66,67,68,-1,68,67,69,-1,68,69,70,-1,70,69,71,-1,70,71,72,-1,72,71,73,-1,72,73,74,-1,74,73,75,-1,74,75,76,-1,76,75,77,-1,76,77,78,-1,78,77,79,-1,78,79,80,-1,80,79,81,-1,80,81,82,-1,82,81,83,-1,82,83,84,-1,84,83,85,-1,84,85,86,-1,86,85,87,-1,86,87,88,-1,88,87,89,-1,88,89,90,-1,90,89,91,-1,90,91,92,-1,92,91,93,-1,92,93,94,-1,94,93,95,-1,94,95,48,-1,48,95,49,-1,
        ]
    }
}
Shape{
    appearance Appearance {
        material  Material 	{
            diffuseColor 0.7529411764705882 0.7529411764705882 0.7529411764705882
            specularColor 0.3764705882352941 0.3764705882352941 0.3764705882352941
            ambientIntensity 0.7529
            transparency 0.0
            shininess 0.5
        }
    }
    geometry IndexedFaceSet {
        ccw TRUE
        solid FALSE
        coord DEF co Coordinate {
            point [
                8.8295 -0.0965 -1.378, 8.8098 -0.049 -1.378, 9.0 0.002 -1.378, 8.8031 0.002 -1.378, 8.8098 0.0529 -1.378, 8.949 -0.1882 -1.378, 8.9016 -0.1685 -1.378, 8.8608 -0.1372 -1.378, 9.0984 -0.1685 -1.378, 9.0509 -0.1882 -1.378, 9.0 -0.1949 -1.378, 9.1901 -0.049 -1.378, 9.1705 -0.0965 -1.378, 9.1392 -0.1372 -1.378, 9.1705 0.1004 -1.378, 9.1901 0.0529 -1.378, 9.1968 0.002 -1.378, 9.0509 0.1921 -1.378, 9.0984 0.1724 -1.378, 9.1392 0.1412 -1.378, 8.9016 0.1724 -1.378, 8.949 0.1921 -1.378, 9.0 0.1988 -1.378, 8.8295 0.1004 -1.378, 8.8608 0.1412 -1.378, 9.1968 0.002 0.0394, 9.1901 0.0529 0.0394, 9.1705 0.1004 0.0394, 9.1392 0.1412 0.0394, 9.0984 0.1724 0.0394, 9.0509 0.1921 0.0394, 9.0 0.1988 0.0394, 8.949 0.1921 0.0394, 8.9016 0.1724 0.0394, 8.8608 0.1412 0.0394, 8.8295 0.1004 0.0394, 8.8098 0.0529 0.0394, 8.8031 0.002 0.0394, 8.8098 -0.049 0.0394, 8.8295 -0.0965 0.0394, 8.8608 -0.1372 0.0394, 8.9016 -0.1685 0.0394, 8.949 -0.1882 0.0394, 9.0 -0.1949 0.0394, 9.0509 -0.1882 0.0394, 9.0984 -0.1685 0.0394, 9.1392 -0.1372 0.0394, 9.1705 -0.0965 0.0394, 9.1901 -0.049 0.0394
            ]
        }
        coordIndex [
            0,1,2,-1,2,1,3,-1,2,3,4,-1,5,6,2,-1,2,6,7,-1,2,7,0,-1,8,9,2,-1,2,9,10,-1,2,10,5,-1,11,12,2,-1,2,12,13,-1,2,13,8,-1,14,15,2,-1,2,15,16,-1,2,16,11,-1,17,18,2,-1,2,18,19,-1,2,19,14,-1,20,21,2,-1,2,21,22,-1,2,22,17,-1,4,23,2,-1,2,23,24,-1,2,24,20,-1,25,15,26,-1,26,15,14,-1,26,14,27,-1,27,14,19,-1,27,19,28,-1,28,19,18,-1,28,18,29,-1,29,18,17,-1,29,17,30,-1,30,17,22,-1,30,22,31,-1,31,22,21,-1,31,21,32,-1,32,21,20,-1,32,20,33,-1,33,20,24,-1,33,24,34,-1,34,24,23,-1,34,23,35,-1,35,23,4,-1,35,4,36,-1,36,4,3,-1,36,3,37,-1,37,3,1,-1,37,1,38,-1,38,1,0,-1,38,0,39,-1,39,0,7,-1,39,7,40,-1,40,7,6,-1,40,6,41,-1,41,6,5,-1,41,5,42,-1,42,5,10,-1,42,10,43,-1,43,10,9,-1,43,9,44,-1,44,9,8,-1,44,8,45,-1,45,8,13,-1,45,13,46,-1,46,13,12,-1,46,12,47,-1,47,12,11,-1,47,11,48,-1,48,11,16,-1,48,16,25,-1,25,16,15,-1,
        ]
    }
}
Shape{
    appearance Appearance {
        material  Material 	{
            diffuseColor 0.25098039215686274 0.25098039215686274 0.25098039215686274
            specularColor 0.12549019607843137 0.12549019607843137 0.12549019607843137
            ambientIntensity 0.251
            transparency 0.0
            shininess 0.5
        }
    }
    geometry IndexedFaceSet {
        ccw TRUE
        solid FALSE
        coord DEF co Coordinate {
            point [
                -8.6063 3.002 0.4331, -8.6197 3.1039 0.1181, -8.6197 3.1039 0.4331, -8.6591 3.1988 0.1181, -8.6591 3.1988 0.4331, -8.7216 3.2804 0.1181, -8.7216 3.2804 0.4331, -8.8032 3.3429 0.1181, -8.8032 3.3429 0.4331, -8.8981 3.3823 0.1181, -8.8981 3.3823 0.4331, -9.0 3.3957 0.1181, -9.0 3.3957 0.4331, -9.1019 3.3823 0.1181, -9.1019 3.3823 0.4331, -9.1969 3.3429 0.1181, -9.1969 3.3429 0.4331, -9.2784 3.2804 0.1181, -9.2784 3.2804 0.4331, -9.341 3.1988 0.1181, -9.341 3.1988 0.4331, -9.3803 3.1039 0.1181, -9.3803 3.1039 0.4331, -9.3937 3.002 0.1181, -9.3937 3.002 0.4331, -9.3803 2.9001 0.1181, -9.3803 2.9001 0.4331, -9.341 2.8051 0.1181, -9.341 2.8051 0.4331, -9.2784 2.7236 0.1181, -9.2784 2.7236 0.4331, -9.1969 2.661 0.1181, -9.1969 2.661 0.4331, -9.1019 2.6217 0.1181, -9.1019 2.6217 0.4331, -9.0 2.6083 0.1181, -9.0 2.6083 0.4331, -8.8981 2.6217 0.1181, -8.8981 2.6217 0.4331, -8.8032 2.661 0.1181, -8.8032 2.661 0.4331, -8.7216 2.7236 0.1181, -8.7216 2.7236 0.4331, -8.6591 2.8051 0.1181, -8.6591 2.8051 0.4331, -8.6197 2.9001 0.1181, -8.6197 2.9001 0.4331, -8.6063 3.002 0.1181, -9.0 2.8051 0.0394, -9.0 2.687 0.0394, -9.051 2.8118 0.0394, -9.0815 2.6977 0.0394, -9.0984 2.8315 0.0394, -9.1575 2.7292 0.0394, -9.1392 2.8628 0.0394, -9.2227 2.7793 0.0394, -9.1705 2.9035 0.0394, -9.2728 2.8445 0.0394, -9.1902 2.951 0.0394, -9.3042 2.9205 0.0394, -9.1969 3.002 0.0394, -9.315 3.002 0.0394, -9.1902 3.0529 0.0394, -9.3042 3.0835 0.0394, -9.1705 3.1004 0.0394, -9.2728 3.1594 0.0394, -9.1392 3.1412 0.0394, -9.2227 3.2247 0.0394, -9.0984 3.1724 0.0394, -9.1575 3.2747 0.0394, -9.051 3.1921 0.0394, -9.0815 3.3062 0.0394, -9.0 3.1988 0.0394, -9.0 3.3169 0.0394, -8.9491 3.1921 0.0394, -8.9185 3.3062 0.0394, -8.9016 3.1724 0.0394, -8.8425 3.2747 0.0394, -8.8608 3.1412 0.0394, -8.7773 3.2247 0.0394, -8.8295 3.1004 0.0394, -8.7273 3.1594 0.0394, -8.8099 3.0529 0.0394, -8.6958 3.0835 0.0394, -8.8032 3.002 0.0394, -8.6851 3.002 0.0394, -8.8099 2.951 0.0394, -8.6958 2.9205 0.0394, -8.8295 2.9035 0.0394, -8.7273 2.8445 0.0394, -8.8608 2.8628 0.0394, -8.7773 2.7793 0.0394, -8.9016 2.8315 0.0394, -8.8425 2.7292 0.0394, -8.9491 2.8118 0.0394, -8.9185 2.6977 0.0394
            ]
        }
        coordIndex [
            0,1,2,-1,2,1,3,-1,2,3,4,-1,4,3,5,-1,4,5,6,-1,6,5,7,-1,6,7,8,-1,8,7,9,-1,8,9,10,-1,10,9,11,-1,10,11,12,-1,12,11,13,-1,12,13,14,-1,14,13,15,-1,14,15,16,-1,16,15,17,-1,16,17,18,-1,18,17,19,-1,18,19,20,-1,20,19,21,-1,20,21,22,-1,22,21,23,-1,22,23,24,-1,24,23,25,-1,24,25,26,-1,26,25,27,-1,26,27,28,-1,28,27,29,-1,28,29,30,-1,30,29,31,-1,30,31,32,-1,32,31,33,-1,32,33,34,-1,34,33,35,-1,34,35,36,-1,36,35,37,-1,36,37,38,-1,38,37,39,-1,38,39,40,-1,40,39,41,-1,40,41,42,-1,42,41,43,-1,42,43,44,-1,44,43,45,-1,44,45,46,-1,46,45,47,-1,46,47,0,-1,0,47,1,-1,48,49,50,-1,50,49,51,-1,50,51,52,-1,52,51,53,-1,52,53,54,-1,54,53,55,-1,54,55,56,-1,56,55,57,-1,56,57,58,-1,58,57,59,-1,58,59,60,-1,60,59,61,-1,60,61,62,-1,62,61,63,-1,62,63,64,-1,64,63,65,-1,64,65,66,-1,66,65,67,-1,66,67,68,-1,68,67,69,-1,68,69,70,-1,70,69,71,-1,70,71,72,-1,72,71,73,-1,72,73,74,-1,74,73,75,-1,74,75,76,-1,76,75,77,-1,76,77,78,-1,78,77,79,-1,78,79,80,-1,80,79,81,-1,80,81,82,-1,82,81,83,-1,82,83,84,-1,84,83,85,-1,84,85,86,-1,86,85,87,-1,86,87,88,-1,88,87,89,-1,88,89,90,-1,90,89,91,-1,90,91,92,-1,92,91,93,-1,92,93,94,-1,94,93,95,-1,94,95,48,-1,48,95,49,-1,
        ]
    }
}
Shape{
    appearance Appearance {
        material  Material 	{
            diffuseColor 0.7529411764705882 0.7529411764705882 0.7529411764705882
            specularColor 0.3764705882352941 0.3764705882352941 0.3764705882352941
            ambientIntensity 0.7529
            transparency 0.0
            shininess 0.5
        }
    }
    geometry IndexedFaceSet {
        ccw TRUE
        solid FALSE
        coord DEF co Coordinate {
            point [
                -9.1705 2.9035 -1.378, -9.1902 2.951 -1.378, -9.0 3.002 -1.378, -9.1969 3.002 -1.378, -9.1902 3.0529 -1.378, -9.051 2.8118 -1.378, -9.0984 2.8315 -1.378, -9.1392 2.8628 -1.378, -8.9016 2.8315 -1.378, -8.9491 2.8118 -1.378, -9.0 2.8051 -1.378, -8.8099 2.951 -1.378, -8.8295 2.9035 -1.378, -8.8608 2.8628 -1.378, -8.8295 3.1004 -1.378, -8.8099 3.0529 -1.378, -8.8032 3.002 -1.378, -8.9491 3.1921 -1.378, -8.9016 3.1724 -1.378, -8.8608 3.1412 -1.378, -9.0984 3.1724 -1.378, -9.051 3.1921 -1.378, -9.0 3.1988 -1.378, -9.1705 3.1004 -1.378, -9.1392 3.1412 -1.378, -8.8032 3.002 0.0394, -8.8099 3.0529 0.0394, -8.8295 3.1004 0.0394, -8.8608 3.1412 0.0394, -8.9016 3.1724 0.0394, -8.9491 3.1921 0.0394, -9.0 3.1988 0.0394, -9.051 3.1921 0.0394, -9.0984 3.1724 0.0394, -9.1392 3.1412 0.0394, -9.1705 3.1004 0.0394, -9.1902 3.0529 0.0394, -9.1969 3.002 0.0394, -9.1902 2.951 0.0394, -9.1705 2.9035 0.0394, -9.1392 2.8628 0.0394, -9.0984 2.8315 0.0394, -9.051 2.8118 0.0394, -9.0 2.8051 0.0394, -8.9491 2.8118 0.0394, -8.9016 2.8315 0.0394, -8.8608 2.8628 0.0394, -8.8295 2.9035 0.0394, -8.8099 2.951 0.0394
            ]
        }
        coordIndex [
            0,1,2,-1,2,1,3,-1,2,3,4,-1,5,6,2,-1,2,6,7,-1,2,7,0,-1,8,9,2,-1,2,9,10,-1,2,10,5,-1,11,12,2,-1,2,12,13,-1,2,13,8,-1,14,15,2,-1,2,15,16,-1,2,16,11,-1,17,18,2,-1,2,18,19,-1,2,19,14,-1,20,21,2,-1,2,21,22,-1,2,22,17,-1,4,23,2,-1,2,23,24,-1,2,24,20,-1,25,15,26,-1,26,15,14,-1,26,14,27,-1,27,14,19,-1,27,19,28,-1,28,19,18,-1,28,18,29,-1,29,18,17,-1,29,17,30,-1,30,17,22,-1,30,22,31,-1,31,22,21,-1,31,21,32,-1,32,21,20,-1,32,20,33,-1,33,20,24,-1,33,24,34,-1,34,24,23,-1,34,23,35,-1,35,23,4,-1,35,4,36,-1,36,4,3,-1,36,3,37,-1,37,3,1,-1,37,1,38,-1,38,1,0,-1,38,0,39,-1,39,0,7,-1,39,7,40,-1,40,7,6,-1,40,6,41,-1,41,6,5,-1,41,5,42,-1,42,5,10,-1,42,10,43,-1,43,10,9,-1,43,9,44,-1,44,9,8,-1,44,8,45,-1,45,8,13,-1,45,13,46,-1,46,13,12,-1,46,12,47,-1,47,12,11,-1,47,11,48,-1,48,11,16,-1,48,16,25,-1,25,16,15,-1,
        ]
    }
}
Shape{
    appearance Appearance {
        material  Material 	{
            diffuseColor 0.25098039215686274 0.25098039215686274 0.25098039215686274
            specularColor 0.12549019607843137 0.12549019607843137 0.12549019607843137
            ambientIntensity 0.251
            transparency 0.0
            shininess 0.5
        }
    }
    geometry IndexedFaceSet {
        ccw TRUE
        solid FALSE
        coord DEF co Coordinate {
            point [
                8.685 4.002 0.0394, 8.6761 4.0888 0.0421, 8.6958 4.0835 0.0394, 8.7096 4.1696 0.0421, 8.7272 4.1594 0.0394, 8.7629 4.2391 0.0421, 8.7773 4.2247 0.0394, 8.8323 4.2924 0.0421, 8.8425 4.2747 0.0394, 8.9132 4.3259 0.0421, 8.9185 4.3062 0.0394, 9.0 4.3373 0.0421, 9.0 4.3169 0.0394, 9.0868 4.3259 0.0421, 9.0815 4.3062 0.0394, 9.1677 4.2924 0.0421, 9.1575 4.2747 0.0394, 9.2371 4.2391 0.0421, 9.2227 4.2247 0.0394, 9.2904 4.1696 0.0421, 9.2727 4.1594 0.0394, 9.3239 4.0888 0.0421, 9.3042 4.0835 0.0394, 9.3353 4.002 0.0421, 9.3149 4.002 0.0394, 9.3239 3.9152 0.0421, 9.3042 3.9205 0.0394, 9.2904 3.8343 0.0421, 9.2727 3.8445 0.0394, 9.2371 3.7648 0.0421, 9.2227 3.7793 0.0394, 9.1677 3.7116 0.0421, 9.1575 3.7292 0.0394, 9.0868 3.6781 0.0421, 9.0815 3.6977 0.0394, 9.0 3.6666 0.0421, 9.0 3.687 0.0394, 8.9132 3.6781 0.0421, 8.9185 3.6977 0.0394, 8.8323 3.7116 0.0421, 8.8425 3.7292 0.0394, 8.7629 3.7648 0.0421, 8.7773 3.7793 0.0394, 8.7096 3.8343 0.0421, 8.7272 3.8445 0.0394, 8.6761 3.9152 0.0421, 8.6958 3.9205 0.0394, 8.6646 4.002 0.0421, 8.6577 4.0937 0.0499, 8.6931 4.1791 0.0499, 8.7494 4.2525 0.0499, 8.8228 4.3088 0.0499, 8.9083 4.3442 0.0499, 9.0 4.3563 0.0499, 9.0917 4.3442 0.0499, 9.1771 4.3088 0.0499, 9.2505 4.2525 0.0499, 9.3068 4.1791 0.0499, 9.3422 4.0937 0.0499, 9.3543 4.002 0.0499, 9.3422 3.9103 0.0499, 9.3068 3.8248 0.0499, 9.2505 3.7514 0.0499, 9.1771 3.6951 0.0499, 9.0917 3.6597 0.0499, 9.0 3.6476 0.0499, 8.9083 3.6597 0.0499, 8.8228 3.6951 0.0499, 8.7494 3.7514 0.0499, 8.6931 3.8248 0.0499, 8.6577 3.9103 0.0499, 8.6456 4.002 0.0499, 8.642 4.0979 0.0624, 8.679 4.1873 0.0624, 8.7379 4.264 0.0624, 8.8147 4.323 0.0624, 8.9041 4.36 0.0624, 9.0 4.3726 0.0624, 9.0959 4.36 0.0624, 9.1853 4.323 0.0624, 9.2621 4.264 0.0624, 9.321 4.1873 0.0624, 9.358 4.0979 0.0624, 9.3706 4.002 0.0624, 9.358 3.906 0.0624, 9.321 3.8166 0.0624, 9.2621 3.7399 0.0624, 9.1853 3.681 0.0624, 9.0959 3.644 0.0624, 9.0 3.6313 0.0624, 8.9041 3.644 0.0624, 8.8147 3.681 0.0624, 8.7379 3.7399 0.0624, 8.679 3.8166 0.0624, 8.642 3.906 0.0624, 8.6293 4.002 0.0624, 8.6299 4.1011 0.0787, 8.6682 4.1935 0.0787, 8.7291 4.2729 0.0787, 8.8084 4.3338 0.0787, 8.9008 4.3721 0.0787, 9.0 4.3851 0.0787, 9.0991 4.3721 0.0787, 9.1916 4.3338 0.0787, 9.2709 4.2729 0.0787, 9.3318 4.1935 0.0787, 9.3701 4.1011 0.0787, 9.3831 4.002 0.0787, 9.3701 3.9028 0.0787, 9.3318 3.8104 0.0787, 9.2709 3.731 0.0787, 9.1916 3.6701 0.0787, 9.0991 3.6319 0.0787, 9.0 3.6188 0.0787, 8.9008 3.6319 0.0787, 8.8084 3.6701 0.0787, 8.7291 3.731 0.0787, 8.6682 3.8104 0.0787, 8.6299 3.9028 0.0787, 8.6168 4.002 0.0787, 8.6223 4.1032 0.0977, 8.6613 4.1975 0.0977, 8.7235 4.2785 0.0977, 8.8045 4.3406 0.0977, 8.8988 4.3797 0.0977, 9.0 4.393 0.0977, 9.1012 4.3797 0.0977, 9.1955 4.3406 0.0977, 9.2765 4.2785 0.0977, 9.3386 4.1975 0.0977, 9.3777 4.1032 0.0977, 9.391 4.002 0.0977, 9.3777 3.9008 0.0977, 9.3386 3.8065 0.0977, 9.2765 3.7255 0.0977, 9.1955 3.6633 0.0977, 9.1012 3.6243 0.0977, 9.0 3.611 0.0977, 8.8988 3.6243 0.0977, 8.8045 3.6633 0.0977, 8.7235 3.7255 0.0977, 8.6613 3.8065 0.0977, 8.6223 3.9008 0.0977, 8.609 4.002 0.0977, 8.6197 4.1039 0.1181, 8.659 4.1988 0.1181, 8.7216 4.2804 0.1181, 8.8031 4.3429 0.1181, 8.8981 4.3823 0.1181, 9.0 4.3957 0.1181, 9.1019 4.3823 0.1181, 9.1968 4.3429 0.1181, 9.2784 4.2804 0.1181, 9.3409 4.1988 0.1181, 9.3803 4.1039 0.1181, 9.3937 4.002 0.1181, 9.3803 3.9001 0.1181, 9.3409 3.8051 0.1181, 9.2784 3.7236 0.1181, 9.1968 3.661 0.1181, 9.1019 3.6217 0.1181, 9.0 3.6083 0.1181, 8.8981 3.6217 0.1181, 8.8031 3.661 0.1181, 8.7216 3.7236 0.1181, 8.659 3.8051 0.1181, 8.6197 3.9001 0.1181, 8.6063 4.002 0.1181, 8.685 0.002 0.0394, 8.6761 0.0888 0.0421, 8.6958 0.0835 0.0394, 8.7096 0.1696 0.0421, 8.7272 0.1594 0.0394, 8.7629 0.2391 0.0421, 8.7773 0.2247 0.0394, 8.8323 0.2924 0.0421, 8.8425 0.2747 0.0394, 8.9132 0.3259 0.0421, 8.9185 0.3062 0.0394, 9.0 0.3373 0.0421, 9.0 0.3169 0.0394, 9.0868 0.3259 0.0421, 9.0815 0.3062 0.0394, 9.1677 0.2924 0.0421, 9.1575 0.2747 0.0394, 9.2371 0.2391 0.0421, 9.2227 0.2247 0.0394, 9.2904 0.1696 0.0421, 9.2727 0.1594 0.0394, 9.3239 0.0888 0.0421, 9.3042 0.0835 0.0394, 9.3353 0.002 0.0421, 9.3149 0.002 0.0394, 9.3239 -0.0848 0.0421, 9.3042 -0.0795 0.0394, 9.2904 -0.1657 0.0421, 9.2727 -0.1555 0.0394, 9.2371 -0.2352 0.0421, 9.2227 -0.2207 0.0394, 9.1677 -0.2884 0.0421, 9.1575 -0.2708 0.0394, 9.0868 -0.3219 0.0421, 9.0815 -0.3023 0.0394, 9.0 -0.3334 0.0421, 9.0 -0.313 0.0394, 8.9132 -0.3219 0.0421, 8.9185 -0.3023 0.0394, 8.8323 -0.2884 0.0421, 8.8425 -0.2708 0.0394, 8.7629 -0.2352 0.0421, 8.7773 -0.2207 0.0394, 8.7096 -0.1657 0.0421, 8.7272 -0.1555 0.0394, 8.6761 -0.0848 0.0421, 8.6958 -0.0795 0.0394, 8.6646 0.002 0.0421, 8.6577 0.0937 0.0499, 8.6931 0.1791 0.0499, 8.7494 0.2525 0.0499, 8.8228 0.3088 0.0499, 8.9083 0.3442 0.0499, 9.0 0.3563 0.0499, 9.0917 0.3442 0.0499, 9.1771 0.3088 0.0499, 9.2505 0.2525 0.0499, 9.3068 0.1791 0.0499, 9.3422 0.0937 0.0499, 9.3543 0.002 0.0499, 9.3422 -0.0897 0.0499, 9.3068 -0.1752 0.0499, 9.2505 -0.2486 0.0499, 9.1771 -0.3049 0.0499, 9.0917 -0.3403 0.0499, 9.0 -0.3524 0.0499, 8.9083 -0.3403 0.0499, 8.8228 -0.3049 0.0499, 8.7494 -0.2486 0.0499, 8.6931 -0.1752 0.0499, 8.6577 -0.0897 0.0499, 8.6456 0.002 0.0499, 8.642 0.0979 0.0624, 8.679 0.1873 0.0624, 8.7379 0.264 0.0624, 8.8147 0.323 0.0624, 8.9041 0.36 0.0624, 9.0 0.3726 0.0624, 9.0959 0.36 0.0624, 9.1853 0.323 0.0624, 9.2621 0.264 0.0624, 9.321 0.1873 0.0624, 9.358 0.0979 0.0624, 9.3706 0.002 0.0624, 9.358 -0.094 0.0624, 9.321 -0.1834 0.0624, 9.2621 -0.2601 0.0624, 9.1853 -0.319 0.0624, 9.0959 -0.356 0.0624, 9.0 -0.3687 0.0624, 8.9041 -0.356 0.0624, 8.8147 -0.319 0.0624, 8.7379 -0.2601 0.0624, 8.679 -0.1834 0.0624, 8.642 -0.094 0.0624, 8.6293 0.002 0.0624, 8.6299 0.1011 0.0787, 8.6682 0.1935 0.0787, 8.7291 0.2729 0.0787, 8.8084 0.3338 0.0787, 8.9008 0.3721 0.0787, 9.0 0.3851 0.0787, 9.0991 0.3721 0.0787, 9.1916 0.3338 0.0787, 9.2709 0.2729 0.0787, 9.3318 0.1935 0.0787, 9.3701 0.1011 0.0787, 9.3831 0.002 0.0787, 9.3701 -0.0972 0.0787, 9.3318 -0.1896 0.0787, 9.2709 -0.269 0.0787, 9.1916 -0.3299 0.0787, 9.0991 -0.3681 0.0787, 9.0 -0.3812 0.0787, 8.9008 -0.3681 0.0787, 8.8084 -0.3299 0.0787, 8.7291 -0.269 0.0787, 8.6682 -0.1896 0.0787, 8.6299 -0.0972 0.0787, 8.6168 0.002 0.0787, 8.6223 0.1032 0.0977, 8.6613 0.1975 0.0977, 8.7235 0.2785 0.0977, 8.8045 0.3406 0.0977, 8.8988 0.3797 0.0977, 9.0 0.393 0.0977, 9.1012 0.3797 0.0977, 9.1955 0.3406 0.0977, 9.2765 0.2785 0.0977, 9.3386 0.1975 0.0977, 9.3777 0.1032 0.0977, 9.391 0.002 0.0977, 9.3777 -0.0992 0.0977, 9.3386 -0.1935 0.0977, 9.2765 -0.2745 0.0977, 9.1955 -0.3367 0.0977, 9.1012 -0.3757 0.0977, 9.0 -0.389 0.0977, 8.8988 -0.3757 0.0977, 8.8045 -0.3367 0.0977, 8.7235 -0.2745 0.0977, 8.6613 -0.1935 0.0977, 8.6223 -0.0992 0.0977, 8.609 0.002 0.0977, 8.6197 0.1039 0.1181, 8.659 0.1988 0.1181, 8.7216 0.2804 0.1181, 8.8031 0.3429 0.1181, 8.8981 0.3823 0.1181, 9.0 0.3957 0.1181, 9.1019 0.3823 0.1181, 9.1968 0.3429 0.1181, 9.2784 0.2804 0.1181, 9.3409 0.1988 0.1181, 9.3803 0.1039 0.1181, 9.3937 0.002 0.1181, 9.3803 -0.0999 0.1181, 9.3409 -0.1949 0.1181, 9.2784 -0.2764 0.1181, 9.1968 -0.339 0.1181, 9.1019 -0.3783 0.1181, 9.0 -0.3917 0.1181, 8.8981 -0.3783 0.1181, 8.8031 -0.339 0.1181, 8.7216 -0.2764 0.1181, 8.659 -0.1949 0.1181, 8.6197 -0.0999 0.1181, 8.6063 0.002 0.1181, 8.685 -3.998 0.0394, 8.6761 -3.9112 0.0421, 8.6958 -3.9165 0.0394, 8.7096 -3.8304 0.0421, 8.7272 -3.8406 0.0394, 8.7629 -3.7609 0.0421, 8.7773 -3.7753 0.0394, 8.8323 -3.7076 0.0421, 8.8425 -3.7253 0.0394, 8.9132 -3.6741 0.0421, 8.9185 -3.6938 0.0394, 9.0 -3.6627 0.0421, 9.0 -3.6831 0.0394, 9.0868 -3.6741 0.0421, 9.0815 -3.6938 0.0394, 9.1677 -3.7076 0.0421, 9.1575 -3.7253 0.0394, 9.2371 -3.7609 0.0421, 9.2227 -3.7753 0.0394, 9.2904 -3.8304 0.0421, 9.2727 -3.8406 0.0394, 9.3239 -3.9112 0.0421, 9.3042 -3.9165 0.0394, 9.3353 -3.998 0.0421, 9.3149 -3.998 0.0394, 9.3239 -4.0848 0.0421, 9.3042 -4.0795 0.0394, 9.2904 -4.1657 0.0421, 9.2727 -4.1555 0.0394, 9.2371 -4.2352 0.0421, 9.2227 -4.2207 0.0394, 9.1677 -4.2884 0.0421, 9.1575 -4.2708 0.0394, 9.0868 -4.3219 0.0421, 9.0815 -4.3023 0.0394, 9.0 -4.3334 0.0421, 9.0 -4.313 0.0394, 8.9132 -4.3219 0.0421, 8.9185 -4.3023 0.0394, 8.8323 -4.2884 0.0421, 8.8425 -4.2708 0.0394, 8.7629 -4.2352 0.0421, 8.7773 -4.2207 0.0394, 8.7096 -4.1657 0.0421, 8.7272 -4.1555 0.0394, 8.6761 -4.0848 0.0421, 8.6958 -4.0795 0.0394, 8.6646 -3.998 0.0421, 8.6577 -3.9063 0.0499, 8.6931 -3.8209 0.0499, 8.7494 -3.7475 0.0499, 8.8228 -3.6912 0.0499, 8.9083 -3.6558 0.0499, 9.0 -3.6437 0.0499, 9.0917 -3.6558 0.0499, 9.1771 -3.6912 0.0499, 9.2505 -3.7475 0.0499, 9.3068 -3.8209 0.0499, 9.3422 -3.9063 0.0499, 9.3543 -3.998 0.0499, 9.3422 -4.0897 0.0499, 9.3068 -4.1752 0.0499, 9.2505 -4.2486 0.0499, 9.1771 -4.3049 0.0499, 9.0917 -4.3403 0.0499, 9.0 -4.3524 0.0499, 8.9083 -4.3403 0.0499, 8.8228 -4.3049 0.0499, 8.7494 -4.2486 0.0499, 8.6931 -4.1752 0.0499, 8.6577 -4.0897 0.0499, 8.6456 -3.998 0.0499, 8.642 -3.9021 0.0624, 8.679 -3.8127 0.0624, 8.7379 -3.736 0.0624, 8.8147 -3.677 0.0624, 8.9041 -3.64 0.0624, 9.0 -3.6274 0.0624, 9.0959 -3.64 0.0624, 9.1853 -3.677 0.0624, 9.2621 -3.736 0.0624, 9.321 -3.8127 0.0624, 9.358 -3.9021 0.0624, 9.3706 -3.998 0.0624, 9.358 -4.094 0.0624, 9.321 -4.1834 0.0624, 9.2621 -4.2601 0.0624, 9.1853 -4.319 0.0624, 9.0959 -4.356 0.0624, 9.0 -4.3687 0.0624, 8.9041 -4.356 0.0624, 8.8147 -4.319 0.0624, 8.7379 -4.2601 0.0624, 8.679 -4.1834 0.0624, 8.642 -4.094 0.0624, 8.6293 -3.998 0.0624, 8.6299 -3.8989 0.0787, 8.6682 -3.8065 0.0787, 8.7291 -3.7271 0.0787, 8.8084 -3.6662 0.0787, 8.9008 -3.6279 0.0787, 9.0 -3.6149 0.0787, 9.0991 -3.6279 0.0787, 9.1916 -3.6662 0.0787, 9.2709 -3.7271 0.0787, 9.3318 -3.8065 0.0787, 9.3701 -3.8989 0.0787, 9.3831 -3.998 0.0787, 9.3701 -4.0972 0.0787, 9.3318 -4.1896 0.0787, 9.2709 -4.269 0.0787, 9.1916 -4.3299 0.0787, 9.0991 -4.3681 0.0787, 9.0 -4.3812 0.0787, 8.9008 -4.3681 0.0787, 8.8084 -4.3299 0.0787, 8.7291 -4.269 0.0787, 8.6682 -4.1896 0.0787, 8.6299 -4.0972 0.0787, 8.6168 -3.998 0.0787, 8.6223 -3.8968 0.0977, 8.6613 -3.8025 0.0977, 8.7235 -3.7215 0.0977, 8.8045 -3.6594 0.0977, 8.8988 -3.6203 0.0977, 9.0 -3.607 0.0977, 9.1012 -3.6203 0.0977, 9.1955 -3.6594 0.0977, 9.2765 -3.7215 0.0977, 9.3386 -3.8025 0.0977, 9.3777 -3.8968 0.0977, 9.391 -3.998 0.0977, 9.3777 -4.0992 0.0977, 9.3386 -4.1935 0.0977, 9.2765 -4.2745 0.0977, 9.1955 -4.3367 0.0977, 9.1012 -4.3757 0.0977, 9.0 -4.389 0.0977, 8.8988 -4.3757 0.0977, 8.8045 -4.3367 0.0977, 8.7235 -4.2745 0.0977, 8.6613 -4.1935 0.0977, 8.6223 -4.0992 0.0977, 8.609 -3.998 0.0977, 8.6197 -3.8961 0.1181, 8.659 -3.8012 0.1181, 8.7216 -3.7196 0.1181, 8.8031 -3.6571 0.1181, 8.8981 -3.6177 0.1181, 9.0 -3.6043 0.1181, 9.1019 -3.6177 0.1181, 9.1968 -3.6571 0.1181, 9.2784 -3.7196 0.1181, 9.3409 -3.8012 0.1181, 9.3803 -3.8961 0.1181, 9.3937 -3.998 0.1181, 9.3803 -4.0999 0.1181, 9.3409 -4.1949 0.1181, 9.2784 -4.2764 0.1181, 9.1968 -4.339 0.1181, 9.1019 -4.3783 0.1181, 9.0 -4.3917 0.1181, 8.8981 -4.3783 0.1181, 8.8031 -4.339 0.1181, 8.7216 -4.2764 0.1181, 8.659 -4.1949 0.1181, 8.6197 -4.0999 0.1181, 8.6063 -3.998 0.1181, -9.315 -2.998 0.0394, -9.3239 -2.9112 0.0421, -9.3042 -2.9165 0.0394, -9.2904 -2.8304 0.0421, -9.2728 -2.8406 0.0394, -9.2371 -2.7609 0.0421, -9.2227 -2.7753 0.0394, -9.1677 -2.7076 0.0421, -9.1575 -2.7253 0.0394, -9.0868 -2.6741 0.0421, -9.0815 -2.6938 0.0394, -9.0 -2.6627 0.0421, -9.0 -2.6831 0.0394, -8.9132 -2.6741 0.0421, -8.9185 -2.6938 0.0394, -8.8323 -2.7076 0.0421, -8.8425 -2.7253 0.0394, -8.7629 -2.7609 0.0421, -8.7773 -2.7753 0.0394, -8.7096 -2.8304 0.0421, -8.7273 -2.8406 0.0394, -8.6761 -2.9112 0.0421, -8.6958 -2.9165 0.0394, -8.6647 -2.998 0.0421, -8.6851 -2.998 0.0394, -8.6761 -3.0848 0.0421, -8.6958 -3.0795 0.0394, -8.7096 -3.1657 0.0421, -8.7273 -3.1555 0.0394, -8.7629 -3.2352 0.0421, -8.7773 -3.2207 0.0394, -8.8323 -3.2884 0.0421, -8.8425 -3.2708 0.0394, -8.9132 -3.3219 0.0421, -8.9185 -3.3023 0.0394, -9.0 -3.3334 0.0421, -9.0 -3.313 0.0394, -9.0868 -3.3219 0.0421, -9.0815 -3.3023 0.0394, -9.1677 -3.2884 0.0421, -9.1575 -3.2708 0.0394, -9.2371 -3.2352 0.0421, -9.2227 -3.2207 0.0394, -9.2904 -3.1657 0.0421, -9.2728 -3.1555 0.0394, -9.3239 -3.0848 0.0421, -9.3042 -3.0795 0.0394, -9.3354 -2.998 0.0421, -9.3423 -2.9063 0.0499, -9.3069 -2.8209 0.0499, -9.2506 -2.7475 0.0499, -9.1772 -2.6912 0.0499, -9.0917 -2.6558 0.0499, -9.0 -2.6437 0.0499, -8.9083 -2.6558 0.0499, -8.8229 -2.6912 0.0499, -8.7495 -2.7475 0.0499, -8.6932 -2.8209 0.0499, -8.6578 -2.9063 0.0499, -8.6457 -2.998 0.0499, -8.6578 -3.0897 0.0499, -8.6932 -3.1752 0.0499, -8.7495 -3.2486 0.0499, -8.8229 -3.3049 0.0499, -8.9083 -3.3403 0.0499, -9.0 -3.3524 0.0499, -9.0917 -3.3403 0.0499, -9.1772 -3.3049 0.0499, -9.2506 -3.2486 0.0499, -9.3069 -3.1752 0.0499, -9.3423 -3.0897 0.0499, -9.3544 -2.998 0.0499, -9.358 -2.9021 0.0624, -9.321 -2.8127 0.0624, -9.2621 -2.736 0.0624, -9.1853 -2.677 0.0624, -9.0959 -2.64 0.0624, -9.0 -2.6274 0.0624, -8.9041 -2.64 0.0624, -8.8147 -2.677 0.0624, -8.7379 -2.736 0.0624, -8.679 -2.8127 0.0624, -8.642 -2.9021 0.0624, -8.6294 -2.998 0.0624, -8.642 -3.094 0.0624, -8.679 -3.1834 0.0624, -8.7379 -3.2601 0.0624, -8.8147 -3.319 0.0624, -8.9041 -3.356 0.0624, -9.0 -3.3687 0.0624, -9.0959 -3.356 0.0624, -9.1853 -3.319 0.0624, -9.2621 -3.2601 0.0624, -9.321 -3.1834 0.0624, -9.358 -3.094 0.0624, -9.3707 -2.998 0.0624, -9.3701 -2.8989 0.0787, -9.3318 -2.8065 0.0787, -9.2709 -2.7271 0.0787, -9.1916 -2.6662 0.0787, -9.0992 -2.6279 0.0787, -9.0 -2.6149 0.0787, -8.9009 -2.6279 0.0787, -8.8084 -2.6662 0.0787, -8.7291 -2.7271 0.0787, -8.6682 -2.8065 0.0787, -8.6299 -2.8989 0.0787, -8.6169 -2.998 0.0787, -8.6299 -3.0972 0.0787, -8.6682 -3.1896 0.0787, -8.7291 -3.269 0.0787, -8.8084 -3.3299 0.0787, -8.9009 -3.3681 0.0787, -9.0 -3.3812 0.0787, -9.0992 -3.3681 0.0787, -9.1916 -3.3299 0.0787, -9.2709 -3.269 0.0787, -9.3318 -3.1896 0.0787, -9.3701 -3.0972 0.0787, -9.3832 -2.998 0.0787, -9.3777 -2.8968 0.0977, -9.3387 -2.8025 0.0977, -9.2765 -2.7215 0.0977, -9.1955 -2.6594 0.0977, -9.1012 -2.6203 0.0977, -9.0 -2.607 0.0977, -8.8988 -2.6203 0.0977, -8.8045 -2.6594 0.0977, -8.7235 -2.7215 0.0977, -8.6614 -2.8025 0.0977, -8.6223 -2.8968 0.0977, -8.609 -2.998 0.0977, -8.6223 -3.0992 0.0977, -8.6614 -3.1935 0.0977, -8.7235 -3.2745 0.0977, -8.8045 -3.3367 0.0977, -8.8988 -3.3757 0.0977, -9.0 -3.389 0.0977, -9.1012 -3.3757 0.0977, -9.1955 -3.3367 0.0977, -9.2765 -3.2745 0.0977, -9.3387 -3.1935 0.0977, -9.3777 -3.0992 0.0977, -9.391 -2.998 0.0977, -9.3803 -2.8961 0.1181, -9.341 -2.8012 0.1181, -9.2784 -2.7196 0.1181, -9.1969 -2.6571 0.1181, -9.1019 -2.6177 0.1181, -9.0 -2.6043 0.1181, -8.8981 -2.6177 0.1181, -8.8032 -2.6571 0.1181, -8.7216 -2.7196 0.1181, -8.6591 -2.8012 0.1181, -8.6197 -2.8961 0.1181, -8.6063 -2.998 0.1181, -8.6197 -3.0999 0.1181, -8.6591 -3.1949 0.1181, -8.7216 -3.2764 0.1181, -8.8032 -3.339 0.1181, -8.8981 -3.3783 0.1181, -9.0 -3.3917 0.1181, -9.1019 -3.3783 0.1181, -9.1969 -3.339 0.1181, -9.2784 -3.2764 0.1181, -9.341 -3.1949 0.1181, -9.3803 -3.0999 0.1181, -9.3937 -2.998 0.1181, -9.315 -0.998 0.0394, -9.3239 -0.9112 0.0421, -9.3042 -0.9165 0.0394, -9.2904 -0.8304 0.0421, -9.2728 -0.8406 0.0394, -9.2371 -0.7609 0.0421, -9.2227 -0.7753 0.0394, -9.1677 -0.7076 0.0421, -9.1575 -0.7253 0.0394, -9.0868 -0.6741 0.0421, -9.0815 -0.6938 0.0394, -9.0 -0.6627 0.0421, -9.0 -0.6831 0.0394, -8.9132 -0.6741 0.0421, -8.9185 -0.6938 0.0394, -8.8323 -0.7076 0.0421, -8.8425 -0.7253 0.0394, -8.7629 -0.7609 0.0421, -8.7773 -0.7753 0.0394, -8.7096 -0.8304 0.0421, -8.7273 -0.8406 0.0394, -8.6761 -0.9112 0.0421, -8.6958 -0.9165 0.0394, -8.6647 -0.998 0.0421, -8.6851 -0.998 0.0394, -8.6761 -1.0848 0.0421, -8.6958 -1.0795 0.0394, -8.7096 -1.1657 0.0421, -8.7273 -1.1555 0.0394, -8.7629 -1.2352 0.0421, -8.7773 -1.2207 0.0394, -8.8323 -1.2884 0.0421, -8.8425 -1.2708 0.0394, -8.9132 -1.3219 0.0421, -8.9185 -1.3023 0.0394, -9.0 -1.3334 0.0421, -9.0 -1.313 0.0394, -9.0868 -1.3219 0.0421, -9.0815 -1.3023 0.0394, -9.1677 -1.2884 0.0421, -9.1575 -1.2708 0.0394, -9.2371 -1.2352 0.0421, -9.2227 -1.2207 0.0394, -9.2904 -1.1657 0.0421, -9.2728 -1.1555 0.0394, -9.3239 -1.0848 0.0421, -9.3042 -1.0795 0.0394, -9.3354 -0.998 0.0421, -9.3423 -0.9063 0.0499, -9.3069 -0.8209 0.0499, -9.2506 -0.7475 0.0499, -9.1772 -0.6912 0.0499, -9.0917 -0.6558 0.0499, -9.0 -0.6437 0.0499, -8.9083 -0.6558 0.0499, -8.8229 -0.6912 0.0499, -8.7495 -0.7475 0.0499, -8.6932 -0.8209 0.0499, -8.6578 -0.9063 0.0499, -8.6457 -0.998 0.0499, -8.6578 -1.0897 0.0499, -8.6932 -1.1752 0.0499, -8.7495 -1.2486 0.0499, -8.8229 -1.3049 0.0499, -8.9083 -1.3403 0.0499, -9.0 -1.3524 0.0499, -9.0917 -1.3403 0.0499, -9.1772 -1.3049 0.0499, -9.2506 -1.2486 0.0499, -9.3069 -1.1752 0.0499, -9.3423 -1.0897 0.0499, -9.3544 -0.998 0.0499, -9.358 -0.9021 0.0624, -9.321 -0.8127 0.0624, -9.2621 -0.736 0.0624, -9.1853 -0.677 0.0624, -9.0959 -0.64 0.0624, -9.0 -0.6274 0.0624, -8.9041 -0.64 0.0624, -8.8147 -0.677 0.0624, -8.7379 -0.736 0.0624, -8.679 -0.8127 0.0624, -8.642 -0.9021 0.0624, -8.6294 -0.998 0.0624, -8.642 -1.094 0.0624, -8.679 -1.1834 0.0624, -8.7379 -1.2601 0.0624, -8.8147 -1.319 0.0624, -8.9041 -1.356 0.0624, -9.0 -1.3687 0.0624, -9.0959 -1.356 0.0624, -9.1853 -1.319 0.0624, -9.2621 -1.2601 0.0624, -9.321 -1.1834 0.0624, -9.358 -1.094 0.0624, -9.3707 -0.998 0.0624, -9.3701 -0.8989 0.0787, -9.3318 -0.8065 0.0787, -9.2709 -0.7271 0.0787, -9.1916 -0.6662 0.0787, -9.0992 -0.6279 0.0787, -9.0 -0.6149 0.0787, -8.9009 -0.6279 0.0787, -8.8084 -0.6662 0.0787, -8.7291 -0.7271 0.0787, -8.6682 -0.8065 0.0787, -8.6299 -0.8989 0.0787, -8.6169 -0.998 0.0787, -8.6299 -1.0972 0.0787, -8.6682 -1.1896 0.0787, -8.7291 -1.269 0.0787, -8.8084 -1.3299 0.0787, -8.9009 -1.3681 0.0787, -9.0 -1.3812 0.0787, -9.0992 -1.3681 0.0787, -9.1916 -1.3299 0.0787, -9.2709 -1.269 0.0787, -9.3318 -1.1896 0.0787, -9.3701 -1.0972 0.0787, -9.3832 -0.998 0.0787, -9.3777 -0.8968 0.0977, -9.3387 -0.8025 0.0977, -9.2765 -0.7215 0.0977, -9.1955 -0.6594 0.0977, -9.1012 -0.6203 0.0977, -9.0 -0.607 0.0977, -8.8988 -0.6203 0.0977, -8.8045 -0.6594 0.0977, -8.7235 -0.7215 0.0977, -8.6614 -0.8025 0.0977, -8.6223 -0.8968 0.0977, -8.609 -0.998 0.0977, -8.6223 -1.0992 0.0977, -8.6614 -1.1935 0.0977, -8.7235 -1.2745 0.0977, -8.8045 -1.3367 0.0977, -8.8988 -1.3757 0.0977, -9.0 -1.389 0.0977, -9.1012 -1.3757 0.0977, -9.1955 -1.3367 0.0977, -9.2765 -1.2745 0.0977, -9.3387 -1.1935 0.0977, -9.3777 -1.0992 0.0977, -9.391 -0.998 0.0977, -9.3803 -0.8961 0.1181, -9.341 -0.8012 0.1181, -9.2784 -0.7196 0.1181, -9.1969 -0.6571 0.1181, -9.1019 -0.6177 0.1181, -9.0 -0.6043 0.1181, -8.8981 -0.6177 0.1181, -8.8032 -0.6571 0.1181, -8.7216 -0.7196 0.1181, -8.6591 -0.8012 0.1181, -8.6197 -0.8961 0.1181, -8.6063 -0.998 0.1181, -8.6197 -1.0999 0.1181, -8.6591 -1.1949 0.1181, -8.7216 -1.2764 0.1181, -8.8032 -1.339 0.1181, -8.8981 -1.3783 0.1181, -9.0 -1.3917 0.1181, -9.1019 -1.3783 0.1181, -9.1969 -1.339 0.1181, -9.2784 -1.2764 0.1181, -9.341 -1.1949 0.1181, -9.3803 -1.0999 0.1181, -9.3937 -0.998 0.1181, -9.315 3.002 0.0394, -9.3239 3.0888 0.0421, -9.3042 3.0835 0.0394, -9.2904 3.1696 0.0421, -9.2728 3.1594 0.0394, -9.2371 3.2391 0.0421, -9.2227 3.2247 0.0394, -9.1677 3.2924 0.0421, -9.1575 3.2747 0.0394, -9.0868 3.3259 0.0421, -9.0815 3.3062 0.0394, -9.0 3.3373 0.0421, -9.0 3.3169 0.0394, -8.9132 3.3259 0.0421, -8.9185 3.3062 0.0394, -8.8323 3.2924 0.0421, -8.8425 3.2747 0.0394, -8.7629 3.2391 0.0421, -8.7773 3.2247 0.0394, -8.7096 3.1696 0.0421, -8.7273 3.1594 0.0394, -8.6761 3.0888 0.0421, -8.6958 3.0835 0.0394, -8.6647 3.002 0.0421, -8.6851 3.002 0.0394, -8.6761 2.9152 0.0421, -8.6958 2.9205 0.0394, -8.7096 2.8343 0.0421, -8.7273 2.8445 0.0394, -8.7629 2.7648 0.0421, -8.7773 2.7793 0.0394, -8.8323 2.7116 0.0421, -8.8425 2.7292 0.0394, -8.9132 2.6781 0.0421, -8.9185 2.6977 0.0394, -9.0 2.6666 0.0421, -9.0 2.687 0.0394, -9.0868 2.6781 0.0421, -9.0815 2.6977 0.0394, -9.1677 2.7116 0.0421, -9.1575 2.7292 0.0394, -9.2371 2.7648 0.0421, -9.2227 2.7793 0.0394, -9.2904 2.8343 0.0421, -9.2728 2.8445 0.0394, -9.3239 2.9152 0.0421, -9.3042 2.9205 0.0394, -9.3354 3.002 0.0421, -9.3423 3.0937 0.0499, -9.3069 3.1791 0.0499, -9.2506 3.2525 0.0499, -9.1772 3.3088 0.0499, -9.0917 3.3442 0.0499, -9.0 3.3563 0.0499, -8.9083 3.3442 0.0499, -8.8229 3.3088 0.0499, -8.7495 3.2525 0.0499, -8.6932 3.1791 0.0499, -8.6578 3.0937 0.0499, -8.6457 3.002 0.0499, -8.6578 2.9103 0.0499, -8.6932 2.8248 0.0499, -8.7495 2.7514 0.0499, -8.8229 2.6951 0.0499, -8.9083 2.6597 0.0499, -9.0 2.6476 0.0499, -9.0917 2.6597 0.0499, -9.1772 2.6951 0.0499, -9.2506 2.7514 0.0499, -9.3069 2.8248 0.0499, -9.3423 2.9103 0.0499, -9.3544 3.002 0.0499, -9.358 3.0979 0.0624, -9.321 3.1873 0.0624, -9.2621 3.264 0.0624, -9.1853 3.323 0.0624, -9.0959 3.36 0.0624, -9.0 3.3726 0.0624, -8.9041 3.36 0.0624, -8.8147 3.323 0.0624, -8.7379 3.264 0.0624, -8.679 3.1873 0.0624, -8.642 3.0979 0.0624, -8.6294 3.002 0.0624, -8.642 2.906 0.0624, -8.679 2.8166 0.0624, -8.7379 2.7399 0.0624, -8.8147 2.681 0.0624, -8.9041 2.644 0.0624, -9.0 2.6313 0.0624, -9.0959 2.644 0.0624, -9.1853 2.681 0.0624, -9.2621 2.7399 0.0624, -9.321 2.8166 0.0624, -9.358 2.906 0.0624, -9.3707 3.002 0.0624, -9.3701 3.1011 0.0787, -9.3318 3.1935 0.0787, -9.2709 3.2729 0.0787, -9.1916 3.3338 0.0787, -9.0992 3.3721 0.0787, -9.0 3.3851 0.0787, -8.9009 3.3721 0.0787, -8.8084 3.3338 0.0787, -8.7291 3.2729 0.0787, -8.6682 3.1935 0.0787, -8.6299 3.1011 0.0787, -8.6169 3.002 0.0787, -8.6299 2.9028 0.0787, -8.6682 2.8104 0.0787, -8.7291 2.731 0.0787, -8.8084 2.6701 0.0787, -8.9009 2.6319 0.0787, -9.0 2.6188 0.0787, -9.0992 2.6319 0.0787, -9.1916 2.6701 0.0787, -9.2709 2.731 0.0787, -9.3318 2.8104 0.0787, -9.3701 2.9028 0.0787, -9.3832 3.002 0.0787, -9.3777 3.1032 0.0977, -9.3387 3.1975 0.0977, -9.2765 3.2785 0.0977, -9.1955 3.3406 0.0977, -9.1012 3.3797 0.0977, -9.0 3.393 0.0977, -8.8988 3.3797 0.0977, -8.8045 3.3406 0.0977, -8.7235 3.2785 0.0977, -8.6614 3.1975 0.0977, -8.6223 3.1032 0.0977, -8.609 3.002 0.0977, -8.6223 2.9008 0.0977, -8.6614 2.8065 0.0977, -8.7235 2.7255 0.0977, -8.8045 2.6633 0.0977, -8.8988 2.6243 0.0977, -9.0 2.611 0.0977, -9.1012 2.6243 0.0977, -9.1955 2.6633 0.0977, -9.2765 2.7255 0.0977, -9.3387 2.8065 0.0977, -9.3777 2.9008 0.0977, -9.391 3.002 0.0977, -9.3803 3.1039 0.1181, -9.341 3.1988 0.1181, -9.2784 3.2804 0.1181, -9.1969 3.3429 0.1181, -9.1019 3.3823 0.1181, -9.0 3.3957 0.1181, -8.8981 3.3823 0.1181, -8.8032 3.3429 0.1181, -8.7216 3.2804 0.1181, -8.6591 3.1988 0.1181, -8.6197 3.1039 0.1181, -8.6063 3.002 0.1181, -8.6197 2.9001 0.1181, -8.6591 2.8051 0.1181, -8.7216 2.7236 0.1181, -8.8032 2.661 0.1181, -8.8981 2.6217 0.1181, -9.0 2.6083 0.1181, -9.1019 2.6217 0.1181, -9.1969 2.661 0.1181, -9.2784 2.7236 0.1181, -9.341 2.8051 0.1181, -9.3803 2.9001 0.1181, -9.3937 3.002 0.1181
            ]
        }
        coordIndex [
            0,1,2,-1,2,1,3,-1,2,3,4,-1,4,3,5,-1,4,5,6,-1,6,5,7,-1,6,7,8,-1,8,7,9,-1,8,9,10,-1,10,9,11,-1,10,11,12,-1,12,11,13,-1,12,13,14,-1,14,13,15,-1,14,15,16,-1,16,15,17,-1,16,17,18,-1,18,17,19,-1,18,19,20,-1,20,19,21,-1,20,21,22,-1,22,21,23,-1,22,23,24,-1,24,23,25,-1,24,25,26,-1,26,25,27,-1,26,27,28,-1,28,27,29,-1,28,29,30,-1,30,29,31,-1,30,31,32,-1,32,31,33,-1,32,33,34,-1,34,33,35,-1,34,35,36,-1,36,35,37,-1,36,37,38,-1,38,37,39,-1,38,39,40,-1,40,39,41,-1,40,41,42,-1,42,41,43,-1,42,43,44,-1,44,43,45,-1,44,45,46,-1,46,45,47,-1,46,47,0,-1,0,47,1,-1,47,48,1,-1,1,48,49,-1,1,49,3,-1,3,49,50,-1,3,50,5,-1,5,50,51,-1,5,51,7,-1,7,51,52,-1,7,52,9,-1,9,52,53,-1,9,53,11,-1,11,53,54,-1,11,54,13,-1,13,54,55,-1,13,55,15,-1,15,55,56,-1,15,56,17,-1,17,56,57,-1,17,57,19,-1,19,57,58,-1,19,58,21,-1,21,58,59,-1,21,59,23,-1,23,59,60,-1,23,60,25,-1,25,60,61,-1,25,61,27,-1,27,61,62,-1,27,62,29,-1,29,62,63,-1,29,63,31,-1,31,63,64,-1,31,64,33,-1,33,64,65,-1,33,65,35,-1,35,65,66,-1,35,66,37,-1,37,66,67,-1,37,67,39,-1,39,67,68,-1,39,68,41,-1,41,68,69,-1,41,69,43,-1,43,69,70,-1,43,70,45,-1,45,70,71,-1,45,71,47,-1,47,71,48,-1,71,72,48,-1,48,72,73,-1,48,73,49,-1,49,73,74,-1,49,74,50,-1,50,74,75,-1,50,75,51,-1,51,75,76,-1,51,76,52,-1,52,76,77,-1,52,77,53,-1,53,77,78,-1,53,78,54,-1,54,78,79,-1,54,79,55,-1,55,79,80,-1,55,80,56,-1,56,80,81,-1,56,81,57,-1,57,81,82,-1,57,82,58,-1,58,82,83,-1,58,83,59,-1,59,83,84,-1,59,84,60,-1,60,84,85,-1,60,85,61,-1,61,85,86,-1,61,86,62,-1,62,86,87,-1,62,87,63,-1,63,87,88,-1,63,88,64,-1,64,88,89,-1,64,89,65,-1,65,89,90,-1,65,90,66,-1,66,90,91,-1,66,91,67,-1,67,91,92,-1,67,92,68,-1,68,92,93,-1,68,93,69,-1,69,93,94,-1,69,94,70,-1,70,94,95,-1,70,95,71,-1,71,95,72,-1,95,96,72,-1,72,96,97,-1,72,97,73,-1,73,97,98,-1,73,98,74,-1,74,98,99,-1,74,99,75,-1,75,99,100,-1,75,100,76,-1,76,100,101,-1,76,101,77,-1,77,101,102,-1,77,102,78,-1,78,102,103,-1,78,103,79,-1,79,103,104,-1,79,104,80,-1,80,104,105,-1,80,105,81,-1,81,105,106,-1,81,106,82,-1,82,106,107,-1,82,107,83,-1,83,107,108,-1,83,108,84,-1,84,108,109,-1,84,109,85,-1,85,109,110,-1,85,110,86,-1,86,110,111,-1,86,111,87,-1,87,111,112,-1,87,112,88,-1,88,112,113,-1,88,113,89,-1,89,113,114,-1,89,114,90,-1,90,114,115,-1,90,115,91,-1,91,115,116,-1,91,116,92,-1,92,116,117,-1,92,117,93,-1,93,117,118,-1,93,118,94,-1,94,118,119,-1,94,119,95,-1,95,119,96,-1,119,120,96,-1,96,120,121,-1,96,121,97,-1,97,121,122,-1,97,122,98,-1,98,122,123,-1,98,123,99,-1,99,123,124,-1,99,124,100,-1,100,124,125,-1,100,125,101,-1,101,125,126,-1,101,126,102,-1,102,126,127,-1,102,127,103,-1,103,127,128,-1,103,128,104,-1,104,128,129,-1,104,129,105,-1,105,129,130,-1,105,130,106,-1,106,130,131,-1,106,131,107,-1,107,131,132,-1,107,132,108,-1,108,132,133,-1,108,133,109,-1,109,133,134,-1,109,134,110,-1,110,134,135,-1,110,135,111,-1,111,135,136,-1,111,136,112,-1,112,136,137,-1,112,137,113,-1,113,137,138,-1,113,138,114,-1,114,138,139,-1,114,139,115,-1,115,139,140,-1,115,140,116,-1,116,140,141,-1,116,141,117,-1,117,141,142,-1,117,142,118,-1,118,142,143,-1,118,143,119,-1,119,143,120,-1,143,144,120,-1,120,144,145,-1,120,145,121,-1,121,145,146,-1,121,146,122,-1,122,146,147,-1,122,147,123,-1,123,147,148,-1,123,148,124,-1,124,148,149,-1,124,149,125,-1,125,149,150,-1,125,150,126,-1,126,150,151,-1,126,151,127,-1,127,151,152,-1,127,152,128,-1,128,152,153,-1,128,153,129,-1,129,153,154,-1,129,154,130,-1,130,154,155,-1,130,155,131,-1,131,155,156,-1,131,156,132,-1,132,156,157,-1,132,157,133,-1,133,157,158,-1,133,158,134,-1,134,158,159,-1,134,159,135,-1,135,159,160,-1,135,160,136,-1,136,160,161,-1,136,161,137,-1,137,161,162,-1,137,162,138,-1,138,162,163,-1,138,163,139,-1,139,163,164,-1,139,164,140,-1,140,164,165,-1,140,165,141,-1,141,165,166,-1,141,166,142,-1,142,166,167,-1,142,167,143,-1,143,167,144,-1,168,169,170,-1,170,169,171,-1,170,171,172,-1,172,171,173,-1,172,173,174,-1,174,173,175,-1,174,175,176,-1,176,175,177,-1,176,177,178,-1,178,177,179,-1,178,179,180,-1,180,179,181,-1,180,181,182,-1,182,181,183,-1,182,183,184,-1,184,183,185,-1,184,185,186,-1,186,185,187,-1,186,187,188,-1,188,187,189,-1,188,189,190,-1,190,189,191,-1,190,191,192,-1,192,191,193,-1,192,193,194,-1,194,193,195,-1,194,195,196,-1,196,195,197,-1,196,197,198,-1,198,197,199,-1,198,199,200,-1,200,199,201,-1,200,201,202,-1,202,201,203,-1,202,203,204,-1,204,203,205,-1,204,205,206,-1,206,205,207,-1,206,207,208,-1,208,207,209,-1,208,209,210,-1,210,209,211,-1,210,211,212,-1,212,211,213,-1,212,213,214,-1,214,213,215,-1,214,215,168,-1,168,215,169,-1,215,216,169,-1,169,216,217,-1,169,217,171,-1,171,217,218,-1,171,218,173,-1,173,218,219,-1,173,219,175,-1,175,219,220,-1,175,220,177,-1,177,220,221,-1,177,221,179,-1,179,221,222,-1,179,222,181,-1,181,222,223,-1,181,223,183,-1,183,223,224,-1,183,224,185,-1,185,224,225,-1,185,225,187,-1,187,225,226,-1,187,226,189,-1,189,226,227,-1,189,227,191,-1,191,227,228,-1,191,228,193,-1,193,228,229,-1,193,229,195,-1,195,229,230,-1,195,230,197,-1,197,230,231,-1,197,231,199,-1,199,231,232,-1,199,232,201,-1,201,232,233,-1,201,233,203,-1,203,233,234,-1,203,234,205,-1,205,234,235,-1,205,235,207,-1,207,235,236,-1,207,236,209,-1,209,236,237,-1,209,237,211,-1,211,237,238,-1,211,238,213,-1,213,238,239,-1,213,239,215,-1,215,239,216,-1,239,240,216,-1,216,240,241,-1,216,241,217,-1,217,241,242,-1,217,242,218,-1,218,242,243,-1,218,243,219,-1,219,243,244,-1,219,244,220,-1,220,244,245,-1,220,245,221,-1,221,245,246,-1,221,246,222,-1,222,246,247,-1,222,247,223,-1,223,247,248,-1,223,248,224,-1,224,248,249,-1,224,249,225,-1,225,249,250,-1,225,250,226,-1,226,250,251,-1,226,251,227,-1,227,251,252,-1,227,252,228,-1,228,252,253,-1,228,253,229,-1,229,253,254,-1,229,254,230,-1,230,254,255,-1,230,255,231,-1,231,255,256,-1,231,256,232,-1,232,256,257,-1,232,257,233,-1,233,257,258,-1,233,258,234,-1,234,258,259,-1,234,259,235,-1,235,259,260,-1,235,260,236,-1,236,260,261,-1,236,261,237,-1,237,261,262,-1,237,262,238,-1,238,262,263,-1,238,263,239,-1,239,263,240,-1,263,264,240,-1,240,264,265,-1,240,265,241,-1,241,265,266,-1,241,266,242,-1,242,266,267,-1,242,267,243,-1,243,267,268,-1,243,268,244,-1,244,268,269,-1,244,269,245,-1,245,269,270,-1,245,270,246,-1,246,270,271,-1,246,271,247,-1,247,271,272,-1,247,272,248,-1,248,272,273,-1,248,273,249,-1,249,273,274,-1,249,274,250,-1,250,274,275,-1,250,275,251,-1,251,275,276,-1,251,276,252,-1,252,276,277,-1,252,277,253,-1,253,277,278,-1,253,278,254,-1,254,278,279,-1,254,279,255,-1,255,279,280,-1,255,280,256,-1,256,280,281,-1,256,281,257,-1,257,281,282,-1,257,282,258,-1,258,282,283,-1,258,283,259,-1,259,283,284,-1,259,284,260,-1,260,284,285,-1,260,285,261,-1,261,285,286,-1,261,286,262,-1,262,286,287,-1,262,287,263,-1,263,287,264,-1,287,288,264,-1,264,288,289,-1,264,289,265,-1,265,289,290,-1,265,290,266,-1,266,290,291,-1,266,291,267,-1,267,291,292,-1,267,292,268,-1,268,292,293,-1,268,293,269,-1,269,293,294,-1,269,294,270,-1,270,294,295,-1,270,295,271,-1,271,295,296,-1,271,296,272,-1,272,296,297,-1,272,297,273,-1,273,297,298,-1,273,298,274,-1,274,298,299,-1,274,299,275,-1,275,299,300,-1,275,300,276,-1,276,300,301,-1,276,301,277,-1,277,301,302,-1,277,302,278,-1,278,302,303,-1,278,303,279,-1,279,303,304,-1,279,304,280,-1,280,304,305,-1,280,305,281,-1,281,305,306,-1,281,306,282,-1,282,306,307,-1,282,307,283,-1,283,307,308,-1,283,308,284,-1,284,308,309,-1,284,309,285,-1,285,309,310,-1,285,310,286,-1,286,310,311,-1,286,311,287,-1,287,311,288,-1,311,312,288,-1,288,312,313,-1,288,313,289,-1,289,313,314,-1,289,314,290,-1,290,314,315,-1,290,315,291,-1,291,315,316,-1,291,316,292,-1,292,316,317,-1,292,317,293,-1,293,317,318,-1,293,318,294,-1,294,318,319,-1,294,319,295,-1,295,319,320,-1,295,320,296,-1,296,320,321,-1,296,321,297,-1,297,321,322,-1,297,322,298,-1,298,322,323,-1,298,323,299,-1,299,323,324,-1,299,324,300,-1,300,324,325,-1,300,325,301,-1,301,325,326,-1,301,326,302,-1,302,326,327,-1,302,327,303,-1,303,327,328,-1,303,328,304,-1,304,328,329,-1,304,329,305,-1,305,329,330,-1,305,330,306,-1,306,330,331,-1,306,331,307,-1,307,331,332,-1,307,332,308,-1,308,332,333,-1,308,333,309,-1,309,333,334,-1,309,334,310,-1,310,334,335,-1,310,335,311,-1,311,335,312,-1,336,337,338,-1,338,337,339,-1,338,339,340,-1,340,339,341,-1,340,341,342,-1,342,341,343,-1,342,343,344,-1,344,343,345,-1,344,345,346,-1,346,345,347,-1,346,347,348,-1,348,347,349,-1,348,349,350,-1,350,349,351,-1,350,351,352,-1,352,351,353,-1,352,353,354,-1,354,353,355,-1,354,355,356,-1,356,355,357,-1,356,357,358,-1,358,357,359,-1,358,359,360,-1,360,359,361,-1,360,361,362,-1,362,361,363,-1,362,363,364,-1,364,363,365,-1,364,365,366,-1,366,365,367,-1,366,367,368,-1,368,367,369,-1,368,369,370,-1,370,369,371,-1,370,371,372,-1,372,371,373,-1,372,373,374,-1,374,373,375,-1,374,375,376,-1,376,375,377,-1,376,377,378,-1,378,377,379,-1,378,379,380,-1,380,379,381,-1,380,381,382,-1,382,381,383,-1,382,383,336,-1,336,383,337,-1,383,384,337,-1,337,384,385,-1,337,385,339,-1,339,385,386,-1,339,386,341,-1,341,386,387,-1,341,387,343,-1,343,387,388,-1,343,388,345,-1,345,388,389,-1,345,389,347,-1,347,389,390,-1,347,390,349,-1,349,390,391,-1,349,391,351,-1,351,391,392,-1,351,392,353,-1,353,392,393,-1,353,393,355,-1,355,393,394,-1,355,394,357,-1,357,394,395,-1,357,395,359,-1,359,395,396,-1,359,396,361,-1,361,396,397,-1,361,397,363,-1,363,397,398,-1,363,398,365,-1,365,398,399,-1,365,399,367,-1,367,399,400,-1,367,400,369,-1,369,400,401,-1,369,401,371,-1,371,401,402,-1,371,402,373,-1,373,402,403,-1,373,403,375,-1,375,403,404,-1,375,404,377,-1,377,404,405,-1,377,405,379,-1,379,405,406,-1,379,406,381,-1,381,406,407,-1,381,407,383,-1,383,407,384,-1,407,408,384,-1,384,408,409,-1,384,409,385,-1,385,409,410,-1,385,410,386,-1,386,410,411,-1,386,411,387,-1,387,411,412,-1,387,412,388,-1,388,412,413,-1,388,413,389,-1,389,413,414,-1,389,414,390,-1,390,414,415,-1,390,415,391,-1,391,415,416,-1,391,416,392,-1,392,416,417,-1,392,417,393,-1,393,417,418,-1,393,418,394,-1,394,418,419,-1,394,419,395,-1,395,419,420,-1,395,420,396,-1,396,420,421,-1,396,421,397,-1,397,421,422,-1,397,422,398,-1,398,422,423,-1,398,423,399,-1,399,423,424,-1,399,424,400,-1,400,424,425,-1,400,425,401,-1,401,425,426,-1,401,426,402,-1,402,426,427,-1,402,427,403,-1,403,427,428,-1,403,428,404,-1,404,428,429,-1,404,429,405,-1,405,429,430,-1,405,430,406,-1,406,430,431,-1,406,431,407,-1,407,431,408,-1,431,432,408,-1,408,432,433,-1,408,433,409,-1,409,433,434,-1,409,434,410,-1,410,434,435,-1,410,435,411,-1,411,435,436,-1,411,436,412,-1,412,436,437,-1,412,437,413,-1,413,437,438,-1,413,438,414,-1,414,438,439,-1,414,439,415,-1,415,439,440,-1,415,440,416,-1,416,440,441,-1,416,441,417,-1,417,441,442,-1,417,442,418,-1,418,442,443,-1,418,443,419,-1,419,443,444,-1,419,444,420,-1,420,444,445,-1,420,445,421,-1,421,445,446,-1,421,446,422,-1,422,446,447,-1,422,447,423,-1,423,447,448,-1,423,448,424,-1,424,448,449,-1,424,449,425,-1,425,449,450,-1,425,450,426,-1,426,450,451,-1,426,451,427,-1,427,451,452,-1,427,452,428,-1,428,452,453,-1,428,453,429,-1,429,453,454,-1,429,454,430,-1,430,454,455,-1,430,455,431,-1,431,455,432,-1,455,456,432,-1,432,456,457,-1,432,457,433,-1,433,457,458,-1,433,458,434,-1,434,458,459,-1,434,459,435,-1,435,459,460,-1,435,460,436,-1,436,460,461,-1,436,461,437,-1,437,461,462,-1,437,462,438,-1,438,462,463,-1,438,463,439,-1,439,463,464,-1,439,464,440,-1,440,464,465,-1,440,465,441,-1,441,465,466,-1,441,466,442,-1,442,466,467,-1,442,467,443,-1,443,467,468,-1,443,468,444,-1,444,468,469,-1,444,469,445,-1,445,469,470,-1,445,470,446,-1,446,470,471,-1,446,471,447,-1,447,471,472,-1,447,472,448,-1,448,472,473,-1,448,473,449,-1,449,473,474,-1,449,474,450,-1,450,474,475,-1,450,475,451,-1,451,475,476,-1,451,476,452,-1,452,476,477,-1,452,477,453,-1,453,477,478,-1,453,478,454,-1,454,478,479,-1,454,479,455,-1,455,479,456,-1,479,480,456,-1,456,480,481,-1,456,481,457,-1,457,481,482,-1,457,482,458,-1,458,482,483,-1,458,483,459,-1,459,483,484,-1,459,484,460,-1,460,484,485,-1,460,485,461,-1,461,485,486,-1,461,486,462,-1,462,486,487,-1,462,487,463,-1,463,487,488,-1,463,488,464,-1,464,488,489,-1,464,489,465,-1,465,489,490,-1,465,490,466,-1,466,490,491,-1,466,491,467,-1,467,491,492,-1,467,492,468,-1,468,492,493,-1,468,493,469,-1,469,493,494,-1,469,494,470,-1,470,494,495,-1,470,495,471,-1,471,495,496,-1,471,496,472,-1,472,496,497,-1,472,497,473,-1,473,497,498,-1,473,498,474,-1,474,498,499,-1,474,499,475,-1,475,499,500,-1,475,500,476,-1,476,500,501,-1,476,501,477,-1,477,501,502,-1,477,502,478,-1,478,502,503,-1,478,503,479,-1,479,503,480,-1,504,505,506,-1,506,505,507,-1,506,507,508,-1,508,507,509,-1,508,509,510,-1,510,509,511,-1,510,511,512,-1,512,511,513,-1,512,513,514,-1,514,513,515,-1,514,515,516,-1,516,515,517,-1,516,517,518,-1,518,517,519,-1,518,519,520,-1,520,519,521,-1,520,521,522,-1,522,521,523,-1,522,523,524,-1,524,523,525,-1,524,525,526,-1,526,525,527,-1,526,527,528,-1,528,527,529,-1,528,529,530,-1,530,529,531,-1,530,531,532,-1,532,531,533,-1,532,533,534,-1,534,533,535,-1,534,535,536,-1,536,535,537,-1,536,537,538,-1,538,537,539,-1,538,539,540,-1,540,539,541,-1,540,541,542,-1,542,541,543,-1,542,543,544,-1,544,543,545,-1,544,545,546,-1,546,545,547,-1,546,547,548,-1,548,547,549,-1,548,549,550,-1,550,549,551,-1,550,551,504,-1,504,551,505,-1,551,552,505,-1,505,552,553,-1,505,553,507,-1,507,553,554,-1,507,554,509,-1,509,554,555,-1,509,555,511,-1,511,555,556,-1,511,556,513,-1,513,556,557,-1,513,557,515,-1,515,557,558,-1,515,558,517,-1,517,558,559,-1,517,559,519,-1,519,559,560,-1,519,560,521,-1,521,560,561,-1,521,561,523,-1,523,561,562,-1,523,562,525,-1,525,562,563,-1,525,563,527,-1,527,563,564,-1,527,564,529,-1,529,564,565,-1,529,565,531,-1,531,565,566,-1,531,566,533,-1,533,566,567,-1,533,567,535,-1,535,567,568,-1,535,568,537,-1,537,568,569,-1,537,569,539,-1,539,569,570,-1,539,570,541,-1,541,570,571,-1,541,571,543,-1,543,571,572,-1,543,572,545,-1,545,572,573,-1,545,573,547,-1,547,573,574,-1,547,574,549,-1,549,574,575,-1,549,575,551,-1,551,575,552,-1,575,576,552,-1,552,576,577,-1,552,577,553,-1,553,577,578,-1,553,578,554,-1,554,578,579,-1,554,579,555,-1,555,579,580,-1,555,580,556,-1,556,580,581,-1,556,581,557,-1,557,581,582,-1,557,582,558,-1,558,582,583,-1,558,583,559,-1,559,583,584,-1,559,584,560,-1,560,584,585,-1,560,585,561,-1,561,585,586,-1,561,586,562,-1,562,586,587,-1,562,587,563,-1,563,587,588,-1,563,588,564,-1,564,588,589,-1,564,589,565,-1,565,589,590,-1,565,590,566,-1,566,590,591,-1,566,591,567,-1,567,591,592,-1,567,592,568,-1,568,592,593,-1,568,593,569,-1,569,593,594,-1,569,594,570,-1,570,594,595,-1,570,595,571,-1,571,595,596,-1,571,596,572,-1,572,596,597,-1,572,597,573,-1,573,597,598,-1,573,598,574,-1,574,598,599,-1,574,599,575,-1,575,599,576,-1,599,600,576,-1,576,600,601,-1,576,601,577,-1,577,601,602,-1,577,602,578,-1,578,602,603,-1,578,603,579,-1,579,603,604,-1,579,604,580,-1,580,604,605,-1,580,605,581,-1,581,605,606,-1,581,606,582,-1,582,606,607,-1,582,607,583,-1,583,607,608,-1,583,608,584,-1,584,608,609,-1,584,609,585,-1,585,609,610,-1,585,610,586,-1,586,610,611,-1,586,611,587,-1,587,611,612,-1,587,612,588,-1,588,612,613,-1,588,613,589,-1,589,613,614,-1,589,614,590,-1,590,614,615,-1,590,615,591,-1,591,615,616,-1,591,616,592,-1,592,616,617,-1,592,617,593,-1,593,617,618,-1,593,618,594,-1,594,618,619,-1,594,619,595,-1,595,619,620,-1,595,620,596,-1,596,620,621,-1,596,621,597,-1,597,621,622,-1,597,622,598,-1,598,622,623,-1,598,623,599,-1,599,623,600,-1,623,624,600,-1,600,624,625,-1,600,625,601,-1,601,625,626,-1,601,626,602,-1,602,626,627,-1,602,627,603,-1,603,627,628,-1,603,628,604,-1,604,628,629,-1,604,629,605,-1,605,629,630,-1,605,630,606,-1,606,630,631,-1,606,631,607,-1,607,631,632,-1,607,632,608,-1,608,632,633,-1,608,633,609,-1,609,633,634,-1,609,634,610,-1,610,634,635,-1,610,635,611,-1,611,635,636,-1,611,636,612,-1,612,636,637,-1,612,637,613,-1,613,637,638,-1,613,638,614,-1,614,638,639,-1,614,639,615,-1,615,639,640,-1,615,640,616,-1,616,640,641,-1,616,641,617,-1,617,641,642,-1,617,642,618,-1,618,642,643,-1,618,643,619,-1,619,643,644,-1,619,644,620,-1,620,644,645,-1,620,645,621,-1,621,645,646,-1,621,646,622,-1,622,646,647,-1,622,647,623,-1,623,647,624,-1,647,648,624,-1,624,648,649,-1,624,649,625,-1,625,649,650,-1,625,650,626,-1,626,650,651,-1,626,651,627,-1,627,651,652,-1,627,652,628,-1,628,652,653,-1,628,653,629,-1,629,653,654,-1,629,654,630,-1,630,654,655,-1,630,655,631,-1,631,655,656,-1,631,656,632,-1,632,656,657,-1,632,657,633,-1,633,657,658,-1,633,658,634,-1,634,658,659,-1,634,659,635,-1,635,659,660,-1,635,660,636,-1,636,660,661,-1,636,661,637,-1,637,661,662,-1,637,662,638,-1,638,662,663,-1,638,663,639,-1,639,663,664,-1,639,664,640,-1,640,664,665,-1,640,665,641,-1,641,665,666,-1,641,666,642,-1,642,666,667,-1,642,667,643,-1,643,667,668,-1,643,668,644,-1,644,668,669,-1,644,669,645,-1,645,669,670,-1,645,670,646,-1,646,670,671,-1,646,671,647,-1,647,671,648,-1,672,673,674,-1,674,673,675,-1,674,675,676,-1,676,675,677,-1,676,677,678,-1,678,677,679,-1,678,679,680,-1,680,679,681,-1,680,681,682,-1,682,681,683,-1,682,683,684,-1,684,683,685,-1,684,685,686,-1,686,685,687,-1,686,687,688,-1,688,687,689,-1,688,689,690,-1,690,689,691,-1,690,691,692,-1,692,691,693,-1,692,693,694,-1,694,693,695,-1,694,695,696,-1,696,695,697,-1,696,697,698,-1,698,697,699,-1,698,699,700,-1,700,699,701,-1,700,701,702,-1,702,701,703,-1,702,703,704,-1,704,703,705,-1,704,705,706,-1,706,705,707,-1,706,707,708,-1,708,707,709,-1,708,709,710,-1,710,709,711,-1,710,711,712,-1,712,711,713,-1,712,713,714,-1,714,713,715,-1,714,715,716,-1,716,715,717,-1,716,717,718,-1,718,717,719,-1,718,719,672,-1,672,719,673,-1,719,720,673,-1,673,720,721,-1,673,721,675,-1,675,721,722,-1,675,722,677,-1,677,722,723,-1,677,723,679,-1,679,723,724,-1,679,724,681,-1,681,724,725,-1,681,725,683,-1,683,725,726,-1,683,726,685,-1,685,726,727,-1,685,727,687,-1,687,727,728,-1,687,728,689,-1,689,728,729,-1,689,729,691,-1,691,729,730,-1,691,730,693,-1,693,730,731,-1,693,731,695,-1,695,731,732,-1,695,732,697,-1,697,732,733,-1,697,733,699,-1,699,733,734,-1,699,734,701,-1,701,734,735,-1,701,735,703,-1,703,735,736,-1,703,736,705,-1,705,736,737,-1,705,737,707,-1,707,737,738,-1,707,738,709,-1,709,738,739,-1,709,739,711,-1,711,739,740,-1,711,740,713,-1,713,740,741,-1,713,741,715,-1,715,741,742,-1,715,742,717,-1,717,742,743,-1,717,743,719,-1,719,743,720,-1,743,744,720,-1,720,744,745,-1,720,745,721,-1,721,745,746,-1,721,746,722,-1,722,746,747,-1,722,747,723,-1,723,747,748,-1,723,748,724,-1,724,748,749,-1,724,749,725,-1,725,749,750,-1,725,750,726,-1,726,750,751,-1,726,751,727,-1,727,751,752,-1,727,752,728,-1,728,752,753,-1,728,753,729,-1,729,753,754,-1,729,754,730,-1,730,754,755,-1,730,755,731,-1,731,755,756,-1,731,756,732,-1,732,756,757,-1,732,757,733,-1,733,757,758,-1,733,758,734,-1,734,758,759,-1,734,759,735,-1,735,759,760,-1,735,760,736,-1,736,760,761,-1,736,761,737,-1,737,761,762,-1,737,762,738,-1,738,762,763,-1,738,763,739,-1,739,763,764,-1,739,764,740,-1,740,764,765,-1,740,765,741,-1,741,765,766,-1,741,766,742,-1,742,766,767,-1,742,767,743,-1,743,767,744,-1,767,768,744,-1,744,768,769,-1,744,769,745,-1,745,769,770,-1,745,770,746,-1,746,770,771,-1,746,771,747,-1,747,771,772,-1,747,772,748,-1,748,772,773,-1,748,773,749,-1,749,773,774,-1,749,774,750,-1,750,774,775,-1,750,775,751,-1,751,775,776,-1,751,776,752,-1,752,776,777,-1,752,777,753,-1,753,777,778,-1,753,778,754,-1,754,778,779,-1,754,779,755,-1,755,779,780,-1,755,780,756,-1,756,780,781,-1,756,781,757,-1,757,781,782,-1,757,782,758,-1,758,782,783,-1,758,783,759,-1,759,783,784,-1,759,784,760,-1,760,784,785,-1,760,785,761,-1,761,785,786,-1,761,786,762,-1,762,786,787,-1,762,787,763,-1,763,787,788,-1,763,788,764,-1,764,788,789,-1,764,789,765,-1,765,789,790,-1,765,790,766,-1,766,790,791,-1,766,791,767,-1,767,791,768,-1,791,792,768,-1,768,792,793,-1,768,793,769,-1,769,793,794,-1,769,794,770,-1,770,794,795,-1,770,795,771,-1,771,795,796,-1,771,796,772,-1,772,796,797,-1,772,797,773,-1,773,797,798,-1,773,798,774,-1,774,798,799,-1,774,799,775,-1,775,799,800,-1,775,800,776,-1,776,800,801,-1,776,801,777,-1,777,801,802,-1,777,802,778,-1,778,802,803,-1,778,803,779,-1,779,803,804,-1,779,804,780,-1,780,804,805,-1,780,805,781,-1,781,805,806,-1,781,806,782,-1,782,806,807,-1,782,807,783,-1,783,807,808,-1,783,808,784,-1,784,808,809,-1,784,809,785,-1,785,809,810,-1,785,810,786,-1,786,810,811,-1,786,811,787,-1,787,811,812,-1,787,812,788,-1,788,812,813,-1,788,813,789,-1,789,813,814,-1,789,814,790,-1,790,814,815,-1,790,815,791,-1,791,815,792,-1,815,816,792,-1,792,816,817,-1,792,817,793,-1,793,817,818,-1,793,818,794,-1,794,818,819,-1,794,819,795,-1,795,819,820,-1,795,820,796,-1,796,820,821,-1,796,821,797,-1,797,821,822,-1,797,822,798,-1,798,822,823,-1,798,823,799,-1,799,823,824,-1,799,824,800,-1,800,824,825,-1,800,825,801,-1,801,825,826,-1,801,826,802,-1,802,826,827,-1,802,827,803,-1,803,827,828,-1,803,828,804,-1,804,828,829,-1,804,829,805,-1,805,829,830,-1,805,830,806,-1,806,830,831,-1,806,831,807,-1,807,831,832,-1,807,832,808,-1,808,832,833,-1,808,833,809,-1,809,833,834,-1,809,834,810,-1,810,834,835,-1,810,835,811,-1,811,835,836,-1,811,836,812,-1,812,836,837,-1,812,837,813,-1,813,837,838,-1,813,838,814,-1,814,838,839,-1,814,839,815,-1,815,839,816,-1,840,841,842,-1,842,841,843,-1,842,843,844,-1,844,843,845,-1,844,845,846,-1,846,845,847,-1,846,847,848,-1,848,847,849,-1,848,849,850,-1,850,849,851,-1,850,851,852,-1,852,851,853,-1,852,853,854,-1,854,853,855,-1,854,855,856,-1,856,855,857,-1,856,857,858,-1,858,857,859,-1,858,859,860,-1,860,859,861,-1,860,861,862,-1,862,861,863,-1,862,863,864,-1,864,863,865,-1,864,865,866,-1,866,865,867,-1,866,867,868,-1,868,867,869,-1,868,869,870,-1,870,869,871,-1,870,871,872,-1,872,871,873,-1,872,873,874,-1,874,873,875,-1,874,875,876,-1,876,875,877,-1,876,877,878,-1,878,877,879,-1,878,879,880,-1,880,879,881,-1,880,881,882,-1,882,881,883,-1,882,883,884,-1,884,883,885,-1,884,885,886,-1,886,885,887,-1,886,887,840,-1,840,887,841,-1,887,888,841,-1,841,888,889,-1,841,889,843,-1,843,889,890,-1,843,890,845,-1,845,890,891,-1,845,891,847,-1,847,891,892,-1,847,892,849,-1,849,892,893,-1,849,893,851,-1,851,893,894,-1,851,894,853,-1,853,894,895,-1,853,895,855,-1,855,895,896,-1,855,896,857,-1,857,896,897,-1,857,897,859,-1,859,897,898,-1,859,898,861,-1,861,898,899,-1,861,899,863,-1,863,899,900,-1,863,900,865,-1,865,900,901,-1,865,901,867,-1,867,901,902,-1,867,902,869,-1,869,902,903,-1,869,903,871,-1,871,903,904,-1,871,904,873,-1,873,904,905,-1,873,905,875,-1,875,905,906,-1,875,906,877,-1,877,906,907,-1,877,907,879,-1,879,907,908,-1,879,908,881,-1,881,908,909,-1,881,909,883,-1,883,909,910,-1,883,910,885,-1,885,910,911,-1,885,911,887,-1,887,911,888,-1,911,912,888,-1,888,912,913,-1,888,913,889,-1,889,913,914,-1,889,914,890,-1,890,914,915,-1,890,915,891,-1,891,915,916,-1,891,916,892,-1,892,916,917,-1,892,917,893,-1,893,917,918,-1,893,918,894,-1,894,918,919,-1,894,919,895,-1,895,919,920,-1,895,920,896,-1,896,920,921,-1,896,921,897,-1,897,921,922,-1,897,922,898,-1,898,922,923,-1,898,923,899,-1,899,923,924,-1,899,924,900,-1,900,924,925,-1,900,925,901,-1,901,925,926,-1,901,926,902,-1,902,926,927,-1,902,927,903,-1,903,927,928,-1,903,928,904,-1,904,928,929,-1,904,929,905,-1,905,929,930,-1,905,930,906,-1,906,930,931,-1,906,931,907,-1,907,931,932,-1,907,932,908,-1,908,932,933,-1,908,933,909,-1,909,933,934,-1,909,934,910,-1,910,934,935,-1,910,935,911,-1,911,935,912,-1,935,936,912,-1,912,936,937,-1,912,937,913,-1,913,937,938,-1,913,938,914,-1,914,938,939,-1,914,939,915,-1,915,939,940,-1,915,940,916,-1,916,940,941,-1,916,941,917,-1,917,941,942,-1,917,942,918,-1,918,942,943,-1,918,943,919,-1,919,943,944,-1,919,944,920,-1,920,944,945,-1,920,945,921,-1,921,945,946,-1,921,946,922,-1,922,946,947,-1,922,947,923,-1,923,947,948,-1,923,948,924,-1,924,948,949,-1,924,949,925,-1,925,949,950,-1,925,950,926,-1,926,950,951,-1,926,951,927,-1,927,951,952,-1,927,952,928,-1,928,952,953,-1,928,953,929,-1,929,953,954,-1,929,954,930,-1,930,954,955,-1,930,955,931,-1,931,955,956,-1,931,956,932,-1,932,956,957,-1,932,957,933,-1,933,957,958,-1,933,958,934,-1,934,958,959,-1,934,959,935,-1,935,959,936,-1,959,960,936,-1,936,960,961,-1,936,961,937,-1,937,961,962,-1,937,962,938,-1,938,962,963,-1,938,963,939,-1,939,963,964,-1,939,964,940,-1,940,964,965,-1,940,965,941,-1,941,965,966,-1,941,966,942,-1,942,966,967,-1,942,967,943,-1,943,967,968,-1,943,968,944,-1,944,968,969,-1,944,969,945,-1,945,969,970,-1,945,970,946,-1,946,970,971,-1,946,971,947,-1,947,971,972,-1,947,972,948,-1,948,972,973,-1,948,973,949,-1,949,973,974,-1,949,974,950,-1,950,974,975,-1,950,975,951,-1,951,975,976,-1,951,976,952,-1,952,976,977,-1,952,977,953,-1,953,977,978,-1,953,978,954,-1,954,978,979,-1,954,979,955,-1,955,979,980,-1,955,980,956,-1,956,980,981,-1,956,981,957,-1,957,981,982,-1,957,982,958,-1,958,982,983,-1,958,983,959,-1,959,983,960,-1,983,984,960,-1,960,984,985,-1,960,985,961,-1,961,985,986,-1,961,986,962,-1,962,986,987,-1,962,987,963,-1,963,987,988,-1,963,988,964,-1,964,988,989,-1,964,989,965,-1,965,989,990,-1,965,990,966,-1,966,990,991,-1,966,991,967,-1,967,991,992,-1,967,992,968,-1,968,992,993,-1,968,993,969,-1,969,993,994,-1,969,994,970,-1,970,994,995,-1,970,995,971,-1,971,995,996,-1,971,996,972,-1,972,996,997,-1,972,997,973,-1,973,997,998,-1,973,998,974,-1,974,998,999,-1,974,999,975,-1,975,999,1000,-1,975,1000,976,-1,976,1000,1001,-1,976,1001,977,-1,977,1001,1002,-1,977,1002,978,-1,978,1002,1003,-1,978,1003,979,-1,979,1003,1004,-1,979,1004,980,-1,980,1004,1005,-1,980,1005,981,-1,981,1005,1006,-1,981,1006,982,-1,982,1006,1007,-1,982,1007,983,-1,983,1007,984,-1,
        ]
    }
}
Shape{
    appearance Appearance {
        material  Material 	{
            diffuseColor 1.0 1.0 1.0
            specularColor 0.5019607843137255 0.5019607843137255 0.5019607843137255
            ambientIntensity 1.0
            transparency 0.0
            shininess 0.5
        }
    }
    geometry IndexedFaceSet {
        ccw TRUE
        solid FALSE
        coord DEF co Coordinate {
            point [
                0.3826 -5.002 1.2163, 0.3826 -5.002 1.1798, 0.3826 -4.998 1.2163, 0.3826 -4.998 1.1798, 0.2551 -5.002 1.2163, 0.2551 -4.998 1.2163, 0.2551 -5.002 1.5001, 0.2551 -4.998 1.5001, 0.2137 -5.002 1.5001, 0.2137 -4.998 1.5001, 0.2137 -5.002 1.1798, 0.2137 -4.998 1.1798, 0.5468 -5.002 1.1744, 0.5468 -4.998 1.1744, 0.5957 -4.998 1.179, 0.5957 -5.002 1.179, 0.6301 -4.998 1.1903, 0.6301 -5.002 1.1903, 0.6355 -4.998 1.1931, 0.6355 -5.002 1.1931, 0.6355 -5.002 1.2327, 0.6355 -4.998 1.2327, 0.6076 -4.998 1.2197, 0.6076 -5.002 1.2197, 0.5721 -4.998 1.2122, 0.5721 -5.002 1.2122, 0.5528 -4.998 1.2112, 0.5528 -5.002 1.2112, 0.5225 -4.998 1.2146, 0.5225 -5.002 1.2146, 0.4993 -4.998 1.2231, 0.4993 -5.002 1.2231, 0.4781 -4.998 1.2376, 0.4781 -5.002 1.2376, 0.4705 -4.998 1.245, 0.4705 -5.002 1.245, 0.4548 -4.998 1.2668, 0.4548 -5.002 1.2668, 0.4445 -4.998 1.2927, 0.4445 -5.002 1.2927, 0.4394 -4.998 1.3248, 0.4394 -5.002 1.3248, 0.4391 -4.998 1.3363, 0.4391 -5.002 1.3363, 0.4443 -4.998 1.3799, 0.4443 -5.002 1.3799, 0.4549 -4.998 1.4077, 0.4549 -5.002 1.4077, 0.4704 -4.998 1.43, 0.4704 -5.002 1.43, 0.4728 -4.998 1.4326, 0.4728 -5.002 1.4326, 0.4944 -4.998 1.4505, 0.4944 -5.002 1.4505, 0.5195 -4.998 1.4622, 0.5195 -5.002 1.4622, 0.5474 -4.998 1.4676, 0.5474 -5.002 1.4676, 0.56 -4.998 1.4681, 0.56 -5.002 1.4681, 0.5941 -4.998 1.4647, 0.5941 -5.002 1.4647, 0.6272 -4.998 1.4534, 0.6272 -5.002 1.4534, 0.6355 -4.998 1.4491, 0.6355 -5.002 1.4491, 0.6355 -5.002 1.4924, 0.6355 -4.998 1.4924, 0.5596 -4.998 1.5055, 0.5596 -5.002 1.5055, 0.5658 -5.002 1.5054, 0.6067 -4.998 1.5012, 0.6067 -5.002 1.5012, 0.5916 -4.998 1.5028, 0.5658 -4.998 1.5054, 0.5372 -4.998 1.5028, 0.5136 -5.002 1.4999, 0.5136 -4.998 1.4999, 0.4801 -4.998 1.487, 0.4801 -5.002 1.487, 0.4491 -4.998 1.4652, 0.4491 -5.002 1.4652, 0.442 -4.998 1.4583, 0.442 -5.002 1.4583, 0.4216 -4.998 1.4327, 0.41 -4.998 1.4081, 0.4052 -5.002 1.3979, 0.4216 -5.002 1.4327, 0.4052 -4.998 1.3979, 0.3968 -4.998 1.3573, 0.3968 -5.002 1.3573, 0.3957 -4.998 1.3339, 0.3957 -5.002 1.3339, 0.4019 -4.998 1.2822, 0.4019 -5.002 1.2822, 0.41 -4.998 1.2612, 0.4149 -5.002 1.2487, 0.4149 -4.998 1.2487, 0.4339 -4.998 1.2213, 0.4339 -5.002 1.2213, 0.4368 -4.998 1.2181, 0.4368 -5.002 1.2181, 0.4602 -4.998 1.1983, 0.4602 -5.002 1.1983, 0.49 -4.998 1.1834, 0.49 -5.002 1.1834, 0.5241 -4.998 1.1757, 0.5241 -5.002 1.1757, 0.8719 -5.002 1.2163, 0.8719 -5.002 1.1798, 0.8719 -4.998 1.2163, 0.8719 -4.998 1.1798, 0.741 -4.998 1.2163, 0.741 -5.002 1.2163, 0.8275 -4.998 1.2163, 0.741 -5.002 1.324, 0.741 -4.998 1.324, 0.8555 -4.998 1.324, 0.8555 -5.002 1.324, 0.8275 -4.998 1.324, 0.8555 -5.002 1.3607, 0.8555 -4.998 1.3607, 0.741 -4.998 1.3607, 0.741 -5.002 1.3607, 0.8275 -4.998 1.3607, 0.741 -5.002 1.4632, 0.741 -4.998 1.4632, 0.8646 -4.998 1.4632, 0.8646 -5.002 1.4632, 0.8275 -4.998 1.4632, 0.8646 -5.002 1.5001, 0.8646 -4.998 1.5001, 0.6996 -4.998 1.5001, 0.6996 -5.002 1.5001, 0.8275 -4.998 1.5001, 0.6996 -5.002 1.1798, 0.6996 -4.998 1.1798, 0.8275 -4.998 1.1798, 1.1318 -5.002 1.2702, 1.1154 -5.002 1.2497, 1.1448 -5.002 1.2247, 1.1114 -5.002 1.246, 1.111 -5.002 1.2005, 1.0907 -5.002 1.2317, 1.0744 -5.002 1.1863, 1.0641 -5.002 1.2215, 1.0205 -5.002 1.1798, 1.0202 -5.002 1.2163, 0.9324 -5.002 1.1798, 0.9737 -5.002 1.2163, 0.9324 -5.002 1.5001, 0.9737 -5.002 1.4632, 1.0237 -5.002 1.5001, 1.0221 -5.002 1.4632, 1.0726 -5.002 1.4947, 1.0639 -5.002 1.4585, 1.1113 -5.002 1.4805, 1.0916 -5.002 1.4484, 1.1448 -5.002 1.4577, 1.1145 -5.002 1.4331, 1.1563 -5.002 1.4464, 1.1261 -5.002 1.4212, 1.1761 -5.002 1.4184, 1.1378 -5.002 1.4025, 1.1879 -5.002 1.3878, 1.1462 -5.002 1.3776, 1.1931 -5.002 1.344, 1.1497 -5.002 1.3429, 1.1916 -5.002 1.3183, 1.1487 -5.002 1.3238, 1.1828 -5.002 1.2816, 1.1427 -5.002 1.2942, 1.166 -5.002 1.2491, 1.0205 -4.998 1.1798, 0.9324 -4.998 1.1798, 1.1448 -4.998 1.2247, 1.0744 -4.998 1.1863, 1.0791 -4.998 1.1881, 1.111 -4.998 1.2005, 1.166 -4.998 1.2491, 1.1828 -4.998 1.2816, 1.1916 -4.998 1.3183, 1.1931 -4.998 1.344, 1.1879 -4.998 1.3878, 1.1761 -4.998 1.4184, 1.1563 -4.998 1.4464, 1.1448 -4.998 1.4577, 1.1113 -4.998 1.4805, 1.0791 -4.998 1.4923, 1.0726 -4.998 1.4947, 1.0237 -4.998 1.5001, 0.9324 -4.998 1.5001, 1.0221 -4.998 1.4632, 0.9737 -4.998 1.4632, 0.9737 -4.998 1.2163, 1.0202 -4.998 1.2163, 1.1154 -4.998 1.2497, 1.1114 -4.998 1.246, 1.0907 -4.998 1.2317, 1.0641 -4.998 1.2215, 1.1497 -4.998 1.3429, 1.1487 -4.998 1.3238, 1.1427 -4.998 1.2942, 1.1318 -4.998 1.2702, 1.1145 -4.998 1.4331, 1.1261 -4.998 1.4212, 1.1378 -4.998 1.4025, 1.1462 -4.998 1.3776, 1.0639 -4.998 1.4585, 1.0916 -4.998 1.4484
            ]
        }
        coordIndex [
            0,1,2,-1,2,1,3,-1,4,0,5,-1,5,0,2,-1,6,4,7,-1,7,4,5,-1,8,6,9,-1,9,6,7,-1,10,8,11,-1,11,8,9,-1,1,10,3,-1,3,10,11,-1,6,8,4,-1,4,8,10,-1,4,10,0,-1,0,10,1,-1,12,13,14,-1,12,14,15,-1,15,14,16,-1,15,16,17,-1,17,16,18,-1,17,18,19,-1,20,19,21,-1,21,19,18,-1,20,21,22,-1,20,22,23,-1,23,22,24,-1,23,24,25,-1,25,24,26,-1,25,26,27,-1,27,26,28,-1,27,28,29,-1,29,28,30,-1,29,30,31,-1,31,30,32,-1,31,32,33,-1,33,32,34,-1,33,34,35,-1,35,34,36,-1,35,36,37,-1,37,36,38,-1,37,38,39,-1,39,38,40,-1,39,40,41,-1,41,40,42,-1,41,42,43,-1,43,42,44,-1,43,44,45,-1,45,44,46,-1,45,46,47,-1,47,46,48,-1,47,48,49,-1,49,48,50,-1,49,50,51,-1,51,50,52,-1,51,52,53,-1,53,52,54,-1,53,54,55,-1,55,54,56,-1,55,56,57,-1,57,56,58,-1,57,58,59,-1,59,58,60,-1,59,60,61,-1,61,60,62,-1,61,62,63,-1,63,62,64,-1,63,64,65,-1,66,65,67,-1,67,65,64,-1,68,69,70,-1,66,67,71,-1,66,71,72,-1,72,71,73,-1,72,73,70,-1,70,73,74,-1,70,74,68,-1,69,68,75,-1,69,75,76,-1,75,77,76,-1,76,77,78,-1,76,78,79,-1,79,78,80,-1,79,80,81,-1,81,80,82,-1,81,82,83,-1,83,82,84,-1,85,86,84,-1,84,86,87,-1,84,87,83,-1,85,88,86,-1,86,88,89,-1,86,89,90,-1,90,89,91,-1,90,91,92,-1,92,91,93,-1,92,93,94,-1,94,93,95,-1,94,95,96,-1,95,97,96,-1,96,97,98,-1,96,98,99,-1,99,98,100,-1,99,100,101,-1,101,100,102,-1,101,102,103,-1,103,102,104,-1,103,104,105,-1,105,104,106,-1,105,106,107,-1,107,106,13,-1,107,13,12,-1,63,65,66,-1,53,55,76,-1,45,47,87,-1,76,55,69,-1,87,47,83,-1,63,66,61,-1,76,79,53,-1,53,79,81,-1,53,81,51,-1,51,81,83,-1,51,83,49,-1,49,83,47,-1,55,57,69,-1,69,57,59,-1,69,59,70,-1,70,59,61,-1,70,61,72,-1,72,61,66,-1,92,43,90,-1,90,43,45,-1,90,45,86,-1,86,45,87,-1,19,20,17,-1,17,20,23,-1,17,23,15,-1,15,23,25,-1,15,25,12,-1,12,25,27,-1,12,27,107,-1,107,27,29,-1,107,29,105,-1,105,29,31,-1,105,31,103,-1,103,31,33,-1,103,33,101,-1,101,33,35,-1,101,35,99,-1,99,35,37,-1,99,37,96,-1,96,37,94,-1,94,37,39,-1,94,39,92,-1,92,39,41,-1,92,41,43,-1,108,109,110,-1,110,109,111,-1,112,113,114,-1,114,113,108,-1,114,108,110,-1,115,113,116,-1,116,113,112,-1,117,118,119,-1,119,118,115,-1,119,115,116,-1,120,118,121,-1,121,118,117,-1,122,123,124,-1,124,123,120,-1,124,120,121,-1,125,123,126,-1,126,123,122,-1,127,128,129,-1,129,128,125,-1,129,125,126,-1,130,128,131,-1,131,128,127,-1,132,133,134,-1,134,133,130,-1,134,130,131,-1,135,133,136,-1,136,133,132,-1,111,109,137,-1,137,109,135,-1,137,135,136,-1,135,109,108,-1,108,113,135,-1,135,113,115,-1,135,115,133,-1,128,130,125,-1,125,130,133,-1,125,133,123,-1,123,133,115,-1,123,115,120,-1,120,115,118,-1,138,139,140,-1,140,139,141,-1,140,141,142,-1,142,141,143,-1,142,143,144,-1,144,143,145,-1,144,145,146,-1,146,145,147,-1,146,147,148,-1,148,147,149,-1,148,149,150,-1,150,149,151,-1,150,151,152,-1,152,151,153,-1,152,153,154,-1,154,153,155,-1,154,155,156,-1,156,155,157,-1,156,157,158,-1,158,157,159,-1,158,159,160,-1,160,159,161,-1,160,161,162,-1,162,161,163,-1,162,163,164,-1,164,163,165,-1,164,165,166,-1,166,165,167,-1,166,167,168,-1,168,167,169,-1,168,169,170,-1,170,169,171,-1,170,171,172,-1,172,171,138,-1,172,138,140,-1,146,148,173,-1,173,148,174,-1,175,140,142,-1,146,173,176,-1,146,176,144,-1,144,176,177,-1,144,177,142,-1,142,177,178,-1,142,178,175,-1,140,175,179,-1,140,179,172,-1,172,179,180,-1,172,180,170,-1,170,180,181,-1,170,181,168,-1,168,181,182,-1,168,182,166,-1,166,182,183,-1,166,183,164,-1,164,183,184,-1,164,184,162,-1,162,184,185,-1,162,185,160,-1,160,185,186,-1,160,186,158,-1,158,186,187,-1,188,154,187,-1,187,154,156,-1,187,156,158,-1,188,189,154,-1,154,189,190,-1,154,190,152,-1,150,152,191,-1,191,152,190,-1,148,150,174,-1,174,150,191,-1,153,151,192,-1,192,151,193,-1,151,149,193,-1,193,149,194,-1,149,147,194,-1,194,147,195,-1,139,196,197,-1,139,197,141,-1,141,197,198,-1,141,198,143,-1,143,198,199,-1,143,199,145,-1,145,199,195,-1,145,195,147,-1,167,200,201,-1,167,201,169,-1,169,201,202,-1,169,202,171,-1,171,202,203,-1,171,203,138,-1,138,203,196,-1,138,196,139,-1,159,204,205,-1,159,205,161,-1,161,205,206,-1,161,206,163,-1,163,206,207,-1,163,207,165,-1,165,207,200,-1,165,200,167,-1,153,192,208,-1,153,208,155,-1,155,208,209,-1,155,209,157,-1,157,209,204,-1,157,204,159,-1,
        ]
    }
}
Shape{
    appearance Appearance {
        material  Material 	{
            diffuseColor 0.25098039215686274 0.25098039215686274 0.25098039215686274
            specularColor 0.12549019607843137 0.12549019607843137 0.12549019607843137
            ambientIntensity 0.251
            transparency 0.0
            shininess 0.5
        }
    }
    geometry IndexedFaceSet {
        ccw TRUE
        solid FALSE
        coord DEF co Coordinate {
            point [
                0.9737 -4.998 1.4632, 0.9737 -4.998 1.2163, 1.0221 -4.998 1.4632, 1.0202 -4.998 1.2163, 1.1114 -4.998 1.246, 1.1154 -4.998 1.2497, 1.0641 -4.998 1.2215, 1.0907 -4.998 1.2317, 1.1487 -4.998 1.3238, 1.1497 -4.998 1.3429, 1.1318 -4.998 1.2702, 1.1427 -4.998 1.2942, 1.1462 -4.998 1.3776, 1.1378 -4.998 1.4025, 1.1261 -4.998 1.4212, 1.1145 -4.998 1.4331, 1.0916 -4.998 1.4484, 1.0639 -4.998 1.4585
            ]
        }
        coordIndex [
            0,1,2,-1,2,1,3,-1,2,4,5,-1,3,6,2,-1,2,6,7,-1,2,7,4,-1,8,9,2,-1,5,10,2,-1,2,10,11,-1,2,11,8,-1,9,12,2,-1,2,12,13,-1,2,13,14,-1,14,15,2,-1,2,15,16,-1,2,16,17,-1,
        ]
    }
}
Shape{
    appearance Appearance {
        material  Material 	{
            diffuseColor 1.0 1.0 1.0
            specularColor 0.5019607843137255 0.5019607843137255 0.5019607843137255
            ambientIntensity 1.0
            transparency 0.0
            shininess 0.5
        }
    }
    geometry IndexedFaceSet {
        ccw TRUE
        solid FALSE
        coord DEF co Coordinate {
            point [
                1.3005 -5.002 1.3036, 1.2874 -5.002 1.2674, 1.408 -5.002 1.3036, 1.4207 -5.002 1.2674, 1.3484 -5.002 1.4367, 1.3329 -5.002 1.5001, 1.2109 -5.002 1.1798, 1.2566 -5.002 1.1798, 1.3511 -5.002 1.4463, 1.3536 -5.002 1.4591, 1.3771 -5.002 1.5001, 1.3546 -5.002 1.4591, 1.3572 -5.002 1.4456, 1.3596 -5.002 1.4367, 1.4991 -5.002 1.1798, 1.4534 -5.002 1.1798, 1.3771 -4.998 1.5001, 1.4991 -4.998 1.1798, 1.3329 -4.998 1.5001, 1.2109 -4.998 1.1798, 1.3032 -4.998 1.4221, 1.2566 -4.998 1.1798, 1.2874 -4.998 1.2674, 1.4207 -4.998 1.2674, 1.3032 -4.998 1.2674, 1.4534 -4.998 1.1798, 1.3005 -4.998 1.3036, 1.408 -4.998 1.3036, 1.3596 -4.998 1.4367, 1.3546 -4.998 1.4591, 1.3572 -4.998 1.4456, 1.3536 -4.998 1.4591, 1.3484 -4.998 1.4367, 1.3511 -4.998 1.4463
            ]
        }
        coordIndex [
            0,1,2,-1,2,1,3,-1,4,5,0,-1,0,5,6,-1,0,6,1,-1,1,6,7,-1,4,8,5,-1,5,8,9,-1,5,9,10,-1,10,9,11,-1,10,11,12,-1,12,13,10,-1,10,13,2,-1,10,2,14,-1,14,2,3,-1,14,3,15,-1,10,14,16,-1,16,14,17,-1,5,10,18,-1,18,10,16,-1,19,6,20,-1,20,6,5,-1,20,5,18,-1,7,6,21,-1,21,6,19,-1,1,7,22,-1,22,7,21,-1,23,3,24,-1,24,3,1,-1,24,1,22,-1,15,3,25,-1,25,3,23,-1,14,15,17,-1,17,15,25,-1,0,2,26,-1,26,2,27,-1,2,13,27,-1,27,13,28,-1,11,29,30,-1,11,30,12,-1,12,30,28,-1,12,28,13,-1,11,9,29,-1,29,9,31,-1,4,32,33,-1,4,33,8,-1,8,33,31,-1,8,31,9,-1,4,0,32,-1,32,0,26,-1,
        ]
    }
}
Shape{
    appearance Appearance {
        material  Material 	{
            diffuseColor 0.25098039215686274 0.25098039215686274 0.25098039215686274
            specularColor 0.12549019607843137 0.12549019607843137 0.12549019607843137
            ambientIntensity 0.251
            transparency 0.0
            shininess 0.5
        }
    }
    geometry IndexedFaceSet {
        ccw TRUE
        solid FALSE
        coord DEF co Coordinate {
            point [
                1.3546 -4.998 1.4591, 1.3536 -4.998 1.4591, 1.3572 -4.998 1.4456, 1.3511 -4.998 1.4463, 1.3596 -4.998 1.4367, 1.3484 -4.998 1.4367, 1.408 -4.998 1.3036, 1.3005 -4.998 1.3036
            ]
        }
        coordIndex [
            0,1,2,-1,2,1,3,-1,2,3,4,-1,4,3,5,-1,4,5,6,-1,6,5,7,-1,
        ]
    }
}
Shape{
    appearance Appearance {
        material  Material 	{
            diffuseColor 1.0 1.0 1.0
            specularColor 0.5019607843137255 0.5019607843137255 0.5019607843137255
            ambientIntensity 1.0
            transparency 0.0
            shininess 0.5
        }
    }
    geometry IndexedFaceSet {
        ccw TRUE
        solid FALSE
        coord DEF co Coordinate {
            point [
                0.386 -5.002 0.7082, 0.386 -5.002 0.6717, 0.386 -4.998 0.7082, 0.386 -4.998 0.6717, 0.2551 -5.002 0.7082, 0.2551 -4.998 0.7082, 0.2551 -5.002 0.816, 0.2551 -4.998 0.816, 0.3696 -5.002 0.816, 0.3696 -4.998 0.816, 0.3696 -5.002 0.8526, 0.3696 -4.998 0.8526, 0.2551 -5.002 0.8526, 0.2551 -4.998 0.8526, 0.2551 -5.002 0.9551, 0.2551 -4.998 0.9551, 0.3787 -5.002 0.9551, 0.3787 -4.998 0.9551, 0.3787 -5.002 0.992, 0.3787 -4.998 0.992, 0.2137 -5.002 0.992, 0.2137 -4.998 0.992, 0.2137 -5.002 0.6717, 0.2137 -4.998 0.6717, 0.567 -5.002 0.7071, 0.5681 -5.002 0.7071, 0.5654 -5.002 0.744, 0.568 -5.002 0.7619, 0.6082 -5.002 0.8189, 0.5681 -5.002 0.7645, 0.5681 -5.002 0.7865, 0.5681 -5.002 0.6717, 0.6082 -5.002 0.6717, 0.481 -5.002 0.7692, 0.4905 -5.002 0.7737, 0.469 -5.002 0.7998, 0.5595 -5.002 0.7297, 0.5509 -5.002 0.7179, 0.5607 -5.002 0.6975, 0.5458 -5.002 0.713, 0.548 -5.002 0.6838, 0.5345 -5.002 0.7053, 0.5339 -5.002 0.6745, 0.5223 -5.002 0.7009, 0.5176 -5.002 0.6686, 0.5073 -5.002 0.6992, 0.4969 -5.002 0.6663, 0.4938 -5.002 0.7007, 0.4729 -5.002 0.6691, 0.4847 -5.002 0.7041, 0.4575 -5.002 0.6749, 0.4767 -5.002 0.7095, 0.444 -5.002 0.6843, 0.4733 -5.002 0.713, 0.5003 -5.002 0.8076, 0.5145 -5.002 0.7793, 0.5681 -5.002 0.8171, 0.4757 -5.002 0.7652, 0.4522 -5.002 0.791, 0.4709 -5.002 0.7592, 0.4401 -5.002 0.7802, 0.4674 -5.002 0.7518, 0.4315 -5.002 0.7673, 0.4654 -5.002 0.7426, 0.4265 -5.002 0.7527, 0.4651 -5.002 0.7362, 0.4244 -5.002 0.7329, 0.4661 -5.002 0.727, 0.4263 -5.002 0.7148, 0.4687 -5.002 0.7197, 0.4312 -5.002 0.7012, 0.4395 -5.002 0.6889, 0.4467 -5.002 0.8844, 0.4467 -5.002 0.8454, 0.4602 -5.002 0.8918, 0.4725 -5.002 0.8619, 0.4911 -5.002 0.9022, 0.4976 -5.002 0.8706, 0.5255 -5.002 0.9057, 0.5217 -5.002 0.8731, 0.5484 -5.002 0.9037, 0.5353 -5.002 0.8717, 0.5657 -5.002 0.8987, 0.5446 -5.002 0.8684, 0.5791 -5.002 0.8913, 0.5517 -5.002 0.8638, 0.59 -5.002 0.8813, 0.5578 -5.002 0.8574, 0.5983 -5.002 0.8685, 0.5625 -5.002 0.8491, 0.6047 -5.002 0.8508, 0.5667 -5.002 0.8348, 0.5255 -4.998 0.9057, 0.4911 -4.998 0.9022, 0.4602 -4.998 0.8918, 0.4467 -4.998 0.8844, 0.4467 -4.998 0.8454, 0.4725 -4.998 0.8619, 0.4976 -4.998 0.8706, 0.5217 -4.998 0.8731, 0.5353 -4.998 0.8717, 0.5446 -4.998 0.8684, 0.5517 -4.998 0.8638, 0.5578 -4.998 0.8574, 0.5625 -4.998 0.8491, 0.5667 -4.998 0.8348, 0.5681 -4.998 0.8171, 0.5003 -4.998 0.8076, 0.469 -4.998 0.7998, 0.4522 -4.998 0.791, 0.4401 -4.998 0.7802, 0.4315 -4.998 0.7673, 0.4265 -4.998 0.7527, 0.4244 -4.998 0.7329, 0.4263 -4.998 0.7148, 0.4312 -4.998 0.7012, 0.4395 -4.998 0.6889, 0.444 -4.998 0.6843, 0.4969 -4.998 0.6663, 0.4736 -4.998 0.669, 0.4729 -4.998 0.6691, 0.4575 -4.998 0.6749, 0.5176 -4.998 0.6686, 0.5187 -4.998 0.669, 0.5339 -4.998 0.6745, 0.548 -4.998 0.6838, 0.5607 -4.998 0.6975, 0.567 -4.998 0.7071, 0.5681 -4.998 0.7071, 0.5681 -4.998 0.6717, 0.6082 -4.998 0.6717, 0.6082 -4.998 0.8189, 0.6047 -4.998 0.8508, 0.5983 -4.998 0.8685, 0.59 -4.998 0.8813, 0.5791 -4.998 0.8913, 0.5657 -4.998 0.8987, 0.5484 -4.998 0.9037, 0.4757 -4.998 0.7652, 0.481 -4.998 0.7692, 0.4905 -4.998 0.7737, 0.5145 -4.998 0.7793, 0.4651 -4.998 0.7362, 0.4654 -4.998 0.7426, 0.4674 -4.998 0.7518, 0.4709 -4.998 0.7592, 0.4767 -4.998 0.7095, 0.4733 -4.998 0.713, 0.4687 -4.998 0.7197, 0.4661 -4.998 0.727, 0.5073 -4.998 0.6992, 0.4938 -4.998 0.7007, 0.4847 -4.998 0.7041, 0.5509 -4.998 0.7179, 0.5458 -4.998 0.713, 0.5345 -4.998 0.7053, 0.5223 -4.998 0.7009, 0.5681 -4.998 0.7645, 0.568 -4.998 0.7619, 0.5654 -4.998 0.744, 0.5595 -4.998 0.7297, 0.5681 -4.998 0.7865
            ]
        }
        coordIndex [
            0,1,2,-1,2,1,3,-1,4,0,5,-1,5,0,2,-1,6,4,7,-1,7,4,5,-1,8,6,9,-1,9,6,7,-1,10,8,11,-1,11,8,9,-1,12,10,13,-1,13,10,11,-1,14,12,15,-1,15,12,13,-1,16,14,17,-1,17,14,15,-1,18,16,19,-1,19,16,17,-1,20,18,21,-1,21,18,19,-1,22,20,23,-1,23,20,21,-1,1,22,3,-1,3,22,23,-1,22,1,0,-1,0,4,22,-1,22,4,6,-1,22,6,20,-1,16,18,14,-1,14,18,20,-1,14,20,12,-1,12,20,6,-1,12,6,10,-1,10,6,8,-1,24,25,26,-1,27,28,29,-1,29,28,30,-1,31,32,25,-1,25,32,28,-1,25,28,26,-1,26,28,27,-1,33,34,35,-1,26,36,24,-1,24,36,37,-1,24,37,38,-1,38,37,39,-1,38,39,40,-1,40,39,41,-1,40,41,42,-1,42,41,43,-1,42,43,44,-1,44,43,45,-1,44,45,46,-1,46,45,47,-1,46,47,48,-1,48,47,49,-1,48,49,50,-1,50,49,51,-1,50,51,52,-1,52,51,53,-1,35,34,54,-1,54,34,55,-1,54,55,56,-1,33,35,57,-1,57,35,58,-1,57,58,59,-1,59,58,60,-1,59,60,61,-1,61,60,62,-1,61,62,63,-1,63,62,64,-1,63,64,65,-1,65,64,66,-1,65,66,67,-1,67,66,68,-1,67,68,69,-1,69,68,70,-1,69,70,53,-1,53,70,71,-1,53,71,52,-1,72,73,74,-1,74,73,75,-1,74,75,76,-1,76,75,77,-1,76,77,78,-1,78,77,79,-1,78,79,80,-1,80,79,81,-1,80,81,82,-1,82,81,83,-1,82,83,84,-1,84,83,85,-1,84,85,86,-1,86,85,87,-1,86,87,88,-1,88,87,89,-1,88,89,90,-1,90,89,91,-1,90,91,28,-1,28,91,56,-1,28,56,30,-1,30,56,55,-1,78,92,93,-1,78,93,76,-1,76,93,94,-1,76,94,74,-1,74,94,95,-1,74,95,72,-1,73,72,96,-1,96,72,95,-1,73,96,97,-1,73,97,75,-1,75,97,98,-1,75,98,77,-1,77,98,99,-1,77,99,79,-1,79,99,100,-1,79,100,81,-1,81,100,101,-1,81,101,83,-1,83,101,102,-1,83,102,85,-1,85,102,103,-1,85,103,87,-1,87,103,104,-1,87,104,89,-1,89,104,105,-1,89,105,91,-1,91,105,106,-1,91,106,56,-1,54,56,107,-1,107,56,106,-1,54,107,108,-1,54,108,35,-1,35,108,109,-1,35,109,58,-1,58,109,110,-1,58,110,60,-1,60,110,111,-1,60,111,62,-1,62,111,112,-1,62,112,64,-1,64,112,113,-1,64,113,66,-1,66,113,114,-1,66,114,68,-1,68,114,115,-1,68,115,70,-1,70,115,116,-1,70,116,71,-1,71,116,117,-1,71,117,52,-1,118,46,119,-1,119,46,48,-1,119,48,120,-1,120,48,50,-1,120,50,121,-1,121,50,52,-1,121,52,117,-1,46,118,122,-1,46,122,44,-1,44,122,123,-1,44,123,42,-1,123,124,42,-1,42,124,125,-1,42,125,40,-1,40,125,126,-1,40,126,38,-1,38,126,127,-1,38,127,24,-1,25,24,128,-1,128,24,127,-1,31,25,129,-1,129,25,128,-1,32,31,130,-1,130,31,129,-1,28,32,131,-1,131,32,130,-1,28,131,132,-1,28,132,90,-1,90,132,133,-1,90,133,88,-1,88,133,134,-1,88,134,86,-1,86,134,135,-1,86,135,84,-1,84,135,136,-1,84,136,82,-1,82,136,137,-1,82,137,80,-1,80,137,92,-1,80,92,78,-1,57,138,139,-1,57,139,33,-1,33,139,140,-1,33,140,34,-1,34,140,141,-1,34,141,55,-1,65,142,143,-1,65,143,63,-1,63,143,144,-1,63,144,61,-1,61,144,145,-1,61,145,59,-1,59,145,138,-1,59,138,57,-1,51,146,147,-1,51,147,53,-1,53,147,148,-1,53,148,69,-1,69,148,149,-1,69,149,67,-1,67,149,142,-1,67,142,65,-1,45,150,151,-1,45,151,47,-1,47,151,152,-1,47,152,49,-1,49,152,146,-1,49,146,51,-1,37,153,154,-1,37,154,39,-1,39,154,155,-1,39,155,41,-1,41,155,156,-1,41,156,43,-1,43,156,150,-1,43,150,45,-1,29,157,158,-1,29,158,27,-1,27,158,159,-1,27,159,26,-1,26,159,160,-1,26,160,36,-1,36,160,153,-1,36,153,37,-1,29,30,157,-1,157,30,161,-1,30,55,161,-1,161,55,141,-1,
        ]
    }
}
Shape{
    appearance Appearance {
        material  Material 	{
            diffuseColor 0.25098039215686274 0.25098039215686274 0.25098039215686274
            specularColor 0.12549019607843137 0.12549019607843137 0.12549019607843137
            ambientIntensity 0.251
            transparency 0.0
            shininess 0.5
        }
    }
    geometry IndexedFaceSet {
        ccw TRUE
        solid FALSE
        coord DEF co Coordinate {
            point [
                0.568 -4.998 0.7619, 0.5681 -4.998 0.7645, 0.4757 -4.998 0.7652, 0.5681 -4.998 0.7865, 0.5145 -4.998 0.7793, 0.4905 -4.998 0.7737, 0.481 -4.998 0.7692, 0.5654 -4.998 0.744, 0.4709 -4.998 0.7592, 0.5595 -4.998 0.7297, 0.4733 -4.998 0.713, 0.4767 -4.998 0.7095, 0.5458 -4.998 0.713, 0.4687 -4.998 0.7197, 0.5345 -4.998 0.7053, 0.5223 -4.998 0.7009, 0.5073 -4.998 0.6992, 0.4674 -4.998 0.7518, 0.4654 -4.998 0.7426, 0.5509 -4.998 0.7179, 0.4651 -4.998 0.7362, 0.4661 -4.998 0.727, 0.4847 -4.998 0.7041, 0.4938 -4.998 0.7007
            ]
        }
        coordIndex [
            0,1,2,-1,1,3,4,-1,4,5,1,-1,1,5,6,-1,1,6,2,-1,0,2,7,-1,7,2,8,-1,7,8,9,-1,10,11,12,-1,10,12,13,-1,14,12,15,-1,15,12,16,-1,8,17,9,-1,9,17,18,-1,9,18,19,-1,19,18,20,-1,19,20,12,-1,12,20,21,-1,12,21,13,-1,11,22,12,-1,12,22,23,-1,12,23,16,-1,
        ]
    }
}
Shape{
    appearance Appearance {
        material  Material 	{
            diffuseColor 1.0 1.0 1.0
            specularColor 0.5019607843137255 0.5019607843137255 0.5019607843137255
            ambientIntensity 1.0
            transparency 0.0
            shininess 0.5
        }
    }
    geometry IndexedFaceSet {
        ccw TRUE
        solid FALSE
        coord DEF co Coordinate {
            point [
                0.7285 -5.002 0.699, 0.7285 -4.998 0.699, 0.7017 -4.998 0.7024, 0.6811 -4.998 0.7105, 0.6766 -5.002 0.7123, 0.7017 -5.002 0.7024, 0.6766 -4.998 0.7123, 0.6625 -4.998 0.7211, 0.6625 -5.002 0.7211, 0.6625 -5.002 0.6797, 0.6625 -4.998 0.6797, 0.6893 -5.002 0.6701, 0.6811 -4.998 0.6731, 0.7246 -4.998 0.6663, 0.7246 -5.002 0.6663, 0.6998 -4.998 0.669, 0.6893 -4.998 0.6701, 0.7574 -5.002 0.6697, 0.7503 -4.998 0.669, 0.7574 -4.998 0.6697, 0.7793 -4.998 0.6774, 0.7793 -5.002 0.6774, 0.7912 -4.998 0.6845, 0.7912 -5.002 0.6845, 0.8027 -4.998 0.6945, 0.8027 -5.002 0.6945, 0.8102 -4.998 0.7051, 0.8102 -5.002 0.7051, 0.8151 -4.998 0.7178, 0.8151 -5.002 0.7178, 0.817 -4.998 0.7339, 0.817 -5.002 0.7339, 0.8154 -4.998 0.7489, 0.8154 -5.002 0.7489, 0.8111 -4.998 0.7607, 0.8111 -5.002 0.7607, 0.8036 -4.998 0.7717, 0.8036 -5.002 0.7717, 0.794 -4.998 0.7803, 0.794 -5.002 0.7803, 0.7674 -4.998 0.7951, 0.7674 -5.002 0.7951, 0.7519 -4.998 0.8014, 0.7519 -5.002 0.8014, 0.727 -4.998 0.8122, 0.727 -5.002 0.8122, 0.7129 -4.998 0.821, 0.7129 -5.002 0.821, 0.709 -4.998 0.8253, 0.709 -5.002 0.8253, 0.7061 -4.998 0.8307, 0.7061 -5.002 0.8307, 0.7045 -4.998 0.837, 0.7045 -5.002 0.837, 0.7041 -4.998 0.8423, 0.7041 -5.002 0.8423, 0.7048 -4.998 0.8487, 0.7048 -5.002 0.8487, 0.7068 -4.998 0.8541, 0.7068 -5.002 0.8541, 0.7103 -4.998 0.8592, 0.7103 -5.002 0.8592, 0.7163 -4.998 0.8646, 0.7163 -5.002 0.8646, 0.7253 -4.998 0.8694, 0.7253 -5.002 0.8694, 0.736 -4.998 0.8722, 0.736 -5.002 0.8722, 0.7479 -4.998 0.8731, 0.7479 -5.002 0.8731, 0.7758 -4.998 0.8697, 0.7758 -5.002 0.8697, 0.7985 -4.998 0.861, 0.7985 -5.002 0.861, 0.8061 -4.998 0.8566, 0.8061 -5.002 0.8566, 0.8061 -5.002 0.8955, 0.8061 -4.998 0.8955, 0.7777 -4.998 0.9036, 0.7777 -5.002 0.9036, 0.7519 -4.998 0.9057, 0.7519 -5.002 0.9057, 0.7215 -4.998 0.9023, 0.7215 -5.002 0.9023, 0.6996 -4.998 0.8942, 0.6996 -5.002 0.8942, 0.6885 -4.998 0.8875, 0.6885 -5.002 0.8875, 0.6766 -5.002 0.8768, 0.6811 -4.998 0.8808, 0.6766 -4.998 0.8768, 0.6691 -4.998 0.866, 0.6691 -5.002 0.866, 0.6644 -4.998 0.8531, 0.6644 -5.002 0.8531, 0.6628 -4.998 0.8387, 0.6628 -5.002 0.8387, 0.6645 -4.998 0.8231, 0.6645 -5.002 0.8231, 0.6689 -4.998 0.8109, 0.6689 -5.002 0.8109, 0.6742 -4.998 0.8025, 0.6742 -5.002 0.8025, 0.7235 -4.998 0.7722, 0.7235 -5.002 0.7722, 0.6996 -5.002 0.7832, 0.6807 -4.998 0.7957, 0.6807 -5.002 0.7957, 0.6811 -4.998 0.7954, 0.6996 -4.998 0.7832, 0.7499 -4.998 0.7612, 0.7499 -5.002 0.7612, 0.7655 -4.998 0.7518, 0.7655 -5.002 0.7518, 0.7705 -4.998 0.7466, 0.7705 -5.002 0.7466, 0.7736 -4.998 0.7412, 0.7736 -5.002 0.7412, 0.7754 -4.998 0.735, 0.7754 -5.002 0.735, 0.7758 -4.998 0.73, 0.7758 -5.002 0.73, 0.775 -4.998 0.7223, 0.775 -5.002 0.7223, 0.773 -4.998 0.7166, 0.773 -5.002 0.7166, 0.7695 -4.998 0.7115, 0.7695 -5.002 0.7115, 0.7649 -4.998 0.7074, 0.7649 -5.002 0.7074, 0.7612 -4.998 0.7051, 0.7612 -5.002 0.7051, 0.7509 -4.998 0.7014, 0.7509 -5.002 0.7014, 0.7303 -4.998 0.6991, 0.7303 -5.002 0.6991, 1.0159 -5.002 0.9004, 1.0575 -5.002 0.9004, 1.0159 -4.998 0.9004, 1.0575 -4.998 0.9004, 0.9534 -5.002 0.7282, 0.9534 -4.998 0.7282, 0.9503 -4.998 0.7175, 0.9503 -5.002 0.7175, 0.9485 -4.998 0.7097, 0.9485 -5.002 0.7097, 0.9474 -5.002 0.7097, 0.9474 -4.998 0.7097, 0.9425 -5.002 0.7285, 0.9425 -4.998 0.7285, 0.8828 -4.998 0.9004, 0.8828 -5.002 0.9004, 0.9021 -4.998 0.8447, 0.8379 -5.002 0.9004, 0.8379 -4.998 0.9004, 0.9276 -4.998 0.6722, 0.9276 -5.002 0.6722, 0.9021 -4.998 0.7371, 0.91 -4.998 0.6306, 0.91 -5.002 0.6306, 0.9263 -4.998 0.669, 0.9022 -4.998 0.6162, 0.9022 -5.002 0.6162, 0.9021 -4.998 0.6161, 0.8947 -5.002 0.6078, 0.8947 -4.998 0.6078, 0.8873 -4.998 0.6027, 0.8873 -5.002 0.6027, 0.8786 -4.998 0.5994, 0.8786 -5.002 0.5994, 0.8689 -4.998 0.5983, 0.8689 -5.002 0.5983, 0.8544 -4.998 0.6002, 0.8544 -5.002 0.6002, 0.8462 -4.998 0.6029, 0.8462 -5.002 0.6029, 0.8462 -5.002 0.5672, 0.8462 -4.998 0.5672, 0.8632 -4.998 0.5643, 0.8632 -5.002 0.5643, 0.872 -4.998 0.564, 0.872 -5.002 0.564, 0.8882 -4.998 0.5658, 0.8882 -5.002 0.5658, 0.9021 -4.998 0.5711, 0.9041 -5.002 0.5718, 0.9041 -4.998 0.5718, 0.9181 -4.998 0.5816, 0.9181 -5.002 0.5816, 0.9208 -4.998 0.5841, 0.9208 -5.002 0.5841, 0.9355 -4.998 0.6018, 0.9355 -5.002 0.6018, 0.9537 -4.998 0.6371, 0.9537 -5.002 0.6371, 0.9662 -4.998 0.669, 1.273 -5.002 0.7082, 1.273 -5.002 0.6717, 1.273 -4.998 0.7082, 1.273 -4.998 0.6717, 1.142 -4.998 0.7082, 1.142 -5.002 0.7082, 1.202 -4.998 0.7082, 1.142 -5.002 0.816, 1.142 -4.998 0.816, 1.2566 -4.998 0.816, 1.2566 -5.002 0.816, 1.202 -4.998 0.816, 1.2566 -5.002 0.8526, 1.2566 -4.998 0.8526, 1.142 -4.998 0.8526, 1.142 -5.002 0.8526, 1.202 -4.998 0.8526, 1.142 -5.002 0.9551, 1.142 -4.998 0.9551, 1.2657 -4.998 0.9551, 1.2657 -5.002 0.9551, 1.202 -4.998 0.9551, 1.2657 -5.002 0.992, 1.2657 -4.998 0.992, 1.1007 -4.998 0.992, 1.1007 -5.002 0.992, 1.202 -4.998 0.992, 1.1007 -5.002 0.6717, 1.1007 -4.998 0.6717, 1.202 -4.998 0.6717, 1.5329 -5.002 0.7621, 1.5165 -5.002 0.7416, 1.5459 -5.002 0.7166, 1.5125 -5.002 0.7379, 1.5121 -5.002 0.6924, 1.4918 -5.002 0.7236, 1.4755 -5.002 0.6782, 1.4652 -5.002 0.7134, 1.4216 -5.002 0.6717, 1.4213 -5.002 0.7082, 1.3335 -5.002 0.6717, 1.3748 -5.002 0.7082, 1.3335 -5.002 0.992, 1.3748 -5.002 0.9551, 1.4248 -5.002 0.992, 1.4232 -5.002 0.9551, 1.4737 -5.002 0.9866, 1.4649 -5.002 0.9505, 1.5124 -5.002 0.9725, 1.4926 -5.002 0.9403, 1.5459 -5.002 0.9496, 1.5156 -5.002 0.925, 1.5574 -5.002 0.9383, 1.5272 -5.002 0.9131, 1.5772 -5.002 0.9103, 1.5389 -5.002 0.8944, 1.589 -5.002 0.8797, 1.5473 -5.002 0.8695, 1.5942 -5.002 0.8359, 1.5507 -5.002 0.8348, 1.5927 -5.002 0.8102, 1.5498 -5.002 0.8157, 1.5839 -5.002 0.7735, 1.5438 -5.002 0.7861, 1.5671 -5.002 0.741, 1.4216 -4.998 0.6717, 1.3335 -4.998 0.6717, 1.4755 -4.998 0.6782, 1.5121 -4.998 0.6924, 1.5459 -4.998 0.7166, 1.5671 -4.998 0.741, 1.5839 -4.998 0.7735, 1.5927 -4.998 0.8102, 1.5942 -4.998 0.8359, 1.589 -4.998 0.8797, 1.5772 -4.998 0.9103, 1.5574 -4.998 0.9383, 1.5459 -4.998 0.9496, 1.5124 -4.998 0.9725, 1.4737 -4.998 0.9866, 1.4248 -4.998 0.992, 1.3335 -4.998 0.992, 1.4232 -4.998 0.9551, 1.3748 -4.998 0.9551, 1.3748 -4.998 0.7082, 1.4213 -4.998 0.7082, 1.5165 -4.998 0.7416, 1.5125 -4.998 0.7379, 1.4918 -4.998 0.7236, 1.4652 -4.998 0.7134, 1.5507 -4.998 0.8348, 1.5498 -4.998 0.8157, 1.5438 -4.998 0.7861, 1.5329 -4.998 0.7621, 1.5156 -4.998 0.925, 1.5272 -4.998 0.9131, 1.5389 -4.998 0.8944, 1.5473 -4.998 0.8695, 1.4649 -4.998 0.9505, 1.4926 -4.998 0.9403
            ]
        }
        coordIndex [
            0,1,2,-1,3,4,2,-1,2,4,5,-1,2,5,0,-1,3,6,4,-1,4,6,7,-1,4,7,8,-1,9,8,10,-1,10,8,7,-1,9,10,11,-1,11,10,12,-1,13,14,15,-1,15,14,11,-1,15,11,16,-1,16,11,12,-1,14,13,17,-1,17,13,18,-1,18,19,17,-1,17,19,20,-1,17,20,21,-1,21,20,22,-1,21,22,23,-1,23,22,24,-1,23,24,25,-1,25,24,26,-1,25,26,27,-1,27,26,28,-1,27,28,29,-1,29,28,30,-1,29,30,31,-1,31,30,32,-1,31,32,33,-1,33,32,34,-1,33,34,35,-1,35,34,36,-1,35,36,37,-1,37,36,38,-1,37,38,39,-1,39,38,40,-1,39,40,41,-1,41,40,42,-1,41,42,43,-1,43,42,44,-1,43,44,45,-1,45,44,46,-1,45,46,47,-1,47,46,48,-1,47,48,49,-1,49,48,50,-1,49,50,51,-1,51,50,52,-1,51,52,53,-1,53,52,54,-1,53,54,55,-1,55,54,56,-1,55,56,57,-1,57,56,58,-1,57,58,59,-1,59,58,60,-1,59,60,61,-1,61,60,62,-1,61,62,63,-1,63,62,64,-1,63,64,65,-1,65,64,66,-1,65,66,67,-1,67,66,68,-1,67,68,69,-1,69,68,70,-1,69,70,71,-1,71,70,72,-1,71,72,73,-1,73,72,74,-1,73,74,75,-1,76,75,77,-1,77,75,74,-1,76,77,78,-1,76,78,79,-1,79,78,80,-1,79,80,81,-1,81,80,82,-1,81,82,83,-1,83,82,84,-1,83,84,85,-1,85,84,86,-1,85,86,87,-1,87,86,88,-1,88,86,89,-1,89,90,88,-1,88,90,91,-1,88,91,92,-1,92,91,93,-1,92,93,94,-1,94,93,95,-1,94,95,96,-1,96,95,97,-1,96,97,98,-1,98,97,99,-1,98,99,100,-1,100,99,101,-1,100,101,102,-1,103,104,105,-1,102,101,106,-1,102,106,107,-1,107,106,108,-1,107,108,105,-1,105,108,109,-1,105,109,103,-1,104,103,110,-1,104,110,111,-1,111,110,112,-1,111,112,113,-1,113,112,114,-1,113,114,115,-1,115,114,116,-1,115,116,117,-1,117,116,118,-1,117,118,119,-1,119,118,120,-1,119,120,121,-1,121,120,122,-1,121,122,123,-1,123,122,124,-1,123,124,125,-1,125,124,126,-1,125,126,127,-1,127,126,128,-1,127,128,129,-1,129,128,130,-1,129,130,131,-1,131,130,132,-1,131,132,133,-1,133,132,134,-1,133,134,135,-1,135,134,1,-1,135,1,0,-1,61,63,85,-1,85,63,83,-1,111,43,104,-1,104,43,45,-1,14,0,11,-1,11,0,5,-1,11,5,9,-1,9,5,4,-1,9,4,8,-1,63,65,83,-1,83,65,67,-1,83,67,81,-1,81,67,69,-1,81,69,79,-1,79,69,71,-1,79,71,76,-1,76,71,73,-1,76,73,75,-1,21,23,127,-1,127,23,25,-1,127,25,125,-1,125,25,27,-1,125,27,123,-1,123,27,29,-1,123,29,121,-1,121,29,31,-1,121,31,119,-1,119,31,33,-1,119,33,117,-1,117,33,35,-1,117,35,115,-1,115,35,37,-1,115,37,113,-1,113,37,39,-1,113,39,111,-1,111,39,41,-1,111,41,43,-1,127,129,21,-1,21,129,131,-1,21,131,17,-1,17,131,133,-1,17,133,14,-1,14,133,135,-1,14,135,0,-1,85,87,61,-1,61,87,88,-1,61,88,59,-1,59,88,92,-1,59,92,57,-1,57,92,94,-1,57,94,55,-1,55,94,96,-1,55,96,53,-1,53,96,98,-1,53,98,51,-1,51,98,100,-1,51,100,49,-1,49,100,102,-1,49,102,47,-1,47,102,107,-1,47,107,45,-1,45,107,105,-1,45,105,104,-1,136,137,138,-1,138,137,139,-1,140,136,141,-1,141,136,138,-1,140,141,142,-1,140,142,143,-1,143,142,144,-1,143,144,145,-1,146,145,147,-1,147,145,144,-1,148,146,149,-1,149,146,147,-1,150,151,152,-1,152,151,148,-1,152,148,149,-1,153,151,154,-1,154,151,150,-1,155,156,157,-1,157,156,153,-1,157,153,154,-1,158,159,160,-1,160,159,156,-1,160,156,155,-1,159,158,161,-1,159,161,162,-1,162,161,163,-1,162,163,164,-1,163,165,164,-1,164,165,166,-1,164,166,167,-1,167,166,168,-1,167,168,169,-1,169,168,170,-1,169,170,171,-1,171,170,172,-1,171,172,173,-1,173,172,174,-1,173,174,175,-1,176,175,177,-1,177,175,174,-1,176,177,178,-1,176,178,179,-1,179,178,180,-1,179,180,181,-1,181,180,182,-1,181,182,183,-1,183,182,184,-1,183,184,185,-1,184,186,185,-1,185,186,187,-1,185,187,188,-1,188,187,189,-1,188,189,190,-1,190,189,191,-1,190,191,192,-1,192,191,193,-1,192,193,194,-1,139,137,195,-1,195,137,194,-1,195,194,193,-1,143,145,194,-1,137,136,194,-1,194,136,140,-1,194,140,143,-1,151,153,148,-1,148,153,156,-1,148,156,146,-1,192,162,190,-1,190,162,164,-1,175,176,173,-1,173,176,179,-1,173,179,171,-1,171,179,181,-1,171,181,169,-1,169,181,183,-1,169,183,167,-1,167,183,185,-1,167,185,164,-1,164,185,188,-1,164,188,190,-1,145,146,194,-1,194,146,156,-1,194,156,192,-1,192,156,159,-1,192,159,162,-1,196,197,198,-1,198,197,199,-1,200,201,202,-1,202,201,196,-1,202,196,198,-1,203,201,204,-1,204,201,200,-1,205,206,207,-1,207,206,203,-1,207,203,204,-1,208,206,209,-1,209,206,205,-1,210,211,212,-1,212,211,208,-1,212,208,209,-1,213,211,214,-1,214,211,210,-1,215,216,217,-1,217,216,213,-1,217,213,214,-1,218,216,219,-1,219,216,215,-1,220,221,222,-1,222,221,218,-1,222,218,219,-1,223,221,224,-1,224,221,220,-1,199,197,225,-1,225,197,223,-1,225,223,224,-1,223,197,196,-1,196,201,223,-1,223,201,203,-1,223,203,221,-1,216,218,213,-1,213,218,221,-1,213,221,211,-1,211,221,203,-1,211,203,208,-1,208,203,206,-1,226,227,228,-1,228,227,229,-1,228,229,230,-1,230,229,231,-1,230,231,232,-1,232,231,233,-1,232,233,234,-1,234,233,235,-1,234,235,236,-1,236,235,237,-1,236,237,238,-1,238,237,239,-1,238,239,240,-1,240,239,241,-1,240,241,242,-1,242,241,243,-1,242,243,244,-1,244,243,245,-1,244,245,246,-1,246,245,247,-1,246,247,248,-1,248,247,249,-1,248,249,250,-1,250,249,251,-1,250,251,252,-1,252,251,253,-1,252,253,254,-1,254,253,255,-1,254,255,256,-1,256,255,257,-1,256,257,258,-1,258,257,259,-1,258,259,260,-1,260,259,226,-1,260,226,228,-1,234,236,261,-1,261,236,262,-1,234,261,263,-1,234,263,232,-1,232,263,264,-1,232,264,230,-1,230,264,265,-1,230,265,228,-1,228,265,266,-1,228,266,260,-1,260,266,267,-1,260,267,258,-1,258,267,268,-1,258,268,256,-1,256,268,269,-1,256,269,254,-1,254,269,270,-1,254,270,252,-1,252,270,271,-1,252,271,250,-1,250,271,272,-1,250,272,248,-1,248,272,273,-1,248,273,246,-1,246,273,274,-1,246,274,244,-1,244,274,275,-1,244,275,242,-1,242,275,276,-1,242,276,240,-1,238,240,277,-1,277,240,276,-1,236,238,262,-1,262,238,277,-1,241,239,278,-1,278,239,279,-1,239,237,279,-1,279,237,280,-1,237,235,280,-1,280,235,281,-1,227,282,283,-1,227,283,229,-1,229,283,284,-1,229,284,231,-1,231,284,285,-1,231,285,233,-1,233,285,281,-1,233,281,235,-1,255,286,287,-1,255,287,257,-1,257,287,288,-1,257,288,259,-1,259,288,289,-1,259,289,226,-1,226,289,282,-1,226,282,227,-1,247,290,291,-1,247,291,249,-1,249,291,292,-1,249,292,251,-1,251,292,293,-1,251,293,253,-1,253,293,286,-1,253,286,255,-1,241,278,294,-1,241,294,243,-1,243,294,295,-1,243,295,245,-1,245,295,290,-1,245,290,247,-1,
        ]
    }
}
Shape{
    appearance Appearance {
        material  Material 	{
            diffuseColor 0.25098039215686274 0.25098039215686274 0.25098039215686274
            specularColor 0.12549019607843137 0.12549019607843137 0.12549019607843137
            ambientIntensity 0.251
            transparency 0.0
            shininess 0.5
        }
    }
    geometry IndexedFaceSet {
        ccw TRUE
        solid FALSE
        coord DEF co Coordinate {
            point [
                1.3748 -4.998 0.9551, 1.3748 -4.998 0.7082, 1.4232 -4.998 0.9551, 1.4213 -4.998 0.7082, 1.5125 -4.998 0.7379, 1.5165 -4.998 0.7416, 1.4652 -4.998 0.7134, 1.4918 -4.998 0.7236, 1.5498 -4.998 0.8157, 1.5507 -4.998 0.8348, 1.5329 -4.998 0.7621, 1.5438 -4.998 0.7861, 1.5473 -4.998 0.8695, 1.5389 -4.998 0.8944, 1.5272 -4.998 0.9131, 1.5156 -4.998 0.925, 1.4926 -4.998 0.9403, 1.4649 -4.998 0.9505
            ]
        }
        coordIndex [
            0,1,2,-1,2,1,3,-1,2,4,5,-1,3,6,2,-1,2,6,7,-1,2,7,4,-1,8,9,2,-1,5,10,2,-1,2,10,11,-1,2,11,8,-1,9,12,2,-1,2,12,13,-1,2,13,14,-1,14,15,2,-1,2,15,16,-1,2,16,17,-1,
        ]
    }
}
Shape{
    appearance Appearance {
        material  Material 	{
            diffuseColor 1.0 1.0 1.0
            specularColor 0.5019607843137255 0.5019607843137255 0.5019607843137255
            ambientIntensity 1.0
            transparency 0.0
            shininess 0.5
        }
    }
    geometry IndexedFaceSet {
        ccw TRUE
        solid FALSE
        coord DEF co Coordinate {
            point [
                1.7016 -5.002 0.7955, 1.6885 -5.002 0.7593, 1.8091 -5.002 0.7955, 1.8218 -5.002 0.7593, 1.7494 -5.002 0.9286, 1.734 -5.002 0.992, 1.612 -5.002 0.6717, 1.6577 -5.002 0.6717, 1.7522 -5.002 0.9382, 1.7547 -5.002 0.951, 1.7782 -5.002 0.992, 1.7557 -5.002 0.951, 1.7583 -5.002 0.9375, 1.7607 -5.002 0.9286, 1.9002 -5.002 0.6717, 1.8545 -5.002 0.6717, 1.7782 -4.998 0.992, 1.9002 -4.998 0.6717, 1.734 -4.998 0.992, 1.612 -4.998 0.6717, 1.6577 -4.998 0.6717, 1.6885 -4.998 0.7593, 1.8218 -4.998 0.7593, 1.8545 -4.998 0.6717, 1.7016 -4.998 0.7955, 1.8091 -4.998 0.7955, 1.7607 -4.998 0.9286, 1.7557 -4.998 0.951, 1.7583 -4.998 0.9375, 1.7547 -4.998 0.951, 1.7494 -4.998 0.9286, 1.7522 -4.998 0.9382
            ]
        }
        coordIndex [
            0,1,2,-1,2,1,3,-1,4,5,0,-1,0,5,6,-1,0,6,1,-1,1,6,7,-1,4,8,5,-1,5,8,9,-1,5,9,10,-1,10,9,11,-1,10,11,12,-1,12,13,10,-1,10,13,2,-1,10,2,14,-1,14,2,3,-1,14,3,15,-1,10,14,16,-1,16,14,17,-1,5,10,18,-1,18,10,16,-1,6,5,19,-1,19,5,18,-1,7,6,20,-1,20,6,19,-1,1,7,21,-1,21,7,20,-1,3,1,22,-1,22,1,21,-1,15,3,23,-1,23,3,22,-1,14,15,17,-1,17,15,23,-1,0,2,24,-1,24,2,25,-1,2,13,25,-1,25,13,26,-1,11,27,28,-1,11,28,12,-1,12,28,26,-1,12,26,13,-1,11,9,27,-1,27,9,29,-1,4,30,31,-1,4,31,8,-1,8,31,29,-1,8,29,9,-1,4,0,30,-1,30,0,24,-1,
        ]
    }
}
Shape{
    appearance Appearance {
        material  Material 	{
            diffuseColor 0.25098039215686274 0.25098039215686274 0.25098039215686274
            specularColor 0.12549019607843137 0.12549019607843137 0.12549019607843137
            ambientIntensity 0.251
            transparency 0.0
            shininess 0.5
        }
    }
    geometry IndexedFaceSet {
        ccw TRUE
        solid FALSE
        coord DEF co Coordinate {
            point [
                1.7557 -4.998 0.951, 1.7547 -4.998 0.951, 1.7583 -4.998 0.9375, 1.7522 -4.998 0.9382, 1.7607 -4.998 0.9286, 1.7494 -4.998 0.9286, 1.8091 -4.998 0.7955, 1.7016 -4.998 0.7955
            ]
        }
        coordIndex [
            0,1,2,-1,2,1,3,-1,2,3,4,-1,4,3,5,-1,4,5,6,-1,6,5,7,-1,
        ]
    }
}
Shape{
    appearance Appearance {
        material  Material 	{
            diffuseColor 1.0 1.0 1.0
            specularColor 0.5019607843137255 0.5019607843137255 0.5019607843137255
            ambientIntensity 1.0
            transparency 0.0
            shininess 0.5
        }
    }
    geometry IndexedFaceSet {
        ccw TRUE
        solid FALSE
        coord DEF co Coordinate {
            point [
                -1.2611 -5.002 1.2233, -1.2103 -5.002 1.2503, -1.2222 -5.002 1.3905, -0.8212 -5.002 0.6172, -0.7942 -5.002 0.6679, -0.7808 -5.002 0.7241, -1.0801 -5.002 1.397, -1.0095 -5.002 1.2308, -0.9747 -5.002 1.3028, -1.0939 -5.002 0.7178, -1.0981 -5.002 0.7392, -1.2213 -5.002 0.8277, -1.2236 -5.002 0.6751, -1.2524 -5.002 0.6838, -1.271 -5.002 0.8583, -1.1325 -5.002 1.4016, -0.4607 -5.002 0.9393, -0.5313 -5.002 1.06, -0.7795 -5.002 0.7708, -0.8365 -5.002 0.9006, -0.7795 -5.002 0.748, -0.9013 -5.002 0.5466, -0.8559 -5.002 0.5782, -1.0849 -5.002 0.6987, -1.1668 -5.002 0.5844, -1.2007 -5.002 0.6262, -0.3856 -5.002 1.1647, -0.3674 -5.002 1.1647, -0.274 -5.002 1.2877, -0.324 -5.002 1.1594, -0.2629 -5.002 1.284, -0.2843 -5.002 1.144, -0.1951 -5.002 1.2503, -0.1334 -5.002 1.1981, -1.0334 -5.002 1.4514, -0.9236 -5.002 1.3638, -0.9799 -5.002 1.4972, -0.8627 -5.002 1.4084, -0.9239 -5.002 1.5319, -1.1541 -5.002 1.2637, -1.1302 -5.002 1.2649, -1.1063 -5.002 1.4001, -1.0766 -5.002 1.2582, -1.0255 -5.002 1.2395, -0.9373 -5.002 0.6941, -0.9497 -5.002 0.6801, -0.967 -5.002 0.6677, -0.9521 -5.002 0.5271, -0.9867 -5.002 0.6599, -1.0073 -5.002 0.5203, -1.0095 -5.002 0.6569, -1.0159 -5.002 0.5205, -1.0134 -5.002 0.657, -1.0697 -5.002 0.5288, -1.0339 -5.002 0.6603, -1.1223 -5.002 0.5509, -1.0544 -5.002 0.6692, -1.0719 -5.002 0.6825, -0.9266 -5.002 0.7775, -0.9214 -5.002 0.7564, -0.9213 -5.002 0.7355, -0.9268 -5.002 0.7137, -0.1328 -5.002 0.7731, -0.2389 -5.002 0.8635, -0.1948 -5.002 0.7206, -0.2725 -5.002 0.836, -0.2642 -5.002 0.6866, -0.3127 -5.002 0.8174, -0.3401 -5.002 0.6706, -0.3537 -5.002 0.8095, -0.4744 -5.002 0.6706, -0.4562 -5.002 0.8095, -0.4872 -5.002 0.6727, -1.097 -5.002 0.7614, -1.0903 -5.002 0.7828, -1.1962 -5.002 0.8766, -1.0785 -5.002 0.8017, -1.1586 -5.002 0.9197, -1.0695 -5.002 0.8112, -1.112 -5.002 0.952, -1.0517 -5.002 0.8238, -1.0617 -5.002 0.9713, -1.0318 -5.002 0.8317, -1.0073 -5.002 0.978, -1.0095 -5.002 0.8345, -0.9796 -5.002 0.9764, -0.9906 -5.002 0.8325, -0.9247 -5.002 0.9627, -0.9694 -5.002 0.8249, -0.8763 -5.002 0.9369, -0.9511 -5.002 0.8125, -0.9364 -5.002 0.7962, -0.249 -5.002 1.1194, -0.2229 -5.002 1.0903, -0.0869 -5.002 1.1333, -0.2017 -5.002 1.051, -0.059 -5.002 1.0638, -0.1909 -5.002 1.0073, -0.0486 -5.002 0.9894, -0.1898 -5.002 0.9871, -0.059 -5.002 0.9082, -0.1952 -5.002 0.9427, -0.0876 -5.002 0.8361, -0.211 -5.002 0.9021, -0.236 -5.002 0.8666, -0.397 -5.002 1.4676, -0.4862 -5.002 1.363, -0.3213 -5.002 1.3799, -0.4348 -5.002 1.3017, -0.3996 -5.002 1.2284, -1.3511 -5.002 1.0924, -1.5008 -5.002 1.0545, -1.3579 -5.002 1.0372, -1.5014 -5.002 1.0327, -1.3552 -5.002 1.0019, -1.4904 -5.002 0.9434, -1.3388 -5.002 0.9462, -1.4577 -5.002 0.8586, -1.3118 -5.002 0.9003, -1.4058 -5.002 0.7844, -1.3347 -5.002 0.7239, -0.8188 -5.002 1.5722, -0.7883 -5.002 1.4386, -0.7067 -5.002 1.586, -0.7044 -5.002 1.4494, -0.6087 -5.002 1.5752, -0.6271 -5.002 1.4399, -0.4948 -5.002 1.534, -0.5557 -5.002 1.4125, -0.4917 -5.002 1.3681, -1.3066 -5.002 1.3577, -1.379 -5.002 1.3068, -1.3 -5.002 1.1885, -1.3944 -5.002 1.2922, -1.3316 -5.002 1.1432, -1.4491 -5.002 1.222, -1.4855 -5.002 1.14, -0.4676 -5.002 0.8116, -0.5224 -5.002 0.6945, -0.5171 -5.002 0.6891, -0.4608 -5.002 0.8101, -0.5023 -5.002 0.6786, -0.5404 -5.002 0.7412, -0.5383 -5.002 0.7242, -0.5323 -5.002 0.7088, -0.4875 -5.002 0.8095, -0.5031 -5.002 0.8033, -0.5399 -5.002 0.7502, -0.5171 -5.002 0.7934, -0.5265 -5.002 0.783, -0.5353 -5.002 0.7675, -0.4699 -5.002 0.8118, -0.0486 -4.998 0.9894, -0.059 -4.998 1.0638, -0.0668 -4.998 1.0832, -0.0869 -4.998 1.1333, -0.1334 -4.998 1.1981, -0.1951 -4.998 1.2503, -0.2629 -4.998 1.284, -0.274 -4.998 1.2877, -0.3213 -4.998 1.3799, -0.397 -4.998 1.4676, -0.4488 -4.998 1.5028, -0.4948 -4.998 1.534, -0.6087 -4.998 1.5752, -0.7067 -4.998 1.586, -0.8188 -4.998 1.5722, -0.9239 -4.998 1.5319, -0.9709 -4.998 1.5028, -0.9799 -4.998 1.4972, -1.0334 -4.998 1.4514, -1.0801 -4.998 1.397, -1.1063 -4.998 1.4001, -1.1325 -4.998 1.4016, -1.2222 -4.998 1.3905, -1.3066 -4.998 1.3577, -1.379 -4.998 1.3068, -1.3944 -4.998 1.2922, -1.5014 -4.998 1.0327, -1.4491 -4.998 1.222, -1.4855 -4.998 1.14, -1.4956 -4.998 1.0832, -1.5008 -4.998 1.0545, -1.4904 -4.998 0.9434, -1.4577 -4.998 0.8586, -1.4058 -4.998 0.7844, -1.3347 -4.998 0.7239, -1.2524 -4.998 0.6838, -1.2236 -4.998 0.6751, -1.2207 -4.998 0.669, -1.2007 -4.998 0.6262, -1.1668 -4.998 0.5844, -1.1223 -4.998 0.5509, -1.1014 -4.998 0.5421, -1.0697 -4.998 0.5288, -1.0159 -4.998 0.5205, -1.0073 -4.998 0.5203, -0.7795 -4.998 0.748, -0.9521 -4.998 0.5271, -0.913 -4.998 0.5421, -0.9013 -4.998 0.5466, -0.8559 -4.998 0.5782, -0.8212 -4.998 0.6172, -0.7942 -4.998 0.6679, -0.7939 -4.998 0.669, -0.7808 -4.998 0.7241, -0.7795 -4.998 0.7708, -0.4607 -4.998 0.9393, -0.5313 -4.998 1.06, -0.8365 -4.998 0.9006, -0.8763 -4.998 0.9369, -0.9247 -4.998 0.9627, -0.9796 -4.998 0.9764, -1.0073 -4.998 0.978, -1.0617 -4.998 0.9713, -1.112 -4.998 0.952, -1.1586 -4.998 0.9197, -1.1962 -4.998 0.8766, -1.2213 -4.998 0.8277, -1.271 -4.998 0.8583, -1.3118 -4.998 0.9003, -1.3388 -4.998 0.9462, -1.3552 -4.998 1.0019, -1.3579 -4.998 1.0372, -1.3523 -4.998 1.0832, -1.3511 -4.998 1.0924, -1.3316 -4.998 1.1432, -1.3 -4.998 1.1885, -1.2611 -4.998 1.2233, -1.2103 -4.998 1.2503, -1.1541 -4.998 1.2637, -1.1302 -4.998 1.2649, -1.0766 -4.998 1.2582, -1.0255 -4.998 1.2395, -1.0095 -4.998 1.2308, -0.9747 -4.998 1.3028, -0.9236 -4.998 1.3638, -0.8627 -4.998 1.4084, -0.7883 -4.998 1.4386, -0.7044 -4.998 1.4494, -0.6271 -4.998 1.4399, -0.5557 -4.998 1.4125, -0.4917 -4.998 1.3681, -0.4862 -4.998 1.363, -0.4348 -4.998 1.3017, -0.3996 -4.998 1.2284, -0.3856 -4.998 1.1647, -0.3674 -4.998 1.1647, -0.324 -4.998 1.1594, -0.2843 -4.998 1.144, -0.249 -4.998 1.1194, -0.2229 -4.998 1.0903, -0.219 -4.998 1.0832, -0.2017 -4.998 1.051, -0.1909 -4.998 1.0073, -0.1898 -4.998 0.9871, -0.1952 -4.998 0.9427, -0.211 -4.998 0.9021, -0.236 -4.998 0.8666, -0.2389 -4.998 0.8635, -0.2725 -4.998 0.836, -0.3127 -4.998 0.8174, -0.3537 -4.998 0.8095, -0.4562 -4.998 0.8095, -0.4608 -4.998 0.8101, -0.4676 -4.998 0.8116, -0.4699 -4.998 0.8118, -0.4875 -4.998 0.8095, -0.5031 -4.998 0.8033, -0.5171 -4.998 0.7934, -0.5265 -4.998 0.783, -0.5353 -4.998 0.7675, -0.5399 -4.998 0.7502, -0.5404 -4.998 0.7412, -0.5383 -4.998 0.7242, -0.5323 -4.998 0.7088, -0.5224 -4.998 0.6945, -0.5171 -4.998 0.6891, -0.5023 -4.998 0.6786, -0.4872 -4.998 0.6727, -0.4744 -4.998 0.6706, -0.3401 -4.998 0.6706, -0.2642 -4.998 0.6866, -0.1948 -4.998 0.7206, -0.1328 -4.998 0.7731, -0.0876 -4.998 0.8361, -0.059 -4.998 0.9082, -1.0095 -4.998 0.8345, -0.9906 -4.998 0.8325, -0.9694 -4.998 0.8249, -0.9511 -4.998 0.8125, -0.9364 -4.998 0.7962, -0.9266 -4.998 0.7775, -0.9214 -4.998 0.7564, -0.9213 -4.998 0.7355, -0.9268 -4.998 0.7137, -0.9373 -4.998 0.6941, -0.9497 -4.998 0.6801, -0.967 -4.998 0.6677, -0.9867 -4.998 0.6599, -1.0095 -4.998 0.6569, -1.0134 -4.998 0.657, -1.0339 -4.998 0.6603, -1.0544 -4.998 0.6692, -1.0719 -4.998 0.6825, -1.0849 -4.998 0.6987, -1.0939 -4.998 0.7178, -1.0981 -4.998 0.7392, -1.097 -4.998 0.7614, -1.0903 -4.998 0.7828, -1.0785 -4.998 0.8017, -1.0695 -4.998 0.8112, -1.0517 -4.998 0.8238, -1.0318 -4.998 0.8317
            ]
        }
        coordIndex [
            0,1,2,-1,3,4,5,-1,6,7,8,-1,9,10,11,-1,12,11,13,-1,13,11,14,-1,2,1,15,-1,16,17,18,-1,18,17,19,-1,18,19,20,-1,20,19,21,-1,20,21,5,-1,5,21,22,-1,5,22,3,-1,23,9,24,-1,24,9,11,-1,24,11,25,-1,25,11,12,-1,26,27,28,-1,28,27,29,-1,28,29,30,-1,30,29,31,-1,30,31,32,-1,32,31,33,-1,6,8,34,-1,34,8,35,-1,34,35,36,-1,36,35,37,-1,36,37,38,-1,1,39,15,-1,15,39,40,-1,15,40,41,-1,41,40,42,-1,41,42,6,-1,6,42,43,-1,6,43,7,-1,44,45,21,-1,21,45,46,-1,21,46,47,-1,47,46,48,-1,47,48,49,-1,49,48,50,-1,49,50,51,-1,51,50,52,-1,51,52,53,-1,53,52,54,-1,53,54,55,-1,55,54,56,-1,55,56,24,-1,24,56,57,-1,24,57,23,-1,58,59,19,-1,19,59,60,-1,19,60,21,-1,21,60,61,-1,21,61,44,-1,62,63,64,-1,64,63,65,-1,64,65,66,-1,66,65,67,-1,66,67,68,-1,68,67,69,-1,68,69,70,-1,70,69,71,-1,70,71,72,-1,10,73,11,-1,11,73,74,-1,11,74,75,-1,75,74,76,-1,75,76,77,-1,77,76,78,-1,77,78,79,-1,79,78,80,-1,79,80,81,-1,81,80,82,-1,81,82,83,-1,83,82,84,-1,83,84,85,-1,85,84,86,-1,85,86,87,-1,87,86,88,-1,87,88,89,-1,89,88,90,-1,89,90,19,-1,19,90,91,-1,19,91,58,-1,31,92,33,-1,33,92,93,-1,33,93,94,-1,94,93,95,-1,94,95,96,-1,96,95,97,-1,96,97,98,-1,98,97,99,-1,98,99,100,-1,100,99,101,-1,100,101,102,-1,102,101,103,-1,102,103,62,-1,62,103,104,-1,62,104,63,-1,105,106,107,-1,107,106,108,-1,107,108,28,-1,28,108,109,-1,28,109,26,-1,110,111,112,-1,112,111,113,-1,112,113,114,-1,114,113,115,-1,114,115,116,-1,116,115,117,-1,116,117,118,-1,118,117,119,-1,118,119,14,-1,14,119,120,-1,14,120,13,-1,38,37,121,-1,121,37,122,-1,121,122,123,-1,123,122,124,-1,123,124,125,-1,125,124,126,-1,125,126,127,-1,127,126,128,-1,127,128,105,-1,105,128,129,-1,105,129,106,-1,2,130,0,-1,0,130,131,-1,0,131,132,-1,132,131,133,-1,132,133,134,-1,134,133,135,-1,134,135,110,-1,110,135,136,-1,110,136,111,-1,137,138,139,-1,71,140,72,-1,72,140,137,-1,72,137,141,-1,141,137,139,-1,142,143,137,-1,137,143,144,-1,137,144,138,-1,145,146,147,-1,146,148,147,-1,147,148,149,-1,147,149,150,-1,142,137,147,-1,147,137,151,-1,147,151,145,-1,98,152,153,-1,98,153,96,-1,96,153,154,-1,96,154,94,-1,154,155,94,-1,94,155,156,-1,94,156,33,-1,33,156,157,-1,33,157,32,-1,32,157,158,-1,32,158,30,-1,30,158,159,-1,30,159,28,-1,28,159,160,-1,28,160,107,-1,107,160,161,-1,107,161,105,-1,127,105,162,-1,162,105,161,-1,162,163,127,-1,127,163,164,-1,127,164,125,-1,125,164,165,-1,125,165,123,-1,123,165,166,-1,123,166,121,-1,121,166,167,-1,121,167,38,-1,38,167,36,-1,36,167,168,-1,36,168,169,-1,36,169,170,-1,36,170,34,-1,34,170,171,-1,34,171,6,-1,6,171,172,-1,6,172,41,-1,41,172,173,-1,41,173,15,-1,15,173,174,-1,15,174,2,-1,2,174,175,-1,2,175,130,-1,130,175,176,-1,130,176,131,-1,131,176,177,-1,131,177,133,-1,178,113,111,-1,133,177,179,-1,133,179,135,-1,135,179,180,-1,135,180,136,-1,136,180,181,-1,136,181,111,-1,111,181,182,-1,111,182,178,-1,113,178,183,-1,113,183,115,-1,115,183,184,-1,115,184,117,-1,117,184,185,-1,117,185,119,-1,119,185,186,-1,119,186,120,-1,120,186,187,-1,120,187,13,-1,13,187,188,-1,13,188,12,-1,12,188,189,-1,12,189,25,-1,189,190,25,-1,25,190,191,-1,25,191,24,-1,24,191,192,-1,24,192,55,-1,55,192,193,-1,55,193,53,-1,193,194,53,-1,53,194,195,-1,53,195,51,-1,51,195,196,-1,51,196,49,-1,197,20,5,-1,49,196,198,-1,49,198,47,-1,47,198,199,-1,47,199,21,-1,199,200,21,-1,21,200,201,-1,21,201,22,-1,22,201,202,-1,22,202,3,-1,3,202,203,-1,3,203,4,-1,4,203,204,-1,4,204,5,-1,5,204,205,-1,5,205,197,-1,18,20,206,-1,206,20,197,-1,16,18,207,-1,207,18,206,-1,17,16,208,-1,208,16,207,-1,19,17,209,-1,209,17,208,-1,19,209,210,-1,19,210,89,-1,89,210,211,-1,89,211,87,-1,87,211,212,-1,87,212,85,-1,85,212,213,-1,85,213,83,-1,83,213,214,-1,83,214,81,-1,81,214,215,-1,81,215,79,-1,79,215,216,-1,79,216,77,-1,77,216,217,-1,77,217,75,-1,75,217,218,-1,75,218,11,-1,11,218,219,-1,11,219,14,-1,14,219,220,-1,14,220,118,-1,118,220,221,-1,118,221,116,-1,116,221,222,-1,116,222,114,-1,114,222,223,-1,114,223,112,-1,112,223,110,-1,110,223,224,-1,224,225,110,-1,110,225,226,-1,110,226,134,-1,134,226,227,-1,134,227,132,-1,132,227,228,-1,132,228,0,-1,0,228,229,-1,0,229,1,-1,1,229,230,-1,1,230,39,-1,39,230,231,-1,39,231,40,-1,40,231,232,-1,40,232,42,-1,42,232,233,-1,42,233,43,-1,43,233,234,-1,43,234,7,-1,7,234,235,-1,7,235,8,-1,8,235,236,-1,8,236,35,-1,35,236,237,-1,35,237,37,-1,37,237,238,-1,37,238,122,-1,122,238,239,-1,122,239,124,-1,124,239,240,-1,124,240,126,-1,126,240,241,-1,126,241,128,-1,128,241,242,-1,128,242,129,-1,129,242,243,-1,129,243,106,-1,106,243,244,-1,106,244,108,-1,108,244,245,-1,108,245,109,-1,109,245,246,-1,109,246,26,-1,27,26,247,-1,247,26,246,-1,27,247,248,-1,27,248,29,-1,29,248,249,-1,29,249,31,-1,31,249,250,-1,31,250,92,-1,92,250,251,-1,92,251,93,-1,93,251,252,-1,93,252,95,-1,252,253,95,-1,95,253,254,-1,95,254,97,-1,97,254,255,-1,97,255,99,-1,99,255,256,-1,99,256,101,-1,101,256,257,-1,101,257,103,-1,103,257,258,-1,103,258,104,-1,104,258,259,-1,104,259,63,-1,63,259,260,-1,63,260,65,-1,65,260,261,-1,65,261,67,-1,67,261,262,-1,67,262,69,-1,71,69,263,-1,263,69,262,-1,71,263,264,-1,71,264,140,-1,140,264,265,-1,140,265,137,-1,137,265,266,-1,137,266,151,-1,151,266,267,-1,151,267,145,-1,145,267,268,-1,145,268,146,-1,146,268,269,-1,146,269,148,-1,148,269,270,-1,148,270,149,-1,149,270,271,-1,149,271,150,-1,150,271,272,-1,150,272,147,-1,147,272,273,-1,147,273,142,-1,142,273,274,-1,142,274,143,-1,143,274,275,-1,143,275,144,-1,144,275,276,-1,144,276,138,-1,138,276,277,-1,138,277,139,-1,139,277,278,-1,139,278,141,-1,141,278,279,-1,141,279,72,-1,72,279,280,-1,72,280,70,-1,68,70,281,-1,281,70,280,-1,68,281,282,-1,68,282,66,-1,66,282,283,-1,66,283,64,-1,64,283,284,-1,64,284,62,-1,62,284,285,-1,62,285,102,-1,102,285,286,-1,102,286,100,-1,100,286,152,-1,100,152,98,-1,84,287,288,-1,84,288,86,-1,86,288,289,-1,86,289,88,-1,88,289,290,-1,88,290,90,-1,90,290,291,-1,90,291,91,-1,91,291,292,-1,91,292,58,-1,58,292,293,-1,58,293,59,-1,59,293,294,-1,59,294,60,-1,60,294,295,-1,60,295,61,-1,61,295,296,-1,61,296,44,-1,44,296,297,-1,44,297,45,-1,45,297,298,-1,45,298,46,-1,46,298,299,-1,46,299,48,-1,48,299,300,-1,48,300,50,-1,50,300,301,-1,50,301,52,-1,52,301,302,-1,52,302,54,-1,54,302,303,-1,54,303,56,-1,56,303,304,-1,56,304,57,-1,57,304,305,-1,57,305,23,-1,23,305,306,-1,23,306,9,-1,9,306,307,-1,9,307,10,-1,10,307,308,-1,10,308,73,-1,73,308,309,-1,73,309,74,-1,74,309,310,-1,74,310,76,-1,76,310,311,-1,76,311,78,-1,78,311,312,-1,78,312,80,-1,80,312,313,-1,80,313,82,-1,82,313,287,-1,82,287,84,-1,
        ]
    }
}
Shape{
    appearance Appearance {
        material  Material 	{
            diffuseColor 0.25098039215686274 0.25098039215686274 0.25098039215686274
            specularColor 0.12549019607843137 0.12549019607843137 0.12549019607843137
            ambientIntensity 0.251
            transparency 0.0
            shininess 0.5
        }
    }
    geometry IndexedFaceSet {
        ccw TRUE
        solid FALSE
        coord DEF co Coordinate {
            point [
                -1.0134 -4.998 0.657, -1.0695 -4.998 0.8112, -1.0785 -4.998 0.8017, -0.9867 -4.998 0.6599, -0.967 -4.998 0.6677, -0.9906 -4.998 0.8325, -1.0095 -4.998 0.8345, -1.0318 -4.998 0.8317, -1.0517 -4.998 0.8238, -1.0939 -4.998 0.7178, -1.0849 -4.998 0.6987, -1.0719 -4.998 0.6825, -1.0095 -4.998 0.6569, -1.0903 -4.998 0.7828, -1.097 -4.998 0.7614, -1.0981 -4.998 0.7392, -1.0544 -4.998 0.6692, -1.0339 -4.998 0.6603, -0.9497 -4.998 0.6801, -0.9373 -4.998 0.6941, -0.9268 -4.998 0.7137, -0.9213 -4.998 0.7355, -0.9214 -4.998 0.7564, -0.9266 -4.998 0.7775, -0.9364 -4.998 0.7962, -0.9511 -4.998 0.8125, -0.9694 -4.998 0.8249
            ]
        }
        coordIndex [
            0,1,2,-1,3,4,5,-1,6,7,0,-1,0,7,8,-1,0,8,1,-1,9,10,2,-1,2,10,11,-1,6,0,5,-1,5,0,12,-1,5,12,3,-1,13,14,2,-1,2,14,15,-1,2,15,9,-1,11,16,2,-1,2,16,17,-1,2,17,0,-1,4,18,5,-1,5,18,19,-1,5,19,20,-1,20,21,5,-1,5,21,22,-1,5,22,23,-1,23,24,5,-1,5,24,25,-1,5,25,26,-1,
        ]
    }
}